id,title,authors,year,doi,arxiv_id,abstract,keywords,source_db,journal,url,decision,reason_code,notes,stage,ft_retrieval_status,ft_attempts,ft_pdf_path
P02_0003,SFP: Spurious Feature-Targeted Pruning for Out-of-Distribution Generalization,Yingchun Wang; Jingcai Guo; Song Guo; Yi Liu; Jie Zhang; Weizhan Zhang,2024,10.1145/3664647.3680969,,,"deep neural network, model pruning, module detection, out-of-distribution generalization",ACM:F2,Proceedings of the 32nd ACM International Conference on Multimedia,https://doi.org/10.1145/3664647.3680969,Include,,,abstract,pending,,
P02_0007,Feature-granularity-based spurious correlation and causal analysis in CNNs Exploring Feature Granularity to Uncover Spurious Correlations,Xiaodong Wang; Gaiqun Zhang,2024,10.1145/3702879.3702937,,,"Causal reasoning, Convolutional Neural Networks, interpretability, spurious correlations",ACM:F2,Proceedings of the 2024 2nd International Conference on Internet of Things and Cloud Computing Technology,https://doi.org/10.1145/3702879.3702937,Include,,,abstract,pending,,
P02_0017,Mitigating Dynamic Graph Distribution Shifts via Mixture of Variational Experts,Qianyu Song; Chao Li; Yeyu Yan; Hui Zhou; Zhongying Zhao; Qingtian Zeng,2026,10.1145/3774904.3792190,,,"graph representation learning, dynamic graph neural networks, distribution shifts, out-of-distribution generalization",ACM:F2,Proceedings of the ACM Web Conference 2026,https://doi.org/10.1145/3774904.3792190,Include,,,abstract,pending,,
P02_0021,Causality and Independence Enhancement for Biased Node Classification,Guoxin Chen; Yongqing Wang; Fangda Guo; Qinglang Guo; Jiangli Shao; Huawei Shen; Xueqi Cheng,2023,10.1145/3583780.3614804,,,"out-of-distribution generalization, node classification, graph neural networks",ACM:F2,Proceedings of the 32nd ACM International Conference on Information and Knowledge Management,https://doi.org/10.1145/3583780.3614804,Include,,,abstract,pending,,
P02_0081,Evaluating Out-of-Distribution Robustness of TabPFN on Tabular Data,D. Harijeyan,2025,10.1109/icatc68823.2025.11407733,,"Out-of-distribution (OOD) generalization is a critical challenge in machine learning, especially for tabular data where real-world distributions often differ from training data. TabPFN is a recent transformer-based model that achieves strong performance on small tabular classification tasks by training only on synthetic data. However, its ability to generalize to OOD scenarios in real-world datasets has not been fully explored. In this work, the evaluation of the pre-trained TabPFN model is extended to the UCI Adult dataset, focusing on OOD splits based on education, age, and gender. TabPFN’s performance is compared with traditional models such as Random Forest, XGBoost, and LinearSVC. Experiments show that TabPFN consistently achieves higher accuracy and F1 scores on OOD samples across different demographic splits. Visualizations and statistical analysis are provided to support these findings. This study demonstrates the practical value of TabPFN for robust tabular classification in the presence of distribution shifts, and highlights its potential for real-world applications where fairness and reliability are important.",Metalearning; Training; Accuracy; Statistical analysis; Training data; Transformers; Robustness; Data models; Random forests; Synthetic data; tabular data; classification; out-of-distribution generalization; tabPFN; demographic shift,IEEE:part1,2025 International Conference on Advances in Technology and Computing (ICATC),,Include,,,abstract,pending,,
P02_0082,On the Out-of-Distribution Evaluation of ML-Based End-to-End Communications Systems,M. Akrout; F. Bellili; A. Mezghani; E. Hossain,2024,10.1109/icc51166.2024.10622985,,"Machine learning (ML)-aided wireless communication studies are initiating the investigation of the domain generalization capabilities of deep neural networks (DNNs) when applied to communication problems. They do so by adopting the out-of-distribution (OOD) performance evaluation by comparing it to the in-distribution (ID) performance as usually done within the ML community. In this paper, we demonstrate that such blind adoption can yield a misleading OOD performance analysis of DNNs unless wireless communication metrics are involved in the OOD evaluation. By analyzing the OOD performance of an end-to-end (E2E) ML communication system over additive white Gaussian noise (AWGN) channels in terms of bit error rate (BER), we show that smaller (resp. larger) BER gaps between ID and OOD performance do not necessarily translate into a high (resp. low) reconstruction accuracy. Our results suggest that the comparison between ID and OOD performances is not enough to judge whether the OOD performance is acceptable or not. The ID and OOD performances of E2E communication systems should instead be carried out based on wireless metrics.",Wireless communication; Performance evaluation; AWGN channels; Accuracy; Bit error rate; Machine learning; Artificial neural networks; ML-aided wireless networks; out-of-distribution generalization; domain generalization,IEEE:part1,ICC 2024 - IEEE International Conference on Communications,,Include,,,abstract,pending,,
P02_0087,Evading the Simplicity Bias: Training a Diverse Set of Models Discovers Solutions with Superior OOD Generalization,D. Teney; E. Abbasnejad; S. Lucey; A. Van den Hengel,2022,10.1109/cvpr52688.2022.01626,,"Neural networks trained with SGD were recently shown to rely preferentially on linearly-predictive features and can ignore complex, equally-predictive ones. This simplicity bias can explain their lack of robustness out of distribution (OOD). The more complex the task to learn, the more likely it is that statistical artifacts (i.e. selection biases, spurious correlations) are simpler than the mechanisms to learn. We demonstrate that the simplicity bias can be mitigated and OOD generalization improved. We train a set of similar models to fit the data in different ways using a penalty on the alignment of their input gradients. We show theoretically and empirically that this induces the learning of more com-plex predictive patterns. OOD generalization fundamentally requires information beyond i. i.d. examples, such as multiple training environ-ments, counterfactual examples, or other side information. Our approach shows that we can defer this requirement to an independent model selection stage. We obtain SOTA re-sults in visual recognition on biased data and generalization across visual domains. The method - the first to evade the simplicity bias - highlights the need for a better under-standing and control of inductive biases in deep learning.",Training; Representation learning; Deep learning; Visualization; Correlation; Neural networks; Robustness; Representation learning,"IEEE:part1, Scopus:safety, WoS:safety",2022 IEEE/CVF Conference on Computer Vision and Pattern Recognition (CVPR),,Include,,,abstract,pending,,
P02_0088,Compositional Generalization in Emergent Communication via Metropolis-Hastings Naming Game with Transformer Language Models,N. L. Hoang; Y. Matsui; A. Taniguchi; T. Taniguchi,2026,10.1109/tcds.2026.3699989,,"Emergent communication (EmCom) investigates how artificial agents collaboratively develop languages that exhibit compositional generalization and message alignment between agents. Existing approaches, such as the Inter-VAE+VAE model employing recurrent neural networks (RNNs), face limitations in compositionality and message alignment. Specifically, the sequential structure of RNNs leads to gradual information loss, making it difficult to consistently encode multiple attributes of referents across message sequences and maintain alignment with agents’ internal conceptual representations. To overcome these limitations, we propose Inter-TLM+VAE, a Transformer-based model integrated into the Metropolis-Hastings Naming Game (MHNG), designed to enhance compositional generalization and message alignment between two agents. Each agent consists of two modules: a Variational Autoencoder (VAE), which encodes visual objects into internal conceptual representations, and a Transformer-based Language Model (TLM), which generates messages conditioned directly on these representations. We evaluate our model on the dSprites and 3DShapes datasets, comparing it against baselines including referential games, reconstruction tasks, and the original Inter-VAE+VAE. Results demonstrate that Inter-TLM+VAE improves both compositionality and interagent alignment on a more complex dataset. An ablation study further reveals that self-attention alone substantially outperforms recurrent architectures across all metrics, while integrating both self- and cross-attention achieves the best overall performance. These findings underscore the role of attention mechanisms in advancing robust EmCom systems within the MHNG framework.",Modeling; Games; Conferences; Learning (artificial intelligence); Architecture; Computer architecture; Transformers; Long short term memory; Attention mechanisms; Information processing; emergent communication; transformer; compositional generalization; Metropolis-Hastings naming game; collective predictive coding,"IEEE:part1, Scopus:safety",IEEE Transactions on Cognitive and Developmental Systems,,Include,,,abstract,pending,,
P02_0092,Data Distributional Properties As Inductive Bias for Systematic Generalization,F. del Rio; A. Raymond-Saez; D. Florea; R. T. Icarte; J. Hurtado; C. B. Calderon; A. Soto,2025,10.1109/cvpr52734.2025.02383,,"Deep neural networks (DNNs) struggle at systematic generalization (SG). Several studies have evaluated the possibility of promoting SG through the proposal of novel architectures, loss functions, or training methodologies. Few studies, however, have focused on the role of training data properties in promoting SG. In this work, we investigate the impact of certain data distributional properties, as inductive biases for the SG ability of a multi-modal language model. To this end, we study three different properties. First, data diversity, instantiated as an increase in the possible values a latent property in the training distribution may take. Second, burstiness, where we probabilistically restrict the number of possible values of latent factors on particular inputs during training. Third, latent intervention, where a particular latent factor is altered randomly during training. We find that all three factors significantly enhance SG, with diversity contributing an 89% absolute increase in accuracy in the most affected property. Through a series of experiments, we test various hypotheses to understand why these properties promote SG. Finally, we find that Normalized Mutual Information (NMI) between latent attributes in the training distribution is strongly predictive of out-of-distribution generalization. We find that a mechanism by which lower NMI induces SG is in the geometry of representations. In particular, we find that NMI induces more parallelism in neural representations (i.e., input features coded in parallel neural vectors) of the model, a property related to the capacity of reasoning by analogy. Our code is available at: https://github.com/fdelrio89/data-systematic",Training; Systematics; Training data; Parallel processing; Brain modeling; Probabilistic logic; Vectors; Pattern recognition; Proposals; Mutual information; systematic generalization; data factors; disentangled representations; compositional generalization; parallel representations; linear representation hypothesis,IEEE:part1,2025 IEEE/CVF Conference on Computer Vision and Pattern Recognition (CVPR),,Include,,,abstract,pending,,
P02_0093,Dynamic Multi-Path Learning For Out-of-Distribution Node Classification on Heterophilic Graphs,S. Wang; C. Ma; L. Yao; Y. Zheng,2026,10.1109/icassp55912.2026.11461751,,"The performance of graph neural networks often deteriorates significantly when faced with the problem of out-of-distribution generalization, where the test data exhibits distribution shifts from the training data. Recently, several efforts have been made to improve the graph out-of-distribution generalization on homophilic graphs. However, it is still questionable whether existing methods can be effective on heterophilic graphs. To address these challenges, we propose a multi-path gated graph neural network for node-level out-of-distribution classification tasks in heterophilic graphs. Specifically, to effectively suppress irrelevant neighborhood information and reduce spurious correlations, we present a multi-path dynamic gating module composed of k parallel aggregators, in which each path adaptively regulates the feature propagation process through learnable gating functions. Additionally, a graph-level path contrastive loss function is proposed to learn distinct node environment distributions for each path by minimizing inter-path feature distribution similarity and maximizing intra-path feature consistency. Furthermore, we propose an environment probability module-based dynamic fusion mechanism to capture causal ego-subgraph features in heterophilic graphs by adaptively fusing the node features from k paths. Extensive experimental results demonstrate the effectiveness of our proposed method.",Feeds; Broadcasting; Broadcast technology; Filtering; Recommender systems; Filters; Information filtering; Protocols; HTTP; Complex networks; Causal inference; graph neural networks; out-of-distribution generalization; heterophilic graphs; representation learning,IEEE:part1,"ICASSP 2026 - 2026 IEEE International Conference on Acoustics, Speech and Signal Processing (ICASSP)",,Include,,,abstract,pending,,
P02_0096,Out-of-Distribution Generalization on Graphs: A Survey,H. Li; X. Wang; Z. Zhang; W. Zhu,2025,10.1109/tpami.2025.3593897,,"Graph machine learning has been extensively studied in both academia and industry. Although booming with a vast number of emerging methods and techniques, most of the literature is built on the in-distribution hypothesis, i.e., testing and training graph data are identically distributed. However, this in-distribution hypothesis can hardly be satisfied in many real-world graph scenarios where the model performance substantially degrades when there exist distribution shifts between testing and training graph data. To solve this critical problem, out-of-distribution (OOD) generalization on graphs, which goes beyond the in-distribution hypothesis, has made great progress and attracted ever-increasing attention from the research community. In this paper, we comprehensively survey OOD generalization on graphs and present a detailed review of recent advances in this area. First, we provide a formal problem definition of OOD generalization on graphs. Second, we categorize existing methods into three classes from conceptually different perspectives, i.e., data, model, and learning strategy, based on their positions in the graph machine learning pipeline, followed by detailed discussions for each category. We also review the theories related to OOD generalization on graphs and introduce the commonly used graph datasets for thorough evaluations. Finally, we share our insights on future research directions.",Training; Data models; Machine learning; Reviews; Testing; Surveys; Data augmentation; Self-supervised learning; Pipelines; Optimization; Graph machine learning; graph neural network; out-of-distribution generalization (OOD),IEEE:part1,IEEE Transactions on Pattern Analysis and Machine Intelligence,,Include,,,abstract,pending,,
P02_0110,Efficient Out-of-Distribution Generalization for Pre-trained GNNs via Prompt Learning,Z. Zuo; C. Li; M. Tan; X. Gong; Y. Yuan; G. Wang,2026,10.1109/tai.2026.3666523,,"Graph out-of-distribution (OOD) generalization enables Graph Neural Networks (GNNs) to perform robustly in applications when confronted with new environments not encountered during training. For better realization of OOD generalization, current methods are increasingly focused on designing more complex causal inference models training from scratch, without considering the potential of existing pre-trained models, increased computational complexity. In this paper, we propose an efficient framework (EGOG), which uses prompt learning for pre-trained GNNs to extract causal subgraphs from input graph data, for enhancing the generalization ability of the pre-trained GNNs. Specifically, we design a graph causal prompt module to enhance the generalization ability of the pre-trained GNNs. First, we use graph prompt learning with a causal features generator that enables pre-trained GNNs to decouple causal features from spurious features in graph nodes. Then, considering that the structure of graph is also affected by distribution shift, we further design a causal structure generator, which reuses the pre-trained GNNs to analyze graph’s structure, decoupling causal substructures from spurious substructures. This approach enhances the pre-trained GNN’s ability to decouple causal subgraph from both the node and structure perspectives. Meantime, we employ gradient reversal layers and information bottleneck to encourage our method to more accurately disentangle causal subgraph from spurious subgraph. Experiment results show that EGOG can be applied to pre-trained GNNs to enable generalization ability. Compared with the state-of-the-art baseline, EGOG shows an average relative improvement of 2.73% on two synthetic datasets while using only average 4.38% of the trainable parameters.",Training; Adaptation models; Generators; Artificial intelligence; Computational modeling; Testing; Natural language processing; Graph neural networks; Data models; Feature extraction; Graph Neural Networks; Out-of-Distribution Generalization; Prompt Learning; Efficient Learning,IEEE:part1,IEEE Transactions on Artificial Intelligence,,Include,,,abstract,pending,,
P02_0116,Complexity Control Facilitates Reasoning-Based Compositional Generalization in Transformers,Z. Zhang; P. Lin; Z. Wang; Y. Zhang; Z. -Q. John Xu,2026,10.1109/tpami.2025.3646483,,"Transformers have demonstrated impressive capabilities across various tasks, yet their performance on compositional problems remains a subject of debate. In this study, we investigate the internal mechanisms underlying Transformers’ behavior in compositional tasks. We find that complexity control strategies—particularly the choice of parameter initialization scale and weight decay—significantly influence whether the model learns primitive-level rules that generalize out-of-distribution (reasoning-based solutions) or relies solely on memorized mappings (memory-based solutions). By applying masking strategies to the model’s information circuits and employing multiple complexity metrics, we reveal distinct internal working mechanisms associated with different solution types. Further analysis reveals that reasoning-based solutions exhibit a lower complexity bias, which aligns with the well-studied neuron condensation phenomenon. This lower complexity bias is hypothesized to be the key factor enabling these solutions to learn reasoning rules. We validate these conclusions across multiple real-world datasets, including image generation and natural language processing tasks, confirming the broad applicability of our findings.",Cognition; Complexity theory; Transformers; Training; Analytical models; Diffusion models; Data models; Systematics; Predictive models; Neurons; Complexity control; transformer; initialization scale; compositional task; reasoning; memorizing,IEEE:part1,IEEE Transactions on Pattern Analysis and Machine Intelligence,,Include,,,abstract,pending,,
P02_0150,Spatial-DiT: Generalizable 3D Visuomotor Policy for Cross-Object Manipulation via Multi-Scale Spatial Fusion,Z. Junjie; W. Jin; L. Xiaofei; Z. Haiyun; L. Guodong,2026,10.1109/ccdc69976.2026.11559647,,"Generalizing robotic manipulation skills to unseen objects and heterogeneous platforms remains a bottleneck in embodied intelligence due to the shortcut learning inherent in 2D visual policies. We propose Spatial-DiT, a spatial multimodal diffusion policy framework designed for robust zero-shot generalization. Our core contributions include: 1) a Multi-scale Pyramid Encoder (MPE) coupled with a Multi-scale Fusion (MSF) module that extracts texture-invariant geometric features from point clouds; 2) a Delta 6D Pose action representation that ensures action continuity and enables platform-agnostic skill transfer; and 3) a Diffusion Transformer (DiT) architecture for high-fidelity multimodal action generation. Extensive real-world experiments on xArm6 and Kenbei platforms demonstrate that Spatial-DiT achieves an 88.3% average success rate across novel instances and categories. Notably, the policy exhibits remarkable robustness to transparent and reflective objects without fine-tuning, showcasing its potential for scalable, cross-embodiment deployment in unstructured environments.",Modeling; Robots; Printing; Equations; Geometry; Learning (artificial intelligence); Modules (abstract algebra); Noise; Training; Visualization; Embodied AI; Manipulation Generalization; Diffusion Policy; 3D Representation Learning,IEEE:part1,2026 38th Chinese Control and Decision Conference (CCDC),,Include,,,abstract,pending,,
P02_0179,General Greedy De-Bias Learning,X. Han; S. Wang; C. Su; Q. Huang; Q. Tian,2023,10.1109/tpami.2023.3240337,,"Neural networks often make predictions relying on the spurious correlations from the datasets rather than the intrinsic properties of the task of interest, facing with sharp degradation on out-of-distribution (OOD) test data. Existing de-bias learning frameworks try to capture specific dataset bias by annotations but they fail to handle complicated OOD scenarios. Others implicitly identify the dataset bias by special design low capability biased models or losses, but they degrade when the training and testing data are from the same distribution. In this paper, we propose a General Greedy De-bias learning framework (GGD), which greedily trains the biased models and base model. The base model is encouraged to focus on examples that are hard to solve with biased models, thus remaining robust against spurious correlations in the test stage. GGD largely improves models’ OOD generalization ability on various tasks, but sometimes over-estimates the bias level and degrades on the in-distribution test. We further re-analyze the ensemble process of GGD and introduce the Curriculum Regularization inspired by curriculum learning, which achieves a good trade-off between in-distribution (ID) and out-of-distribution performance. Extensive experiments on image classification, adversarial question answering, and visual question answering demonstrate the effectiveness of our method. GGD can learn a more robust base model under the settings of both task-specific biased models with prior knowledge and self-ensemble biased model without prior knowledge. Codes are available at https://github.com/GeraldHan/GGD.",Task analysis; Correlation; Training; Data models; Question answering (information retrieval); Visualization; Image classification; Curriculum learning; dataset biases; greedy strategy; robust learning,IEEE:part1,IEEE Transactions on Pattern Analysis and Machine Intelligence,,Include,,,abstract,pending,,
P02_0238,Three approaches to facilitate invariant neurons and generalization to out-of-distribution orientations and illuminations,"Sakai, A.; Sunagawa, T.; Madan, S.; Suzuki, K.; Katoh, T.; Kobashi, H.; Pfister, H.; Sinha, P.; Boix, X.; Sasaki, T.",2022,10.1016/j.neunet.2022.07.026,,"The training data distribution is often biased towards objects in certain orientations and illumination conditions. While humans have a remarkable capability of recognizing objects in out-of-distribution (OoD) orientations and illuminations, Deep Neural Networks (DNNs) severely suffer in this case, even when large amounts of training examples are available. Neurons that are invariant to orientations and illuminations have been proposed as a neural mechanism that could facilitate OoD generalization, but it is unclear how to encourage the emergence of such invariant neurons. In this paper, we investigate three different approaches that lead to the emergence of invariant neurons and substantially improve DNNs in recognizing objects in OoD orientations and illuminations. Namely, these approaches are (i) training much longer after convergence of the in-distribution (InD) validation accuracy, i.e., late-stopping, (ii) tuning the momentum parameter of the batch normalization layers, and (iii) enforcing invariance of the neural activity in an intermediate layer to orientation and illumination conditions. Each of these approaches substantially improves the DNN's OoD accuracy (more than 20% in some cases). We report results in four datasets: two datasets are modified from the MNIST and iLab datasets, and the other two are novel (one of 3D rendered cars and another of objects taken from various controlled orientations and illumination conditions). These datasets allow to study the effects of different amounts of bias and are challenging as DNNs perform poorly in OoD conditions. Finally, we demonstrate that even though the three approaches focus on different aspects of DNNs, they all tend to lead to the same underlying neural mechanism to enable OoD accuracy gains — individual neurons in the intermediate layers become invariant to OoD orientations and illuminations. We anticipate this study to be a basis for further improvement of deep neural networks’ OoD generalization performance, which is highly demanded to achieve safe and fair AI applications. © 2022 The Authors","Neural activity analysis; Neural invariance; Neural selectivity; Object recognition in novel conditions; Out-of-distribution generalization; Humans; Lighting; Neural Networks, Computer; Neurons; Pattern Recognition, Visual; Photic Stimulation; Brain; Deep neural networks; Multilayer neural networks; Object recognition; Activity analysis; Condition; Generalisation; Neural activity; Neural activity analyse; Neural invariance; Neural selectivity; Object recognition in novel condition; Objects recognition; Out-of-distribution generalization; article; deep neural network; human; illumination; nerve cell; recognition; nerve cell; pattern recognition; photostimulation; physiology; Neurons",Scopus:primary,Neural Networks,https://www.scopus.com/pages/publications/85138443531?origin=resultslist,Include,,,abstract,pending,,
P02_0280,SSGNN: Simple siamese graph neural networks for out-of-distribution generalization,"Erfani, S.H.; Fadaeieslam, M.J.; Mortazavi, R.; Rahmanimanesh, M.",2025,10.1016/j.knosys.2025.114290,,"Graph Neural Networks (GNNs) have proven effective for analyzing relational data in a variety of domains. Nevertheless, their performance tends to deteriorate significantly under distribution shifts between training and test datasets, presenting a central challenge for real-world machine learning applications. This work proposes the Simple Siamese Graph Neural Network (SSGNN), a Self-supervised Learning (SSL) method aimed at improving Out-of-Distribution (OOD) generalization in node classification tasks. In contrast to many existing SSL approaches that depend on data augmentation and the creation of positive and negative sample pairs, SSGNN adopts a simplified framework based on a Siamese GNN architecture with integrated dropout, thus avoiding the need for explicit pair generation. The method addresses common shortcomings in graph representation learning—particularly the tendency to capture spurious correlations—by introducing a three-stage training procedure utilizing dual Graph Convolutional Network (GCN) encoders with shared parameters. Furthermore, SSGNN incorporates a composite loss function whose components optimize node representation similarity, label prediction consistency, and overall prediction accuracy. Through this approach, SSGNN learns stable graph representations that demonstrate improved generalization across varying data distributions. Experimental results show that SSGNN outperforms existing methods and enhances generalization by reducing the GAP metric, which quantifies the relative performance difference between IID and OOD settings. © 2025 Elsevier B.V.",Distribution shift; Graph neural networks; Out-of-distribution generalization; Self-supervised learning; Siamese networks; Graphic methods; Learning systems; Neural networks; Self-supervised learning; Supervised learning; Distribution shift; Generalisation; Graph neural networks; Graph representation; Out-of-distribution generalization; Performance; Real-world; Relational data; Siamese network; Simple++; Statistical tests,"Scopus:primary, WoS:primary",Knowledge-Based Systems,https://www.scopus.com/pages/publications/105013996842?origin=resultslist,Include,,,abstract,pending,,
P02_0290,Boosting Rice Disease Diagnosis: A Systematic Benchmark of Five Deep Convolutional Neural Network Models in Precision Agriculture,"Lee, S.-H.; Jiang, Q.-W.; Cheng, C.-H.; Tsai, Y.-S.; Huang, Y.-F.",2025,10.3390/agriculture15232494,,"Rice diseases pose a critical threat to global food security. While deep learning offers a promising path toward automated diagnosis, clear guidelines for model selection in resource-constrained agricultural environments are still lacking. This study presents a systematic benchmark of five deep convolutional neural networks (CNNs)—Visual Geometry Group (VGG)16, VGG19, Residual Network (ResNet)101V2, Xception, and Densely Connected Convolutional Network (DenseNet)121—for rice disease identification using a public leaf image dataset. The models, initialized with ImageNet pre-trained weights, were rigorously evaluated under a unified framework, including 5-fold cross-validation and a challenging out-of-distribution (OOD) generalization test. Our results demonstrate a clear performance hierarchy, with DenseNet121 emerging as the superior model. It achieved the highest OOD accuracy and F1-score (both 85.08%) while exhibiting the greatest parameter efficiency (8.1 million parameters), making it ideally suited for edge deployment. In contrast, architectures with large fully connected layers (VGG) or less efficient feature learning mechanisms (Xception, ResNet101V2) showed lower performance in this specific task. This study confirms the critical impact of architectural design choices, provides a reproducible performance baseline, and identifies DenseNet121 as a robust, efficient, and highly recommendable CNN for practical rice disease diagnosis in precision agriculture. © 2025 by the authors.",convolutional neural networks (CNNs); deep learning; densenet; model benchmarking; out-of-distribution generalization; rice diseases; smart agriculture; architectural design; artificial neural network; benchmarking; disease incidence; precision agriculture; rice,"Scopus:primary, WoS:primary",Agriculture (Switzerland),https://www.scopus.com/pages/publications/105024609139?origin=resultslist,Include,,,abstract,pending,,
P02_0322,A two-stage co-adversarial perturbation to mitigate out-of-distribution generalization of large-scale graph,"Wang, Y.; Xue, H.; Wang, X.",2024,10.1016/j.eswa.2024.124472,,"In the realm of graph out-of-distribution (OOD), despite recent strides in advancing graph neural networks (GNNs) for the modeling of graph data, training GNNs on large-scale datasets presents a formidable hurdle due to the pervasive challenge of overfitting. To address these issues, researchers have explored adversarial training, a technique that enriches training data with worst-case adversarial examples. However, while prior work on adversarial training primarily focuses on safeguarding GNNs against malicious attacks, its potential to enhance the OOD generalization abilities of GNNs in the context of graph analytics remains less explored. In our research, we delve into the inner workings of GNNs by examining the landscapes of weight and feature losses, which respectively illustrate how the loss function changes concerning model weights and node features. Our investigation reveals a noteworthy phenomenon: GNNs are inclined to become trapped in sharp local minima within these loss landscapes, resulting in suboptimal OOD generalization performance. To address this challenge, we introduce the concept of co-adversarial perturbation optimization, which considers both model weights and node features, and we design an alternating adversarial perturbation algorithm for graph out-of-distribution generalization. This algorithm operates iteratively, smoothing the weight and feature loss landscapes alternately. Moreover, our training process unfolds in two distinct stages. The first stage centers on standard cross-entropy minimization, ensuring rapid convergence of GNN models. In the second stage, we employ our alternating adversarial training strategy to prevent the models from becoming ensnared in locally sharp minima. Our extensive experiments provide compelling evidence that our CAP approach can generally enhance the OOD generalization performance of GNNs across a diverse range of large-scale graphs. © 2024 Elsevier Ltd",Adversarial training; Graph neural network; Graph out-of-distribution; Entropy; Graph neural networks; Large datasets; Adversarial training; Generalisation; Generalization performance; Graph data; Graph neural networks; Graph out-of-distribution; Large-scale datasets; Large-scales; Model weights; Overfitting; Iterative methods,Scopus:primary,Expert Systems with Applications,https://www.scopus.com/pages/publications/85196423777?origin=resultslist,Include,,,abstract,pending,,
P02_0410,Invariant Graph Transformer for Out-of-Distribution Generalization,"Liao, T.; Zhang, Z.; Sun, Y.; Hu, C.; Li, J.",2026,10.1145/3770854.3780247,,"Graph Transformers (GTs) have demonstrated great effectiveness across various graph analytical tasks. However, the existing GTs focus on training and testing graph data originated from the same distribution, but fail to generalize under distribution shifts. Graph invariant learning, aiming to capture generalizable graph structural patterns with labels under distribution shifts, is potentially a promising solution, but how to design attention mechanisms and positional and structural encodings (PSEs) based on graph invariant learning principles remains challenging. To solve these challenges, we introduce graph out-of-distribution generalized Transformer (GOODFormer), aiming to learn generalized graph representations by capturing invariant relationships between predictive graph structures and labels through jointly optimizing three modules. Specifically, we first develop a GT-based entropy-guided invariant subgraph disentangler to separate invariant and variant subgraphs while preserving the sharpness of the attention function. Next, we design an evolving subgraph positional and structural encoder to effectively and efficiently capture the encoding information of dynamically changing subgraphs during training. Finally, we propose an invariant learning module utilizing subgraph node representations and encodings to derive graph representations that can generalize to unseen test graphs. We also provide theoretical justifications for our method. Extensive experiments on benchmark datasets demonstrate the superiority of our method over state-of-the-art baselines under distribution shifts.  © 2026 Owner/Author.",graph machine learning; graph transformer; out-of-distribution generalization; Artificial intelligence; Graph structures; Graph theory; Graphic methods; Learning systems; Signal encoding; Encodings; Generalisation; Graph invariant; Graph machine; Graph machine learning; Graph transformer; Invariant learning; Machine-learning; Out-of-distribution generalization; Subgraphs; Encoding (symbols),"Scopus:primary, WoS:primary",Proceedings of the ACM SIGKDD International Conference on Knowledge Discovery and Data Mining,https://www.scopus.com/pages/publications/105038093712?origin=resultslist,Include,,,abstract,pending,,
P02_0444,Improving Generalization in Collision Avoidance for Multiple Unmanned Aerial Vehicles via Causal Representation Learning †,"Lin, C.; Han, G.; Wu, Q.; Wang, B.; Zhuang, J.; Li, W.; Hao, Z.; Fan, Z.",2025,10.3390/s25113303,,"Deep-reinforcement-learning-based multi-UAV collision avoidance and navigation methods have made significant progress. However, the fundamental challenge of those methods is their restricted capability to generalize beyond the specific scenario in which they are trained on. We find that the cause of the generalization failures is attributed to spurious correlation. To solve this generalization problem, we propose a causal representation learning method to identify the causal representations from images. Specifically, our method can neglect factors of variation that are irrelevant to the deep reinforcement learning task through causal intervention. Subsequently, the causal representations are fed into the policy network for action prediction. Extensive testing reveals that our proposed method exhibits better generalization results compared to state-of-the-art methods in different testing scenes. © 2025 by the authors.",causal intervention; causal representation learning; deep reinforcement learning; generalization failure; multi-UAV collision avoidance; Deep learning; Drones; Multi-task learning; Reinforcement learning; Target drones; Aerial vehicle; Causal intervention; Causal representation learning; Collisions avoidance; Generalisation; Generalization failure; Multi UAV; Multi-UAV collision avoidance; Navigation methods; Reinforcement learnings; adult; article; deep reinforcement learning; feature learning (machine learning); human; human experiment; neglect; normal human; prediction; unmanned aerial vehicle; Deep reinforcement learning,Scopus:primary,Sensors,https://www.scopus.com/pages/publications/105007652360?origin=resultslist,Include,,,abstract,pending,,
P02_0493,Coupled data-driven and experience-informed neural networks for prediction of pile base resistance with consideration of data limitation,"Weng, K.; Jia, M.; Nguyen, T.T.; Hu, X.; Zhang, G.; Zeng, Q.",2026,10.1016/j.engappai.2025.113384,,"Recent advancements have witnessed the increasing integration of artificial intelligence (AI) methodologies into design and construction processes of various engineering matters. However, the purely data-based approaches are often overfitted to specific datasets without understanding of physics laws, resulting in data-driven models with limited out-of-distribution generalization capabilities and challenges in meeting the stringent requirements, especially when the reliable data is limited. To address these limitations, this study introduces a novel data-driven coupled with experience-informed approach. The proposed framework incorporates an Explicit Empirical Formula Network (EEFN) and an Implicit Empirical Information Network (IEIN), designed to enhance the model's generalization capability, particularly for predicting base resistance of pile. The EEFN generates predictions by identifying unknown parameters within empirical formulas and then subsequently substituting them into the respective equations. In contrast, the IEIN utilizes empirical information as prior knowledge to guide both the network and the loss function, enabling the direct calculation of prediction results that satisfy pile constraints across various stages. A comparative analysis of EEFN and IEIN against Backpropagation Neural Networks (BPNN) and Deep Operator Network (DeepOnet) was conducted using field load testing data from 37 high-rise building projects in Ho Chi Minh City, Vietnam, spanning from 2010 onward. The evaluation focused on the models' abilities to generalize both global patterns and individual characteristics beyond their training distributions. The results indicate that, when data is large enough, the IEIN exhibits superior generalization capabilities for global patterns, whereas the EEFN can significantly enhance the generalization of individual information, contingent upon the alignment between empirical equations and data. When data are limited, the IEIN outperforms alternative models in both generalization and robustness across domains. Consequently, the proposed model improves the use of experimental data and aligns with the inherent development principles of pile base resistance. This learning framework is particularly well suited for predicting pile base resistance in both long and super-long piles. © 2025 Elsevier Ltd.",Empirical priors; Neural network; Out-of-distribution generalization; Pile base resistance; Construction; Deep neural networks; Forecasting; Learning systems; Data driven; Empirical formulas; Empirical prior; Generalisation; Generalization capability; Global patterns; Information networks; Neural-networks; Out-of-distribution generalization; Pile base resistance; Piles,"Scopus:safety, WoS:safety",Engineering Applications of Artificial Intelligence,https://www.scopus.com/pages/publications/105023827687?origin=resultslist,Include,,,abstract,pending,,
P02_0495,MiMu: mitigating multiple shortcut learning behavior of transformers,"Zhao, L.; Liu, Q.; Chen, W.; Chen, L.; Sun, R.; Hou, M.; Wang, Y.; Wang, S.; Ren, P.; Zhou, J.",2025,10.1007/s11704-025-50448-3,,"Empirical Risk Minimization (ERM) models often rely on spurious correlations between features and labels during the learning process, leading to shortcut learning behavior that undermines robustness generalization performance. Current research mainly targets identifying or mitigating a single shortcut; however, in real-world scenarios, cues within the data are diverse and unknown. In empirical studies, we reveal that models rely more on strong shortcuts than weak ones, with their performance under multiple shortcuts typically falling between that of an individual shortcut. To address these challenges, we propose MiMu, a novel method integrated with Transformer-based ERMs designed to Mitigate Multiple shortcut learning behavior, which incorporates self-calibration strategy and self-improvement strategy. In the source model, we first propose the self-calibration strategy to prevent the model from relying on shortcuts and make overconfident predictions. Then, we design self-improvement strategy in target model to further reduce the reliance on multiple shortcuts. The random mask strategy involves randomly masking partial attention positions to diversify the focus of target model avoiding fixation on a fixed region. Meanwhile, the adaptive attention alignment module facilitates the alignment of attention weights to the calibrated source model, without the need for post-hoc attention maps or supervision. Finally, extensive experiments conducted on Natural Language Processing (NLP) and Computer Vision (CV) demonstrate the effectiveness of MiMu in improving the robustness generalization abilities. © Higher Education Press 2025.",generalizability; robustness; shortcut learning; Calibration; Learning algorithms; Learning systems; Natural language processing systems; Correlation between features; Empirical risk minimization; Generalizability; Improvement strategies; Learning behavior; Robustness; Self calibration; Shortcut learning; Source models; Target model; Robustness (control systems),"Scopus:safety, WoS:safety",Frontiers of Computer Science,https://www.scopus.com/pages/publications/105020260197?origin=resultslist,Include,,,abstract,pending,,
P02_0497,Measuring and Improving Compositional Generalization in Text-to-SQL via Component Alignment,"Gan, Y.; Chen, X.; Huang, Q.; Purver, M.",2022,10.18653/v1/2022.findings-naacl.62,,"In text-to-SQL tasks - as in much of NLP - compositional generalization is a major challenge: neural networks struggle with compositional generalization where training and test distributions differ. However, most recent attempts to improve this are based on word-level synthetic data or specific dataset splits to generate compositional biases. In this work, we propose a clause-level compositional example generation method. We first split the sentences in the Spider text-to-SQL dataset into subsentences, annotating each sub-sentence with its corresponding SQL clause, resulting in a new dataset Spider-SS.We then construct a further dataset, Spider-CG, by composing Spider- SS sub-sentences in different combinations, to test the ability of models to generalize compositionally. Experiments show that existing models suffer significant performance degradation when evaluated on Spider-CG, even though every sub-sentence is seen during training. To deal with this problem, we modify a number of state-of-the-art models to train on the segmented data of Spider-SS, and we show that this method improves the generalization performance. © Findings of the Association for Computational Linguistics: NAACL 2022 - Findings.",Computational linguistics; Natural language processing systems; ART model; Component alignments; Generalisation; Generation method; Neural-networks; Number of state; Performance degradation; State of the art; Synthetic data; Word level; Statistical tests,Scopus:safety,Findings of the Association for Computational Linguistics: NAACL 2022 - Findings,https://www.scopus.com/pages/publications/85137321463?origin=resultslist,Include,,,abstract,pending,,
P02_0500,Accurate Classification of Pathological Whole-Slide Images for Out-of-Distribution Generalization,"Sun, K.; Huang, K.; Huang, J.; Zhou, M.; Yu, G.",2025,10.1155/int/9988577,,"WSI-based classification often suffers from out-of-distribution (OOD) generalization due to the distribution mismatch between training on mixed patches from multiple WSIs and testing on individual WSIs with varying tissue compositions. This prior shift impairs model generalization and degrades performance. To address this issue, we propose two distribution alignment strategies: intra-WSI rearrange and inter-WSI rearrange, which, respectively, regulate patch distribution within individual WSIs and across different WSIs. These strategies are embedded into a transformer-based multi-instance learning (MIL) framework enabling more accurate and robust classification. Our method achieves excellent AUC scores of 0.959 and 0.963 on the CAMELYON16 and TCGA-NSCLC datasets, respectively. Moreover, it reaches an average AUC of 0.974 in 5-fold cross-validation on a private CRC dataset, matching the performance of patch-based approaches. Ablation studies further validate the effectiveness of our proposed strategies in mitigating the OOD challenge in WSI classification. Overall, these strategies enhance the robustness and accuracy of WSI-based models in handling OOD challenges. Copyright © 2025 Kai Sun et al. International Journal of Intelligent Systems published by John Wiley & Sons Ltd.",deep learning; image classification; out-of-distribution; whole-slide image; Classification (of information); Copyrights; Deep learning; Intelligent systems; Learning systems; Silicon compounds; Tungsten compounds; WSI circuits; Deep learning; Generalisation; Images classification; Learning frameworks; Model generalization; Multi-instance learning; Out-of-distribution; Performance; Tissue composition; Whole slide images; Image classification,"Scopus:safety, WoS:safety",International Journal of Intelligent Systems,https://www.scopus.com/pages/publications/105008447710?origin=resultslist,Include,,,abstract,pending,,
P02_0503,A Structure-aware Invariant Learning Framework for Node-level Graph OOD Generalization,"Yuan, R.; Tang, Y.; Zhang, W.",2025,10.1145/3690624.3709227,,"Graph Neural Networks (GNNs) have been proven effective in modeling graph data, mostly depending on the in-distribution assumption. While in the out-of-distribution (OOD) scenarios, especially for the more challenging node-level task, the feature and structure distribution shifts between training and test nodes lead to performance degradation. To improve node-level OOD generalization, typical approaches introduce graph augmentation to enrich the training environments and conduct invariant learning to learn stable representations across various augmented environments. However, their graph augmentations emphasize diversity but neglect the preservation of invariant patterns which are fundamental to invariant learning. Moreover, most of them simply conduct the classic invariant learning objective but lack the consideration of the graph-specific structure information. Therefore, to mitigate their weakness, we propose a Structure-aware Invariant learning framework for Node-level Graph OOD generalization (SING). Specifically, we develop the invariance constraint regularization terms during the optimization of augmentations. Additionally, we define the structure embedding to elucidate the structural property and design the structure embedding alignment loss to optimize the augmentations and the invariant representations. By introducing the structure information, we further integrate the unique structural property into invariant learning, thereby boosting the invariant message-passing GNNs. The extensive experiments on the transductive GOOD benchmark and the inductive datasets empirically validate our superior OOD generalization performance to baselines. © 2025 Owner/Author.",graph augmentation; graph neural network; graph ood generalization; invariant learning; node classification; Benchmarking; Graph embeddings; Graph neural networks; Graph structures; Graph theory; Generalisation; Graph augmentation; Graph neural networks; Graph ood generalization; Invariant learning; Learning frameworks; Level graphs; Node classification; Structure information; Structure-aware; Structural properties,"Scopus:safety, WoS:safety",Proceedings of the ACM SIGKDD International Conference on Knowledge Discovery and Data Mining,https://www.scopus.com/pages/publications/105014319311?origin=resultslist,Include,,,abstract,pending,,
P02_0507,I2CD: An Invertible Causal Framework for Compositional Zero-Shot Learning via Disentangle-Compose-Disentangle,"Yuan, Z.; Wang, Z.; Pan, Y.; Luo, A.; Li, W.; Wu, X.; Xu, C.",2026,10.1609/aaai.v40i15.38221,,"Compositional Zero-Shot Learning (CZSL) addresses the challenge of recognizing unseen attribute-object compositions in images, representing a fundamental challenge in artificial intelligence. Current approaches, which primarily focus on semantic alignment or distribution independence of primitives, have not achieved effective state-object decoupling and causal interventional invariance, limiting their performance on unseen compositions. To tackle this challenge, this study introduces I2CD (Invertible Causal framework via Disentangle-Compose-Disentangle), a novel framework that integrates invertible neural networks with causal intervention techniques to achieve state-object disentanglement. The framework employs a disentangle-compose-disentangle mechanism for counterfactual generation within the disentangled representation space, ensuring that modifications to one primitive (attribute or object) maintain independence from the other, thus enabling robust causal disentanglement. Representational consistency is maintained through semantic alignment between initial disentangled representations and their recomposed-then-disentangled counterparts with corresponding textual concepts. Comprehensive evaluations on three benchmark datasets—MIT-States, UT-Zappos, and C-GQA—demonstrate the framework’s effectiveness in achieving both disentanglement and compositional generalization in CZSL tasks. © 2026, Association for the Advancement of Artificial Intelligence (www.aaai.org). All rights reserved.",Neural networks; 'current; Attribute objects; Causal intervention; Decouplings; Interventional; Neural-networks; Object composition; Performance; Semantic alignments; Semantic distribution; Semantics,Scopus:safety,Proceedings of the AAAI Conference on Artificial Intelligence,https://www.scopus.com/pages/publications/105034611968?origin=resultslist,Include,,,abstract,pending,,
P02_0510,Compositional Generalization for Neural Semantic Parsing via Span-level Supervised Attention,"Yin, P.; Fang, H.; Neubig, G.; Pauls, A.; Platanios, E.A.; Su, Y.; Thomson, S.; Andreas, J.",2021,10.18653/v1/2021.naacl-main.225,,"We describe a span-level supervised attention loss that improves compositional generalization in semantic parsers. Our approach builds on existing losses that encourage attention maps in neural sequence-to-sequence models to imitate the output of classical word alignment algorithms. Where past work has used word-level alignments, we focus on spans; borrowing ideas from phrase-based machine translation, we align subtrees in semantic parses to spans of input sentences, and encourage neural attention mechanisms to mimic these alignments. This method improves the performance of transformers, RNNs, and structured decoders on three benchmarks of compositional generalization. © 2021 Association for Computational Linguistics.",Benchmarking; Computational linguistics; Machine translation; Semantics; Syntactics; Alignment algorithms; Attention mechanisms; Generalisation; Performance; Phrase-based machine translations; Semantic parsing; Sequence models; Sub trees; Word alignment; Word level; Alignment,Scopus:safety,"NAACL-HLT 2021 - 2021 Conference of the North American Chapter of the Association for Computational Linguistics: Human Language Technologies, Proceedings of the Conference",https://www.scopus.com/pages/publications/85113232545?origin=resultslist,Include,,,abstract,pending,,
P02_0542,Bayesian Cross-Modal Alignment Learning for Few-Shot Out-of-Distribution Generalization,"Zhu, L.; Wang, X.; Zhou, C.; Ye, N.",2023,10.1609/aaai.v37i9.26355,,"Recent advances in large pre-trained models showed promising results in few-shot learning. However, their generalization ability on two-dimensional Out-of-Distribution (OoD) data, i.e., correlation shift and diversity shift, has not been thoroughly investigated. Researches have shown that even with a significant amount of training data, few methods can achieve better performance than the standard empirical risk minimization method (ERM) in OoD generalization. This few-shot OoD generalization dilemma emerges as a challenging direction in deep neural network generalization research, where the performance suffers from overfitting on few-shot examples and OoD generalization errors. In this paper, leveraging a broader supervision source, we explore a novel Bayesian cross-modal image-text alignment learning method (Bayes-CAL) to address this issue. Specifically, the model is designed as only text representations are fine-tuned via a Bayesian modelling approach with gradient orthogonalization loss and invariant risk minimization (IRM) loss. The Bayesian approach is essentially introduced to avoid overfitting the base classes observed during training and improve generalization to broader unseen classes. The dedicated loss is introduced to achieve better image-text alignment by disentangling the causal and non-casual parts of image features. Numerical experiments demonstrate that Bayes-CAL achieved state-of-the-art OoD generalization performances on two-dimensional distribution shifts. Moreover, compared with CLIP-like models, Bayes-CAL yields more stable generalization performances on unseen classes. Our code is available at https://github.com/LinLLLL/BayesCAL. Copyright © 2023, Association for the Advancement of Artificial Intelligence (www.aaai.org). All rights reserved.",Alignment; Bayesian networks; Learning systems; Risk assessment; Bayesian; Cross-modal; Generalisation; Generalization ability; Generalization performance; Image texts; Overfitting; Performance; Text alignments; Two-dimensional; Deep neural networks,Scopus:safety,"Proceedings of the 37th AAAI Conference on Artificial Intelligence, AAAI 2023",https://www.scopus.com/pages/publications/85168250126?origin=resultslist,Include,,,abstract,pending,,
P02_0556,Spectral Distribution Alignment for Enhanced Generalization in Regression,"Guo, K.; Wang, Z.; Lovell, B.C.; Baktashmotlagh, M.",2025,10.1007/978-3-032-06106-5_16,,"While several techniques have been proposed to enhance the generalization of deep learning models for classification problems, limited research has been conducted on improving generalization for regression tasks. This is primarily due to the continuous nature of regression labels, which makes it challenging to directly apply classification-based techniques to regression tasks. In this paper, we introduce a novel generalization method for regression tasks based on the metric learning assumption that the distance between features and labels should be proportional. Unlike previous approaches that solely consider the prediction of this proportion as constant and disregard its variation among samples, we argue that this proportion can be defined as a mapping function. Additionally, we propose minimizing the error of this function and stabilizing its fluctuating behavior by smoothing out its variations. To further enhance Out-of-Distribution (OOD) generalization, we leverage the characteristics of the spectral norm (i.e., the sub-multiplicativity of the spectral norm of the feature matrix can be expressed as Frobenius norm of the output), and align the maximum singular value of the feature matrices across different domains. We conduct experiments on 5 datasets for OOD generalization in regression, and our method consistently outperforms state-of-the-art approaches in the majority of cases. Our code is released at https://github.com/workerbcd/SCR. © The Author(s), under exclusive license to Springer Nature Switzerland AG 2026.",Out-of-Distribution Generalization; Regression; Representation learning; Deep learning; Learning systems; Matrix algebra; Photomapping; Feature matrices; Generalisation; Learning models; Metric learning; Out-of-distribution generalization; Regression; Representation learning; Spectral distribution; Spectral norms; Task-based; Regression analysis,"Scopus:safety, WoS:safety",Lecture Notes in Computer Science,https://www.scopus.com/pages/publications/105020019263?origin=resultslist,Include,,,abstract,pending,,
P02_0576,Improving Group Robustness on Spurious Correlation via Evidential Alignment,"Ye, W.; Zheng, G.; Zhang, A.",2025,10.1145/3711896.3737002,,"Deep neural networks often learn and rely on spurious correlations, i.e., superficial associations between non-causal features and the targets. For instance, an image classifier may identify camels based on the desert backgrounds. While it can yield high overall accuracy during training, it degrades generalization on more diverse scenarios where such correlations do not hold. This problem poses significant challenges for out-of-distribution robustness and trustworthiness. Existing methods typically mitigate this issue by using external group annotations or auxiliary deterministic models to learn unbiased representations. However, such information is costly to obtain, and deterministic models may fail to capture the full spectrum of biases learned by the models. To address these limitations, we propose Evidential Alignment, a novel framework that leverages uncertainty quantification to understand the behavior of the biased models without requiring group annotations. By quantifying the evidence of model prediction with second-order risk minimization and calibrating the biased models with the proposed evidential calibration technique, Evidential Alignment identifies and suppresses spurious correlations while preserving core features. We theoretically justify the effectiveness of our method as capable of learning the patterns of biased models and debiasing the model without requiring any spurious correlation annotations. Empirical results demonstrate that our method significantly improves group robustness across diverse architectures and data modalities, providing a scalable and principled solution to spurious correlations.  © 2025 Copyright held by the owner/author(s).",group robustness; spurious correlations; uncertainty quantification; Alignment; Learning systems; Deterministic modeling; Full-spectrum; Generalisation; Group robustness; Image Classifiers; Learn+; Neural-networks; Overall accuracies; Spurious correlation; Uncertainty quantifications; Uncertainty analysis,Scopus:safety,Proceedings of the ACM SIGKDD International Conference on Knowledge Discovery and Data Mining,https://www.scopus.com/pages/publications/105014587407?origin=resultslist,Include,,,abstract,pending,,
P02_0594,COGS: A Compositional Generalization Challenge Based on Semantic Interpretation,Najoung Kim; Tal Linzen,2020,,2010.05465v1,"Natural language is characterized by compositionality: the meaning of a complex expression is constructed from the meanings of its constituent parts. To facilitate the evaluation of the compositional abilities of language processing architectures, we introduce COGS, a semantic parsing dataset based on a fragment of English. The evaluation portion of COGS contains multiple systematic gaps that can only be addressed by compositional generalization; these include new combinations of familiar syntactic structures, or new combinations of familiar words and familiar structures. In experiments with Transformers and LSTMs, we found that in-distribution accuracy on the COGS test set was near-perfect (96--99%), but generalization accuracy was substantially lower (16--35%) and showed high sensitivity to random seed ($\pm$6--8%). These findings indicate that contemporary standard NLP models are limited in their compositional generalization capacity, and position COGS as a good way to measure progress.",arxiv:cs.CL,"arXiv:benchmark, arXiv:primary",,http://arxiv.org/abs/2010.05465v1,Include,,,abstract,pending,,
P02_0595,Exploring Compositional Generalization (in COGS/ReCOGS_pos) by Transformers using Restricted Access Sequence Processing (RASP),William Bruns,2025,,2504.15349v3,"Humans understand new combinations of words encountered if they are combinations of words recognized from different contexts, an ability called Compositional Generalization. The COGS benchmark (Kim and Linzen, 2020) arXiv:2010.05465 reports 0% accuracy for Transformer models on some structural generalizations. We use (Weiss et al., 2021) arXiv:2106.06981's Restricted Access Sequence Processing (RASP), a Transformer-equivalent programming language, to demonstrate that a Transformer Encoder-Decoder can perform COGS and the semantically equivalent ReCOGS_pos (Wu et al., 2024) arXiv:2303.13716 systematically and compositionally: Our RASP models attain near perfect scores on structural generalization splits on COGS (exact match) and ReCOGS_pos (semantic exact match). Our RASP models show the (Re)COGS tasks do not require a hierarchical or tree-structured solution (contrary to (Kim and Linzen, 2020) arXiv:2010.05465, (Yao and Koller, 2022) arXiv:2210.13050, (Murty et al., 2022) arXiv:2211.01288, (Liu et al., 2021) arXiv:2107.06516): we use word-level tokens with an ""embedding"" layer that tags with possible part of speech, applying just once per encoder pass 19 attention-head compatible flat pattern-matching rules (easily identified with specific training examples), shown using grammar coverage (Zeller et al., 2023) to cover the non-recursive aspects of the input grammar, plus masking out prepositional phrases (""pp noun"") and/or sentential complements (cp) when recognizing grammar patterns and extracting nouns related to the main verb in the sentence, and output the next logical form (LF) token (repeating until the LF is complete). The models do not apply recursive, tree-structured rules like ""np_det pp np -> np_pp -> np"", but score near perfect semantic and string exact match on both COGS and ReCOGS pp recursion, cp recursion using the decoder loop.",arxiv:cs.CL,"arXiv:benchmark, arXiv:primary",,http://arxiv.org/abs/2504.15349v3,Include,,,abstract,pending,,
P02_0596,SLOG: A Structural Generalization Benchmark for Semantic Parsing,Bingzhi Li; Lucia Donatelli; Alexander Koller; Tal Linzen; Yuekun Yao; Najoung Kim,2023,,2310.15040v1,"The goal of compositional generalization benchmarks is to evaluate how well models generalize to new complex linguistic expressions. Existing benchmarks often focus on lexical generalization, the interpretation of novel lexical items in syntactic structures familiar from training; structural generalization tasks, where a model needs to interpret syntactic structures that are themselves unfamiliar from training, are often underrepresented, resulting in overly optimistic perceptions of how well models can generalize. We introduce SLOG, a semantic parsing dataset that extends COGS (Kim and Linzen, 2020) with 17 structural generalization cases. In our experiments, the generalization accuracy of Transformer models, including pretrained ones, only reaches 40.6%, while a structure-aware parser only achieves 70.8%. These results are far from the near-perfect accuracy existing models achieve on COGS, demonstrating the role of SLOG in foregrounding the large discrepancy between models' lexical and structural generalization capacities.",arxiv:cs.CL,arXiv:benchmark,,http://arxiv.org/abs/2310.15040v1,Include,,,abstract,pending,,
P02_0597,Grounded Graph Decoding Improves Compositional Generalization in Question Answering,Yu Gai; Paras Jain; Wendi Zhang; Joseph E. Gonzalez; Dawn Song; Ion Stoica,2021,,2111.03642v1,"Question answering models struggle to generalize to novel compositions of training patterns, such to longer sequences or more complex test structures. Current end-to-end models learn a flat input embedding which can lose input syntax context. Prior approaches improve generalization by learning permutation invariant models, but these methods do not scale to more complex train-test splits. We propose Grounded Graph Decoding, a method to improve compositional generalization of language representations by grounding structured predictions with an attention mechanism. Grounding enables the model to retain syntax information from the input in thereby significantly improving generalization over complex inputs. By predicting a structured graph containing conjunctions of query clauses, we learn a group invariant representation without making assumptions on the target domain. Our model significantly outperforms state-of-the-art baselines on the Compositional Freebase Questions (CFQ) dataset, a challenging benchmark for compositional generalization in question answering. Moreover, we effectively solve the MCD1 split with 98% accuracy.",arxiv:cs.CL; arxiv:cs.LG,"arXiv:benchmark, arXiv:primary",,http://arxiv.org/abs/2111.03642v1,Include,,,abstract,pending,,
P02_0598,Towards Understanding the Relationship between In-context Learning and Compositional Generalization,Sungjun Han; Sebastian Padó,2024,,2403.11834v1,"According to the principle of compositional generalization, the meaning of a complex expression can be understood as a function of the meaning of its parts and of how they are combined. This principle is crucial for human language processing and also, arguably, for NLP models in the face of out-of-distribution data. However, many neural network models, including Transformers, have been shown to struggle with compositional generalization. In this paper, we hypothesize that forcing models to in-context learn can provide an inductive bias to promote compositional generalization. To test this hypothesis, we train a causal Transformer in a setting that renders ordinary learning very difficult: we present it with different orderings of the training instance and shuffle instance labels. This corresponds to training the model on all possible few-shot learning problems attainable from the dataset. The model can solve the task, however, by utilizing earlier examples to generalize to later ones (i.e. in-context learning). In evaluations on the datasets, SCAN, COGS, and GeoQuery, models trained in this manner indeed show improved compositional generalization. This indicates the usefulness of in-context learning problems as an inductive bias for generalization.",arxiv:cs.CL; arxiv:cs.LG,"arXiv:benchmark, arXiv:primary",,http://arxiv.org/abs/2403.11834v1,Include,,,abstract,pending,,
P02_0599,Compositional Generalization in Semantic Parsing: Pre-training vs. Specialized Architectures,Daniel Furrer; Marc van Zee; Nathan Scales; Nathanael Schärli,2020,,2007.08970v3,"While mainstream machine learning methods are known to have limited ability to compositionally generalize, new architectures and techniques continue to be proposed to address this limitation. We investigate state-of-the-art techniques and architectures in order to assess their effectiveness in improving compositional generalization in semantic parsing tasks based on the SCAN and CFQ datasets. We show that masked language model (MLM) pre-training rivals SCAN-inspired architectures on primitive holdout splits. On a more complex compositional task, we show that pre-training leads to significant improvements in performance vs. comparable non-pre-trained models, whereas architectures proposed to encourage compositional generalization on SCAN or in the area of algorithm learning fail to lead to significant improvements. We establish a new state of the art on the CFQ compositional generalization benchmark using MLM pre-training together with an intermediate representation.",arxiv:cs.CL; arxiv:cs.LG,"arXiv:benchmark, arXiv:primary",,http://arxiv.org/abs/2007.08970v3,Include,,,abstract,pending,,
P02_0600,Learning to Substitute Components for Compositional Generalization,Zhaoyi Li; Gangwei Jiang; Chenwang Wu; Ying Wei; Defu Lian; Enhong Chen,2025,,2502.20834v1,"Despite the rising prevalence of neural language models, recent empirical evidence suggests their deficiency in compositional generalization. One of the current de-facto solutions to this problem is compositional data augmentation, which aims to introduce additional compositional inductive bias. However, existing handcrafted augmentation strategies offer limited improvement when systematic generalization of neural language models requires multi-grained compositional bias (i.e., not limited to either lexical or structural biases alone) or when training sentences have an imbalanced difficulty distribution. To address these challenges, we first propose a novel compositional augmentation strategy called Component Substitution (CompSub), which enables multi-grained composition of substantial substructures across the entire training set. Furthermore, we introduce the Learning Component Substitution (LCS) framework. This framework empowers the learning of component substitution probabilities in CompSub in an end-to-end manner by maximizing the loss of neural language models, thereby prioritizing challenging compositions with elusive concepts and novel contexts. We extend the key ideas of CompSub and LCS to the recently emerging in-context learning scenarios of pre-trained large language models (LLMs), proposing the LCS-ICL algorithm to enhance the few-shot compositional generalization of state-of-the-art (SOTA) LLMs. Theoretically, we provide insights into why applying our algorithms to language models can improve compositional generalization performance. Empirically, our results on four standard compositional generalization benchmarks(SCAN, COGS, GeoQuery, and COGS-QL) demonstrate the superiority of CompSub, LCS, and LCS-ICL, with improvements of up to 66.5%, 10.3%, 1.4%, and 8.8%, respectively.",arxiv:cs.CL,"arXiv:benchmark, arXiv:primary",,http://arxiv.org/abs/2502.20834v1,Include,,,abstract,pending,,
P02_0602,Harnessing Dataset Cartography for Improved Compositional Generalization in Transformers,Osman Batur İnce; Tanin Zeraati; Semih Yagcioglu; Yadollah Yaghoobzadeh; Erkut Erdem; Aykut Erdem,2023,,2310.12118v1,"Neural networks have revolutionized language modeling and excelled in various downstream tasks. However, the extent to which these models achieve compositional generalization comparable to human cognitive abilities remains a topic of debate. While existing approaches in the field have mainly focused on novel architectures and alternative learning paradigms, we introduce a pioneering method harnessing the power of dataset cartography (Swayamdipta et al., 2020). By strategically identifying a subset of compositional generalization data using this approach, we achieve a remarkable improvement in model accuracy, yielding enhancements of up to 10% on CFQ and COGS datasets. Notably, our technique incorporates dataset cartography as a curriculum learning criterion, eliminating the need for hyperparameter tuning while consistently achieving superior performance. Our findings highlight the untapped potential of dataset cartography in unleashing the full capabilities of compositional generalization within Transformer models. Our code is available at https://github.com/cyberiada/cartography-for-compositionality.",arxiv:cs.CL,"arXiv:benchmark, arXiv:primary",,http://arxiv.org/abs/2310.12118v1,Include,,,abstract,pending,,
P02_0604,On the Compositional Generalization Gap of In-Context Learning,Arian Hosseini; Ankit Vani; Dzmitry Bahdanau; Alessandro Sordoni; Aaron Courville,2022,,2211.08473v1,"Pretrained large generative language models have shown great performance on many tasks, but exhibit low compositional generalization abilities. Scaling such models has been shown to improve their performance on various NLP tasks even just by conditioning them on a few examples to solve the task without any fine-tuning (also known as in-context learning). In this work, we look at the gap between the in-distribution (ID) and out-of-distribution (OOD) performance of such models in semantic parsing tasks with in-context learning. In the ID settings, the demonstrations are from the same split (test or train) that the model is being evaluated on, and in the OOD settings, they are from the other split. We look at how the relative generalization gap of in-context learning evolves as models are scaled up. We evaluate four model families, OPT, BLOOM, CodeGen and Codex on three semantic parsing datasets, CFQ, SCAN and GeoQuery with different number of exemplars, and observe a trend of decreasing relative generalization gap as models are scaled up.",arxiv:cs.CL; arxiv:cs.LG,"arXiv:benchmark, arXiv:primary",,http://arxiv.org/abs/2211.08473v1,Include,,,abstract,pending,,
P02_0605,Representational Homomorphism Predicts and Improves Compositional Generalization In Transformer Language Model,Zhiyu An; Wan Du,2026,,2601.18858v2,"Compositional generalization-the ability to interpret novel combinations of familiar components-remains a persistent challenge for neural networks. Behavioral evaluations reveal \emph{when} models fail but offer limited insight into \emph{why} failures arise at the representational level. We introduce \textit{Homomorphism Error} (HE), a structural metric that measures the inconsistency between a set of established rules for which words combine to form new meaning (linguistic syntax) and model's learned rules for which hidden states combine to form new states (semantic syntax). We formulate this inconsistency as deviations from approximate homomorphisms between the linguistic expression algebra and a model's hidden-state space. We designed experiments to test if i) HE predicts compositional generalization performance, and ii) will regularizing for low HE during training improve such performance. To avoid the effect of data spoilage, we train small decoder-only Transformers from scratch using an adapted version of established dataset, SCAN, for testing compositional generalization. Across controlled experiments, HE predicts out-of-distribution (OOD) compositional generalization under noise injection, achieving $R^2=0.73$ correlation between HE and OOD accuracy. Ablations show that model depth has minimal effect on either HE or OOD accuracy, training data coverage exhibits threshold effects, and randomly inserted noise tokens increase HE. Intervention experiment shows that HE-regularized training significantly reduces HE ($p=1.1\times10^{-4}$) and yields a statistically significant improvement in OOD accuracy ($p=0.023$). Together, these results indicate the potential of HE to be both a diagnostic and an actionable training signal for improving compositional generalization.",arxiv:cs.LG; arxiv:cs.AI,"arXiv:benchmark, arXiv:primary",,http://arxiv.org/abs/2601.18858v2,Include,,,abstract,pending,,
P02_0607,Revisiting Iterative Back-Translation from the Perspective of Compositional Generalization,Yinuo Guo; Hualei Zhu; Zeqi Lin; Bei Chen; Jian-Guang Lou; Dongmei Zhang,2020,,2012.04276v1,"Human intelligence exhibits compositional generalization (i.e., the capacity to understand and produce unseen combinations of seen components), but current neural seq2seq models lack such ability. In this paper, we revisit iterative back-translation, a simple yet effective semi-supervised method, to investigate whether and how it can improve compositional generalization. In this work: (1) We first empirically show that iterative back-translation substantially improves the performance on compositional generalization benchmarks (CFQ and SCAN). (2) To understand why iterative back-translation is useful, we carefully examine the performance gains and find that iterative back-translation can increasingly correct errors in pseudo-parallel data. (3) To further encourage this mechanism, we propose curriculum iterative back-translation, which better improves the quality of pseudo-parallel data, thus further improving the performance.",arxiv:cs.CL; arxiv:cs.AI,"arXiv:benchmark, arXiv:primary",,http://arxiv.org/abs/2012.04276v1,Include,,,abstract,pending,,
P02_0608,*-CFQ: Analyzing the Scalability of Machine Learning on a Compositional Task,Dmitry Tsarkov; Tibor Tihon; Nathan Scales; Nikola Momchev; Danila Sinopalnikov; Nathanael Schärli,2020,,2012.08266v1,"We present *-CFQ (""star-CFQ""): a suite of large-scale datasets of varying scope based on the CFQ semantic parsing benchmark, designed for principled investigation of the scalability of machine learning systems in a realistic compositional task setting. Using this suite, we conduct a series of experiments investigating the ability of Transformers to benefit from increased training size under conditions of fixed computational cost. We show that compositional generalization remains a challenge at all training sizes, and we show that increasing the scope of natural language leads to consistently higher error rates, which are only partially offset by increased training data. We further show that while additional training data from a related domain improves the accuracy in data-starved situations, this improvement is limited and diminishes as the distance from the related domain to the target domain increases.",arxiv:cs.LG; arxiv:cs.CL,arXiv:benchmark,,http://arxiv.org/abs/2012.08266v1,Include,,,abstract,pending,,
P02_0610,Think before you act: A simple baseline for compositional generalization,Christina Heinze-Deml; Diane Bouchacourt,2020,,2009.13962v2,"Contrarily to humans who have the ability to recombine familiar expressions to create novel ones, modern neural networks struggle to do so. This has been emphasized recently with the introduction of the benchmark dataset ""gSCAN"" (Ruis et al. 2020), aiming to evaluate models' performance at compositional generalization in grounded language understanding. In this work, we challenge the gSCAN benchmark by proposing a simple model that achieves surprisingly good performance on two of the gSCAN test splits. Our model is based on the observation that, to succeed on gSCAN tasks, the agent must (i) identify the target object (think) before (ii) navigating to it successfully (act). Concretely, we propose an attention-inspired modification of the baseline model from (Ruis et al. 2020), together with an auxiliary loss, that takes into account the sequential nature of steps (i) and (ii). While two compositional tasks are trivially solved with our approach, we also find that the other tasks remain unsolved, validating the relevance of gSCAN as a benchmark for evaluating models' compositional abilities.",arxiv:cs.LG; arxiv:stat.ML,"arXiv:benchmark, arXiv:primary",,http://arxiv.org/abs/2009.13962v2,Include,,,abstract,pending,,
P02_0611,How Do In-Context Examples Affect Compositional Generalization?,Shengnan An; Zeqi Lin; Qiang Fu; Bei Chen; Nanning Zheng; Jian-Guang Lou; Dongmei Zhang,2023,,2305.04835v3,"Compositional generalization--understanding unseen combinations of seen primitives--is an essential reasoning capability in human intelligence. The AI community mainly studies this capability by fine-tuning neural networks on lots of training samples, while it is still unclear whether and how in-context learning--the prevailing few-shot paradigm based on large language models--exhibits compositional generalization. In this paper, we present CoFe, a test suite to investigate in-context compositional generalization. We find that the compositional generalization performance can be easily affected by the selection of in-context examples, thus raising the research question what the key factors are to make good in-context examples for compositional generalization. We study three potential factors: similarity, diversity and complexity. Our systematic experiments indicate that in-context examples should be structurally similar to the test case, diverse from each other, and individually simple. Furthermore, two strong limitations are observed: in-context compositional generalization on fictional words is much weaker than that on commonly used ones; it is still critical that the in-context examples should cover required linguistic structures, even though the backbone model has been pre-trained on large corpus. We hope our analysis would facilitate the understanding and utilization of in-context learning paradigm.",arxiv:cs.CL; arxiv:cs.AI,"arXiv:benchmark, arXiv:primary",,http://arxiv.org/abs/2305.04835v3,Include,,,abstract,pending,,
P02_0612,Hierarchical Poset Decoding for Compositional Generalization in Language,Yinuo Guo; Zeqi Lin; Jian-Guang Lou; Dongmei Zhang,2020,,2010.07792v1,"We formalize human language understanding as a structured prediction task where the output is a partially ordered set (poset). Current encoder-decoder architectures do not take the poset structure of semantics into account properly, thus suffering from poor compositional generalization ability. In this paper, we propose a novel hierarchical poset decoding paradigm for compositional generalization in language. Intuitively: (1) the proposed paradigm enforces partial permutation invariance in semantics, thus avoiding overfitting to bias ordering information; (2) the hierarchical mechanism allows to capture high-level structures of posets. We evaluate our proposed decoder on Compositional Freebase Questions (CFQ), a large and realistic natural language question answering dataset that is specifically designed to measure compositional generalization. Results show that it outperforms current decoders.",arxiv:cs.CL; arxiv:cs.AI,"arXiv:benchmark, arXiv:primary",,http://arxiv.org/abs/2010.07792v1,Include,,,abstract,pending,,
P02_0613,Unlocking Compositional Generalization in Pre-trained Models Using Intermediate Representations,Jonathan Herzig; Peter Shaw; Ming-Wei Chang; Kelvin Guu; Panupong Pasupat; Yuan Zhang,2021,,2104.07478v1,"Sequence-to-sequence (seq2seq) models are prevalent in semantic parsing, but have been found to struggle at out-of-distribution compositional generalization. While specialized model architectures and pre-training of seq2seq models have been proposed to address this issue, the former often comes at the cost of generality and the latter only shows limited success. In this paper, we study the impact of intermediate representations on compositional generalization in pre-trained seq2seq models, without changing the model architecture at all, and identify key aspects for designing effective representations. Instead of training to directly map natural language to an executable form, we map to a reversible or lossy intermediate representation that has stronger structural correspondence with natural language. The combination of our proposed intermediate representations and pre-trained models is surprisingly effective, where the best combinations obtain a new state-of-the-art on CFQ (+14.8 accuracy points) and on the template-splits of three text-to-SQL datasets (+15.0 to +19.4 accuracy points). This work highlights that intermediate representations provide an important and potentially overlooked degree of freedom for improving the compositional generalization abilities of pre-trained seq2seq models.",arxiv:cs.CL,"arXiv:benchmark, arXiv:primary",,http://arxiv.org/abs/2104.07478v1,Include,,,abstract,pending,,
P02_0614,Compositional Generalization by Learning Analytical Expressions,Qian Liu; Shengnan An; Jian-Guang Lou; Bei Chen; Zeqi Lin; Yan Gao; Bin Zhou; Nanning Zheng; Dongmei Zhang,2020,,2006.10627v2,"Compositional generalization is a basic and essential intellective capability of human beings, which allows us to recombine known parts readily. However, existing neural network based models have been proven to be extremely deficient in such a capability. Inspired by work in cognition which argues compositionality can be captured by variable slots with symbolic functions, we present a refreshing view that connects a memory-augmented neural model with analytical expressions, to achieve compositional generalization. Our model consists of two cooperative neural modules, Composer and Solver, fitting well with the cognitive argument while being able to be trained in an end-to-end manner via a hierarchical reinforcement learning algorithm. Experiments on the well-known benchmark SCAN demonstrate that our model seizes a great ability of compositional generalization, solving all challenges addressed by previous works with 100% accuracies.",arxiv:cs.AI; arxiv:cs.CL,"arXiv:benchmark, arXiv:primary",,http://arxiv.org/abs/2006.10627v2,Include,,,abstract,pending,,
P02_0615,Compositional Generalization in Multilingual Semantic Parsing over Wikidata,Ruixiang Cui; Rahul Aralikatte; Heather Lent; Daniel Hershcovich,2021,,2108.03509v2,"Semantic parsing (SP) allows humans to leverage vast knowledge resources through natural interaction. However, parsers are mostly designed for and evaluated on English resources, such as CFQ (Keysers et al., 2020), the current standard benchmark based on English data generated from grammar rules and oriented towards Freebase, an outdated knowledge base. We propose a method for creating a multilingual, parallel dataset of question-query pairs, grounded in Wikidata. We introduce such a dataset, which we call Multilingual Compositional Wikidata Questions (MCWQ), and use it to analyze the compositional generalization of semantic parsers in Hebrew, Kannada, Chinese and English. While within-language generalization is comparable across languages, experiments on zero-shot cross-lingual transfer demonstrate that cross-lingual compositional generalization fails, even with state-of-the-art pretrained multilingual encoders. Furthermore, our methodology, dataset and results will facilitate future research on SP in more realistic and diverse settings than has been possible with existing resources.",arxiv:cs.CL,"arXiv:benchmark, arXiv:primary",,http://arxiv.org/abs/2108.03509v2,Include,,,abstract,pending,,
P02_0616,Data Factors for Better Compositional Generalization,Xiang Zhou; Yichen Jiang; Mohit Bansal,2023,,2311.04420v1,"Recent diagnostic datasets on compositional generalization, such as SCAN (Lake and Baroni, 2018) and COGS (Kim and Linzen, 2020), expose severe problems in models trained from scratch on these datasets. However, in contrast to this poor performance, state-of-the-art models trained on larger and more general datasets show better generalization ability. In this work, to reconcile this inconsistency, we conduct an empirical analysis by training Transformer models on a variety of training sets with different data factors, including dataset scale, pattern complexity, example difficulty, etc. First, we show that increased dataset complexity can lead to better generalization behavior on multiple different generalization challenges. To further understand this improvement, we show two axes of the benefit from more complex datasets: they provide more diverse examples so compositional understanding becomes more effective, and they also prevent ungeneralizable memorization of the examples due to reduced example repetition frequency. Finally, we explore how training examples of different difficulty levels influence generalization differently. On synthetic datasets, simple examples invoke stronger compositionality than hard examples do. On larger-scale real language datasets, while hard examples become more important potentially to ensure decent data coverage, a balanced mixture of simple and hard examples manages to induce the strongest generalizability. The code and data for this work are available at https://github.com/owenzx/data4comp",arxiv:cs.CL; arxiv:cs.AI; arxiv:cs.LG,"arXiv:benchmark, arXiv:primary",,http://arxiv.org/abs/2311.04420v1,Include,,,abstract,pending,,
P02_0617,Iterative Decoding for Compositional Generalization in Transformers,Luana Ruiz; Joshua Ainslie; Santiago Ontañón,2021,,2110.04169v2,"Deep learning models generalize well to in-distribution data but struggle to generalize compositionally, i.e., to combine a set of learned primitives to solve more complex tasks. In sequence-to-sequence (seq2seq) learning, transformers are often unable to predict correct outputs for longer examples than those seen at training. This paper introduces iterative decoding, an alternative to seq2seq that (i) improves transformer compositional generalization in the PCFG and Cartesian product datasets and (ii) evidences that, in these datasets, seq2seq transformers do not learn iterations that are not unrolled. In iterative decoding, training examples are broken down into a sequence of intermediate steps that the transformer learns iteratively. At inference time, the intermediate outputs are fed back to the transformer as intermediate inputs until an end-of-iteration token is predicted. We conclude by illustrating some limitations of iterative decoding in the CFQ dataset.",arxiv:cs.LG; arxiv:cs.CL,"arXiv:benchmark, arXiv:primary",,http://arxiv.org/abs/2110.04169v2,Include,,,abstract,pending,,
P02_0618,Structural generalization in COGS: Supertagging is (almost) all you need,Alban Petit; Caio Corro; François Yvon,2023,,2310.14124v1,"In many Natural Language Processing applications, neural networks have been found to fail to generalize on out-of-distribution examples. In particular, several recent semantic parsing datasets have put forward important limitations of neural networks in cases where compositional generalization is required. In this work, we extend a neural graph-based semantic parsing framework in several ways to alleviate this issue. Notably, we propose: (1) the introduction of a supertagging step with valency constraints, expressed as an integer linear program; (2) a reduction of the graph prediction problem to the maximum matching problem; (3) the design of an incremental early-stopping training strategy to prevent overfitting. Experimentally, our approach significantly improves results on examples that require structural generalization in the COGS dataset, a known challenging benchmark for compositional generalization. Overall, our results confirm that structural constraints are important for generalization in semantic parsing.",arxiv:cs.CL,arXiv:benchmark,,http://arxiv.org/abs/2310.14124v1,Include,,,abstract,pending,,
P02_0619,When Can Transformers Ground and Compose: Insights from Compositional Generalization Benchmarks,Ankur Sikarwar; Arkil Patel; Navin Goyal,2022,,2210.12786v2,"Humans can reason compositionally whilst grounding language utterances to the real world. Recent benchmarks like ReaSCAN use navigation tasks grounded in a grid world to assess whether neural models exhibit similar capabilities. In this work, we present a simple transformer-based model that outperforms specialized architectures on ReaSCAN and a modified version of gSCAN. On analyzing the task, we find that identifying the target location in the grid world is the main challenge for the models. Furthermore, we show that a particular split in ReaSCAN, which tests depth generalization, is unfair. On an amended version of this split, we show that transformers can generalize to deeper input structures. Finally, we design a simpler grounded compositional generalization task, RefEx, to investigate how transformers reason compositionally. We show that a single self-attention layer with a single head generalizes to novel combinations of object attributes. Moreover, we derive a precise mathematical construction of the transformer's computations from the learned network. Overall, we provide valuable insights about the grounded compositional generalization task and the behaviour of transformers on it, which would be useful for researchers working in this area.",arxiv:cs.CL,"arXiv:benchmark, arXiv:primary",,http://arxiv.org/abs/2210.12786v2,Include,,,abstract,pending,,
P02_0622,Measuring Compositional Generalization: A Comprehensive Method on Realistic Data,Daniel Keysers; Nathanael Schärli; Nathan Scales; Hylke Buisman; Daniel Furrer; Sergii Kashubin; Nikola Momchev; Danila Sinopalnikov; Lukasz Stafiniak; Tibor Tihon; Dmitry Tsarkov; Xiao Wang; Marc van Zee; Olivier Bousquet,2019,,1912.09713v2,"State-of-the-art machine learning methods exhibit limited compositional generalization. At the same time, there is a lack of realistic benchmarks that comprehensively measure this ability, which makes it challenging to find and evaluate improvements. We introduce a novel method to systematically construct such benchmarks by maximizing compound divergence while guaranteeing a small atom divergence between train and test sets, and we quantitatively compare this method to other approaches for creating compositional generalization benchmarks. We present a large and realistic natural language question answering dataset that is constructed according to this method, and we use it to analyze the compositional generalization ability of three machine learning architectures. We find that they fail to generalize compositionally and that there is a surprisingly strong negative correlation between compound divergence and accuracy. We also demonstrate how our method can be used to create new compositionality benchmarks on top of the existing SCAN dataset, which confirms these findings.",arxiv:cs.LG; arxiv:cs.CL; arxiv:stat.ML,"arXiv:benchmark, arXiv:primary",,http://arxiv.org/abs/1912.09713v2,Include,,,abstract,pending,,
P02_0623,Recursive Decoding: A Situated Cognition Approach to Compositional Generation in Grounded Language Understanding,Matthew Setzler; Scott Howland; Lauren Phillips,2022,,2201.11766v2,"Compositional generalization is a troubling blind spot for neural language models. Recent efforts have presented techniques for improving a model's ability to encode novel combinations of known inputs, but less work has focused on generating novel combinations of known outputs. Here we focus on this latter ""decode-side"" form of generalization in the context of gSCAN, a synthetic benchmark for compositional generalization in grounded language understanding. We present Recursive Decoding (RD), a novel procedure for training and using seq2seq models, targeted towards decode-side generalization. Rather than generating an entire output sequence in one pass, models are trained to predict one token at a time. Inputs (i.e., the external gSCAN environment) are then incrementally updated based on predicted tokens, and re-encoded for the next decoder time step. RD thus decomposes a complex, out-of-distribution sequence generation task into a series of incremental predictions that each resemble what the model has already seen during training. RD yields dramatic improvement on two previously neglected generalization tasks in gSCAN. We provide analyses to elucidate these gains over failure of a baseline, and then discuss implications for generalization in naturalistic grounded language understanding, and seq2seq more generally.",arxiv:cs.CL; arxiv:cs.AI; arxiv:cs.LG,"arXiv:benchmark, arXiv:primary",,http://arxiv.org/abs/2201.11766v2,Include,,,abstract,pending,,
P02_0624,Compositional Generalization without Trees using Multiset Tagging and Latent Permutations,Matthias Lindemann; Alexander Koller; Ivan Titov,2023,,2305.16954v1,"Seq2seq models have been shown to struggle with compositional generalization in semantic parsing, i.e. generalizing to unseen compositions of phenomena that the model handles correctly in isolation.   We phrase semantic parsing as a two-step process: we first tag each input token with a multiset of output tokens. Then we arrange the tokens into an output sequence using a new way of parameterizing and predicting permutations. We formulate predicting a permutation as solving a regularized linear program and we backpropagate through the solver. In contrast to prior work, our approach does not place a priori restrictions on possible permutations, making it very expressive.   Our model outperforms pretrained seq2seq models and prior work on realistic semantic parsing tasks that require generalization to longer examples. We also outperform non-tree-based models on structural generalization on the COGS benchmark. For the first time, we show that a model without an inductive bias provided by trees achieves high accuracy on generalization to deeper recursion.",arxiv:cs.CL,"arXiv:benchmark, arXiv:primary",,http://arxiv.org/abs/2305.16954v1,Include,,,abstract,pending,,
P02_0625,Compositional Generalization via Neural-Symbolic Stack Machines,Xinyun Chen; Chen Liang; Adams Wei Yu; Dawn Song; Denny Zhou,2020,,2008.06662v2,"Despite achieving tremendous success, existing deep learning models have exposed limitations in compositional generalization, the capability to learn compositional rules and apply them to unseen cases in a systematic manner. To tackle this issue, we propose the Neural-Symbolic Stack Machine (NeSS). It contains a neural network to generate traces, which are then executed by a symbolic stack machine enhanced with sequence manipulation operations. NeSS combines the expressive power of neural sequence models with the recursion supported by the symbolic stack machine. Without training supervision on execution traces, NeSS achieves 100% generalization performance in four domains: the SCAN benchmark of language-driven navigation tasks, the task of few-shot learning of compositional instructions, the compositional machine translation benchmark, and context-free grammar parsing tasks.",arxiv:cs.LG; arxiv:cs.AI; arxiv:stat.ML,"arXiv:benchmark, arXiv:primary",,http://arxiv.org/abs/2008.06662v2,Include,,,abstract,pending,,
P02_0627,Uncontrolled Lexical Exposure Leads to Overestimation of Compositional Generalization in Pretrained Models,Najoung Kim; Tal Linzen; Paul Smolensky,2022,,2212.10769v1,"Human linguistic capacity is often characterized by compositionality and the generalization it enables -- human learners can produce and comprehend novel complex expressions by composing known parts. Several benchmarks exploit distributional control across training and test to gauge compositional generalization, where certain lexical items only occur in limited contexts during training. While recent work using these benchmarks suggests that pretrained models achieve impressive generalization performance, we argue that exposure to pretraining data may break the aforementioned distributional control. Using the COGS benchmark of Kim and Linzen (2020), we test two modified evaluation setups that control for this issue: (1) substituting context-controlled lexical items with novel character sequences, and (2) substituting them with special tokens represented by novel embeddings. We find that both of these setups lead to lower generalization performance in T5 (Raffel et al., 2020), suggesting that previously reported results have been overestimated due to uncontrolled lexical exposure during pretraining. The performance degradation is more extreme with novel embeddings, and the degradation increases with the amount of pretraining data, highlighting an interesting case of inverse scaling.",arxiv:cs.CL,"arXiv:benchmark, arXiv:primary",,http://arxiv.org/abs/2212.10769v1,Include,,,abstract,pending,,
P02_0628,A Neuroscience-Inspired Dual-Process Model of Compositional Generalization,Alex Noviello; Claas Beger; Jacob Groner; Kevin Ellis; Weinan Sun,2025,,2507.18868v3,"Deep learning models struggle with systematic compositional generalization, a hallmark of human cognition. We propose \textsc{Mirage}, a neuro-inspired dual-process model that offers a processing account for this ability. It combines a fast, intuitive ``System~1'' (a meta-trained Transformer) with a deliberate, rule-based ``System~2'' (a Schema Engine), mirroring the brain's neocortical and hippocampal--prefrontal circuits. Trained to perform general, single-step decomposition on a stream of random grammars, Mirage achieves $>$99\% accuracy on all splits of the SCAN benchmark in a task-agnostic setting. Ablations confirm that the model's systematic behavior emerges from the architectural interplay of its two systems, particularly its use of explicit, prioritized schemas and iterative refinement. In line with recent progress on recursive/recurrent Transformer approaches, Mirage preserves an iterative neural update while externalizing declarative control into an interpretable schema module. Our work provides a concrete computational model for interpreting how compositional reasoning can arise from a modular cognitive architecture.",arxiv:cs.AI; arxiv:cs.NE,"arXiv:benchmark, arXiv:primary",,http://arxiv.org/abs/2507.18868v3,Include,,,abstract,pending,,
P02_0629,Compositional generalization in a deep seq2seq model by separating syntax and semantics,Jake Russin; Jason Jo; Randall C. O'Reilly; Yoshua Bengio,2019,,1904.09708v3,"Standard methods in deep learning for natural language processing fail to capture the compositional structure of human language that allows for systematic generalization outside of the training distribution. However, human learners readily generalize in this way, e.g. by applying known grammatical rules to novel words. Inspired by work in neuroscience suggesting separate brain systems for syntactic and semantic processing, we implement a modification to standard approaches in neural machine translation, imposing an analogous separation. The novel model, which we call Syntactic Attention, substantially outperforms standard methods in deep learning on the SCAN dataset, a compositional generalization task, without any hand-engineered features or additional supervision. Our work suggests that separating syntactic from semantic learning may be a useful heuristic for capturing compositional structure.",arxiv:cs.LG; arxiv:cs.CL; arxiv:stat.ML,"arXiv:benchmark, arXiv:primary",,http://arxiv.org/abs/1904.09708v3,Include,,,abstract,pending,,
P02_0630,Compositional Generalization and Decomposition in Neural Program Synthesis,Kensen Shi; Joey Hong; Manzil Zaheer; Pengcheng Yin; Charles Sutton,2022,,2204.03758v1,"When writing programs, people have the ability to tackle a new complex task by decomposing it into smaller and more familiar subtasks. While it is difficult to measure whether neural program synthesis methods have similar capabilities, what we can measure is whether they compositionally generalize, that is, whether a model that has been trained on the simpler subtasks is subsequently able to solve more complex tasks. In this paper, we focus on measuring the ability of learned program synthesizers to compositionally generalize. We first characterize several different axes along which program synthesis methods would be desired to generalize, e.g., length generalization, or the ability to combine known subroutines in new ways that do not occur in the training data. Based on this characterization, we introduce a benchmark suite of tasks to assess these abilities based on two popular existing datasets, SCAN and RobustFill. Finally, we make first attempts to improve the compositional generalization ability of Transformer models along these axes through novel attention mechanisms that draw inspiration from a human-like decomposition strategy. Empirically, we find our modified Transformer models generally perform better than natural baselines, but the tasks remain challenging.",arxiv:cs.LG; arxiv:cs.PL; arxiv:stat.ML,"arXiv:benchmark, arXiv:primary",,http://arxiv.org/abs/2204.03758v1,Include,,,abstract,pending,,
P02_0632,Can Transformers Jump Around Right in Natural Language? Assessing Performance Transfer from SCAN,Rahma Chaabouni; Roberto Dessì; Eugene Kharitonov,2021,,2107.01366v2,"Despite their practical success, modern seq2seq architectures are unable to generalize systematically on several SCAN tasks. Hence, it is not clear if SCAN-style compositional generalization is useful in realistic NLP tasks. In this work, we study the benefit that such compositionality brings about to several machine translation tasks. We present several focused modifications of Transformer that greatly improve generalization capabilities on SCAN and select one that remains on par with a vanilla Transformer on a standard machine translation (MT) task. Next, we study its performance in low-resource settings and on a newly introduced distribution-shifted English-French translation task. Overall, we find that improvements of a SCAN-capable model do not directly transfer to the resource-rich MT setup. In contrast, in the low-resource setup, general modifications lead to an improvement of up to 13.1% BLEU score w.r.t. a vanilla Transformer. Similarly, an improvement of 14% in an accuracy-based metric is achieved in the introduced compositional English-French translation task. This provides experimental evidence that the compositional generalization assessed in SCAN is particularly useful in resource-starved and domain-shifted scenarios.",arxiv:cs.CL; arxiv:cs.AI; arxiv:cs.LG,arXiv:benchmark,,http://arxiv.org/abs/2107.01366v2,Include,,,abstract,pending,,
P02_0633,Learning to Generalize Compositionally by Transferring Across Semantic Parsing Tasks,Wang Zhu; Peter Shaw; Tal Linzen; Fei Sha,2021,,2111.05013v1,"Neural network models often generalize poorly to mismatched domains or distributions. In NLP, this issue arises in particular when models are expected to generalize compositionally, that is, to novel combinations of familiar words and constructions. We investigate learning representations that facilitate transfer learning from one compositional task to another: the representation and the task-specific layers of the models are strategically trained differently on a pre-finetuning task such that they generalize well on mismatched splits that require compositionality. We apply this method to semantic parsing, using three very different datasets, COGS, GeoQuery and SCAN, used alternately as the pre-finetuning and target task. Our method significantly improves compositional generalization over baselines on the test set of the target task, which is held out during fine-tuning. Ablation studies characterize the utility of the major steps in the proposed algorithm and support our hypothesis.",arxiv:cs.CL; arxiv:cs.LG,arXiv:benchmark,,http://arxiv.org/abs/2111.05013v1,Include,,,abstract,pending,,
P02_0634,Compositional generalization in semantic parsing with pretrained transformers,A. Emin Orhan,2021,,2109.15101v3,"Large-scale pretraining instills large amounts of knowledge in deep neural networks. This, in turn, improves the generalization behavior of these models in downstream tasks. What exactly are the limits to the generalization benefits of large-scale pretraining? Here, we report observations from some simple experiments aimed at addressing this question in the context of two semantic parsing tasks involving natural language, SCAN and COGS. We show that language models pretrained exclusively with non-English corpora, or even with programming language corpora, significantly improve out-of-distribution generalization in these benchmarks, compared with models trained from scratch, even though both benchmarks are English-based. This demonstrates the surprisingly broad transferability of pretrained representations and knowledge. Pretraining with a large-scale protein sequence prediction task, on the other hand, mostly deteriorates the generalization performance in SCAN and COGS, suggesting that pretrained representations do not transfer universally and that there are constraints on the similarity between the pretraining and downstream domains for successful transfer. Finally, we show that larger models are harder to train from scratch and their generalization accuracy is lower when trained up to convergence on the relatively small SCAN and COGS datasets, but the benefits of large-scale pretraining become much clearer with larger models.",arxiv:cs.CL; arxiv:cs.LG; arxiv:cs.NE,arXiv:benchmark,,http://arxiv.org/abs/2109.15101v3,Include,,,abstract,pending,,
P02_0635,CNNs found to jump around more skillfully than RNNs: Compositional generalization in seq2seq convolutional networks,Roberto Dessì; Marco Baroni,2019,,1905.08527v1,"Lake and Baroni (2018) introduced the SCAN dataset probing the ability of seq2seq models to capture compositional generalizations, such as inferring the meaning of ""jump around"" 0-shot from the component words. Recurrent networks (RNNs) were found to completely fail the most challenging generalization cases. We test here a convolutional network (CNN) on these tasks, reporting hugely improved performance with respect to RNNs. Despite the big improvement, the CNN has however not induced systematic rules, suggesting that the difference between compositional and non-compositional behaviour is not clear-cut.",arxiv:cs.CL; arxiv:cs.AI; arxiv:cs.LG,"arXiv:benchmark, arXiv:primary",,http://arxiv.org/abs/1905.08527v1,Include,,,abstract,pending,,
P02_0640,ReaSCAN: Compositional Reasoning in Language Grounding,Zhengxuan Wu; Elisa Kreiss; Desmond C. Ong; Christopher Potts,2021,,2109.08994v1,"The ability to compositionally map language to referents, relations, and actions is an essential component of language understanding. The recent gSCAN dataset (Ruis et al. 2020, NeurIPS) is an inspiring attempt to assess the capacity of models to learn this kind of grounding in scenarios involving navigational instructions. However, we show that gSCAN's highly constrained design means that it does not require compositional interpretation and that many details of its instructions and scenarios are not required for task success. To address these limitations, we propose ReaSCAN, a benchmark dataset that builds off gSCAN but requires compositional language interpretation and reasoning about entities and relations. We assess two models on ReaSCAN: a multi-modal baseline and a state-of-the-art graph convolutional neural model. These experiments show that ReaSCAN is substantially harder than gSCAN for both neural architectures. This suggests that ReaSCAN can serve as a valuable benchmark for advancing our understanding of models' compositional generalization and reasoning capabilities.",arxiv:cs.CL,arXiv:benchmark,,http://arxiv.org/abs/2109.08994v1,Include,,,abstract,pending,,
P02_0642,Compositional Semantic Parsing with Large Language Models,Andrew Drozdov; Nathanael Schärli; Ekin Akyürek; Nathan Scales; Xinying Song; Xinyun Chen; Olivier Bousquet; Denny Zhou,2022,,2209.15003v2,"Humans can reason compositionally when presented with new tasks. Previous research shows that appropriate prompting techniques enable large language models (LLMs) to solve artificial compositional generalization tasks such as SCAN. In this work, we identify additional challenges in more realistic semantic parsing tasks with larger vocabulary and refine these prompting techniques to address them. Our best method is based on least-to-most prompting: it decomposes the problem using prompting-based syntactic parsing, then uses this decomposition to select appropriate exemplars and to sequentially generate the semantic parse. This method allows us to set a new state of the art for CFQ while requiring only 1% of the training data used by traditional approaches. Due to the general nature of our approach, we expect similar efforts will lead to new results in other tasks and domains, especially for knowledge-intensive applications.",arxiv:cs.CL; arxiv:cs.AI,arXiv:benchmark,,http://arxiv.org/abs/2209.15003v2,Include,,,abstract,pending,,
P02_0643,A Benchmark for Systematic Generalization in Grounded Language Understanding,Laura Ruis; Jacob Andreas; Marco Baroni; Diane Bouchacourt; Brenden M. Lake,2020,,2003.05161v2,"Humans easily interpret expressions that describe unfamiliar situations composed from familiar parts (""greet the pink brontosaurus by the ferris wheel""). Modern neural networks, by contrast, struggle to interpret novel compositions. In this paper, we introduce a new benchmark, gSCAN, for evaluating compositional generalization in situated language understanding. Going beyond a related benchmark that focused on syntactic aspects of generalization, gSCAN defines a language grounded in the states of a grid world, facilitating novel evaluations of acquiring linguistically motivated rules. For example, agents must understand how adjectives such as 'small' are interpreted relative to the current world state or how adverbs such as 'cautiously' combine with new verbs. We test a strong multi-modal baseline model and a state-of-the-art compositional method finding that, in most cases, they fail dramatically when generalization requires systematic compositional rules.",arxiv:cs.CL; arxiv:cs.AI; arxiv:cs.LG,"arXiv:benchmark, arXiv:primary",,http://arxiv.org/abs/2003.05161v2,Include,,,abstract,pending,,
P02_0648,Inducing Transformer's Compositional Generalization Ability via Auxiliary Sequence Prediction Tasks,Yichen Jiang; Mohit Bansal,2021,,2109.15256v1,"Systematic compositionality is an essential mechanism in human language, allowing the recombination of known parts to create novel expressions. However, existing neural models have been shown to lack this basic ability in learning symbolic structures. Motivated by the failure of a Transformer model on the SCAN compositionality challenge (Lake and Baroni, 2018), which requires parsing a command into actions, we propose two auxiliary sequence prediction tasks that track the progress of function and argument semantics, as additional training supervision. These automatically-generated sequences are more representative of the underlying compositional symbolic structures of the input data. During inference, the model jointly predicts the next action and the next tokens in the auxiliary sequences at each step. Experiments on the SCAN dataset show that our method encourages the Transformer to understand compositional structures of the command, improving its accuracy on multiple challenging splits from <= 10% to 100%. With only 418 (5%) training instances, our approach still achieves 97.8% accuracy on the MCD1 split. Therefore, we argue that compositionality can be induced in Transformers given minimal but proper guidance. We also show that a better result is achieved using less contextualized vectors as the attention's query, providing insights into architecture choices in achieving systematic compositionality. Finally, we show positive generalization results on the groundedSCAN task (Ruis et al., 2020). Our code is publicly available at: https://github.com/jiangycTarheel/compositional-auxseq",arxiv:cs.CL; arxiv:cs.AI; arxiv:cs.LG,arXiv:benchmark,,http://arxiv.org/abs/2109.15256v1,Include,,,abstract,pending,,
P02_0651,Early-Warning Signals of Grokking via Loss-Landscape Geometry,Yongzhong Xu,2026,,2602.16967v3,"Grokking -- the abrupt transition from memorization to generalization after prolonged training -- has been linked to confinement on low-dimensional execution manifolds in modular arithmetic. Whether this mechanism extends beyond arithmetic remains open. We study two sequence-learning benchmarks: SCAN compositional generalization and Dyck-1 depth prediction. Across both tasks and a wide range of learning rates, the commutator defect -- a curvature measure derived from non-commuting gradient updates -- rises well before generalization, with lead times following a superlinear power law (alpha approximately 1.18 for SCAN, approximately 1.13 for Dyck), consistent with prior results on modular arithmetic. Weight-space PCA reveals that spectral concentration is not a universal precursor; the commutator defect is. Causal interventions demonstrate a mechanistic role: amplifying non-commutativity accelerates grokking (roughly 32% on SCAN, roughly 50% on Dyck), while suppressing orthogonal gradient flow delays or prevents it. The three task families form a spectrum of causal sensitivity -- modular arithmetic is rigid, Dyck is responsive, SCAN is intermediate -- yet suppression delays or prevents grokking in all cases, establishing necessity as a universal finding. These results identify the commutator defect as a robust, architecture-agnostic, causally implicated early-warning signal for delayed generalization in transformers.",arxiv:cs.LG; arxiv:cs.AI,"arXiv:benchmark, arXiv:broad",,http://arxiv.org/abs/2602.16967v3,Include,,,abstract,pending,,
P02_0654,A Compositional Framework for Open-ended Intelligence,Ida Momennejad; Roberta Raileanu,2026,,2606.15386v2,"Open-ended intelligence is the capacity to adapt to novel problems and environments that are substantially different from those in training. A mathematics of open-ended intelligence requires two pillars: first, a minimal set of representational primitives (e.g., states, actions) and algorithmic primitives (e.g., nearest neighbor); and second, an acquired compositional grammar for selection, recursion, and branching that produces sequences of operations and recurring motifs. We formalize open-ended intelligence in terms of the compositional closure induced by a finite primitive set $P$ and a set of composition operators $C$. We characterize properties of the induced closure $\mathcal{L}(P,C)$ that support unbounded compositional generation across families of tasks and worlds. The closure of the two pillars yields infinite adaptive responses across a wide range of settings. The mathematics supports complementary research agendas, including evaluation metrics for explanation and interpretability, and novel architectures where compositional generalization is native. We propose next primitive prediction (NPP) as a novel architectural objective, where training encourages the acquisition of reusable algorithmic primitives and their compositional grammar, such that new solutions are generated through recombination. Given such an objective, curriculum learning and self-play can enable lifelong learning, expanding the closure by discovering reusable primitives and transition motifs across settings. We ground the framework through case studies in physics, evolution, and neuroscience.",arxiv:cs.LG,arXiv:benchmark,,http://arxiv.org/abs/2606.15386v2,Include,,,abstract,pending,,
P02_0657,Sequence-Level Mixed Sample Data Augmentation,Demi Guo; Yoon Kim; Alexander M. Rush,2020,,2011.09039v1,"Despite their empirical success, neural networks still have difficulty capturing compositional aspects of natural language. This work proposes a simple data augmentation approach to encourage compositional behavior in neural models for sequence-to-sequence problems. Our approach, SeqMix, creates new synthetic examples by softly combining input/output sequences from the training set. We connect this approach to existing techniques such as SwitchOut and word dropout, and show that these techniques are all approximating variants of a single objective. SeqMix consistently yields approximately 1.0 BLEU improvement on five different translation datasets over strong Transformer baselines. On tasks that require strong compositional generalization such as SCAN and semantic parsing, SeqMix also offers further improvements.",arxiv:cs.CL; arxiv:cs.LG,arXiv:benchmark,,http://arxiv.org/abs/2011.09039v1,Include,,,abstract,pending,,
P02_0691,Invariant Graph Transformer for Out-of-Distribution Generalization,Tianyin Liao; Ziwei Zhang; Yufei Sun; Chunyu Hu; Jianxin Li,2025,,2508.00304v2,"Graph Transformers (GTs) have demonstrated great effectiveness across various graph analytical tasks. However, the existing GTs focus on training and testing graph data originated from the same distribution, but fail to generalize under distribution shifts. Graph invariant learning, aiming to capture generalizable graph structural patterns with labels under distribution shifts, is potentially a promising solution, but how to design attention mechanisms and positional and structural encodings (PSEs) based on graph invariant learning principles remains challenging. To solve these challenges, we introduce Graph Out-Of-Distribution generalized Transformer (GOODFormer), aiming to learn generalized graph representations by capturing invariant relationships between predictive graph structures and labels through jointly optimizing three modules. Specifically, we first develop a GT-based entropy-guided invariant subgraph disentangler to separate invariant and variant subgraphs while preserving the sharpness of the attention function. Next, we design an evolving subgraph positional and structural encoder to effectively and efficiently capture the encoding information of dynamically changing subgraphs during training. Finally, we propose an invariant learning module utilizing subgraph node representations and encodings to derive generalizable graph representations that can to unseen graphs. We also provide theoretical justifications for our method. Extensive experiments on benchmark datasets demonstrate the superiority of our method over state-of-the-art baselines under distribution shifts.",arxiv:cs.LG,arXiv:broad,,http://arxiv.org/abs/2508.00304v2,Include,,,abstract,pending,,
P02_0693,Early Period of Training Impacts Adaptation for Out-of-Distribution Generalization: An Empirical Study,Chen Cecilia Liu; Iryna Gurevych,2024,,2403.15210v2,"Prior research shows that differences in the early period of neural network training significantly impact the performance of in-distribution (ID) data of tasks. Yet, the implications of early learning dynamics on out-of-distribution (OOD) generalization remain poorly understood, primarily due to the complexities and limitations of existing analytical techniques. In this work, we investigate the relationship between learning dynamics, OOD generalization under covariate shift and the early period of neural network training. We utilize the trace of Fisher Information and sharpness, focusing on gradual unfreezing (i.e., progressively unfreezing parameters during training) as our methodology for investigation. Through a series of empirical experiments, we show that 1) changing the number of trainable parameters during the early period of training via gradual unfreezing can significantly improve OOD results; 2) the trace of Fisher Information and sharpness can be used as indicators for the removal of gradual unfreezing during the early period of training for better OOD generalization. Our experiments on both image and text data show that the early period of training is a general phenomenon that can provide Pareto improvements in ID and OOD performance with minimal complexity. Our work represents a first step towards understanding how early learning dynamics affect neural network OOD generalization under covariate shift and suggests a new avenue to improve and study this problem.",arxiv:cs.LG,arXiv:broad,,http://arxiv.org/abs/2403.15210v2,Include,,,abstract,pending,,
P02_0702,Benign Overfitting in Out-of-Distribution Generalization of Linear Models,Shange Tang; Jiayun Wu; Jianqing Fan; Chi Jin,2024,,2412.14474v1,"Benign overfitting refers to the phenomenon where an over-parameterized model fits the training data perfectly, including noise in the data, but still generalizes well to the unseen test data. While prior work provides some theoretical understanding of this phenomenon under the in-distribution setup, modern machine learning often operates in a more challenging Out-of-Distribution (OOD) regime, where the target (test) distribution can be rather different from the source (training) distribution. In this work, we take an initial step towards understanding benign overfitting in the OOD regime by focusing on the basic setup of over-parameterized linear models under covariate shift. We provide non-asymptotic guarantees proving that benign overfitting occurs in standard ridge regression, even under the OOD regime when the target covariance satisfies certain structural conditions. We identify several vital quantities relating to source and target covariance, which govern the performance of OOD generalization. Our result is sharp, which provably recovers prior in-distribution benign overfitting guarantee [Tsigler and Bartlett, 2023], as well as under-parameterized OOD guarantee [Ge et al., 2024] when specializing to each setup. Moreover, we also present theoretical results for a more general family of target covariance matrix, where standard ridge regression only achieves a slow statistical rate of $O(1/\sqrt{n})$ for the excess risk, while Principal Component Regression (PCR) is guaranteed to achieve the fast rate $O(1/n)$, where $n$ is the number of samples.",arxiv:cs.LG; arxiv:stat.ML,arXiv:broad,,http://arxiv.org/abs/2412.14474v1,Include,,,abstract,pending,,
P02_0703,Can Agents Run Relay Race with Strangers? Generalization of RL to Out-of-Distribution Trajectories,Li-Cheng Lan; Huan Zhang; Cho-Jui Hsieh,2023,,2304.13424v1,"In this paper, we define, evaluate, and improve the ``relay-generalization'' performance of reinforcement learning (RL) agents on the out-of-distribution ``controllable'' states. Ideally, an RL agent that generally masters a task should reach its goal starting from any controllable state of the environment instead of memorizing a small set of trajectories. For example, a self-driving system should be able to take over the control from humans in the middle of driving and must continue to drive the car safely. To practically evaluate this type of generalization, we start the test agent from the middle of other independently well-trained \emph{stranger} agents' trajectories. With extensive experimental evaluation, we show the prevalence of \emph{generalization failure} on controllable states from stranger agents. For example, in the Humanoid environment, we observed that a well-trained Proximal Policy Optimization (PPO) agent, with only 3.9\% failure rate during regular testing, failed on 81.6\% of the states generated by well-trained stranger PPO agents. To improve ""relay generalization,"" we propose a novel method called Self-Trajectory Augmentation (STA), which will reset the environment to the agent's old states according to the Q function during training. After applying STA to the Soft Actor Critic's (SAC) training procedure, we reduced the failure rate of SAC under relay-evaluation by more than three times in most settings without impacting agent performance and increasing the needed number of environment interactions. Our code is available at https://github.com/lan-lc/STA.",arxiv:cs.LG; arxiv:cs.AI; arxiv:cs.RO,arXiv:broad,,http://arxiv.org/abs/2304.13424v1,Include,,,abstract,pending,,
P02_0708,Making Foresight Actionable: Repurposing Representation Alignment in World Action Models,Lu Qiu; Yizhuo Li; Yi Chen; Yuying Ge; Yixiao Ge; Xihui Liu,2026,,2606.12217v1,"World Action Models (WAMs) offer a promising route for robot manipulation by using video generation models to model future scene evolution before producing control actions. However, our empirical observations reveal a phenomenon: generating plausible visual futures does not always guarantee the extraction of accurate actions. To diagnose this failure, we conduct action-head attention analysis and causal interventions. We find that the action decoder fails to focus on task-relevant interaction regions and remains sensitive to perturbations in task-irrelevant areas. This reveals a representation mismatch: hidden states optimized for visual reconstruction are not inherently organized in a form useful for low-level action control. In this paper, we propose AGRA, an Action-Grounded Representation Alignment objective that regularizes the world-action interface by aligning intermediate video diffusion features with spatially coherent semantic representations from a foundation visual encoder. We evaluate AGRA on real-world manipulation tasks. Experiments show that AGRA makes world model representations more action-grounded: by focusing the action decoder on the correct interaction regions, it improves object localization accuracy and affordance understanding, and makes the policy more robust to perturbations in task-irrelevant regions. As a result, AGRA consistently improves both in-distribution performance and out-of-distribution generalization over the baseline world action model.",arxiv:cs.CV; arxiv:cs.AI; arxiv:cs.RO,arXiv:broad,,http://arxiv.org/abs/2606.12217v1,Include,,,abstract,pending,,
P02_0712,Low-rank Orthogonal Subspace Intervention for Generalizable Face Forgery Detection,Chi Wang; Xinjue Hu; Boyu Wang; Ziwen He; Zhangjie Fu,2026,,2601.11915v2,"The generalization problem remains a key challenge in face forgery detection. This paper explores the reasons for the generalization failure of Vanilla CLIP: in ``real vs. fake"" detection, the few dominant principal components in the feature space primarily encode forgery-irrelevant information, rather than authentic forgery traces. However, this irrelevant information inevitably leads to spurious correlations, severely limiting detector performance. We define this phenomenon as ``low-rank spurious bias"". To address this, we propose a low-rank representation space intervention paradigm, named the SeLop, from the perspective of causal representation learning. SeLop unifies the spurious correlation factors irrelevant to forgery into a low-rank subspace and cuts off the statistical shortcut between it and the label, thus aligning representation learning with authentic forgery traces. Specifically, we decompose spurious correlation features into a low-rank subspace through orthogonal low-rank projection, then remove this subspace from the original representation and train its orthogonal complement to capture forgery-related features. This low-rank projection removal effectively eliminates spurious correlation factors, ensuring that classification decisions are based on authentic forgery cues. With only 0.39M trainable parameters, our method achieves state-of-the-art performance across several benchmarks, demonstrating excellent robustness and generalization.",arxiv:cs.CV,arXiv:broad,,http://arxiv.org/abs/2601.11915v2,Include,,,abstract,pending,,
P02_0719,Temporal Representation Alignment: Successor Features Enable Emergent Compositionality in Robot Instruction Following,Vivek Myers; Bill Chunyuan Zheng; Anca Dragan; Kuan Fang; Sergey Levine,2025,,2502.05454v2,"Effective task representations should facilitate compositionality, such that after learning a variety of basic tasks, an agent can perform compound tasks consisting of multiple steps simply by composing the representations of the constituent steps together. While this is conceptually simple and appealing, it is not clear how to automatically learn representations that enable this sort of compositionality. We show that learning to associate the representations of current and future states with a temporal alignment loss can improve compositional generalization, even in the absence of any explicit subtask planning or reinforcement learning. We evaluate our approach across diverse robotic manipulation tasks as well as in simulation, showing substantial improvements for tasks specified with either language or goal images.",arxiv:cs.RO; arxiv:cs.LG,arXiv:broad,,http://arxiv.org/abs/2502.05454v2,Include,,,abstract,pending,,
P02_0724,General Greedy De-bias Learning,Xinzhe Han; Shuhui Wang; Chi Su; Qingming Huang; Qi Tian,2021,,2112.10572v5,"Neural networks often make predictions relying on the spurious correlations from the datasets rather than the intrinsic properties of the task of interest, facing sharp degradation on out-of-distribution (OOD) test data. Existing de-bias learning frameworks try to capture specific dataset bias by annotations but they fail to handle complicated OOD scenarios. Others implicitly identify the dataset bias by special design low capability biased models or losses, but they degrade when the training and testing data are from the same distribution. In this paper, we propose a General Greedy De-bias learning framework (GGD), which greedily trains the biased models and the base model. The base model is encouraged to focus on examples that are hard to solve with biased models, thus remaining robust against spurious correlations in the test stage. GGD largely improves models' OOD generalization ability on various tasks, but sometimes over-estimates the bias level and degrades on the in-distribution test. We further re-analyze the ensemble process of GGD and introduce the Curriculum Regularization inspired by curriculum learning, which achieves a good trade-off between in-distribution and out-of-distribution performance. Extensive experiments on image classification, adversarial question answering, and visual question answering demonstrate the effectiveness of our method. GGD can learn a more robust base model under the settings of both task-specific biased models with prior knowledge and self-ensemble biased model without prior knowledge.",arxiv:cs.LG; arxiv:cs.CV,arXiv:broad,,http://arxiv.org/abs/2112.10572v5,Include,,,abstract,pending,,
P02_0746,"Vision-Language-Action in Robotics: A Survey of Datasets, Benchmarks, and Data Engines",Ziyao Wang; Bingying Wang; Hanrong Zhang; Tingting Du; Tianyang Chen; Guoheng Sun; Yexiao He; Zheyu Shen; Wanghao Ye; Ang Li,2026,,2604.23001v1,"Despite remarkable progress in Vision--Language--Action (VLA) models, a central bottleneck remains underexamined: the data infrastructure that underlies embodied learning. In this survey, we argue that future advances in VLA will depend less on model architecture and more on the co-design of high-fidelity data engines and structured evaluation protocols. To this end, we present a systematic, data-centric analysis of VLA research organized around three pillars: datasets, benchmarks, and data engines. For datasets, we categorize real-world and synthetic corpora along embodiment diversity, modality composition, and action space formulation, revealing a persistent fidelity-cost trade-off that fundamentally constrains large-scale collection. For benchmarks, we analyze task complexity and environment structure jointly, exposing structural gaps in compositional generalization and long-horizon reasoning evaluation that existing protocols fail to address. For data engines, we examine simulation-based, video-reconstruction, and automated task-generation paradigms, identifying their shared limitations in physical grounding and sim-to-real transfer. Synthesizing these analyses, we distill four open challenges: representation alignment, multimodal supervision, reasoning assessment, and scalable data generation. Addressing them, we argue, requires treating data infrastructure as a first-class research problem rather than a background concern.",arxiv:cs.RO; arxiv:cs.AI,arXiv:broad,,http://arxiv.org/abs/2604.23001v1,Include,,,abstract,pending,,
P02_0753,Evaluating Reward Model Generalization via Pairwise Maximum Discrepancy Competitions,Shunyang Luo; Peibei Cao; Zhihui Zhu; Kehua Feng; Zhihua Wang; Keyan Ding,2026,,2601.16987v1,"Reward models (RMs) are central to aligning large language models, yet their practical effectiveness hinges on generalization to unseen prompts and shifting distributions. Most existing RM evaluations rely on static, pre-annotated preference datasets, which provide limited coverage and often fail to faithfully assess generalization in open-world settings. We introduce Pairwise Maximum Discrepancy Competition (PMDC), a dynamic and annotation-efficient framework for evaluating RM generalization using a large, unlabeled, open-domain prompt pool. PMDC actively selects prompt--response pairs that maximize disagreement between two RMs, yielding a compact set of highly contentious test cases. These cases are adjudicated by an oracle, and the resulting outcomes are aggregated via a Bradley--Terry model to produce a global ranking and pairwise win-rate landscape of RMs. We apply PMDC to re-evaluate 10 representative RMs and observe substantial rank reshuffling compared with conventional benchmarks. Qualitative analyses further uncover systematic generalization failures, providing valuable insights for improving reward modeling.",arxiv:cs.CL; arxiv:cs.AI,arXiv:broad,,http://arxiv.org/abs/2601.16987v1,Include,,,abstract,pending,,
P02_0768,Neural Language of Thought Models,Yi-Fu Wu; Minseung Lee; Sungjin Ahn,2024,,2402.01203v2,"The Language of Thought Hypothesis suggests that human cognition operates on a structured, language-like system of mental representations. While neural language models can naturally benefit from the compositional structure inherently and explicitly expressed in language data, learning such representations from non-linguistic general observations, like images, remains a challenge. In this work, we introduce the Neural Language of Thought Model (NLoTM), a novel approach for unsupervised learning of LoTH-inspired representation and generation. NLoTM comprises two key components: (1) the Semantic Vector-Quantized Variational Autoencoder, which learns hierarchical, composable discrete representations aligned with objects and their properties, and (2) the Autoregressive LoT Prior, an autoregressive transformer that learns to generate semantic concept tokens compositionally, capturing the underlying data distribution. We evaluate NLoTM on several 2D and 3D image datasets, demonstrating superior performance in downstream tasks, out-of-distribution generalization, and image generation quality compared to patch-based VQ-VAE and continuous object-centric representations. Our work presents a significant step towards creating neural networks exhibiting more human-like understanding by developing LoT-like representations and offers insights into the intersection of cognitive science and machine learning.",arxiv:cs.LG; arxiv:cs.CV,arXiv:broad,,http://arxiv.org/abs/2402.01203v2,Include,,,abstract,pending,,
P02_0769,GA-Field: Geometry-Aware Vehicle Aerodynamic Field Prediction,Zhenhua Zheng; Lu Zhang; Junhong Zou; Shitong Liu; Zhen Lei; Xiangyu Zhu; Zhiyong Liu,2026,,2602.20609v1,"Accurate aerodynamic field prediction is crucial for vehicle drag evaluation, but the computational cost of high-fidelity CFD hinders its use in iterative design workflows. While learning-based methods enable fast and scalable inference, accurately aerodynamic fields modeling remains challenging, as it demands capturing both long-range geometric effects and fine-scale flow structures. Existing approaches typically encode geometry only once at the input and formulate prediction as a one-shot mapping, which often leads to diluted global shape awareness and insufficient resolution of sharp local flow variations. To address these issues, we propose GA-Field, a Geometry-Aware Field prediction network that introduces two complementary design components: (i) a global geometry injection mechanism that repeatedly conditions the network on a compact 3D geometry embedding at multiple stages to preserve long-range geometric consistency, and (ii) a coarse-to-fine field refinement strategy to recover sharp local aerodynamic details. GA-Field achieves new state-of-the-art performance on ShapeNet-Car and the large-scale DrivAerNet++ benchmark for surface pressure, wall shear stress, and 3D velocity prediction tasks, while exhibiting strong out-of-distribution generalization across different vehicle categories.",arxiv:cs.CE,arXiv:broad,,http://arxiv.org/abs/2602.20609v1,Include,,,abstract,pending,,
P02_0773,Robust OOD Graph Learning via Mean Constraints and Noise Reduction,Yang Zhou; Xiaoning Ren,2025,,2506.19281v1,"Graph Out-of-Distribution (OOD) classification often suffers from sharp performance drops, particularly under category imbalance and structural noise. This work tackles two pressing challenges in this context: (1) the underperformance of minority classes due to skewed label distributions, and (2) their heightened sensitivity to structural noise in graph data. To address these problems, we propose two complementary solutions. First, Constrained Mean Optimization (CMO) improves minority class robustness by encouraging similarity-based instance aggregation under worst-case conditions. Second, the Neighbor-Aware Noise Reweighting (NNR) mechanism assigns dynamic weights to training samples based on local structural consistency, mitigating noise influence. We provide theoretical justification for our methods, and validate their effectiveness with extensive experiments on both synthetic and real-world datasets, showing significant improvements in Graph OOD generalization and classification accuracy. The code for our method is available at: https://anonymous.4open.science/r/CMO-NNR-2F30.",arxiv:cs.LG,arXiv:broad,,http://arxiv.org/abs/2506.19281v1,Include,,,abstract,pending,,
P02_0783,Improving Latent Generalization Using Test-time Compute,Arslan Chaudhry; Sridhar Thiagarajan; Andrew Lampinen,2026,,2604.01430v1,"Language Models (LMs) exhibit two distinct mechanisms for knowledge acquisition: in-weights learning (i.e., encoding information within the model weights) and in-context learning (ICL). Although these two modes offer complementary strengths, in-weights learning frequently struggles to facilitate deductive reasoning over the internalized knowledge. We characterize this limitation as a deficit in latent generalization, of which the reversal curse is one example. Conversely, in-context learning demonstrates highly robust latent generalization capabilities. To improve latent generalization from in-weights knowledge, prior approaches rely on train-time data augmentation, yet these techniques are task-specific, scale poorly, and fail to generalize to out-of-distribution knowledge. To overcome these shortcomings, this work studies how models can be taught to use test-time compute, or 'thinking', specifically to improve latent generalization. We use Reinforcement Learning (RL) from correctness feedback to train models to produce long chains-of-thought (CoTs) to improve latent generalization. Our experiments show that this thinking approach not only resolves many instances of latent generalization failures on in-distribution knowledge but also, unlike augmentation baselines, generalizes to new knowledge for which no RL was performed. Nevertheless, on pure reversal tasks, we find that thinking does not unlock direct knowledge inversion, but the generate-and-verify ability of thinking models enables them to get well above chance performance. The brittleness of factual self-verification means thinking models still remain well below the performance of in-context learning for this task. Overall, our results establish test-time thinking as a flexible and promising direction for improving the latent generalization of LMs.",arxiv:cs.LG,arXiv:broad,,http://arxiv.org/abs/2604.01430v1,Include,,,abstract,pending,,
P02_0789,Frequency Bias and OOD Generalization in Neural Operators under a Variable-Coefficient Wave Equation,Runlong Xie; An Luo,2026,,2605.12997v1,"Neural operators learn to map initial conditions to the terminal solution of partial differential equations (PDEs), providing a surrogate for the full operator mapping. This enables rapid prediction across different input configurations. While recent neural operator architectures have demonstrated strong performance on diverse PDE tasks, their behavior under structured distribution shifts remains insufficiently understood. To investigate this, we study operator learning in a wave propagation setting governed by a one-dimensional variable-coefficient wave equation, using two representative architectures, the Fourier Neural Operator (FNO) and the Deep Operator Network (DeepONet). To examine their generalization under distribution shifts, we consider structured out-of-distribution (OOD) settings that independently vary input frequency and coefficient smoothness. The results show that under smoothness shifts, both models maintain stable performance, with FNO achieving lower error. In contrast, under frequency shifts, FNO exhibits a sharp increase in error under unseen high-frequency inputs, whereas DeepONet shows milder degradation despite higher overall error. Our analysis reveals that these differences arise from how each architecture represents and responds to variations in frequency structure. Together, these findings highlight a fundamental gap between strong in-distribution performance and generalization under distribution shifts in operator learning, underscoring the role of architectural representation bias in developing more reliable neural operators for physics-based PDE simulations beyond the training distribution.",arxiv:cs.LG,arXiv:broad,,http://arxiv.org/abs/2605.12997v1,Include,,,abstract,pending,,
P02_0791,SynthDocBench: Controlled Benchmark for Long-Context Visual Document Understanding,Abhigya Verma; Khyati Mahajan; Amit Kumar Saha; Shruthan Radhakrishna; Sagar Davasam; Vikas Yadav; Sai Rajeswar Mudumba,2026,,2607.10400v1,"Vision language models (VLMs) have achieved strong performance on visual document understanding benchmarks such as DocVQA, ChartQA, and MMLongBench-Doc. However, real-world documents combine multiple factors such as length, layout complexity, modality, and question difficulty, which makes it difficult to attribute model failures to specific causes. We introduce SynthDocBench, a fully synthetic benchmark for long-context visual document understanding that systematically controls factors including document length, layout structure, modality composition, and question type. The benchmark is constructed using a combinatorial design, each factor is varied independently across generated documents, enabling controlled analysis of model behavior. Documents are generated end to end using an LLM pipeline across six layout archetypes, with a 40 percent random override to prevent models from exploiting spurious correlations. Additionally, SynthDocBench spans long-context documents with substantially greater length and structural diversity than existing benchmarks. Evaluating seven frontier VLMs, we uncover three failure modes that existing benchmarks cannot surface: sharp degradation with document length, a systematic positional sensitivity in which the middle third of a document is hardest for five of six models and five of six models show a negative Early-to-Late trend (steepest decline: 8.3 percentage points), and breakdown of chart comprehension in long-document settings. These results suggest that current models may be overfitting to benchmark artifacts rather than achieving robust long-context visual document understanding.",arxiv:cs.CV; arxiv:cs.AI,arXiv:broad,,http://arxiv.org/abs/2607.10400v1,Include,,,abstract,pending,,
P02_0810,Compositional Generalization via Semantic Tagging,Hao Zheng; Mirella Lapata,2020,,2010.11818v2,"Although neural sequence-to-sequence models have been successfully applied to semantic parsing, they fail at compositional generalization, i.e., they are unable to systematically generalize to unseen compositions of seen components. Motivated by traditional semantic parsing where compositionality is explicitly accounted for by symbolic grammars, we propose a new decoding framework that preserves the expressivity and generality of sequence-to-sequence models while featuring lexicon-style alignments and disentangled information processing. Specifically, we decompose decoding into two phases where an input utterance is first tagged with semantic symbols representing the meaning of individual words, and then a sequence-to-sequence model is used to predict the final meaning representation conditioning on the utterance and the predicted tag sequence. Experimental results on three semantic parsing datasets show that the proposed approach consistently improves compositional generalization across model architectures, domains, and semantic formalisms.",arxiv:cs.CL,arXiv:primary,,http://arxiv.org/abs/2010.11818v2,Include,,,abstract,pending,,
P02_0811,Systematic Generalization with Edge Transformers,Leon Bergen; Timothy J. O'Donnell; Dzmitry Bahdanau,2021,,2112.00578v1,"Recent research suggests that systematic generalization in natural language understanding remains a challenge for state-of-the-art neural models such as Transformers and Graph Neural Networks. To tackle this challenge, we propose Edge Transformer, a new model that combines inspiration from Transformers and rule-based symbolic AI. The first key idea in Edge Transformers is to associate vector states with every edge, that is, with every pair of input nodes -- as opposed to just every node, as it is done in the Transformer model. The second major innovation is a triangular attention mechanism that updates edge representations in a way that is inspired by unification from logic programming. We evaluate Edge Transformer on compositional generalization benchmarks in relational reasoning, semantic parsing, and dependency parsing. In all three settings, the Edge Transformer outperforms Relation-aware, Universal and classical Transformer baselines.",arxiv:cs.CL; arxiv:cs.LG,arXiv:primary,,http://arxiv.org/abs/2112.00578v1,Include,,,abstract,pending,,
P02_0812,Compositional Generalization from First Principles,Thaddäus Wiedemer; Prasanna Mayilvahanan; Matthias Bethge; Wieland Brendel,2023,,2307.05596v1,"Leveraging the compositional nature of our world to expedite learning and facilitate generalization is a hallmark of human perception. In machine learning, on the other hand, achieving compositional generalization has proven to be an elusive goal, even for models with explicit compositional priors. To get a better handle on compositional generalization, we here approach it from the bottom up: Inspired by identifiable representation learning, we investigate compositionality as a property of the data-generating process rather than the data itself. This reformulation enables us to derive mild conditions on only the support of the training distribution and the model architecture, which are sufficient for compositional generalization. We further demonstrate how our theoretical framework applies to real-world scenarios and validate our findings empirically. Our results set the stage for a principled theoretical study of compositional generalization.",arxiv:cs.LG; arxiv:stat.ML,arXiv:primary,,http://arxiv.org/abs/2307.05596v1,Include,,,abstract,pending,,
P02_0813,Improving Compositional Generalization in Semantic Parsing,Inbar Oren; Jonathan Herzig; Nitish Gupta; Matt Gardner; Jonathan Berant,2020,,2010.05647v1,"Generalization of models to out-of-distribution (OOD) data has captured tremendous attention recently. Specifically, compositional generalization, i.e., whether a model generalizes to new structures built of components observed during training, has sparked substantial interest. In this work, we investigate compositional generalization in semantic parsing, a natural test-bed for compositional generalization, as output programs are constructed from sub-components. We analyze a wide variety of models and propose multiple extensions to the attention module of the semantic parser, aiming to improve compositional generalization. We find that the following factors improve compositional generalization: (a) using contextual representations, such as ELMo and BERT, (b) informing the decoder what input tokens have previously been attended to, (c) training the decoder attention to agree with pre-computed token alignments, and (d) downsampling examples corresponding to frequent program templates. While we substantially reduce the gap between in-distribution and OOD generalization, performance on OOD compositions is still substantially lower.",arxiv:cs.CL,arXiv:primary,,http://arxiv.org/abs/2010.05647v1,Include,,,abstract,pending,,
P02_0819,Scalable Evaluation and Neural Models for Compositional Generalization,Giacomo Camposampiero; Pietro Barbiero; Michael Hersche; Roger Wattenhofer; Abbas Rahimi,2025,,2511.02667v2,"Compositional generalization-a key open challenge in modern machine learning-requires models to predict unknown combinations of known concepts. However, assessing compositional generalization remains a fundamental challenge due to the lack of standardized evaluation protocols and the limitations of current benchmarks, which often favor efficiency over rigor. At the same time, general-purpose vision architectures lack the necessary inductive biases, and existing approaches to endow them compromise scalability. As a remedy, this paper introduces: 1) a rigorous evaluation framework that unifies and extends previous approaches while reducing computational requirements from combinatorial to constant; 2) an extensive and modern evaluation on the status of compositional generalization in supervised vision backbones, training more than 5000 models; 3) Attribute Invariant Networks, a class of models establishing a new Pareto frontier in compositional generalization, achieving a 23.43% accuracy improvement over baselines while reducing parameter overhead from 600% to 16% compared to fully disentangled counterparts. Our code is available at https://github.com/IBM/scalable-compositional-generalization.",arxiv:cs.LG; arxiv:cs.AI,arXiv:primary,,http://arxiv.org/abs/2511.02667v2,Include,,,abstract,pending,,
P02_0821,Improving Compositional Generalization in Classification Tasks via Structure Annotations,Juyong Kim; Pradeep Ravikumar; Joshua Ainslie; Santiago Ontañón,2021,,2106.10434v1,"Compositional generalization is the ability to generalize systematically to a new data distribution by combining known components. Although humans seem to have a great ability to generalize compositionally, state-of-the-art neural models struggle to do so. In this work, we study compositional generalization in classification tasks and present two main contributions. First, we study ways to convert a natural language sequence-to-sequence dataset to a classification dataset that also requires compositional generalization. Second, we show that providing structural hints (specifically, providing parse trees and entity links as attention masks for a Transformer model) helps compositional generalization.",arxiv:cs.LG; arxiv:cs.CL,arXiv:primary,,http://arxiv.org/abs/2106.10434v1,Include,,,abstract,pending,,
P02_0822,Compositional Generalization with Tree Stack Memory Units,Forough Arabshahi; Zhichu Lu; Pranay Mundra; Sameer Singh; Animashree Anandkumar,2019,,1911.01545v5,"We study compositional generalization, viz., the problem of zero-shot generalization to novel compositions of concepts in a domain. Standard neural networks fail to a large extent on compositional learning. We propose Tree Stack Memory Units (Tree-SMU) to enable strong compositional generalization. Tree-SMU is a recursive neural network with Stack Memory Units (\SMU s), a novel memory augmented neural network whose memory has a differentiable stack structure. Each SMU in the tree architecture learns to read from its stack and to write to it by combining the stacks and states of its children through gating. The stack helps capture long-range dependencies in the problem domain, thereby enabling compositional generalization. Additionally, the stack also preserves the ordering of each node's descendants, thereby retaining locality on the tree. We demonstrate strong empirical results on two mathematical reasoning benchmarks. We use four compositionality tests to assess the generalization performance of Tree-SMU and show that it enables accurate compositional generalization compared to strong baselines such as Transformers and Tree-LSTMs.",arxiv:cs.LG; arxiv:cs.NE; arxiv:stat.ML,arXiv:primary,,http://arxiv.org/abs/1911.01545v5,Include,,,abstract,pending,,
P02_0823,Reinforcement Learning for Compositional Generalization with Outcome-Level Optimization,Xiyan Fu; Wei Liu,2026,,2605.04920v1,"Compositional generalization refers to correctly interpret novel combinations of known primitives, which remains a major challenge. Existing approaches often rely on supervised fine-tuning, which encourages models to imitate target outputs. This token-level training paradigm fails to capture the global compositional structure required for generalizing to unseen combinations. In this work, we investigate whether compositional generalization can instead be improved through outcome-level reinforcement learning. We adopt Group Relative Policy Optimization to optimize models based on feedback on their final outputs. Within this framework, we explore both a simple binary outcome reward and a composite reward that provides additional composition feedback. Experiments on multiple compositional benchmarks show that reinforcement learning improves compositional generalization compared to supervised fine-tuning. Further analysis reveals that supervised models tend to overfit frequent training compositions, whereas reinforcement learning improves compositional generalization by reshaping the output distribution, particularly for more complex composition types.",arxiv:cs.LG; arxiv:cs.CL,arXiv:primary,,http://arxiv.org/abs/2605.04920v1,Include,,,abstract,pending,,
P02_0824,Provable Compositional Generalization for Object-Centric Learning,Thaddäus Wiedemer; Jack Brady; Alexander Panfilov; Attila Juhos; Matthias Bethge; Wieland Brendel,2023,,2310.05327v2,"Learning representations that generalize to novel compositions of known concepts is crucial for bridging the gap between human and machine perception. One prominent effort is learning object-centric representations, which are widely conjectured to enable compositional generalization. Yet, it remains unclear when this conjecture will be true, as a principled theoretical or empirical understanding of compositional generalization is lacking. In this work, we investigate when compositional generalization is guaranteed for object-centric representations through the lens of identifiability theory. We show that autoencoders that satisfy structural assumptions on the decoder and enforce encoder-decoder consistency will learn object-centric representations that provably generalize compositionally. We validate our theoretical result and highlight the practical relevance of our assumptions through experiments on synthetic image data.",arxiv:cs.LG,arXiv:primary,,http://arxiv.org/abs/2310.05327v2,Include,,,abstract,pending,,
P02_0826,Disentangled Sequence to Sequence Learning for Compositional Generalization,Hao Zheng; Mirella Lapata,2021,,2110.04655v2,"There is mounting evidence that existing neural network models, in particular the very popular sequence-to-sequence architecture, struggle to systematically generalize to unseen compositions of seen components. We demonstrate that one of the reasons hindering compositional generalization relates to representations being entangled. We propose an extension to sequence-to-sequence models which encourages disentanglement by adaptively re-encoding (at each time step) the source input. Specifically, we condition the source representations on the newly decoded target context which makes it easier for the encoder to exploit specialized information for each prediction rather than capturing it all in a single forward pass. Experimental results on semantic parsing and machine translation empirically show that our proposal delivers more disentangled representations and better generalization.",arxiv:cs.CL,arXiv:primary,,http://arxiv.org/abs/2110.04655v2,Include,,,abstract,pending,,
P02_0827,"Concepts, Properties and an Approach for Compositional Generalization",Yuanpeng Li,2021,,2102.04225v1,"Compositional generalization is the capacity to recognize and imagine a large amount of novel combinations from known components. It is a key in human intelligence, but current neural networks generally lack such ability. This report connects a series of our work for compositional generalization, and summarizes an approach. The first part contains concepts and properties. The second part looks into a machine learning approach. The approach uses architecture design and regularization to regulate information of representations. This report focuses on basic ideas with intuitive and illustrative explanations. We hope this work would be helpful to clarify fundamentals of compositional generalization and lead to advance artificial intelligence.",arxiv:cs.AI,arXiv:primary,,http://arxiv.org/abs/2102.04225v1,Include,,,abstract,pending,,
P02_0828,Consistency of Compositional Generalization across Multiple Levels,Chuanhao Li; Zhen Li; Chenchen Jing; Xiaomeng Fan; Wenbo Ye; Yuwei Wu; Yunde Jia,2024,,2412.13636v1,"Compositional generalization is the capability of a model to understand novel compositions composed of seen concepts. There are multiple levels of novel compositions including phrase-phrase level, phrase-word level, and word-word level. Existing methods achieve promising compositional generalization, but the consistency of compositional generalization across multiple levels of novel compositions remains unexplored. The consistency refers to that a model should generalize to a phrase-phrase level novel composition, and phrase-word/word-word level novel compositions that can be derived from it simultaneously. In this paper, we propose a meta-learning based framework, for achieving consistent compositional generalization across multiple levels. The basic idea is to progressively learn compositions from simple to complex for consistency. Specifically, we divide the original training set into multiple validation sets based on compositional complexity, and introduce multiple meta-weight-nets to generate sample weights for samples in different validation sets. To fit the validation sets in order of increasing compositional complexity, we optimize the parameters of each meta-weight-net independently and sequentially in a multilevel optimization manner. We build a GQA-CCG dataset to quantitatively evaluate the consistency. Experimental results on visual question answering and temporal video grounding, demonstrate the effectiveness of the proposed framework. We release GQA-CCG at https://github.com/NeverMoreLCH/CCG.",arxiv:cs.CV; arxiv:cs.AI,arXiv:primary,,http://arxiv.org/abs/2412.13636v1,Include,,,abstract,pending,,
P02_0829,On Provable Length and Compositional Generalization,Kartik Ahuja; Amin Mansouri,2024,,2402.04875v6,"Out-of-distribution generalization capabilities of sequence-to-sequence models can be studied from the lens of two crucial forms of generalization: length generalization -- the ability to generalize to longer sequences than ones seen during training, and compositional generalization: the ability to generalize to token combinations not seen during training. In this work, we provide first provable guarantees on length and compositional generalization for common sequence-to-sequence models -- deep sets, transformers, state space models, and recurrent neural nets -- trained to minimize the prediction error. We show that \emph{limited capacity} versions of these different architectures achieve both length and compositional generalization provided the training distribution is sufficiently diverse. In the first part, we study structured limited capacity variants of different architectures and arrive at the generalization guarantees with limited diversity requirements on the training distribution. In the second part, we study limited capacity variants with less structural assumptions and arrive at generalization guarantees but with more diversity requirements on the training distribution. Further, we also show that chain-of-thought supervision enables length generalization in higher capacity counterparts of the different architectures we study.",arxiv:cs.LG; arxiv:cs.CL; arxiv:stat.ML,arXiv:primary,,http://arxiv.org/abs/2402.04875v6,Include,,,abstract,pending,,
P02_0831,DiNeR: a Large Realistic Dataset for Evaluating Compositional Generalization,Chengang Hu; Xiao Liu; Yansong Feng,2024,,2406.04669v1,"Most of the existing compositional generalization datasets are synthetically-generated, resulting in a lack of natural language variation. While there have been recent attempts to introduce non-synthetic datasets for compositional generalization, they suffer from either limited data scale or a lack of diversity in the forms of combinations. To better investigate compositional generalization with more linguistic phenomena and compositional diversity, we propose the DIsh NamE Recognition (DiNeR) task and create a large realistic Chinese dataset. Given a recipe instruction, models are required to recognize the dish name composed of diverse combinations of food, actions, and flavors. Our dataset consists of 3,811 dishes and 228,114 recipes, and involves plenty of linguistic phenomena such as anaphora, omission and ambiguity. We provide two strong baselines based on T5 and large language models (LLMs). This work contributes a challenging task, baseline methods to tackle the task, and insights into compositional generalization in the context of dish name recognition. Code and data are available at https://github.com/Jumpy-pku/DiNeR.",arxiv:cs.CL,arXiv:primary,,http://arxiv.org/abs/2406.04669v1,Include,,,abstract,pending,,
P02_0832,The Mystery of Compositional Generalization in Graph-based Generative Commonsense Reasoning,Xiyan Fu; Anette Frank,2024,,2410.06272v1,"While LLMs have emerged as performant architectures for reasoning tasks, their compositional generalization capabilities have been questioned. In this work, we introduce a Compositional Generalization Challenge for Graph-based Commonsense Reasoning (CGGC) that goes beyond previous evaluations that are based on sequences or tree structures - and instead involves a reasoning graph: It requires models to generate a natural sentence based on given concepts and a corresponding reasoning graph, where the presented graph involves a previously unseen combination of relation types. To master this challenge, models need to learn how to reason over relation tupels within the graph, and how to compose them when conceptualizing a verbalization. We evaluate seven well-known LLMs using in-context learning and find that performant LLMs still struggle in compositional generalization. We investigate potential causes of this gap by analyzing the structures of reasoning graphs, and find that different structures present varying levels of difficulty for compositional generalization. Arranging the order of demonstrations according to the structures' difficulty shows that organizing samples in an easy-to-hard schema enhances the compositional generalization ability of LLMs.",arxiv:cs.CL,arXiv:primary,,http://arxiv.org/abs/2410.06272v1,Include,,,abstract,pending,,
P02_0836,"Compositional Generalization Requires Linear, Orthogonal Representations in Vision Embedding Models",Arnas Uselis; Andrea Dittadi; Seong Joon Oh,2026,,2602.24264v2,"Compositional generalization, the ability to recognize familiar parts in novel contexts, is a defining property of intelligent systems. Although modern models are trained on massive datasets, they still cover only a tiny fraction of the combinatorial space of possible inputs, raising the question of what structure representations must have to support generalization to unseen combinations. We formalize three desiderata for compositional generalization under standard training (divisibility, transferability, stability) and show they impose necessary geometric constraints: representations must decompose linearly into per-concept components, and these components must be orthogonal across concepts. This provides theoretical grounding for the Linear Representation Hypothesis: the linear structure widely observed in neural representations is a necessary consequence of compositional generalization. We further derive dimension bounds linking the number of composable concepts to the embedding geometry. Empirically, we evaluate these predictions across modern vision models (CLIP, SigLIP, DINO) and find that representations exhibit partial linear factorization with low-rank, near-orthogonal per-concept factors, and that the degree of this structure correlates with compositional generalization on unseen combinations. As models continue to scale, these conditions predict the representational geometry they may converge to. Code is available at https://github.com/oshapio/necessary-compositionality.",arxiv:cs.CV; arxiv:cs.LG,arXiv:primary,,http://arxiv.org/abs/2602.24264v2,Include,,,abstract,pending,,
P02_0838,When does compositional structure yield compositional generalization? A kernel theory,Samuel Lippl; Kim Stachenfeld,2024,,2405.16391v3,"Compositional generalization (the ability to respond correctly to novel combinations of familiar components) is thought to be a cornerstone of intelligent behavior. Compositionally structured (e.g. disentangled) representations support this ability; however, the conditions under which they are sufficient for the emergence of compositional generalization remain unclear. To address this gap, we present a theory of compositional generalization in kernel models with fixed, compositionally structured representations. This provides a tractable framework for characterizing the impact of training data statistics on generalization. We find that these models are limited to functions that assign values to each combination of components seen during training, and then sum up these values (""conjunction-wise additivity""). This imposes fundamental restrictions on the set of tasks compositionally structured kernel models can learn, in particular preventing them from transitively generalizing equivalence relations. Even for compositional tasks that they can learn in principle, we identify novel failure modes in compositional generalization (memorization leak and shortcut bias) that arise from biases in the training data. Finally, we empirically validate our theory, showing that it captures the behavior of deep neural networks (convolutional networks, residual networks, and Vision Transformers) trained on a set of compositional tasks with similarly structured data. Ultimately, this work examines how statistical structure in the training data can affect compositional generalization, with implications for how to identify and remedy failure modes in deep learning models.",arxiv:cs.LG; arxiv:q-bio.NC,arXiv:primary,,http://arxiv.org/abs/2405.16391v3,Include,,,abstract,pending,,
P02_0839,Syntax-Guided Transformers: Elevating Compositional Generalization and Grounding in Multimodal Environments,Danial Kamali; Parisa Kordjamshidi,2023,,2311.04364v1,"Compositional generalization, the ability of intelligent models to extrapolate understanding of components to novel compositions, is a fundamental yet challenging facet in AI research, especially within multimodal environments. In this work, we address this challenge by exploiting the syntactic structure of language to boost compositional generalization. This paper elevates the importance of syntactic grounding, particularly through attention masking techniques derived from text input parsing. We introduce and evaluate the merits of using syntactic information in the multimodal grounding problem. Our results on grounded compositional generalization underscore the positive impact of dependency parsing across diverse tasks when utilized with Weight Sharing across the Transformer encoder. The results push the state-of-the-art in multimodal grounding and parameter-efficient modeling and provide insights for future research.",arxiv:cs.CL; arxiv:cs.RO,arXiv:primary,,http://arxiv.org/abs/2311.04364v1,Include,,,abstract,pending,,
P02_0843,Towards Compositional Generalization of LLMs via Skill Taxonomy Guided Data Synthesis,Yifan Wei; Li Du; Xiaoyan Yu; Yang Feng; Angsheng Li,2026,,2601.03676v1,"Large Language Models (LLMs) and agent-based systems often struggle with compositional generalization due to a data bottleneck in which complex skill combinations follow a long-tailed, power-law distribution, limiting both instruction-following performance and generalization in agent-centric tasks. To address this challenge, we propose STEPS, a Skill Taxonomy guided Entropy-based Post-training data Synthesis framework for generating compositionally challenging data. STEPS explicitly targets compositional generalization by uncovering latent relationships among skills and organizing them into an interpretable, hierarchical skill taxonomy using structural information theory. Building on this taxonomy, we formulate data synthesis as a constrained information maximization problem, selecting skill combinations that maximize marginal structural information within the hierarchy while preserving semantic coherence. Experiments on challenging instruction-following benchmarks show that STEPS outperforms existing data synthesis baselines, while also yielding improved compositional generalization in downstream agent-based evaluations.",arxiv:cs.CL; arxiv:cs.AI,arXiv:primary,,http://arxiv.org/abs/2601.03676v1,Include,,,abstract,pending,,
P02_0845,Are Object-Centric Representations Better At Compositional Generalization?,Ferdinand Kapl; Amir Mohammad Karimi Mamaghan; Maximilian Seitzer; Karl Henrik Johansson; Carsten Marr; Stefan Bauer; Andrea Dittadi,2026,,2602.16689v1,"Compositional generalization, the ability to reason about novel combinations of familiar concepts, is fundamental to human cognition and a critical challenge for machine learning. Object-centric (OC) representations, which encode a scene as a set of objects, are often argued to support such generalization, but systematic evidence in visually rich settings is limited. We introduce a Visual Question Answering benchmark across three controlled visual worlds (CLEVRTex, Super-CLEVR, and MOVi-C) to measure how well vision encoders, with and without object-centric biases, generalize to unseen combinations of object properties. To ensure a fair and comprehensive comparison, we carefully account for training data diversity, sample size, representation size, downstream model capacity, and compute. We use DINOv2 and SigLIP2, two widely used vision encoders, as the foundation models and their OC counterparts. Our key findings reveal that (1) OC approaches are superior in harder compositional generalization settings; (2) original dense representations surpass OC only on easier settings and typically require substantially more downstream compute; and (3) OC models are more sample efficient, achieving stronger generalization with fewer images, whereas dense encoders catch up or surpass them only with sufficient data and diversity. Overall, object-centric representations offer stronger compositional generalization when any one of dataset size, training data diversity, or downstream compute is constrained.",arxiv:cs.CV; arxiv:cs.LG,arXiv:primary,,http://arxiv.org/abs/2602.16689v1,Include,,,abstract,pending,,
P02_0850,Layer-wise Representation Fusion for Compositional Generalization,Yafang Zheng; Lei Lin; Shuangtao Li; Yuxuan Yuan; Zhaohong Lai; Shan Liu; Biao Fu; Yidong Chen; Xiaodong Shi,2023,,2307.10799v2,"Existing neural models are demonstrated to struggle with compositional generalization (CG), i.e., the ability to systematically generalize to unseen compositions of seen components. A key reason for failure on CG is that the syntactic and semantic representations of sequences in both the uppermost layer of the encoder and decoder are entangled. However, previous work concentrates on separating the learning of syntax and semantics instead of exploring the reasons behind the representation entanglement (RE) problem to solve it. We explain why it exists by analyzing the representation evolving mechanism from the bottom to the top of the Transformer layers. We find that the ``shallow'' residual connections within each layer fail to fuse previous layers' information effectively, leading to information forgetting between layers and further the RE problems. Inspired by this, we propose LRF, a novel \textbf{L}ayer-wise \textbf{R}epresentation \textbf{F}usion framework for CG, which learns to fuse previous layers' information back into the encoding and decoding process effectively through introducing a \emph{fuse-attention module} at each encoder and decoder layer. LRF achieves promising results on two realistic benchmarks, empirically demonstrating the effectiveness of our proposal.",arxiv:cs.CL,arXiv:primary,,http://arxiv.org/abs/2307.10799v2,Include,,,abstract,pending,,
P02_0851,Block-Operations: Using Modular Routing to Improve Compositional Generalization,Florian Dietz; Dietrich Klakow,2024,,2408.00508v1,"We explore the hypothesis that poor compositional generalization in neural networks is caused by difficulties with learning effective routing. To solve this problem, we propose the concept of block-operations, which is based on splitting all activation tensors in the network into uniformly sized blocks and using an inductive bias to encourage modular routing and modification of these blocks. Based on this concept we introduce the Multiplexer, a new architectural component that enhances the Feed Forward Neural Network (FNN). We experimentally confirm that Multiplexers exhibit strong compositional generalization. On both a synthetic and a realistic task our model was able to learn the underlying process behind the task, whereas both FNNs and Transformers were only able to learn heuristic approximations. We propose as future work to use the principles of block-operations to improve other existing architectures.",arxiv:cs.LG,arXiv:primary,,http://arxiv.org/abs/2408.00508v1,Include,,,abstract,pending,,
P02_0854,The Role of Linguistic Priors in Measuring Compositional Generalization of Vision-Language Models,Chenwei Wu; Li Erran Li; Stefano Ermon; Patrick Haffner; Rong Ge; Zaiwei Zhang,2023,,2310.02777v1,"Compositionality is a common property in many modalities including natural languages and images, but the compositional generalization of multi-modal models is not well-understood. In this paper, we identify two sources of visual-linguistic compositionality: linguistic priors and the interplay between images and texts. We show that current attempts to improve compositional generalization rely on linguistic priors rather than on information in the image. We also propose a new metric for compositionality without such linguistic priors.",arxiv:cs.CL,arXiv:primary,,http://arxiv.org/abs/2310.02777v1,Include,,,abstract,pending,,
P02_0855,Compositional Generalization and Natural Language Variation: Can a Semantic Parsing Approach Handle Both?,Peter Shaw; Ming-Wei Chang; Panupong Pasupat; Kristina Toutanova,2020,,2010.12725v2,"Sequence-to-sequence models excel at handling natural language variation, but have been shown to struggle with out-of-distribution compositional generalization. This has motivated new specialized architectures with stronger compositional biases, but most of these approaches have only been evaluated on synthetically-generated datasets, which are not representative of natural language variation. In this work we ask: can we develop a semantic parsing approach that handles both natural language variation and compositional generalization? To better assess this capability, we propose new train and test splits of non-synthetic datasets. We demonstrate that strong existing approaches do not perform well across a broad set of evaluations. We also propose NQG-T5, a hybrid model that combines a high-precision grammar-based approach with a pre-trained sequence-to-sequence model. It outperforms existing approaches across several compositional generalization challenges on non-synthetic data, while also being competitive with the state-of-the-art on standard evaluations. While still far from solving this problem, our study highlights the importance of diverse evaluations and the open challenge of handling both compositional generalization and natural language variation in semantic parsing.",arxiv:cs.CL,arXiv:primary,,http://arxiv.org/abs/2010.12725v2,Include,,,abstract,pending,,
P02_0856,Enhancing Compositional Generalization via Compositional Feature Alignment,Haoxiang Wang; Haozhe Si; Huajie Shao; Han Zhao,2024,,2402.02851v2,"Real-world applications of machine learning models often confront data distribution shifts, wherein discrepancies exist between the training and test data distributions. In the common multi-domain multi-class setup, as the number of classes and domains scales up, it becomes infeasible to gather training data for every domain-class combination. This challenge naturally leads the quest for models with Compositional Generalization (CG) ability, where models can generalize to unseen domain-class combinations. To delve into the CG challenge, we develop CG-Bench, a suite of CG benchmarks derived from existing real-world image datasets, and observe that the prevalent pretraining-finetuning paradigm on foundational models, such as CLIP and DINOv2, struggles with the challenge. To address this challenge, we propose Compositional Feature Alignment (CFA), a simple two-stage finetuning technique that i) learns two orthogonal linear heads on a pretrained encoder with respect to class and domain labels, and ii) fine-tunes the encoder with the newly learned head frozen. We theoretically and empirically justify that CFA encourages compositional feature learning of pretrained models. We further conduct extensive experiments on CG-Bench for CLIP and DINOv2, two powerful pretrained vision foundation models. Experiment results show that CFA outperforms common finetuning techniques in compositional generalization, corroborating CFA's efficacy in compositional feature learning.",arxiv:cs.CV; arxiv:cs.LG; arxiv:stat.ML,arXiv:primary,,http://arxiv.org/abs/2402.02851v2,Include,,,abstract,pending,,
P02_0857,Evaluating Morphological Compositional Generalization in Large Language Models,Mete Ismayilzada; Defne Circi; Jonne Sälevä; Hale Sirin; Abdullatif Köksal; Bhuwan Dhingra; Antoine Bosselut; Duygu Ataman; Lonneke van der Plas,2024,,2410.12656v4,"Large language models (LLMs) have demonstrated significant progress in various natural language generation and understanding tasks. However, their linguistic generalization capabilities remain questionable, raising doubts about whether these models learn language similarly to humans. While humans exhibit compositional generalization and linguistic creativity in language use, the extent to which LLMs replicate these abilities, particularly in morphology, is under-explored. In this work, we systematically investigate the morphological generalization abilities of LLMs through the lens of compositionality. We define morphemes as compositional primitives and design a novel suite of generative and discriminative tasks to assess morphological productivity and systematicity. Focusing on agglutinative languages such as Turkish and Finnish, we evaluate several state-of-the-art instruction-finetuned multilingual models, including GPT-4 and Gemini. Our analysis shows that LLMs struggle with morphological compositional generalization particularly when applied to novel word roots, with performance declining sharply as morphological complexity increases. While models can identify individual morphological combinations better than chance, their performance lacks systematicity, leading to significant accuracy gaps compared to humans.",arxiv:cs.CL; arxiv:cs.AI,arXiv:primary,,http://arxiv.org/abs/2410.12656v4,Include,,,abstract,pending,,
P02_0858,Evaluating the Impact of Model Scale for Compositional Generalization in Semantic Parsing,Linlu Qiu; Peter Shaw; Panupong Pasupat; Tianze Shi; Jonathan Herzig; Emily Pitler; Fei Sha; Kristina Toutanova,2022,,2205.12253v2,"Despite their strong performance on many tasks, pre-trained language models have been shown to struggle on out-of-distribution compositional generalization. Meanwhile, recent work has shown considerable improvements on many NLP tasks from model scaling. Can scaling up model size also improve compositional generalization in semantic parsing? We evaluate encoder-decoder models up to 11B parameters and decoder-only models up to 540B parameters, and compare model scaling curves for three different methods for applying a pre-trained language model to a new task: fine-tuning all parameters, prompt tuning, and in-context learning. We observe that fine-tuning generally has flat or negative scaling curves on out-of-distribution compositional generalization in semantic parsing evaluations. In-context learning has positive scaling curves, but is generally outperformed by much smaller fine-tuned models. Prompt-tuning can outperform fine-tuning, suggesting further potential improvements from scaling as it exhibits a more positive scaling curve. Additionally, we identify several error trends that vary with model scale. For example, larger models are generally better at modeling the syntax of the output space, but are also more prone to certain types of overfitting. Overall, our study highlights limitations of current techniques for effectively leveraging model scale for compositional generalization, while our analysis also suggests promising directions for future work.",arxiv:cs.CL,arXiv:primary,,http://arxiv.org/abs/2205.12253v2,Include,,,abstract,pending,,
P02_0859,Real-World Compositional Generalization with Disentangled Sequence-to-Sequence Learning,Hao Zheng; Mirella Lapata,2022,,2212.05982v1,"Compositional generalization is a basic mechanism in human language learning, which current neural networks struggle with. A recently proposed Disentangled sequence-to-sequence model (Dangle) shows promising generalization capability by learning specialized encodings for each decoding step. We introduce two key modifications to this model which encourage more disentangled representations and improve its compute and memory efficiency, allowing us to tackle compositional generalization in a more realistic setting. Specifically, instead of adaptively re-encoding source keys and values at each time step, we disentangle their representations and only re-encode keys periodically, at some interval. Our new architecture leads to better generalization performance across existing tasks and datasets, and a new machine translation benchmark which we create by detecting naturally occurring compositional patterns in relation to a training set. We show this methodology better emulates real-world requirements than artificial challenges.",arxiv:cs.CL; arxiv:cs.AI,arXiv:primary,,http://arxiv.org/abs/2212.05982v1,Include,,,abstract,pending,,
P02_0861,Improving Compositional Generalization with Latent Structure and Data Augmentation,Linlu Qiu; Peter Shaw; Panupong Pasupat; Paweł Krzysztof Nowak; Tal Linzen; Fei Sha; Kristina Toutanova,2021,,2112.07610v2,"Generic unstructured neural networks have been shown to struggle on out-of-distribution compositional generalization. Compositional data augmentation via example recombination has transferred some prior knowledge about compositionality to such black-box neural models for several semantic parsing tasks, but this often required task-specific engineering or provided limited gains.   We present a more powerful data recombination method using a model called Compositional Structure Learner (CSL). CSL is a generative model with a quasi-synchronous context-free grammar backbone, which we induce from the training data. We sample recombined examples from CSL and add them to the fine-tuning data of a pre-trained sequence-to-sequence model (T5). This procedure effectively transfers most of CSL's compositional bias to T5 for diagnostic tasks, and results in a model even stronger than a T5-CSL ensemble on two real world compositional generalization tasks. This results in new state-of-the-art performance for these challenging semantic parsing tasks requiring generalization to both natural language variation and novel compositions of elements.",arxiv:cs.CL,arXiv:primary,,http://arxiv.org/abs/2112.07610v2,Include,,,abstract,pending,,
P02_0863,Can LLM find the green circle? Investigation and Human-guided tool manipulation for compositional generalization,Min Zhang; Jianfeng He; Shuo Lei; Murong Yue; Linhang Wang; Chang-Tien Lu,2023,,2312.07763v1,"The meaning of complex phrases in natural language is composed of their individual components. The task of compositional generalization evaluates a model's ability to understand new combinations of components. Previous studies trained smaller, task-specific models, which exhibited poor generalization. While large language models (LLMs) exhibit impressive generalization abilities on many tasks through in-context learning (ICL), their potential for compositional generalization remains unexplored. In this paper, we first empirically investigate prevailing ICL methods in compositional generalization. We find that they struggle with complex compositional questions due to cumulative errors in long reasoning steps and intricate logic required for tool-making. Consequently, we propose a human-guided tool manipulation framework (HTM) that generates tools for sub-questions and integrates multiple tools. Our method enhances the effectiveness of tool creation and usage with minimal human effort. Experiments show that our method achieves state-of-the-art performance on two compositional generalization benchmarks and outperforms existing methods on the most challenging test split by 70%.",arxiv:cs.CL,arXiv:primary,,http://arxiv.org/abs/2312.07763v1,Include,,,abstract,pending,,
P02_0864,Multi-Sourced Compositional Generalization in Visual Question Answering,Chuanhao Li; Wenbo Ye; Zhen Li; Yuwei Wu; Yunde Jia,2025,,2505.23045v1,"Compositional generalization is the ability of generalizing novel compositions from seen primitives, and has received much attention in vision-and-language (V\&L) recently. Due to the multi-modal nature of V\&L tasks, the primitives composing compositions source from different modalities, resulting in multi-sourced novel compositions. However, the generalization ability over multi-sourced novel compositions, \textit{i.e.}, multi-sourced compositional generalization (MSCG) remains unexplored. In this paper, we explore MSCG in the context of visual question answering (VQA), and propose a retrieval-augmented training framework to enhance the MSCG ability of VQA models by learning unified representations for primitives from different modalities. Specifically, semantically equivalent primitives are retrieved for each primitive in the training samples, and the retrieved features are aggregated with the original primitive to refine the model. This process helps the model learn consistent representations for the same semantic primitives across different modalities. To evaluate the MSCG ability of VQA models, we construct a new GQA-MSCG dataset based on the GQA dataset, in which samples include three types of novel compositions composed of primitives from different modalities. Experimental results demonstrate the effectiveness of the proposed framework. We release GQA-MSCG at https://github.com/NeverMoreLCH/MSCG.",arxiv:cs.CV; arxiv:cs.AI,arXiv:primary,,http://arxiv.org/abs/2505.23045v1,Include,,,abstract,pending,,
P02_0865,Analyzing the Inner Workings of Transformers in Compositional Generalization,Ryoma Kumon; Hitomi Yanaka,2025,,2502.15277v1,"The compositional generalization abilities of neural models have been sought after for human-like linguistic competence. The popular method to evaluate such abilities is to assess the models' input-output behavior. However, that does not reveal the internal mechanisms, and the underlying competence of such models in compositional generalization remains unclear. To address this problem, we explore the inner workings of a Transformer model by finding an existing subnetwork that contributes to the generalization performance and by performing causal analyses on how the model utilizes syntactic features. We find that the model depends on syntactic features to output the correct answer, but that the subnetwork with much better generalization performance than the whole model relies on a non-compositional algorithm in addition to the syntactic features. We also show that the subnetwork improves its generalization performance relatively slowly during the training compared to the in-distribution one, and the non-compositional solution is acquired in the early stages of the training.",arxiv:cs.CL,arXiv:primary,,http://arxiv.org/abs/2502.15277v1,Include,,,abstract,pending,,
P02_0866,Improving Systematic Generalization Through Modularity and Augmentation,Laura Ruis; Brenden Lake,2022,,2202.10745v1,"Systematic generalization is the ability to combine known parts into novel meaning; an important aspect of efficient human learning, but a weakness of neural network learning. In this work, we investigate how two well-known modeling principles -- modularity and data augmentation -- affect systematic generalization of neural networks in grounded language learning. We analyze how large the vocabulary needs to be to achieve systematic generalization and how similar the augmented data needs to be to the problem at hand. Our findings show that even in the controlled setting of a synthetic benchmark, achieving systematic generalization remains very difficult. After training on an augmented dataset with almost forty times more adverbs than the original problem, a non-modular baseline is not able to systematically generalize to a novel combination of a known verb and adverb. When separating the task into cognitive processes like perception and navigation, a modular neural network is able to utilize the augmented data and generalize more systematically, achieving 70% and 40% exact match increase over state-of-the-art on two gSCAN tests that have not previously been improved. We hope that this work gives insight into the drivers of systematic generalization, and what we still need to improve for neural networks to learn more like humans do.",arxiv:cs.AI; arxiv:cs.CL; arxiv:cs.LG,arXiv:primary,,http://arxiv.org/abs/2202.10745v1,Include,,,abstract,pending,,
P02_0867,NeSyCoCo: A Neuro-Symbolic Concept Composer for Compositional Generalization,Danial Kamali; Elham J. Barezi; Parisa Kordjamshidi,2024,,2412.15588v1,"Compositional generalization is crucial for artificial intelligence agents to solve complex vision-language reasoning tasks. Neuro-symbolic approaches have demonstrated promise in capturing compositional structures, but they face critical challenges: (a) reliance on predefined predicates for symbolic representations that limit adaptability, (b) difficulty in extracting predicates from raw data, and (c) using non-differentiable operations for combining primitive concepts. To address these issues, we propose NeSyCoCo, a neuro-symbolic framework that leverages large language models (LLMs) to generate symbolic representations and map them to differentiable neural computations. NeSyCoCo introduces three innovations: (a) augmenting natural language inputs with dependency structures to enhance the alignment with symbolic representations, (b) employing distributed word representations to link diverse, linguistically motivated logical predicates to neural modules, and (c) using the soft composition of normalized predicate scores to align symbolic and differentiable reasoning. Our framework achieves state-of-the-art results on the ReaSCAN and CLEVR-CoGenT compositional generalization benchmarks and demonstrates robust performance with novel concepts in the CLEVR-SYN benchmark.",arxiv:cs.CL,arXiv:primary,,http://arxiv.org/abs/2412.15588v1,Include,,,abstract,pending,,
P02_0868,Compositional Generalization via Forced Rendering of Disentangled Latents,Qiyao Liang; Daoyuan Qian; Liu Ziyin; Ila Fiete,2025,,2501.18797v2,"Composition-the ability to generate myriad variations from finite means-is believed to underlie powerful generalization. However, compositional generalization remains a key challenge for deep learning. A widely held assumption is that learning disentangled (factorized) representations naturally supports this kind of extrapolation. Yet, empirical results are mixed, with many generative models failing to recognize and compose factors to generate out-of-distribution (OOD) samples. In this work, we investigate a controlled 2D Gaussian ""bump"" generation task with fully disentangled (x,y) inputs, demonstrating that standard generative architectures still fail in OOD regions when training with partial data, by re-entangling latent representations in subsequent layers. By examining the model's learned kernels and manifold geometry, we show that this failure reflects a ""memorization"" strategy for generation via data superposition rather than via composition of the true factorized features. We show that when models are forced-through architectural modifications with regularization or curated training data-to render the disentangled latents into the full-dimensional representational (pixel) space, they can be highly data-efficient and effective at composing in OOD regions. These findings underscore that disentangled latents in an abstract representation are insufficient and show that if models can represent disentangled factors directly in the output representational space, it can achieve robust compositional generalization.",arxiv:cs.LG; arxiv:cs.AI; arxiv:stat.ML,arXiv:primary,,http://arxiv.org/abs/2501.18797v2,Include,,,abstract,pending,,
P02_0869,ChatGPT as Data Augmentation for Compositional Generalization: A Case Study in Open Intent Detection,Yihao Fang; Xianzhi Li; Stephen W. Thomas; Xiaodan Zhu,2023,,2308.13517v1,"Open intent detection, a crucial aspect of natural language understanding, involves the identification of previously unseen intents in user-generated text. Despite the progress made in this field, challenges persist in handling new combinations of language components, which is essential for compositional generalization. In this paper, we present a case study exploring the use of ChatGPT as a data augmentation technique to enhance compositional generalization in open intent detection tasks. We begin by discussing the limitations of existing benchmarks in evaluating this problem, highlighting the need for constructing datasets for addressing compositional generalization in open intent detection tasks. By incorporating synthetic data generated by ChatGPT into the training process, we demonstrate that our approach can effectively improve model performance. Rigorous evaluation of multiple benchmarks reveals that our method outperforms existing techniques and significantly enhances open intent detection capabilities. Our findings underscore the potential of large language models like ChatGPT for data augmentation in natural language understanding tasks.",arxiv:cs.CL; arxiv:cs.AI,arXiv:primary,,http://arxiv.org/abs/2308.13517v1,Include,,,abstract,pending,,
P02_0872,Compositional generalization through abstract representations in human and artificial neural networks,Takuya Ito; Tim Klinger; Douglas H. Schultz; John D. Murray; Michael W. Cole; Mattia Rigotti,2022,,2209.07431v3,"Humans have a remarkable ability to rapidly generalize to new tasks that is difficult to reproduce in artificial learning systems. Compositionality has been proposed as a key mechanism supporting generalization in humans, but evidence of its neural implementation and impact on behavior is still scarce. Here we study the computational properties associated with compositional generalization in both humans and artificial neural networks (ANNs) on a highly compositional task. First, we identified behavioral signatures of compositional generalization in humans, along with their neural correlates using whole-cortex functional magnetic resonance imaging (fMRI) data. Next, we designed pretraining paradigms aided by a procedure we term {\em primitives pretraining} to endow compositional task elements into ANNs. We found that ANNs with this prior knowledge had greater correspondence with human behavior and neural compositional signatures. Importantly, primitives pretraining induced abstract internal representations, excellent zero-shot generalization, and sample-efficient learning. Moreover, it gave rise to a hierarchy of abstract representations that matched human fMRI data, where sensory rule abstractions emerged in early sensory areas, and motor rule abstractions emerged in later motor areas. Our findings give empirical support to the role of compositional generalization in human behavior, implicate abstract representations as its neural implementation, and illustrate that these representations can be embedded into ANNs by designing simple and efficient pretraining procedures.",arxiv:q-bio.NC,arXiv:primary,,http://arxiv.org/abs/2209.07431v3,Include,,,abstract,pending,,
P02_0873,Systematic Generalization in Language Models Scales with Information Entropy,Sondre Wold; Lucas Georges Gabriel Charpentier; Étienne Simon,2025,,2505.13089v2,"Systematic generalization remains challenging for current language models, which are known to be both sensitive to semantically similar permutations of the input and to struggle with known concepts presented in novel contexts. Although benchmarks exist for assessing compositional behavior, it is unclear how to measure the difficulty of a systematic generalization problem. In this work, we show how one aspect of systematic generalization can be described by the entropy of the distribution of component parts in the training data. We formalize a framework for measuring entropy in a sequence-to-sequence task and find that the performance of popular model architectures scales with the entropy. Our work connects systematic generalization to information efficiency, and our results indicate that success at high entropy can be achieved even without built-in priors, and that success at low entropy can serve as a target for assessing progress towards robust systematic generalization.",arxiv:cs.CL,arXiv:primary,,http://arxiv.org/abs/2505.13089v2,Include,,,abstract,pending,,
P02_0874,How Modular Should Neural Module Networks Be for Systematic Generalization?,Vanessa D'Amario; Tomotake Sasaki; Xavier Boix,2021,,2106.08170v2,"Neural Module Networks (NMNs) aim at Visual Question Answering (VQA) via composition of modules that tackle a sub-task. NMNs are a promising strategy to achieve systematic generalization, i.e., overcoming biasing factors in the training distribution. However, the aspects of NMNs that facilitate systematic generalization are not fully understood. In this paper, we demonstrate that the degree of modularity of the NMN have large influence on systematic generalization. In a series of experiments on three VQA datasets (VQA-MNIST, SQOOP, and CLEVR-CoGenT), our results reveal that tuning the degree of modularity, especially at the image encoder stage, reaches substantially higher systematic generalization. These findings lead to new NMN architectures that outperform previous ones in terms of systematic generalization.",arxiv:cs.LG; arxiv:cs.CV,arXiv:primary,,http://arxiv.org/abs/2106.08170v2,Include,,,abstract,pending,,
P02_0877,SPOR: A Comprehensive and Practical Evaluation Method for Compositional Generalization in Data-to-Text Generation,Ziyao Xu; Houfeng Wang,2024,,2405.10650v8,"Compositional generalization is an important ability of language models and has many different manifestations. For data-to-text generation, previous research on this ability is limited to a single manifestation called Systematicity and lacks consideration of large language models (LLMs), which cannot fully cover practical application scenarios. In this work, we propose SPOR, a comprehensive and practical evaluation method for compositional generalization in data-to-text generation. SPOR includes four aspects of manifestations (Systematicity, Productivity, Order invariance, and Rule learnability) and allows high-quality evaluation without additional manual annotations based on existing datasets. We demonstrate SPOR on two different datasets and evaluate some existing language models including LLMs. We find that the models are deficient in various aspects of the evaluation and need further improvement. Our work shows the necessity for comprehensive research on different manifestations of compositional generalization in data-to-text generation and provides a framework for evaluation.",arxiv:cs.CL,arXiv:primary,,http://arxiv.org/abs/2405.10650v8,Include,,,abstract,pending,,
P02_0878,Neural-Symbolic Recursive Machine for Systematic Generalization,Qing Li; Yixin Zhu; Yitao Liang; Ying Nian Wu; Song-Chun Zhu; Siyuan Huang,2022,,2210.01603v2,"Current learning models often struggle with human-like systematic generalization, particularly in learning compositional rules from limited data and extrapolating them to novel combinations. We introduce the Neural-Symbolic Recursive Machine (NSR), whose core is a Grounded Symbol System (GSS), allowing for the emergence of combinatorial syntax and semantics directly from training data. The NSR employs a modular design that integrates neural perception, syntactic parsing, and semantic reasoning. These components are synergistically trained through a novel deduction-abduction algorithm. Our findings demonstrate that NSR's design, imbued with the inductive biases of equivariance and compositionality, grants it the expressiveness to adeptly handle diverse sequence-to-sequence tasks and achieve unparalleled systematic generalization. We evaluate NSR's efficacy across four challenging benchmarks designed to probe systematic generalization capabilities: SCAN for semantic parsing, PCFG for string manipulation, HINT for arithmetic reasoning, and a compositional machine translation task. The results affirm NSR's superiority over contemporary neural and hybrid models in terms of generalization and transferability.",arxiv:cs.LG; arxiv:cs.CL; arxiv:cs.CV,arXiv:primary,,http://arxiv.org/abs/2210.01603v2,Include,,,abstract,pending,,
P02_0879,An explainable transformer circuit for compositional generalization,Cheng Tang; Brenden Lake; Mehrdad Jazayeri,2025,,2502.15801v1,"Compositional generalization-the systematic combination of known components into novel structures-remains a core challenge in cognitive science and machine learning. Although transformer-based large language models can exhibit strong performance on certain compositional tasks, the underlying mechanisms driving these abilities remain opaque, calling into question their interpretability. In this work, we identify and mechanistically interpret the circuit responsible for compositional induction in a compact transformer. Using causal ablations, we validate the circuit and formalize its operation using a program-like description. We further demonstrate that this mechanistic understanding enables precise activation edits to steer the model's behavior predictably. Our findings advance the understanding of complex behaviors in transformers and highlight such insights can provide a direct pathway for model control.",arxiv:cs.LG; arxiv:cs.AI; arxiv:cs.CL,arXiv:primary,,http://arxiv.org/abs/2502.15801v1,Include,,,abstract,pending,,
P02_0881,Revisiting Compositional Generalization Capability of Large Language Models Considering Instruction Following Ability,Yusuke Sakai; Hidetaka Kamigaito; Taro Watanabe,2025,,2506.15629v1,"In generative commonsense reasoning tasks such as CommonGen, generative large language models (LLMs) compose sentences that include all given concepts. However, when focusing on instruction-following capabilities, if a prompt specifies a concept order, LLMs must generate sentences that adhere to the specified order. To address this, we propose Ordered CommonGen, a benchmark designed to evaluate the compositional generalization and instruction-following abilities of LLMs. This benchmark measures ordered coverage to assess whether concepts are generated in the specified order, enabling a simultaneous evaluation of both abilities. We conducted a comprehensive analysis using 36 LLMs and found that, while LLMs generally understand the intent of instructions, biases toward specific concept order patterns often lead to low-diversity outputs or identical results even when the concept order is altered. Moreover, even the most instruction-compliant LLM achieved only about 75% ordered coverage, highlighting the need for improvements in both instruction-following and compositional generalization capabilities.",arxiv:cs.CL; arxiv:cs.AI,arXiv:primary,,http://arxiv.org/abs/2506.15629v1,Include,,,abstract,pending,,
P02_0882,Differentiable Tree Operations Promote Compositional Generalization,Paul Soulos; Edward Hu; Kate McCurdy; Yunmo Chen; Roland Fernandez; Paul Smolensky; Jianfeng Gao,2023,,2306.00751v1,"In the context of structure-to-structure transformation tasks, learning sequences of discrete symbolic operations poses significant challenges due to their non-differentiability. To facilitate the learning of these symbolic sequences, we introduce a differentiable tree interpreter that compiles high-level symbolic tree operations into subsymbolic matrix operations on tensors. We present a novel Differentiable Tree Machine (DTM) architecture that integrates our interpreter with an external memory and an agent that learns to sequentially select tree operations to execute the target transformation in an end-to-end manner. With respect to out-of-distribution compositional generalization on synthetic semantic parsing and language generation tasks, DTM achieves 100% while existing baselines such as Transformer, Tree Transformer, LSTM, and Tree2Tree LSTM achieve less than 30%. DTM remains highly interpretable in addition to its perfect performance.",arxiv:cs.CL; arxiv:cs.LG,arXiv:primary,,http://arxiv.org/abs/2306.00751v1,Include,,,abstract,pending,,
P02_0883,Factorization Regret mediates compositional generalization in latent space,John Schwarcz,2026,,2603.27134v5,"Are there still barriers to generalization once all of the relevant variables are known? We address this question via a framework that casts compositional generalization as a variational inference problem over latent variables with parametric interactions. To explore this framework, we develop the Cognitive Gridworld, a stationary Partially Observable Markov Decision Process (POMDP) in which observations are generated jointly by multiple latent variables, yet feedback is provided only for a single goal variable. This setting allows us to describe Factorization Regret: an information-theoretic quantity that measures the contribution of latent variable interactions to task performance. Using this metric, we first analyze Recurrent Neural Networks (RNNs) that are explicitly provided with the interactions and find that Factorization Regret explains the accuracy gap between Echo State and Fully Trained networks. Additionally, our analysis uncovers a theoretically predicted failure mode, where confidence becomes decoupled from accuracy. These results suggest that utilizing the interactions between relevant variables is a non-trivial capability. We then address a harder regime where the interactions themselves must be learned by an embedding model. Learning how variables interact while learning how to infer their values is a variational inference problem. We approach this dilemma via Representation Classification Chains (RCCs), a novel architecture which disentangles variable inference and parameter estimation. We demonstrate that, by learning how variables interact, RCCs facilitate compositional generalization to novel combinations of relevant variables and offline learning in novel action spaces. Together, these results establish a theoretically grounded setting for researching, developing and evaluating goal-directed generalist agents.",arxiv:cs.LG,arXiv:primary,,http://arxiv.org/abs/2603.27134v5,Include,,,abstract,pending,,
P02_0884,Counterfactual Recipe Generation: Exploring Compositional Generalization in a Realistic Scenario,Xiao Liu; Yansong Feng; Jizhi Tang; Chengang Hu; Dongyan Zhao,2022,,2210.11431v1,"People can acquire knowledge in an unsupervised manner by reading, and compose the knowledge to make novel combinations. In this paper, we investigate whether pretrained language models can perform compositional generalization in a realistic setting: recipe generation. We design the counterfactual recipe generation task, which asks models to modify a base recipe according to the change of an ingredient. This task requires compositional generalization at two levels: the surface level of incorporating the new ingredient into the base recipe, and the deeper level of adjusting actions related to the changing ingredient. We collect a large-scale recipe dataset in Chinese for models to learn culinary knowledge, and a subset of action-level fine-grained annotations for evaluation. We finetune pretrained language models on the recipe corpus, and use unsupervised counterfactual generation methods to generate modified recipes. Results show that existing models have difficulties in modifying the ingredients while preserving the original text style, and often miss actions that need to be adjusted. Although pretrained language models can generate fluent recipe texts, they fail to truly learn and use the culinary knowledge in a compositional way. Code and data are available at https://github.com/xxxiaol/counterfactual-recipe-generation.",arxiv:cs.CL,arXiv:primary,,http://arxiv.org/abs/2210.11431v1,Include,,,abstract,pending,,
P02_0885,Swing-by Dynamics in Concept Learning and Compositional Generalization,Yongyi Yang; Core Francisco Park; Ekdeep Singh Lubana; Maya Okawa; Wei Hu; Hidenori Tanaka,2024,,2410.08309v3,"Prior work has shown that text-conditioned diffusion models can learn to identify and manipulate primitive concepts underlying a compositional data-generating process, enabling generalization to entirely novel, out-of-distribution compositions. Beyond performance evaluations, these studies develop a rich empirical phenomenology of learning dynamics, showing that models generalize sequentially, respecting the compositional hierarchy of the data-generating process. Moreover, concept-centric structures within the data significantly influence a model's speed of learning the ability to manipulate a concept. In this paper, we aim to better characterize these empirical results from a theoretical standpoint. Specifically, we propose an abstraction of prior work's compositional generalization problem by introducing a structured identity mapping (SIM) task, where a model is trained to learn the identity mapping on a Gaussian mixture with structurally organized centroids. We mathematically analyze the learning dynamics of neural networks trained on this SIM task and show that, despite its simplicity, SIM's learning dynamics capture and help explain key empirical observations on compositional generalization with diffusion models identified in prior work. Our theory also offers several new insights -- e.g., we find a novel mechanism for non-monotonic learning dynamics of test loss in early phases of training. We validate our new predictions by training a text-conditioned diffusion model, bridging our simplified framework and complex generative models. Overall, this work establishes the SIM task as a meaningful theoretical abstraction of concept learning dynamics in modern generative models.",arxiv:cs.LG; arxiv:stat.ML,arXiv:primary,,http://arxiv.org/abs/2410.08309v3,Include,,,abstract,pending,,
P02_0886,Measuring and Improving Compositional Generalization in Text-to-SQL via Component Alignment,Yujian Gan; Xinyun Chen; Qiuping Huang; Matthew Purver,2022,,2205.02054v1,"In text-to-SQL tasks -- as in much of NLP -- compositional generalization is a major challenge: neural networks struggle with compositional generalization where training and test distributions differ. However, most recent attempts to improve this are based on word-level synthetic data or specific dataset splits to generate compositional biases. In this work, we propose a clause-level compositional example generation method. We first split the sentences in the Spider text-to-SQL dataset into sub-sentences, annotating each sub-sentence with its corresponding SQL clause, resulting in a new dataset Spider-SS. We then construct a further dataset, Spider-CG, by composing Spider-SS sub-sentences in different combinations, to test the ability of models to generalize compositionally. Experiments show that existing models suffer significant performance degradation when evaluated on Spider-CG, even though every sub-sentence is seen during training. To deal with this problem, we modify a number of state-of-the-art models to train on the segmented data of Spider-SS, and we show that this method improves the generalization performance.",arxiv:cs.CL,arXiv:primary,,http://arxiv.org/abs/2205.02054v1,Include,,,abstract,pending,,
P02_0890,Compositional Generalization with Grounded Language Models,Sondre Wold; Étienne Simon; Lucas Georges Gabriel Charpentier; Egor V. Kostylev; Erik Velldal; Lilja Øvrelid,2024,,2406.04989v1,"Grounded language models use external sources of information, such as knowledge graphs, to meet some of the general challenges associated with pre-training. By extending previous work on compositional generalization in semantic parsing, we allow for a controlled evaluation of the degree to which these models learn and generalize from patterns in knowledge graphs. We develop a procedure for generating natural language questions paired with knowledge graphs that targets different aspects of compositionality and further avoids grounding the language models in information already encoded implicitly in their weights. We evaluate existing methods for combining language models with knowledge graphs and find them to struggle with generalization to sequences of unseen lengths and to novel combinations of seen base components. While our experimental results provide some insight into the expressive power of these models, we hope our work and released datasets motivate future research on how to better combine language models with structured knowledge representations.",arxiv:cs.CL,arXiv:primary,,http://arxiv.org/abs/2406.04989v1,Include,,,abstract,pending,,
P02_0891,Scaling can lead to compositional generalization,Florian Redhardt; Yassir Akram; Simon Schug,2025,,2507.07207v2,"Can neural networks systematically capture discrete, compositional task structure despite their continuous, distributed nature? The impressive capabilities of large-scale neural networks suggest that the answer to this question is yes. However, even for the most capable models, there are still frequent failure cases that raise doubts about their compositionality. Here, we seek to understand what it takes for a standard neural network to generalize over tasks that share compositional structure. We find that simply scaling data and model size leads to compositional generalization. We show that this holds across different task encodings as long as the training distribution sufficiently covers the task space. In line with this finding, we prove that standard multilayer perceptrons can approximate a general class of compositional task families to arbitrary precision using only a linear number of neurons with respect to the number of task modules. Finally, we uncover that if networks successfully compositionally generalize, the constituents of a task can be linearly decoded from their hidden activations. We show that this metric correlates with failures of text-to-image generation models to compose known concepts.",arxiv:cs.LG; arxiv:cs.NE,arXiv:primary,,http://arxiv.org/abs/2507.07207v2,Include,,,abstract,pending,,
P02_0893,Learning to Compose Representations of Different Encoder Layers towards Improving Compositional Generalization,Lei Lin; Shuangtao Li; Yafang Zheng; Biao Fu; Shan Liu; Yidong Chen; Xiaodong Shi,2023,,2305.12169v2,"Recent studies have shown that sequence-to-sequence (seq2seq) models struggle with compositional generalization (CG), i.e., the ability to systematically generalize to unseen compositions of seen components. There is mounting evidence that one of the reasons hindering CG is the representation of the encoder uppermost layer is entangled, i.e., the syntactic and semantic representations of sequences are entangled. However, we consider that the previously identified representation entanglement problem is not comprehensive enough. Additionally, we hypothesize that the source keys and values representations passing into different decoder layers are also entangled. Starting from this intuition, we propose \textsc{CompoSition} (\textbf{Compo}se \textbf{S}yntactic and Semant\textbf{i}c Representa\textbf{tion}s), an extension to seq2seq models which learns to compose representations of different encoder layers dynamically for different tasks, since recent studies reveal that the bottom layers of the Transformer encoder contain more syntactic information and the top ones contain more semantic information. Specifically, we introduce a \textit{composed layer} between the encoder and decoder to compose different encoder layers' representations to generate specific keys and values passing into different decoder layers. \textsc{CompoSition} achieves competitive results on two comprehensive and realistic benchmarks, which empirically demonstrates the effectiveness of our proposal. Codes are available at~\url{https://github.com/thinkaboutzero/COMPOSITION}.",arxiv:cs.CL,arXiv:primary,,http://arxiv.org/abs/2305.12169v2,Include,,,abstract,pending,,
P02_0894,Systematic Generalization on gSCAN with Language Conditioned Embedding,Tong Gao; Qi Huang; Raymond J. Mooney,2020,,2009.05552v2,"Systematic Generalization refers to a learning algorithm's ability to extrapolate learned behavior to unseen situations that are distinct but semantically similar to its training data. As shown in recent work, state-of-the-art deep learning models fail dramatically even on tasks for which they are designed when the test set is systematically different from the training data. We hypothesize that explicitly modeling the relations between objects in their contexts while learning their representations will help achieve systematic generalization. Therefore, we propose a novel method that learns objects' contextualized embeddings with dynamic message passing conditioned on the input natural language and end-to-end trainable with other downstream deep learning modules. To our knowledge, this model is the first one that significantly outperforms the provided baseline and reaches state-of-the-art performance on grounded-SCAN (gSCAN), a grounded natural language navigation dataset designed to require systematic generalization in its test splits.",arxiv:cs.AI; arxiv:cs.CL,arXiv:primary,,http://arxiv.org/abs/2009.05552v2,Include,,,abstract,pending,,
P02_0895,On a Built-in Conflict between Deep Learning and Systematic Generalization,Yuanpeng Li,2022,,2208.11633v1,"In this paper, we hypothesize that internal function sharing is one of the reasons to weaken o.o.d. or systematic generalization in deep learning for classification tasks. Under equivalent prediction, a model partitions an input space into multiple parts separated by boundaries. The function sharing prefers to reuse boundaries, leading to fewer parts for new outputs, which conflicts with systematic generalization. We show such phenomena in standard deep learning models, such as fully connected, convolutional, residual networks, LSTMs, and (Vision) Transformers. We hope this study provides novel insights into systematic generalization and forms a basis for new research directions.",arxiv:cs.LG; arxiv:cs.AI,arXiv:primary,,http://arxiv.org/abs/2208.11633v1,Include,,,abstract,pending,,
P02_0898,What Do You Need for Compositional Generalization in Diffusion Planning?,Quentin Clark; Florian Shkurti,2025,,2505.18083v3,"In policy learning, stitching and compositional generalization refer to the extent to which the policy is able to piece together sub-trajectories of data it is trained on to generate new and diverse behaviours. While stitching has been identified as a significant strength of offline reinforcement learning, recent generative behavioural cloning (BC) methods have also shown proficiency at stitching. However, the main factors behind this are poorly understood, hindering the development of new algorithms that can reliably stitch by design. Focusing on diffusion planners trained via generative behavioural cloning, and without resorting to dynamic programming or TD-learning, we find three properties are key enablers for composition: shift equivariance, local receptive fields, and inference choices. We use these properties to explain architecture, data, and inference choices in existing generative BC methods based on diffusion planning including replanning frequency, data augmentation, and data scaling. Our experiments show that while local receptive fields are more important than shift equivariance in creating a diffusion planner capable of composition, both are crucial. Using findings from our experiments, we develop a new architecture for diffusion planners called Eq-Net, that is simple, produces diverse trajectories competitive with more computationally expensive methods such as replanning or scaling data, and can be guided to enable generalization in goal-conditioned settings. We show that Eq-Net exhibits significant compositional generalization in a variety of navigation and manipulation tasks designed to test planning diversity.",arxiv:cs.LG; arxiv:cs.RO,arXiv:primary,,http://arxiv.org/abs/2505.18083v3,Include,,,abstract,pending,,
P02_0899,D3: Data Diversity Design for Systematic Generalization in Visual Question Answering,Amir Rahimi; Vanessa D'Amario; Moyuru Yamada; Kentaro Takemoto; Tomotake Sasaki; Xavier Boix,2023,,2309.08798v2,"Systematic generalization is a crucial aspect of intelligence, which refers to the ability to generalize to novel tasks by combining known subtasks and concepts. One critical factor that has been shown to influence systematic generalization is the diversity of training data. However, diversity can be defined in various ways, as data have many factors of variation. A more granular understanding of how different aspects of data diversity affect systematic generalization is lacking. We present new evidence in the problem of Visual Question Answering (VQA) that reveals that the diversity of simple tasks (i.e. tasks formed by a few subtasks and concepts) plays a key role in achieving systematic generalization. This implies that it may not be essential to gather a large and varied number of complex tasks, which could be costly to obtain. We demonstrate that this result is independent of the similarity between the training and testing data and applies to well-known families of neural network architectures for VQA (i.e. monolithic architectures and neural module networks). Additionally, we observe that neural module networks leverage all forms of data diversity we evaluated, while monolithic architectures require more extensive amounts of data to do so. These findings provide a first step towards understanding the interactions between data diversity design, neural network architectures, and systematic generalization capabilities.",arxiv:cs.AI; arxiv:cs.CV,arXiv:primary,,http://arxiv.org/abs/2309.08798v2,Include,,,abstract,pending,,
P02_0900,RoboHiMan: A Hierarchical Evaluation Paradigm for Compositional Generalization in Long-Horizon Manipulation,Yangtao Chen; Zixuan Chen; Nga Teng Chan; Junting Chen; Junhui Yin; Jieqi Shi; Yang Gao; Yong-Lu Li; Jing Huo,2025,,2510.13149v1,"Enabling robots to flexibly schedule and compose learned skills for novel long-horizon manipulation under diverse perturbations remains a core challenge. Early explorations with end-to-end VLA models show limited success, as these models struggle to generalize beyond the training distribution. Hierarchical approaches, where high-level planners generate subgoals for low-level policies, bring certain improvements but still suffer under complex perturbations, revealing limited capability in skill composition. However, existing benchmarks primarily emphasize task completion in long-horizon settings, offering little insight into compositional generalization, robustness, and the interplay between planning and execution. To systematically investigate these gaps, we propose RoboHiMan, a hierarchical evaluation paradigm for compositional generalization in long-horizon manipulation. RoboHiMan introduces HiMan-Bench, a benchmark of atomic and compositional tasks under diverse perturbations, supported by a multi-level training dataset for analyzing progressive data scaling, and proposes three evaluation paradigms (vanilla, decoupled, coupled) that probe the necessity of skill composition and reveal bottlenecks in hierarchical architectures. Experiments highlight clear capability gaps across representative models and architectures, pointing to directions for advancing models better suited to real-world long-horizon manipulation tasks. Videos and open-source code can be found on our project website: https://chenyt31.github.io/robo-himan.github.io/.",arxiv:cs.RO,arXiv:primary,,http://arxiv.org/abs/2510.13149v1,Include,,,abstract,pending,,
P02_0901,AGEL-Comp: A Neuro-Symbolic Framework for Compositional Generalization in Interactive Agents,Mahnoor Shahid; Hannes Rothe,2026,,2604.26522v1,"Large Language Model (LLM)-based agents exhibit systemic failures in compositional generalization, limiting their robustness in interactive environments. This work introduces AGEL-Comp, a neuro-symbolic AI agent architecture designed to address this challenge by grounding actions of the agent. AGEL-Comp integrates three core innovations: (1) a dynamic Causal Program Graph (CPG) as a world model, representing procedural and causal knowledge as a directed hypergraph; (2) an Inductive Logic Programming (ILP) engine that synthesizes new Horn clauses from experiential feedback, grounding symbolic knowledge through interaction; and (3) a hybrid reasoning core where an LLM proposes a set of candidate sub-goals that are verified for logical consistency by a Neural Theorem Prover (NTP). Together, these components operationalize a deduction--abduction learning cycle: enabling the agent to deduce plans and abductively expand its symbolic world model, while a neural adaptation phase keeps its reasoning engine aligned with new knowledge. We propose an evaluation protocol within the \texttt{Retro Quest} simulation environment to probe for compositional generalization scenarios to evaluate our AGEL agent. Our findings clearly indicate the better performance of our AGEL model over pure LLM-based models. Our framework presents a principled path toward agents that build an explicit, interpretable, and compositionally structured understanding of their world.",arxiv:cs.AI; arxiv:cs.LG; arxiv:cs.LO; arxiv:cs.MA; arxiv:cs.SC,arXiv:primary,,http://arxiv.org/abs/2604.26522v1,Include,,,abstract,pending,,
P02_0903,Policy Architectures for Compositional Generalization in Control,Allan Zhou; Vikash Kumar; Chelsea Finn; Aravind Rajeswaran,2022,,2203.05960v1,"Many tasks in control, robotics, and planning can be specified using desired goal configurations for various entities in the environment. Learning goal-conditioned policies is a natural paradigm to solve such tasks. However, current approaches struggle to learn and generalize as task complexity increases, such as variations in number of environment entities or compositions of goals. In this work, we introduce a framework for modeling entity-based compositional structure in tasks, and create suitable policy designs that can leverage this structure. Our policies, which utilize architectures like Deep Sets and Self Attention, are flexible and can be trained end-to-end without requiring any action primitives. When trained using standard reinforcement and imitation learning methods on a suite of simulated robot manipulation tasks, we find that these architectures achieve significantly higher success rates with less data. We also find these architectures enable broader and compositional generalization, producing policies that extrapolate to different numbers of entities than seen in training, and stitch together (i.e. compose) learned skills in novel ways. Videos of the results can be found at https://sites.google.com/view/comp-gen-rl.",arxiv:cs.LG; arxiv:cs.AI; arxiv:cs.RO,arXiv:primary,,http://arxiv.org/abs/2203.05960v1,Include,,,abstract,pending,,
P02_0904,Transformer Module Networks for Systematic Generalization in Visual Question Answering,Moyuru Yamada; Vanessa D'Amario; Kentaro Takemoto; Xavier Boix; Tomotake Sasaki,2022,,2201.11316v2,"Transformers achieve great performance on Visual Question Answering (VQA). However, their systematic generalization capabilities, i.e., handling novel combinations of known concepts, is unclear. We reveal that Neural Module Networks (NMNs), i.e., question-specific compositions of modules that tackle a sub-task, achieve better or similar systematic generalization performance than the conventional Transformers, even though NMNs' modules are CNN-based. In order to address this shortcoming of Transformers with respect to NMNs, in this paper we investigate whether and how modularity can bring benefits to Transformers. Namely, we introduce Transformer Module Network (TMN), a novel NMN based on compositions of Transformer modules. TMNs achieve state-of-the-art systematic generalization performance in three VQA datasets, improving more than 30% over standard Transformers for novel compositions of sub-tasks. We show that not only the module composition but also the module specialization for each sub-task are the key of such performance gain.",arxiv:cs.CV; arxiv:cs.LG,arXiv:primary,,http://arxiv.org/abs/2201.11316v2,Include,,,abstract,pending,,
P02_0906,Realistic Evaluation of Model Merging for Compositional Generalization,Derek Tam; Yash Kant; Brian Lester; Igor Gilitschenski; Colin Raffel,2024,,2409.18314v1,"Merging has become a widespread way to cheaply combine individual models into a single model that inherits their capabilities and attains better performance. This popularity has spurred rapid development of many new merging methods, which are typically validated in disparate experimental settings and frequently differ in the assumptions made about model architecture, data availability, and computational budget. In this work, we characterize the relative merits of different merging methods by evaluating them in a shared experimental setting and precisely identifying the practical requirements of each method. Specifically, our setting focuses on using merging for compositional generalization of capabilities in image classification, image generation, and natural language processing. Additionally, we measure the computational costs of different merging methods as well as how they perform when scaling the number of models being merged. Taken together, our results clarify the state of the field of model merging and provide a comprehensive and rigorous experimental setup to test new methods.",arxiv:cs.LG; arxiv:cs.CL; arxiv:cs.CV,arXiv:primary,,http://arxiv.org/abs/2409.18314v1,Include,,,abstract,pending,,
P02_0907,Learning Algebraic Representation for Systematic Generalization in Abstract Reasoning,Chi Zhang; Sirui Xie; Baoxiong Jia; Ying Nian Wu; Song-Chun Zhu; Yixin Zhu,2021,,2111.12990v2,"Is intelligence realized by connectionist or classicist? While connectionist approaches have achieved superhuman performance, there has been growing evidence that such task-specific superiority is particularly fragile in systematic generalization. This observation lies in the central debate between connectionist and classicist, wherein the latter continually advocates an algebraic treatment in cognitive architectures. In this work, we follow the classicist's call and propose a hybrid approach to improve systematic generalization in reasoning. Specifically, we showcase a prototype with algebraic representation for the abstract spatial-temporal reasoning task of Raven's Progressive Matrices (RPM) and present the ALgebra-Aware Neuro-Semi-Symbolic (ALANS) learner. The ALANS learner is motivated by abstract algebra and the representation theory. It consists of a neural visual perception frontend and an algebraic abstract reasoning backend: the frontend summarizes the visual information from object-based representation, while the backend transforms it into an algebraic structure and induces the hidden operator on the fly. The induced operator is later executed to predict the answer's representation, and the choice most similar to the prediction is selected as the solution. Extensive experiments show that by incorporating an algebraic treatment, the ALANS learner outperforms various pure connectionist models in domains requiring systematic generalization. We further show the generative nature of the learned algebraic representation; it can be decoded by isomorphism to generate an answer.",arxiv:cs.AI; arxiv:cs.CV; arxiv:cs.LG,arXiv:primary,,http://arxiv.org/abs/2111.12990v2,Include,,,abstract,pending,,
P02_0913,Compositional-ARC: Assessing Systematic Generalization in Abstract Spatial Reasoning,Philipp Mondorf; Shijia Zhou; Monica Riedler; Barbara Plank,2025,,2504.01445v3,"Systematic generalization refers to the capacity to understand and generate novel combinations from known components. Despite recent progress by large language models (LLMs) across various domains, these models often fail to extend their knowledge to novel compositional scenarios, revealing notable limitations in systematic generalization. There has been an ongoing debate about whether neural networks possess the capacity for systematic generalization, with recent studies suggesting that meta-learning approaches designed for compositionality can significantly enhance this ability. However, these insights have largely been confined to linguistic problems, leaving their applicability to other tasks an open question. In this study, we extend meta-learning for compositionality to the domain of abstract spatial reasoning. To this end, we introduce $\textit{Compositional-ARC}\unicode{x2014}$a dataset designed to evaluate the capacity of models to systematically generalize from known geometric transformations (e.g., translation, rotation) of abstract two-dimensional objects to novel combinations of these transformations (e.g., translation+rotation). Our results show that a small transformer-based encoder-decoder model, trained via meta-learning for compositionality, can systematically generalize to previously unseen transformation compositions. Notably, despite having only 5.7M parameters, this model significantly outperforms state-of-the-art LLMs$\unicode{x2014}$including o3-mini, GPT-4o, and Gemini 2.0 Flash, which fail to exhibit similar systematic behavior$\unicode{x2014}$and performs on par with the winning model of the ARC prize 2024, an 8B-parameter LLM trained via test-time training. Our findings highlight the effectiveness of meta-learning in promoting systematicity beyond linguistic tasks, suggesting a promising direction toward more robust and generalizable models.",arxiv:cs.AI,arXiv:primary,,http://arxiv.org/abs/2504.01445v3,Include,,,abstract,pending,,
P02_0914,Impact of Pretraining Word Co-occurrence on Compositional Generalization in Multimodal Models,Helen Qu; Sang Michael Xie,2025,,2507.08000v1,"CLIP and large multimodal models (LMMs) have better accuracy on examples involving concepts that are highly represented in the training data. However, the role of concept combinations in the training data on compositional generalization is largely unclear -- for instance, how does accuracy vary when a common object appears in an uncommon pairing with another object? In this paper, we investigate how word co-occurrence statistics in the pretraining dataset (a proxy for co-occurrence of visual concepts) impacts CLIP/LMM performance. To disentangle the effects of word co-occurrence frequencies from single-word frequencies, we measure co-occurrence with pointwise mutual information (PMI), which normalizes the joint probability of two words co-occurring by the probability of co-occurring independently. Using synthetically generated images with a variety of concept pairs, we show a strong correlation between PMI in the CLIP pretraining data and zero-shot accuracy in CLIP models trained on LAION-400M (r=0.97 and 14% accuracy gap between images in the top and bottom 5% of PMI values), demonstrating that even accuracy on common concepts is affected by the combination of concepts in the image. Leveraging this finding, we reproduce this effect in natural images by editing them to contain pairs with varying PMI, resulting in a correlation of r=0.75. Finally, we demonstrate that this behavior in CLIP transfers to LMMs built on top of CLIP (r=0.70 for TextVQA, r=0.62 for VQAv2). Our findings highlight the need for algorithms and architectures that improve compositional generalization in multimodal models without scaling the training data combinatorially. Our code is available at https://github.com/helenqu/multimodal-pretraining-pmi.",arxiv:cs.CV; arxiv:cs.LG,arXiv:primary,,http://arxiv.org/abs/2507.08000v1,Include,,,abstract,pending,,
P02_0915,Systematic Generalization in Neural Networks-based Multivariate Time Series Forecasting Models,Hritik Bansal; Gantavya Bhatt; Pankaj Malhotra; Prathosh A. P,2021,,2102.05602v2,"Systematic generalization aims to evaluate reasoning about novel combinations from known components, an intrinsic property of human cognition. In this work, we study systematic generalization of NNs in forecasting future time series of dependent variables in a dynamical system, conditioned on past time series of dependent variables, and past and future control variables. We focus on systematic generalization wherein the NN-based forecasting model should perform well on previously unseen combinations or regimes of control variables after being trained on a limited set of the possible regimes. For NNs to depict such out-of-distribution generalization, they should be able to disentangle the various dependencies between control variables and dependent variables. We hypothesize that a modular NN architecture guided by the readily-available knowledge of independence of control variables as a potentially useful inductive bias to this end. Through extensive empirical evaluation on a toy dataset and a simulated electric motor dataset, we show that our proposed modular NN architecture serves as a simple yet highly effective inductive bias that enabling better forecasting of the dependent variables up to large horizons in contrast to standard NNs, and indeed capture the true dependency relations between the dependent and the control variables.",arxiv:cs.LG; arxiv:cs.AI; arxiv:cs.RO; arxiv:stat.ML,arXiv:primary,,http://arxiv.org/abs/2102.05602v2,Include,,,abstract,pending,,
P02_0921,Measuring Systematic Generalization in Neural Proof Generation with Transformers,Nicolas Gontier; Koustuv Sinha; Siva Reddy; Christopher Pal,2020,,2009.14786v2,"We are interested in understanding how well Transformer language models (TLMs) can perform reasoning tasks when trained on knowledge encoded in the form of natural language. We investigate their systematic generalization abilities on a logical reasoning task in natural language, which involves reasoning over relationships between entities grounded in first-order logical proofs. Specifically, we perform soft theorem-proving by leveraging TLMs to generate natural language proofs. We test the generated proofs for logical consistency, along with the accuracy of the final inference. We observe length-generalization issues when evaluated on longer-than-trained sequences. However, we observe TLMs improve their generalization performance after being exposed to longer, exhaustive proofs. In addition, we discover that TLMs are able to generalize better using backward-chaining proofs compared to their forward-chaining counterparts, while they find it easier to generate forward chaining proofs. We observe that models that are not trained to generate proofs are better at generalizing to problems based on longer proofs. This suggests that Transformers have efficient internal reasoning strategies that are harder to interpret. These results highlight the systematic generalization behavior of TLMs in the context of logical reasoning, and we believe this work motivates deeper inspection of their underlying reasoning strategies.",arxiv:cs.LG; arxiv:cs.AI; arxiv:cs.CL; arxiv:stat.ML,arXiv:primary,,http://arxiv.org/abs/2009.14786v2,Include,,,abstract,pending,,
P02_0922,Systematic Generalization on gSCAN: What is Nearly Solved and What is Next?,Linlu Qiu; Hexiang Hu; Bowen Zhang; Peter Shaw; Fei Sha,2021,,2109.12243v1,"We analyze the grounded SCAN (gSCAN) benchmark, which was recently proposed to study systematic generalization for grounded language understanding. First, we study which aspects of the original benchmark can be solved by commonly used methods in multi-modal research. We find that a general-purpose Transformer-based model with cross-modal attention achieves strong performance on a majority of the gSCAN splits, surprisingly outperforming more specialized approaches from prior work. Furthermore, our analysis suggests that many of the remaining errors reveal the same fundamental challenge in systematic generalization of linguistic constructs regardless of visual context. Second, inspired by this finding, we propose challenging new tasks for gSCAN by generating data to incorporate relations between objects in the visual environment. Finally, we find that current models are surprisingly data inefficient given the narrow scope of commands in gSCAN, suggesting another challenge for future work.",arxiv:cs.CL,arXiv:primary,,http://arxiv.org/abs/2109.12243v1,Include,,,abstract,pending,,
P02_0926,Revisit Systematic Generalization via Meaningful Learning,Ning Shi; Boxin Wang; Wei Wang; Xiangyu Liu; Zhouhan Lin,2020,,2003.06658v5,"Humans can systematically generalize to novel compositions of existing concepts. Recent studies argue that neural networks appear inherently ineffective in such cognitive capacity, leading to a pessimistic view and a lack of attention to optimistic results. We revisit this controversial topic from the perspective of meaningful learning, an exceptional capability of humans to learn novel concepts by connecting them with known ones. We reassess the compositional skills of sequence-to-sequence models conditioned on the semantic links between new and old concepts. Our observations suggest that models can successfully one-shot generalize to novel concepts and compositions through semantic linking, either inductively or deductively. We demonstrate that prior knowledge plays a key role as well. In addition to synthetic tests, we further conduct proof-of-concept experiments in machine translation and semantic parsing, showing the benefits of meaningful learning in applications. We hope our positive findings will encourage excavating modern neural networks' potential in systematic generalization through more advanced learning schemes.",arxiv:cs.CL; arxiv:cs.AI; arxiv:cs.LG,arXiv:primary,,http://arxiv.org/abs/2003.06658v5,Include,,,abstract,pending,,
P02_0930,Rule Extrapolation in Language Models: A Study of Compositional Generalization on OOD Prompts,Anna Mészáros; Szilvia Ujváry; Wieland Brendel; Patrik Reizinger; Ferenc Huszár,2024,,2409.13728v2,"LLMs show remarkable emergent abilities, such as inferring concepts from presumably out-of-distribution prompts, known as in-context learning. Though this success is often attributed to the Transformer architecture, our systematic understanding is limited. In complex real-world data sets, even defining what is out-of-distribution is not obvious. To better understand the OOD behaviour of autoregressive LLMs, we focus on formal languages, which are defined by the intersection of rules. We define a new scenario of OOD compositional generalization, termed rule extrapolation. Rule extrapolation describes OOD scenarios, where the prompt violates at least one rule. We evaluate rule extrapolation in formal languages with varying complexity in linear and recurrent architectures, the Transformer, and state space models to understand the architectures' influence on rule extrapolation. We also lay the first stones of a normative theory of rule extrapolation, inspired by the Solomonoff prior in algorithmic information theory.",arxiv:cs.CL; arxiv:cs.LG; arxiv:stat.ML,arXiv:primary,,http://arxiv.org/abs/2409.13728v2,Include,,,abstract,pending,,
P02_0931,Language Plays a Pivotal Role in the Object-Attribute Compositional Generalization of CLIP,Reza Abbasi; Mohammad Samiei; Mohammad Hossein Rohban; Mahdieh Soleymani Baghshah,2024,,2403.18525v1,"Vision-language models, such as CLIP, have shown promising Out-of-Distribution (OoD) generalization under various types of distribution shifts. Recent studies attempted to investigate the leading cause of this capability. In this work, we follow the same path, but focus on a specific type of OoD data - images with novel compositions of attribute-object pairs - and study whether such models can successfully classify those images into composition classes. We carefully designed an authentic image test dataset called ImageNet-AO, consisting of attributes for objects that are unlikely encountered in the CLIP training sets. We found that CLIPs trained with large datasets such as OpenAI CLIP, LAION-400M, and LAION-2B show orders-of-magnitude improvement in effective compositional OoD generalization compared to both supervised models and CLIPs trained with smaller datasets, such as CC-12M and YFCC-15M. Our results provide evidence that the scale and diversity of training data and language supervision play a key role in unlocking the compositional generalization abilities of vision-language models.",arxiv:cs.CV; arxiv:cs.CL; arxiv:cs.LG,arXiv:primary,,http://arxiv.org/abs/2403.18525v1,Include,,,abstract,pending,,
P02_0932,The Devil is in the Detail: Simple Tricks Improve Systematic Generalization of Transformers,Róbert Csordás; Kazuki Irie; Jürgen Schmidhuber,2021,,2108.12284v4,"Recently, many datasets have been proposed to test the systematic generalization ability of neural networks. The companion baseline Transformers, typically trained with default hyper-parameters from standard tasks, are shown to fail dramatically. Here we demonstrate that by revisiting model configurations as basic as scaling of embeddings, early stopping, relative positional embedding, and Universal Transformer variants, we can drastically improve the performance of Transformers on systematic generalization. We report improvements on five popular datasets: SCAN, CFQ, PCFG, COGS, and Mathematics dataset. Our models improve accuracy from 50% to 85% on the PCFG productivity split, and from 35% to 81% on COGS. On SCAN, relative positional embedding largely mitigates the EOS decision problem (Newman et al., 2020), yielding 100% accuracy on the length split with a cutoff at 26. Importantly, performance differences between these models are typically invisible on the IID data split. This calls for proper generalization validation sets for developing neural networks that generalize systematically. We publicly release the code to reproduce our results.",arxiv:cs.LG; arxiv:cs.AI; arxiv:cs.NE,arXiv:primary,,http://arxiv.org/abs/2108.12284v4,Include,,,abstract,pending,,
P02_0934,Three approaches to facilitate DNN generalization to objects in out-of-distribution orientations and illuminations,Akira Sakai; Taro Sunagawa; Spandan Madan; Kanata Suzuki; Takashi Katoh; Hiromichi Kobashi; Hanspeter Pfister; Pawan Sinha; Xavier Boix; Tomotake Sasaki,2021,,2111.00131v2,"The training data distribution is often biased towards objects in certain orientations and illumination conditions. While humans have a remarkable capability of recognizing objects in out-of-distribution (OoD) orientations and illuminations, Deep Neural Networks (DNNs) severely suffer in this case, even when large amounts of training examples are available. In this paper, we investigate three different approaches to improve DNNs in recognizing objects in OoD orientations and illuminations. Namely, these are (i) training much longer after convergence of the in-distribution (InD) validation accuracy, i.e., late-stopping, (ii) tuning the momentum parameter of the batch normalization layers, and (iii) enforcing invariance of the neural activity in an intermediate layer to orientation and illumination conditions. Each of these approaches substantially improves the DNN's OoD accuracy (more than 20% in some cases). We report results in four datasets: two datasets are modified from the MNIST and iLab datasets, and the other two are novel (one of 3D rendered cars and another of objects taken from various controlled orientations and illumination conditions). These datasets allow to study the effects of different amounts of bias and are challenging as DNNs perform poorly in OoD conditions. Finally, we demonstrate that even though the three approaches focus on different aspects of DNNs, they all tend to lead to the same underlying neural mechanism to enable OoD accuracy gains --individual neurons in the intermediate layers become more selective to a category and also invariant to OoD orientations and illuminations. We anticipate this study to be a basis for further improvement of deep neural networks' OoD generalization performance, which is highly demanded to achieve safe and fair AI applications.",arxiv:cs.CV; arxiv:cs.AI; arxiv:cs.LG,arXiv:primary,,http://arxiv.org/abs/2111.00131v2,Include,,,abstract,pending,,
P02_0935,Siamese recurrent networks learn first-order logic reasoning and exhibit zero-shot compositional generalization,Mathijs Mul; Willem Zuidema,2019,,1906.00180v1,"Can neural nets learn logic? We approach this classic question with current methods, and demonstrate that recurrent neural networks can learn to recognize first order logical entailment relations between expressions. We define an artificial language in first-order predicate logic, generate a large dataset of sample 'sentences', and use an automatic theorem prover to infer the relation between random pairs of such sentences. We describe a Siamese neural architecture trained to predict the logical relation, and experiment with recurrent and recursive networks. Siamese Recurrent Networks are surprisingly successful at the entailment recognition task, reaching near perfect performance on novel sentences (consisting of known words), and even outperforming recursive networks. We report a series of experiments to test the ability of the models to perform compositional generalization. In particular, we study how they deal with sentences of unseen length, and sentences containing unseen words. We show that set-ups using LSTMs and GRUs obtain high scores on these tests, demonstrating a form of compositionality.",arxiv:cs.AI; arxiv:cs.CL; arxiv:cs.LG,arXiv:primary,,http://arxiv.org/abs/1906.00180v1,Include,,,abstract,pending,,
P02_0937,CLOSURE: Assessing Systematic Generalization of CLEVR Models,Dzmitry Bahdanau; Harm de Vries; Timothy J. O'Donnell; Shikhar Murty; Philippe Beaudoin; Yoshua Bengio; Aaron Courville,2019,,1912.05783v2,"The CLEVR dataset of natural-looking questions about 3D-rendered scenes has recently received much attention from the research community. A number of models have been proposed for this task, many of which achieved very high accuracies of around 97-99%. In this work, we study how systematic the generalization of such models is, that is to which extent they are capable of handling novel combinations of known linguistic constructs. To this end, we test models' understanding of referring expressions based on matching object properties (such as e.g. ""another cube that is the same size as the brown cube"") in novel contexts. Our experiments on the thereby constructed CLOSURE benchmark show that state-of-the-art models often do not exhibit systematicity after being trained on CLEVR. Surprisingly, we find that an explicitly compositional Neural Module Network model also generalizes badly on CLOSURE, even when it has access to the ground-truth programs at test time. We improve the NMN's systematic generalization by developing a novel Vector-NMN module architecture with vector-valued inputs and outputs. Lastly, we investigate how much few-shot transfer learning can help models that are pretrained on CLEVR to adapt to CLOSURE. Our few-shot learning experiments contrast the adaptation behavior of the models with intermediate discrete programs with that of the end-to-end continuous models.",arxiv:cs.AI; arxiv:cs.LG,arXiv:primary,,http://arxiv.org/abs/1912.05783v2,Include,,,abstract,pending,,
P02_0939,Understanding out-of-distribution accuracies through quantifying difficulty of test samples,Berfin Simsek; Melissa Hall; Levent Sagun,2022,,2203.15100v1,"Existing works show that although modern neural networks achieve remarkable generalization performance on the in-distribution (ID) dataset, the accuracy drops significantly on the out-of-distribution (OOD) datasets \cite{recht2018cifar, recht2019imagenet}. To understand why a variety of models consistently make more mistakes in the OOD datasets, we propose a new metric to quantify the difficulty of the test images (either ID or OOD) that depends on the interaction of the training dataset and the model. In particular, we introduce \textit{confusion score} as a label-free measure of image difficulty which quantifies the amount of disagreement on a given test image based on the class conditional probabilities estimated by an ensemble of trained models. Using the confusion score, we investigate CIFAR-10 and its OOD derivatives. Next, by partitioning test and OOD datasets via their confusion scores, we predict the relationship between ID and OOD accuracies for various architectures. This allows us to obtain an estimator of the OOD accuracy of a given model only using ID test labels. Our observations indicate that the biggest contribution to the accuracy drop comes from images with high confusion scores. Upon further inspection, we report on the nature of the misclassified images grouped by their confusion scores: \textit{(i)} images with high confusion scores contain \textit{weak spurious correlations} that appear in multiple classes in the training data and lack clear \textit{class-specific features}, and \textit{(ii)} images with low confusion scores exhibit spurious correlations that belong to another class, namely \textit{class-specific spurious correlations}.",arxiv:cs.LG; arxiv:cs.CV,arXiv:primary,,http://arxiv.org/abs/2203.15100v1,Include,,,abstract,pending,,
P02_0940,SyGNS: A Systematic Generalization Testbed Based on Natural Language Semantics,Hitomi Yanaka; Koji Mineshima; Kentaro Inui,2021,,2106.01077v1,"Recently, deep neural networks (DNNs) have achieved great success in semantically challenging NLP tasks, yet it remains unclear whether DNN models can capture compositional meanings, those aspects of meaning that have been long studied in formal semantics. To investigate this issue, we propose a Systematic Generalization testbed based on Natural language Semantics (SyGNS), whose challenge is to map natural language sentences to multiple forms of scoped meaning representations, designed to account for various semantic phenomena. Using SyGNS, we test whether neural networks can systematically parse sentences involving novel combinations of logical expressions such as quantifiers and negation. Experiments show that Transformer and GRU models can generalize to unseen combinations of quantifiers, negations, and modifiers that are similar to given training instances in form, but not to the others. We also find that the generalization performance to unseen combinations is better when the form of meaning representations is simpler. The data and code for SyGNS are publicly available at https://github.com/verypluming/SyGNS.",arxiv:cs.CL,arXiv:primary,,http://arxiv.org/abs/2106.01077v1,Include,,,abstract,pending,,
P02_0944,ORCHARD: A Benchmark For Measuring Systematic Generalization of Multi-Hierarchical Reasoning,Bill Tuck Weng Pung; Alvin Chan,2021,,2111.14034v1,"The ability to reason with multiple hierarchical structures is an attractive and desirable property of sequential inductive biases for natural language processing. Do the state-of-the-art Transformers and LSTM architectures implicitly encode for these biases? To answer this, we propose ORCHARD, a diagnostic dataset for systematically evaluating hierarchical reasoning in state-of-the-art neural sequence models. While there have been prior evaluation frameworks such as ListOps or Logical Inference, our work presents a novel and more natural setting where our models learn to reason with multiple explicit hierarchical structures instead of only one, i.e., requiring the ability to do both long-term sequence memorizing, relational reasoning while reasoning with hierarchical structure. Consequently, backed by a set of rigorous experiments, we show that (1) Transformer and LSTM models surprisingly fail in systematic generalization, and (2) with increased references between hierarchies, Transformer performs no better than random.",arxiv:cs.CL; arxiv:cs.AI; arxiv:cs.LG,arXiv:primary,,http://arxiv.org/abs/2111.14034v1,Include,,,abstract,pending,,
P02_0945,Atomic-to-Compositional Generalization for Mobile Agents with A New Benchmark and Scheduling System,Yuan Guo; Tingjia Miao; Zheng Wu; Pengzhou Cheng; Ming Zhou; Zhuosheng Zhang,2025,,2506.08972v1,"Autonomous agents powered by multimodal large language models have been developed to facilitate task execution on mobile devices. However, prior work has predominantly focused on atomic tasks -- such as shot-chain execution tasks and single-screen grounding tasks -- while overlooking the generalization to compositional tasks, which are indispensable for real-world applications. This work introduces UI-NEXUS, a comprehensive benchmark designed to evaluate mobile agents on three categories of compositional operations: Simple Concatenation, Context Transition, and Deep Dive. UI-NEXUS supports interactive evaluation in 20 fully controllable local utility app environments, as well as 30 online Chinese and English service apps. It comprises 100 interactive task templates with an average optimal step count of 14.05. Experimental results across a range of mobile agents with agentic workflow or agent-as-a-model show that UI-NEXUS presents significant challenges. Specifically, existing agents generally struggle to balance performance and efficiency, exhibiting representative failure modes such as under-execution, over-execution, and attention drift, causing visible atomic-to-compositional generalization gap. Inspired by these findings, we propose AGENT-NEXUS, a lightweight and efficient scheduling system to tackle compositional mobile tasks. AGENT-NEXUS extrapolates the abilities of existing mobile agents by dynamically decomposing long-horizon tasks to a series of self-contained atomic subtasks. AGENT-NEXUS achieves 24% to 40% task success rate improvement for existing mobile agents on compositional operation tasks within the UI-NEXUS benchmark without significantly sacrificing inference overhead. The demo video, dataset, and code are available on the project page at https://ui-nexus.github.io.",arxiv:cs.CL,arXiv:primary,,http://arxiv.org/abs/2506.08972v1,Include,,,abstract,pending,,
P02_0947,Data Distributional Properties As Inductive Bias for Systematic Generalization,Felipe del Rio; Alain Raymond-Saez; Daniel Florea; Rodrigo Toro Icarte; Julio Hurtado; Cristian B. Calderon; Alvaro Soto,2025,,2502.20499v3,"Deep neural networks (DNNs) struggle at systematic generalization (SG). Several studies have evaluated the possibility to promote SG through the proposal of novel architectures, loss functions or training methodologies. Few studies, however, have focused on the role of training data properties in promoting SG. In this work, we investigate the impact of certain data distributional properties, as inductive biases for the SG ability of a multi-modal language model. To this end, we study three different properties. First, data diversity, instantiated as an increase in the possible values a latent property in the training distribution may take. Second, burstiness, where we probabilistically restrict the number of possible values of latent factors on particular inputs during training. Third, latent intervention, where a particular latent factor is altered randomly during training. We find that all three factors significantly enhance SG, with diversity contributing an 89% absolute increase in accuracy in the most affected property. Through a series of experiments, we test various hypotheses to understand why these properties promote SG. Finally, we find that Normalized Mutual Information (NMI) between latent attributes in the training distribution is strongly predictive of out-of-distribution generalization. We find that a mechanism by which lower NMI induces SG is in the geometry of representations. In particular, we find that NMI induces more parallelism in neural representations (i.e., input features coded in parallel neural vectors) of the model, a property related to the capacity of reasoning by analogy.",arxiv:cs.LG,arXiv:primary,,http://arxiv.org/abs/2502.20499v3,Include,,,abstract,pending,,
P02_0948,The Neural Data Router: Adaptive Control Flow in Transformers Improves Systematic Generalization,Róbert Csordás; Kazuki Irie; Jürgen Schmidhuber,2021,,2110.07732v4,"Despite progress across a broad range of applications, Transformers have limited success in systematic generalization. The situation is especially frustrating in the case of algorithmic tasks, where they often fail to find intuitive solutions that route relevant information to the right node/operation at the right time in the grid represented by Transformer columns. To facilitate the learning of useful control flow, we propose two modifications to the Transformer architecture, copy gate and geometric attention. Our novel Neural Data Router (NDR) achieves 100% length generalization accuracy on the classic compositional table lookup task, as well as near-perfect accuracy on the simple arithmetic task and a new variant of ListOps testing for generalization across computational depths. NDR's attention and gating patterns tend to be interpretable as an intuitive form of neural routing. Our code is public.",arxiv:cs.LG; arxiv:cs.AI; arxiv:cs.NE,arXiv:primary,,http://arxiv.org/abs/2110.07732v4,Include,,,abstract,pending,,
P02_0949,Compositional Generalization from Learned Skills via CoT Training: A Theoretical and Structural Analysis for Reasoning,Xinhao Yao; Ruifeng Ren; Yun Liao; Lizhong Ding; Yong Liu,2025,,2502.04667v3,"Chain-of-Thought (CoT) training has markedly advanced the reasoning capabilities of large language models (LLMs), yet the mechanisms by which CoT training enhances generalization remain inadequately understood. In this work, we demonstrate that compositional generalization is fundamental: models systematically combine simpler learned skills during CoT training to address novel and more complex problems. Through a theoretical and structural analysis, we formalize this process: 1) Theoretically, the information-theoretic generalization bounds through distributional divergence can be decomposed into in-distribution (ID) and out-of-distribution (OOD) components. Specifically, the non-CoT models fail on OOD tasks due to unseen compositional patterns, whereas CoT-trained models achieve strong generalization by composing previously learned skills. In addition, controlled experiments and real-world validation confirm that CoT training accelerates convergence and enhances generalization from ID to both ID and OOD scenarios while maintaining robust performance even with tolerable noise. 2) Structurally, CoT training internalizes reasoning into a two-stage compositional circuit, where the number of stages corresponds to the explicit reasoning steps during training. Notably, CoT-trained models resolve intermediate results at shallower layers compared to non-CoT counterparts, freeing up deeper layers to specialize in subsequent reasoning steps. A key insight is that CoT training teaches models how to think-by fostering compositional reasoning-rather than merely what to think, through the provision of correct answers alone. This paper offers valuable insights for designing CoT strategies to enhance LLMs' reasoning robustness.",arxiv:cs.LG; arxiv:cs.AI; arxiv:cs.CL,arXiv:primary,,http://arxiv.org/abs/2502.04667v3,Include,,,abstract,pending,,
P02_0951,Systematic Generalization and Emergent Structures in Transformers Trained on Structured Tasks,Yuxuan Li; James L. McClelland,2022,,2210.00400v2,"Transformer networks have seen great success in natural language processing and machine vision, where task objectives such as next word prediction and image classification benefit from nuanced context sensitivity across high-dimensional inputs. However, there is an ongoing debate about how and when transformers can acquire highly structured behavior and achieve systematic generalization. Here, we explore how well a causal transformer can perform a set of algorithmic tasks, including copying, sorting, and hierarchical compositions of these operations. We demonstrate strong generalization to sequences longer than those used in training by replacing the standard positional encoding typically used in transformers with labels arbitrarily paired with items in the sequence. We search for the layer and head configuration sufficient to solve these tasks, then probe for signs of systematic processing in latent representations and attention patterns. We show that two-layer transformers learn reliable solutions to multi-level problems, develop signs of task decomposition, and encode input items in a way that encourages the exploitation of shared computation across related tasks. These results provide key insights into how attention layers support structured computation both within a task and across multiple tasks.",arxiv:cs.LG; arxiv:cs.AI,arXiv:primary,,http://arxiv.org/abs/2210.00400v2,Include,,,abstract,pending,,
P02_0956,Mixture Data for Training Cannot Ensure Out-of-distribution Generalization,Songming Zhang; Yuxiao Luo; Qizhou Wang; Haoang Chi; Xiaofeng Chen; Bo Han; Jinyan Li,2023,,2312.16243v4,"Deep neural networks often face generalization problems to handle out-of-distribution (OOD) data, and there remains a notable theoretical gap between the contributing factors and their respective impacts. Literature evidence from in-distribution data has suggested that generalization error can shrink if the size of mixture data for training increases. However, when it comes to OOD samples, this conventional understanding does not hold anymore -- Increasing the size of training data does not always lead to a reduction in the test generalization error. In fact, diverse trends of the errors have been found across various shifting scenarios including those decreasing trends under a power-law pattern, initial declines followed by increases, or continuous stable patterns. Previous work has approached OOD data qualitatively, treating them merely as samples unseen during training, which are hard to explain the complicated non-monotonic trends. In this work, we quantitatively redefine OOD data as those situated outside the convex hull of mixed training data and establish novel generalization error bounds to comprehend the counterintuitive observations better. Our proof of the new risk bound agrees that the efficacy of well-trained models can be guaranteed for unseen data within the convex hull; More interestingly, but for OOD data beyond this coverage, the generalization cannot be ensured, which aligns with our observations. Furthermore, we attempted various OOD techniques to underscore that our results not only explain insightful observations in recent OOD generalization work, such as the significance of diverse data and the sensitivity to unseen shifts of existing algorithms, but it also inspires a novel and effective data selection strategy.",arxiv:cs.LG,arXiv:primary,,http://arxiv.org/abs/2312.16243v4,Include,,,abstract,pending,,
P02_0959,What makes Models Compositional? A Theoretical View: With Supplement,Parikshit Ram; Tim Klinger; Alexander G. Gray,2024,,2405.02350v1,"Compositionality is thought to be a key component of language, and various compositional benchmarks have been developed to empirically probe the compositional generalization of existing sequence processing models. These benchmarks often highlight failures of existing models, but it is not clear why these models fail in this way. In this paper, we seek to theoretically understand the role the compositional structure of the models plays in these failures and how this structure relates to their expressivity and sample complexity. We propose a general neuro-symbolic definition of compositional functions and their compositional complexity. We then show how various existing general and special purpose sequence processing models (such as recurrent, convolution and attention-based ones) fit this definition and use it to analyze their compositional complexity. Finally, we provide theoretical guarantees for the expressivity and systematic generalization of compositional models that explicitly depend on our proposed definition and highlighting factors which drive poor empirical performance.",arxiv:cs.LG; arxiv:cs.AI,arXiv:primary,,http://arxiv.org/abs/2405.02350v1,Include,,,abstract,pending,,
P02_0962,Robust Subtask Learning for Compositional Generalization,Kishor Jothimurugan; Steve Hsu; Osbert Bastani; Rajeev Alur,2023,,2302.02984v2,"Compositional reinforcement learning is a promising approach for training policies to perform complex long-horizon tasks. Typically, a high-level task is decomposed into a sequence of subtasks and a separate policy is trained to perform each subtask. In this paper, we focus on the problem of training subtask policies in a way that they can be used to perform any task; here, a task is given by a sequence of subtasks. We aim to maximize the worst-case performance over all tasks as opposed to the average-case performance. We formulate the problem as a two agent zero-sum game in which the adversary picks the sequence of subtasks. We propose two RL algorithms to solve this game: one is an adaptation of existing multi-agent RL algorithms to our setting and the other is an asynchronous version which enables parallel training of subtask policies. We evaluate our approach on two multi-task environments with continuous states and actions and demonstrate that our algorithms outperform state-of-the-art baselines.",arxiv:cs.LG,arXiv:primary,,http://arxiv.org/abs/2302.02984v2,Include,,,abstract,pending,,
P02_0965,Causal Structural Hypothesis Testing and Data Generation Models,Jeffrey Jiang; Omead Pooladzandi; Sunay Bhat; Gregory Pottie,2022,,2210.11275v2,"A vast amount of expert and domain knowledge is captured by causal structural priors, yet there has been little research on testing such priors for generalization and data synthesis purposes. We propose a novel model architecture, Causal Structural Hypothesis Testing, that can use nonparametric, structural causal knowledge and approximate a causal model's functional relationships using deep neural networks. We use these architectures for comparing structural priors, akin to hypothesis testing, using a deliberate (non-random) split of training and testing data. Extensive simulations demonstrate the effectiveness of out-of-distribution generalization error as a proxy for causal structural prior hypothesis testing and offers a statistical baseline for interpreting results. We show that the variational version of the architecture, Causal Structural Variational Hypothesis Testing can improve performance in low SNR regimes. Due to the simplicity and low parameter count of the models, practitioners can test and compare structural prior hypotheses on small dataset and use the priors with the best generalization capacity to synthesize much larger, causally-informed datasets. Finally, we validate our methods on a synthetic pendulum dataset, and show a use-case on a real-world trauma surgery ground-level falls dataset.",arxiv:cs.LG; arxiv:cs.AI; arxiv:stat.ML,arXiv:primary,,http://arxiv.org/abs/2210.11275v2,Include,,,abstract,pending,,
P02_0967,Adversarial Reward Auditing for Active Detection and Mitigation of Reward Hacking,Mohammad Beigi; Ming Jin; Junshan Zhang; Qifan Wang; Lifu Huang,2026,,2602.01750v1,"Reinforcement Learning from Human Feedback (RLHF) remains vulnerable to reward hacking, where models exploit spurious correlations in learned reward models to achieve high scores while violating human intent. Existing mitigations rely on static defenses that cannot adapt to novel exploitation strategies. We propose Adversarial Reward Auditing (ARA), a framework that reconceptualizes reward hacking as a dynamic, competitive game. ARA operates in two stages: first, a Hacker policy discovers reward model vulnerabilities while an Auditor learns to detect exploitation from latent representations; second, Auditor-Guided RLHF (AG-RLHF) gates reward signals to penalize detected hacking, transforming reward hacking from an unobservable failure into a measurable, controllable signal. Experiments across three hacking scenarios demonstrate that ARA achieves the best alignment-utility tradeoff among all baselines: reducing sycophancy to near-SFT levels while improving helpfulness, decreasing verbosity while achieving the highest ROUGE-L, and suppressing code gaming while improving Pass@1. Beyond single-domain evaluation, we show that reward hacking, detection, and mitigation all generalize across domains -- a Hacker trained on code gaming exhibits increased sycophancy despite no reward for this behavior, and an Auditor trained on one domain effectively suppresses exploitation in others, enabling efficient multi-domain defense with a single model.",arxiv:cs.AI; arxiv:cs.LG,arXiv:safety,,http://arxiv.org/abs/2602.01750v1,Include,,,abstract,pending,,
P02_1159,Probing the Probes: Methods and Metrics for Concept Alignment,Jacob Lysnæs-Larsen; Marte Eggen; Inga Strümke,2025,,2511.04312v1,"In explainable AI, Concept Activation Vectors (CAVs) are typically obtained by training linear classifier probes to detect human-understandable concepts as directions in the activation space of deep neural networks. It is widely assumed that a high probe accuracy indicates a CAV faithfully representing its target concept. However, we show that the probe's classification accuracy alone is an unreliable measure of concept alignment, i.e., the degree to which a CAV captures the intended concept. In fact, we argue that probes are more likely to capture spurious correlations than they are to represent only the intended concept. As part of our analysis, we demonstrate that deliberately misaligned probes constructed to exploit spurious correlations, achieve an accuracy close to that of standard probes. To address this severe problem, we introduce a novel concept localization method based on spatial linear attribution, and provide a comprehensive comparison of it to existing feature visualization techniques for detecting and mitigating concept misalignment. We further propose three classes of metrics for quantitatively assessing concept alignment: hard accuracy, segmentation scores, and augmentation robustness. Our analysis shows that probes with translation invariance and spatial alignment consistently increase concept alignment. These findings highlight the need for alignment-based evaluation metrics rather than probe accuracy, and the importance of tailoring probes to both the model architecture and the nature of the target concept.",arxiv:cs.AI,arXiv:safety,,http://arxiv.org/abs/2511.04312v1,Include,,,abstract,pending,,
P02_1308,Vision Transformer Neural Architecture Search for Out-of-Distribution Generalization: Benchmark and Insights,"Ho, S.-T.; Van Vo, T.; Ebrahimkhani, S.; Cheung, N.-M.",2024,,,"While Vision Transformer (ViT) have achieved success across various machine learning tasks, deploying them in real-world scenarios faces a critical challenge: generalizing under Out-of-Distribution (OoD) shifts. A crucial research gap remains in understanding how to design ViT architectures - both manually and automatically - to excel in OoD generalization. To address this gap, we introduce OoD-ViT-NAS, the first systematic benchmark for ViT Neural Architecture Search (NAS) focused on OoD generalization. This comprehensive benchmark includes 3, 000 ViT architectures of varying model computational budgets evaluated on 8 common large-scale OoD datasets. With this comprehensive benchmark at hand, we analyze the factors that contribute to the OoD generalization of ViT architecture. Our analysis uncovers several key insights. Firstly, we show that ViT architecture designs have a considerable impact on OoD generalization. Secondly, we observe that In-Distribution (ID) accuracy might not be a very good indicator of OoD accuracy. This underscores the risk that ViT architectures optimized for ID accuracy might not perform well under OoD shifts. Thirdly, we conduct the first study to explore NAS for ViT's OoD robustness. Specifically, we study 9 Training-free NAS for their OoD generalization performance on our benchmark. We observe that existing Training-free NAS are largely ineffective in predicting OoD accuracy despite their effectiveness at predicting ID accuracy. Moreover, simple proxies like #Param or #Flop surprisingly outperform more complex Training-free NAS in predicting ViTs OoD accuracy. Finally, we study how ViT architectural attributes impact OoD generalization. We discover that increasing embedding dimensions of a ViT architecture generally can improve the OoD generalization. We show that ViT architectures in our benchmark exhibit a wide range of OoD accuracy, with up to 11.85% for some OoD shift, prompting the importance to study ViT architecture design for OoD. We firmly believe that our OoD-ViT-NAS benchmark and our analysis can catalyze and streamline important research on understanding how ViT architecture designs influence OoD generalization. Our OoD-NAS-ViT benchmark and code are available at https://hosytuyen.github.io/projects/OoD-ViT-NAS. © 2024 Neural information processing systems foundation. All rights reserved.",,"Scopus:primary, WoS:primary",Advances in Neural Information Processing Systems,https://www.scopus.com/pages/publications/105000546063?origin=resultslist,Include,,,abstract,pending,,
P02_1381,Sparse Mixture-of-Experts for Compositional Generalization: Empirical Evidence and Theoretical Foundations of Optimal Sparsity,"Zhao, J.; Wang, P.; Yang, J.; Cai, R.; Liu, G.; Srinivasa, J.; Kompella, R.R.; Liang, Y.; Wang, Z.",2026,,,"Sparse Mixture-of-Experts (SMoE) architectures have gained prominence for their ability to scale neural networks, particularly transformers, without a proportional increase in computational cost. Despite their success, their role in compositional generalization, i.e., adapting to novel combinations of known components, remains under-explored. This study challenges the assumption that minimal expert activation suffices for task generalization and investigates the relationship between task complexity and optimal sparsity in SMoE models. Through empirical evaluations on the SRAVEN symbolic reasoning task and the SKILL-MIX benchmark, we demonstrate that (i) the number of activated experts consistently increases with the perceived task difficulty to maintain performance; and (ii) the optimal number of activated experts scales proportionally with task complexity. Our theoretical analysis derives a scaling law for optimal sparsity by balancing approximation and estimation errors, revealing alignment with empirical observations. We formally show that the optimal sparsity lies between minimal activation (1-2 experts) and full activation, with the exact number scaling proportionally to task complexity and further influenced by the size of the training data and the complexity of the model. These findings offer practical insights for designing SMoE models that achieve computational efficiency while enabling robust compositional generalization. © 2026, ML Research Press. All rights reserved.",Benchmarking; Complex networks; Computational complexity; Computational efficiency; Neural networks; Computational costs; Empirical evaluations; Generalisation; Mixture of experts; Mixture-of-experts model; Neural-networks; Optimal sparsities; Scalings; Task complexity; Theoretical foundations; Chemical activation,Scopus:safety,Proceedings of Machine Learning Research,https://www.scopus.com/pages/publications/105039559541?origin=resultslist,Include,,,abstract,pending,,
P02_1395,Compositional generalization by factorizing alignment and translation,"Russin, J.; Jo, J.; O’Reilly, R.C.; Bengio, Y.",2020,,,"Standard methods in deep learning for natural language processing fail to capture the compositional structure of human language that allows for systematic generalization outside of the training distribution. However, human learners readily generalize in this way, e.g. by applying known grammatical rules to novel words. Inspired by work in cognitive science suggesting a functional distinction between systems for syntactic and semantic processing, we implement a modification to an existing approach in neural machine translation, imposing an analogous separation between alignment and translation. The resulting architecture substantially outperforms standard recurrent networks on the SCAN dataset, a compositional generalization task, without any additional supervision. Our work suggests that learning to align and to translate in separate modules may be a useful heuristic for capturing compositional structure. © 2020 Association for Computational Linguistics.",Cognitive systems; Computational linguistics; Neural machine translation; Recurrent neural networks; Semantics; Cognitive science; Compositional structure; Generalisation; Human language; Language processing; Natural languages; Recurrent networks; Semantic processing; Natural language processing systems,"Scopus:safety, WoS:safety",Proceedings of the Annual Meeting of the Association for Computational Linguistics,https://www.scopus.com/pages/publications/85101107244?origin=resultslist,Include,,,abstract,pending,,
P02_1398,Neural Collapse Inspired Feature Alignment for Out-of-Distribution Generalization,"Chen, Z.; Zhang, M.; Cui, S.; Li, H.; Niu, G.; Gong, M.; Zhang, C.; Zhang, K.",2024,,,"The spurious correlation between the background features of the image and its label arises due to that the samples labeled with the same class in the training set often co-occurs with a specific background, which will cause the encoder to extract non-semantic features for classification, resulting in poor out-of-distribution generalization performance. Although many studies have been proposed to address this challenge, the semantic and spurious features are still difficult to accurately decouple from the original image and fail to achieve high performance with deep learning models. This paper proposes a novel perspective inspired by neural collapse to solve the spurious correlation problem through the alternate execution of environment partitioning and learning semantic masks. Specifically, we propose to assign an environment to each sample by learning a local model for each environment and using maximum likelihood probability. At the same time, we require that the learned semantic mask neurally collapses to the same simplex equiangular tight frame (ETF) in each environment after being applied to the original input. We conduct extensive experiments on four datasets, and the results demonstrate that our method significantly improves out-of-distribution performance. © 2024 Neural information processing systems foundation. All rights reserved.",Deep learning; Image correlation; Latent semantic analysis; Maximum likelihood; Background features; Feature alignment; Generalisation; Generalization performance; Learning models; Original images; Performance; Semantic features; Spurious features; Training sets; Semantics,"Scopus:safety, WoS:safety",Advances in Neural Information Processing Systems,https://www.scopus.com/pages/publications/105000520399?origin=resultslist,Include,,,abstract,pending,,
P02_0002,Graph Representation Learning via Causal Diffusion for Out-of-Distribution Recommendation,Chu Zhao; Enneng Yang; Yuliang Liang; Pengxiang Lan; Yuting Liu; Jianzhe Zhao; Guibing Guo; Xingwei Wang,2025,10.1145/3696410.3714849,,,"distributionally robust optimization, graph recommendation, out-of-distribution",ACM:F2,Proceedings of the ACM on Web Conference 2025,https://doi.org/10.1145/3696410.3714849,Uncertain,,,abstract,pending,,
P02_0004,Research on Causal Robustness Enhancement Methods and Out-of-Distribution Generalization for Deep Classification Models,Xiaodong Wang; Ling Jiang,2026,10.1145/3795154.3795263,,,"Causal robustness, Counterfactual augmentation, Deep classification, Out-of-distribution generalization",ACM:F2,Proceedings of the 2025 6th International Conference on Computer Science and Management Technology,https://doi.org/10.1145/3795154.3795263,Uncertain,,,abstract,pending,,
P02_0005,Robust Neural Information Retrieval: An Adversarial and Out-of-Distribution Perspective,Yu-An Liu; Ruqing Zhang; Jiafeng Guo; Maarten de Rijke; Yixing Fan; Xueqi Cheng,2025,10.1145/3768153,,,"Robustness, trustworthy systems",ACM:F2,,https://doi.org/10.1145/3768153,Uncertain,,,abstract,pending,,
P02_0011,Beyond Mimicry: Toward Lifelong Adaptability in Imitation Learning,Nathan Gavenski; Felipe Meneguzzi; Odinaldo Rodrigues,2026,10.65109/ldhn8550,,,"{imitation learning, generalisation, compositional learning",ACM:F2,Proceedings of the 25th International Conference on Autonomous Agents and Multiagent Systems,https://doi.org/10.65109/LDHN8550,Uncertain,,,abstract,pending,,
P02_0016,Don't Blind Your VLA: Aligning Visual Representations for OOD Generalization,Nikita Kachaev; Mikhail Kolosov; Daniil Zelezetsky; Alexey K. Kovalev; Aleksandr I. Panov,2026,10.65109/pper9186,,,"vla, vlm, representation alignment, robotics, generalization",ACM:F2,Proceedings of the 25th International Conference on Autonomous Agents and Multiagent Systems,https://doi.org/10.65109/PPER9186,Uncertain,,,abstract,pending,,
P02_0018,Human Heterogeneity Invariant Stress Sensing,Yi Xiao; Harshit Sharma; Sawinder Kaur; Dessa Bergen-Cico; Asif Salekin,2025,10.1145/3749465,,,"Neural network pruning, Out-of-Distribution Generalization, Stress Detection, Wearable Data",ACM:F2,,https://doi.org/10.1145/3749465,Uncertain,,,abstract,pending,,
P02_0023,Environment Agnostic Invariant Risk Minimization for Classification of Sequential Datasets,Praveen Venkateswaran; Vinod Muthusamy; Vatche Isahagian; Nalini Venkatasubramanian,2021,10.1145/3447548.3467324,,,"sequential prediction, robust models, out-of-distribution generalization",ACM:F2,Proceedings of the 27th ACM SIGKDD Conference on Knowledge Discovery &amp; Data Mining,https://doi.org/10.1145/3447548.3467324,Uncertain,,,abstract,pending,,
P02_0031,Causal Disentangled Recommendation against User Preference Shifts,Wenjie Wang; Xinyu Lin; Liuhui Wang; Fuli Feng; Yunshan Ma; Tat-Seng Chua,2023,10.1145/3593022,,,"Causal disentangled recommendation, preference shifts, generalizable recommendation, out-of-distribution generalization",ACM:F2,,https://doi.org/10.1145/3593022,Uncertain,,,abstract,pending,,
P02_0032,NILMBENCH2026: A Benchmark for Energy Disaggregation,Aayush Kuloor; Anurag Singh; Harsh Dhru; Nipun Batra,2026,10.1145/3744256.3812587,,,"Energy disaggregation, Non-intrusive load monitoring",ACM:F2,"Proceedings of the 13th ACM International Conference on Systems for Energy-Efficient Buildings, Cities, and Transportation",https://doi.org/10.1145/3744256.3812587,Uncertain,,,abstract,pending,,
P02_0033,Normalized Space Alignment: A Versatile Metric for Representation Analysis,Danish Ebadulla; Aditya Gulati; Ambuj Singh,2025,10.1145/3711896.3737065,,,"dimensionality reduction, interpretability, local intrinsic dimensionality, representation alignment, similarity index",ACM:F2,Proceedings of the 31st ACM SIGKDD Conference on Knowledge Discovery and Data Mining V.2,https://doi.org/10.1145/3711896.3737065,Uncertain,,,abstract,pending,,
P02_0034,Stereo-Fi: Free-Form 3D Reconstruction via Generatively Co-Trained Inverse RF Rendering,Xueqiang Han; Tianyue Zheng; Jun Luo,2026,10.1145/3774906.3802762,,,"RF sensing, 3D reconstruction, generative co-training.",ACM:F2,Proceedings of the 2026 ACM/IEEE International Conference on Embedded Artificial Intelligence and Sensing Systems,https://doi.org/10.1145/3774906.3802762,Uncertain,,,abstract,pending,,
P02_0038,Test Optimization in DNN Testing: A Survey,Qiang Hu; Yuejun Guo; Xiaofei Xie; Maxime Cordy; Lei Ma; Mike Papadakis; Yves Le Traon,2024,10.1145/3643678,,,"Test optimization, DNN testing, low-labeling cost",ACM:F2,,https://doi.org/10.1145/3643678,Uncertain,,,abstract,pending,,
P02_0045,,Mohannad Elhamod; Jie Bu; Christopher Singh; Matthew Redell; Abantika Ghosh; Viktor Podolskiy; Wei-Cheng Lee; Anuj Karpatne,2022,10.1145/3530911,,,"Electromagnetic propagation, Ising model, ML, PGML, quantum physics",ACM:F2,,https://doi.org/10.1145/3530911,Uncertain,,,abstract,pending,,
P02_0048,Mitigating Distributed Backdoor Attack in Federated Learning Through Mode Connectivity,Kane Walter; Meisam Mohammady; Surya Nepal; Salil S. Kanhere,2024,10.1145/3634737.3637682,,,"federated learning, backdoor attack, mode connectivity",ACM:F2,Proceedings of the 19th ACM Asia Conference on Computer and Communications Security,https://doi.org/10.1145/3634737.3637682,Uncertain,,,abstract,pending,,
P02_0051,Responsive DNN Adaptation for Video Analytics against Environment Shift via Hierarchical Mobile-Cloud Collaborations,Maozhe Zhao; Shengzhong Liu; Fan Wu; Guihai Chen,2025,10.1145/3715014.3722044,,,"video analytics, mobile computing, continuous learning",ACM:F2,Proceedings of the 23rd ACM Conference on Embedded Networked Sensor Systems,https://doi.org/10.1145/3715014.3722044,Uncertain,,,abstract,pending,,
P02_0054,The Worst of Both Worlds: A Comparative Analysis of Errors in Learning from Data in Psychology and Machine Learning,Jessica Hullman; Sayash Kapoor; Priyanka Nanayakkara; Andrew Gelman; Arvind Narayanan,2022,10.1145/3514094.3534196,,,"science reform, replication, machine learning, generalizability",ACM:F2,"Proceedings of the 2022 AAAI/ACM Conference on AI, Ethics, and Society",https://doi.org/10.1145/3514094.3534196,Uncertain,,,abstract,pending,,
P02_0055,A.I. Robustness: a Human-Centered Perspective on Technological Challenges and Opportunities,Andrea Tocchetti; Lorenzo Corti; Agathe Balayn; Mireia Yurrita; Philip Lippmann; Marco Brambilla; Jie Yang,2025,10.1145/3665926,,,"Artificial intelligence, robustness, human-centered AI, trustworthy AI",ACM:F2,,https://doi.org/10.1145/3665926,Uncertain,,,abstract,pending,,
P02_0058,A Survey of Model Inversion Attacks: An Interface-Prior Perspective,Haoyu Liu; Yuwen Chen; Zhen Yang,2026,10.1145/3789456.3789473,,,"model inversion attacks, privacy security, machine learning security",ACM:F2,Proceedings of the 2025 15th International Conference on Communication and Network Security,https://doi.org/10.1145/3789456.3789473,Uncertain,,,abstract,pending,,
P02_0060,AI Alignment: A Contemporary Survey,Jiaming Ji; Tianyi Qiu; Boyuan Chen; Jiayi Zhou; Borong Zhang; Donghai Hong; Hantao Lou; Kaile Wang; Yawen Duan; Zhonghao He; Lukas Vierling; Zhaowei Zhang; Fanzhi Zeng; Juntao Dai; Xuehai Pan; Hua Xu; Aidan O'Gara; Kwan Ng; Brian Tse; Jie Fu; Stephen Mcaleer; Yanfeng Wang; Mingchuan Yang; Yunhuai Liu; Yizhou Wang; Song-Chun Zhu; Yike Guo; Yaodong Yang; Wen Gao,2025,10.1145/3770749,,,"AI safety, AI alignment, learning from human feedback",ACM:F2,,https://doi.org/10.1145/3770749,Uncertain,,,abstract,pending,,
P02_0064,Abstraction Alignment: Comparing Model-Learned and Human-Encoded Conceptual Relationships,Angie Boggust; Hyemin Bang; Hendrik Strobelt; Arvind Satyanarayan,2025,10.1145/3706598.3713406,,,"interpretability, human-AI alignment, visualization, abstraction",ACM:F2,Proceedings of the 2025 CHI Conference on Human Factors in Computing Systems,https://doi.org/10.1145/3706598.3713406,Uncertain,,,abstract,pending,,
P02_0066,A Survey of Dataset Refinement for Problems in Computer Vision Datasets,Zhijing Wan; Zhixiang Wang; Cheukting Chung; Zheng Wang,2024,10.1145/3627157,,,"Dataset refinement, data sampling, subset selection, active learning",ACM:F2,,https://doi.org/10.1145/3627157,Uncertain,,,abstract,pending,,
P02_0069,Uniformly Distributed Category Prototype-Guided Vision-Language Framework for Long-Tail Recognition,Xiaoxuan He; Siming Fu; Xinpeng Ding; Yuchen Cao; Hualiang Wang,2023,10.1145/3581783.3611904,,,"irrelevant text filter, long-tailed learning, uniformly distributed, vision-language framework",ACM:F2,Proceedings of the 31st ACM International Conference on Multimedia,https://doi.org/10.1145/3581783.3611904,Uncertain,,,abstract,pending,,
P02_0071,A Survey of Multilingual Neural Machine Translation,Raj Dabre; Chenhui Chu; Anoop Kunchukuttan,2020,10.1145/3406095,,,"zero-shot, survey, multilingualism, multi-source, low-resource, Neural machine translation",ACM:F2,,https://doi.org/10.1145/3406095,Uncertain,,,abstract,pending,,
P02_0072,Contrastive Curriculum Learning for Sequential User Behavior Modeling via Data Augmentation,Shuqing Bian; Wayne Xin Zhao; Kun Zhou; Jing Cai; Yancheng He; Cunxiang Yin; Ji-Rong Wen,2021,10.1145/3459637.3481905,,,"user behavior modeling, contrastive curriculum learning",ACM:F2,Proceedings of the 30th ACM International Conference on Information &amp; Knowledge Management,https://doi.org/10.1145/3459637.3481905,Uncertain,,,abstract,pending,,
P02_0073,Efficient Knowledge Graph Unlearning with Zeroth-order Information,Yang Xiao; Ruimeng Ye; Bohan Liu; Xiaolong Ma; Bo Hui,2025,10.1145/3746252.3761379,,,"influence function, knowledge graph, zeroth optimization",ACM:F2,Proceedings of the 34th ACM International Conference on Information and Knowledge Management,https://doi.org/10.1145/3746252.3761379,Uncertain,,,abstract,pending,,
P02_0074,Cacophony: An Improved Contrastive Audio-Text Model,Ge Zhu; Jordan Darefsky; Zhiyao Duan,2024,10.1109/taslp.2024.3485170,,,,ACM:F2,,https://doi.org/10.1109/TASLP.2024.3485170,Uncertain,,,abstract,pending,,
P02_0075,Neural Dehydration: Effective Erasure of Black-box Watermarks from DNNs with Limited Data,Yifan Lu; Wenxuan Li; Mi Zhang; Xudong Pan; Min Yang,2024,10.1145/3658644.3690334,,,"model watermarking, removal attack, robustness",ACM:F2,Proceedings of the 2024 on ACM SIGSAC Conference on Computer and Communications Security,https://doi.org/10.1145/3658644.3690334,Uncertain,,,abstract,pending,,
P02_0124,Handling Out-of-Distribution Data: A Survey,L. Tamang; M. R. Bouadjenek; R. Dazeley; S. Aryal,2025,10.1109/tkde.2025.3592614,,"In the field of Machine Learning (ML) and data-driven applications, one of the significant challenge is the change in data distribution between the training and deployment stages, commonly known as distribution shift. This paper outlines different mechanisms for handling two main types of distribution shifts: (i) Covariate shift: where the value of features or covariates change between train and test data, and (ii) Concept/Semantic-shift: where model experiences shift in the concept learned during training due to emergence of novel classes in the test phase. We sum up our contributions in three folds. First, we formalize distribution shifts, recite on how the conventional method fails to handle them adequately and urge for a model that can simultaneously perform better in all types of distribution shifts. Second, we discuss why handling distribution shifts is important and provide an extensive review of the methods and techniques that have been developed to detect, measure, and mitigate the effects of these shifts. Third, we discuss the current state of distribution shift handling mechanisms and propose future research directions in this area. Overall, we provide a retrospective synopsis of the literature in the distribution shift, focusing on OOD data that had been overlooked in the existing surveys.",Training; Data models; Testing; Semantics; Training data; Surveys; Risk minimization; Focusing; Probability distribution; Predictive models; Concept shift; covariate shift; data distribution shift; out-of-distribution,IEEE:part1,IEEE Transactions on Knowledge and Data Engineering,,Uncertain,,,abstract,pending,,
P02_0126,The Many Faces of Robustness: A Critical Analysis of Out-of-Distribution Generalization,D. Hendrycks; S. Basart; N. Mu; S. Kadavath; F. Wang; E. Dorundo; R. Desai; T. Zhu; S. Parajuli; M. Guo; D. Song; J. Steinhardt; J. Gilmer,2021,10.1109/iccv48922.2021.00823,,"We introduce four new real-world distribution shift datasets consisting of changes in image style, image blurriness, geographic location, camera operation, and more. With our new datasets, we take stock of previously proposed methods for improving out-of-distribution robustness and put them to the test. We find that using larger models and artificial data augmentations can improve robustness on real-world distribution shifts, contrary to claims in prior work. We find improvements in artificial robustness benchmarks can transfer to real-world distribution shifts, contrary to claims in prior work. Motivated by our observation that data augmentations can help with real-world distribution shifts, we also introduce a new data augmentation method which advances the state-of-the-art and outperforms models pre-trained with 1000× more labeled data. Overall we find that some methods consistently help with distribution shifts in texture and local image statistics, but these methods do not help with some other distribution shifts like geographic changes. Our results show that future research must study multiple distribution shifts simultaneously, as we demonstrate that no evaluated method consistently improves robustness.",Degradation; Computer vision; Computational modeling; Benchmark testing; Gain measurement; Market research; Robustness; Transfer/Low-shot/Semi/Unsupervised Learning; Recognition and classification,IEEE:part1,2021 IEEE/CVF International Conference on Computer Vision (ICCV),,Uncertain,,,abstract,pending,,
P02_0128,A System-Level Analysis of Cross-Domain Generalization Failure in Audio Deepfake Detection,S. Oyucu; B. Arslan; S. Sagiroglu,2026,10.1109/access.2026.3716180,,"Audio deepfake detectors often report high accuracy on individual benchmarks, yet their reliability under domain shift remains largely untested. This study presents a system-level analysis of cross-domain generalization failure, evaluating five hybrid architectures (CNN–LSTM, TCN, TCN–LSTM, Conformer, and TCM-Conformer) across four feature extractors (MFCC, Wav2Vec 2.0, HuBERT, and HeAR) and four distinct acoustic domains: ASVspoof 2019 (LA), ASVspoof 2021 (DF), the DEEP-VOICE dataset (RVC-based voice conversion), and the In-the-Wild corpus representing real-world deployment conditions. Across 320 cross-domain train–test configurations, severe and consistent degradation is observed: while models achieve up to 99.98% accuracy under in-domain evaluation, performance collapses to near-chance or below-chance levels under domain shift. The most extreme failure occurs when MFCC-based models trained on In-the-Wild are evaluated on protocol-based benchmarks, with accuracy collapsing to as low as 5.55% (TCN–LSTM architecture), representing a complete functional inversion of the detection logic. Substantial degradation is also observed within benchmark families: Wav2Vec-based models trained on ASVspoof 2021 and evaluated on ASVspoof 2019 lose up to 18.5 percentage points despite the two datasets sharing the same protocol structure. Critically, the observed degradation is architecture-invariant in direction: all five evaluated architectures exhibit consistent collapse patterns across all four feature extractors, confirming that neither increased model complexity nor attention-based design is sufficient to address domain gaps; however, the severity of collapse differs markedly across feature extractors, with MFCC exhibiting the most extreme degradation under real-world training conditions and HeAR retaining substantially higher cross-domain accuracy under the same transfer conditions. Computational efficiency analysis further confirms that the evaluated architectures are suitable for practical deployment, with mean inference latencies ranging from 0.001 to 0.052 ms per sample and throughput ranging from approximately 27,000 to 361,000 samples per second depending on the feature extractor, with MFCC-based configurations exceeding 100,000 samples per second and self-supervised and health-acoustic extractors achieving approximately 27,000 to 43,000 samples per second. These findings demonstrate that high in-domain accuracy does not translate to deployment reliability and that single-dataset evaluation provides little evidence of real-world robustness without explicit cross-domain validation and adaptation mechanisms.",Modeling; Training; Testing; Architecture; Computer architecture; Signal detection; Accuracy; Auditory system; Long short term memory; Deepfakes; Audio deepfake detection; cross-domain evaluation; domain shift; generalization; robustness; transfer learning; MFCC; Wav2Vec; HuBERT; HeAR; ASVspoof; in-the-wild; conformer; TCM-conformer; computational efficiency; deployment-oriented assessment,IEEE:part1,IEEE Access,,Uncertain,,,abstract,pending,,
P02_0136,Defeating Multimodal Information Manipulation By A Web 3.0 Decentralized Identity (DID)-Based Accountability Framework,X. Wang; H. Qiu; J. Shen; W. Chen; A. Choi; W. Zhao,2025,10.1109/aiiot65859.2025.11105270,,"Multimodal information manipulation such as deep-fake videos, AI-generated text, has become a critical threat in the digital age. While deep learning-based detection models have shown promise, they suffer from generalization failures when faced with out-of-distribution samples. This paper proposes a paradigm shift: instead of relying solely on detection, we leverage Web 3.0 Decentralized Identifiers (DIDs) to enforce accountability across the entire information dissemination chain, from content creators to Internet Service Providers (ISPs), platforms, and end-users. By binding each actor to a cryptographically verifiable identity, our framework ensures traceability, tamper-proof provenance, and economic disincentives for malicious behavior. We detail the architecture, enforcement mechanisms, and advantages over traditional methods, demonstrating how DID-based systems can mitigate manipulation proactively rather than reactively.",Semantic Web; Deepfakes; Protocols; Prevention and mitigation; Scalability; Web and internet services; Information age; Internet of Things; Interoperability; Lenses; Multimodal manipulation; Deepfake detection; Generalization failure; Decentralized Identifiers (DIDs); Cryptographic verification; Tamper-proof provenance; Proactive mitigation,"IEEE:part1, Scopus:primary, WoS:primary",2025 IEEE World AI IoT Congress (AIIoT),,Uncertain,,,abstract,pending,,
P02_0138,Utilizing Confidence in Localization Predictions for Improved Spectrum Management,F. Mitchell; J. Wang; A. Bhaskara; S. K. Kasera,2024,10.1109/dyspan60163.2024.10632736,,"Transmitter localization is an important component of next-gen spectrum sharing and management systems. Recently, machine learning (ML) methods have shown promising results for localization in complex environments. However, existing ML models have significant limitations, such as the need for careful parameter tuning and the lack of accuracy on out-of-distribution (OOD) examples. Moreover, current ML models do not typically provide a “confidence” in their prediction. In this work, we propose a new training procedure based on the Earth Mover’s Distance (EMD) that improves on these limitations. The method improves OOD accuracy by up to $22 \%$ while providing more interpretable results. The EMD-trained model also produces a confidence score, which can be used to identify high-error and OOD examples. We demonstrate how model confidence serves as a guide for hybrid localization models. This includes selecting the most reliable prediction from multiple models based on confidence values or resorting to a fallback path loss technique in cases of low confidence. Our work establishes the importance of model confidence in improving the accuracy of localization and as a mechanism for effective decision making in localization applications.",Location awareness; Training; Earth; Accuracy; Transmitters; Decision making; Predictive models; transmitter localization; uncertainty; model robustness; spectrum management,IEEE:part1,2024 IEEE International Symposium on Dynamic Spectrum Access Networks (DySPAN),,Uncertain,,,abstract,pending,,
P02_0151,Leveraging Vision-Language Models for Improving Domain Generalization in Image Classification,S. Addepalli; A. R. Asokan; L. Sharma; R. V. Babu,2024,10.1109/cvpr52733.2024.02258,,"Vision-Language Models (VLMs) such as CLIP are trained on large amounts of image-text pairs, resulting in remarkable generalization across several data distributions. However, in several cases, their expensive training and data collection/curation costs do not justify the end application. This motivates a vendor-client paradigm, where a vendor trains a large-scale VLM and grants only input-output access to clients on a pay-per-query basis in a black-box setting. The client aims to minimize inference cost by distilling the VLM to a student model using the limited available task-specific data, and further deploying this student model in the downstream application. While naive distillation largely improves the In-Domain (ID) accuracy of the student, it fails to transfer the superior out-of-distribution (OOD) generalization of the VLM teacher using the limited available labeled images. To mitigate this, we propose Vision-Language to Vision - Align, Distill, Predict (VL2V-ADiP), which first aligns the vision and language modalities of the teacher model with the vision modality of a pre-trained student model, and further distills the aligned VLM representations to the student. This maximally retains the pre-trained features of the student, while also incorporating the rich representations of the VLM image encoder and the superior generalization of the text embeddings. The proposed approach achieves state-of-the-art results on the standard Domain Generalization benchmarks in a black-box teacher setting as well as a white-box setting where the weights of the VLM are accessible. Project page: http://val.cds.iisc.ac.in/VL2V-ADiP/",Training; Costs; Head; Closed box; Predictive models; Data models; Pattern recognition; vision-language models; CLIP; Distillation; OOD Generalization; Domain Generalization,IEEE:part1,2024 IEEE/CVF Conference on Computer Vision and Pattern Recognition (CVPR),,Uncertain,,,abstract,pending,,
P02_0154,"Roses are Red, Violets are Blue… But Should VQA expect Them To?",C. Kervadec; G. Antipov; M. Baccouche; C. Wolf,2021,10.1109/cvpr46437.2021.00280,,"Models for Visual Question Answering (VQA) are notorious for their tendency to rely on dataset biases, as the large and unbalanced diversity of questions and concepts involved and tends to prevent models from learning to ""reason"", leading them to perform ""educated guesses"" instead. In this paper, we claim that the standard evaluation metric, which consists in measuring the overall in-domain accuracy, is misleading. Since questions and concepts are unbalanced, this tends to favor models which exploit subtle training set statistics. Alternatively, naively introducing artificial distribution shifts between train and test splits is also not completely satisfying. First, the shifts do not reflect real-world tendencies, resulting in unsuitable models; second, since the shifts are handcrafted, trained models are specifically designed for this particular setting, and do not generalize to other configurations. We propose the GQAOOD benchmark designed to overcome these concerns: we measure and compare accuracy over both rare and frequent question-answer pairs, and argue that the former is better suited to the evaluation of reasoning abilities, which we experimentally validate with models trained to more or less exploit biases. In a large-scale study involving 7 VQA models and 3 bias reduction techniques, we also experimentally demonstrate that these models fail to address questions involving infrequent concepts and provide recommendations for future directions of research.",Training; Measurement; Visualization; Computer vision; Computational modeling; Benchmark testing; Knowledge discovery,IEEE:part1,2021 IEEE/CVF Conference on Computer Vision and Pattern Recognition (CVPR),,Uncertain,,,abstract,pending,,
P02_0200,Handling Dual Skewness in Citywide Crime Prediction Using Personalized Graph Federated Learning,Bhumika; P. Lalanda; G. Vega; D. Das,2025,10.1109/tcss.2025.3641377,,"The widespread deployment of sensors and recent advances in machine learning have enabled the development of predictive services in smart cities, particularly in the domain of public safety through predictive policing across different regions. Recently, training on these distributed regions is facilitated by federated learning (FL) without exposing sensitive data. However, crime data exhibit inherently complex spatiotemporal dynamics and suffer from dual skewness, as both the quantity and category distribution of crimes vary significantly across regions. Most existing federated methods struggle to effectively handle such skewed distributions, while also being limited to capture spatial dependencies. To overcome these challenges, we propose an approach called graph structured personalized federated learning (GSpfl), which jointly models spatial and temporal patterns in crime data. Specifically, GSpfl incorporates graph based aggregation at the server to model spatial dynamics, where similarity based adjacency matrix enable convolution among related clients to mitigate quantity skewness. On the client side, temporal dynamics are learned locally with regularization terms to balance global knowledge sharing and local model adaptation, while Focal Tversky loss is employed to address category imbalance. Experiments on real-world crime datasets from Los Angeles (LA) and Chicago (CHI) demonstrate the superior performance of our approach compared to ten baseline and state-of-the-art FL methods.",Adaptation models; Servers; Federated learning; Data models; Spatiotemporal phenomena; Correlation; Predictive models; Optimization; Training; Smart cities; Crime prediction; federated learning (FL); skewness; smart city,IEEE:part2,IEEE Transactions on Computational Social Systems,,Uncertain,,,abstract,pending,,
P02_0380,A Physics-Guided Symbolic Regression Framework for Multi-Resolution Dynamic Equivalent Modeling of Power Systems,"Pang, M.; Li, M.; Wang, W.; Shi, P.; Zheng, Z.; Yuan, L.; Tan, H.",2026,10.3390/electronics15122733,,"The transition toward renewable-dominated power systems introduces significant complexity and nonlinearity, rendering traditional mechanism-based modeling computationally prohibitive for real-time security assessment. While data-driven approaches offer computational efficiency, they fundamentally lack physical interpretability and often exhibit generalization failures under rare, large-signal disturbances due to the absence of intrinsic physical constraints. To bridge this gap, this paper proposes a Physics-Guided Symbolic Regression (PGSR) framework for constructing interpretable and robust dynamic equivalent models. The methodology embeds domain knowledge via topological masks and dimensional consistency rules to restrict the evolutionary search space to physically admissible manifolds. A multi-resolution extraction strategy based on the Pareto frontier is developed to autonomously identify both linear small-signal models and nonlinear large-signal formulations adaptable to varying analytical requirements. Furthermore, a post hoc verification stage based on Lyapunov stability theory ensures the dynamic validity and energy dissipation properties of the generated equations. A case study on the WSCC 9-bus system demonstrates that the proposed method accurately recovers the underlying Taylor-series structure of swing equations and significantly outperforms four data-driven baselines—including polynomial, kernel, and neural network models—in out-of-distribution generalization, achieving 12–42× lower trajectory error under unseen large perturbations. © 2026 by the authors.",interpretable machine learning; Lyapunov stability; Pareto optimization; physics-guided symbolic regression; power system dynamic equivalence; wide-area measurement systems; Dynamic models; Electric power system measurement; Energy dissipation; Evolutionary algorithms; Multiobjective optimization; Pareto principle; Real time systems; Regression analysis; Area measurement system; Dynamic equivalence; Interpretable machine learning; Lyapunov stability; Machine-learning; Pareto-optimization; Physic-guided symbolic regression; Power system dynamic equivalence; Power system dynamics; Symbolic regression; Wide area measurement; Computational efficiency,Scopus:primary,Electronics (Switzerland),https://www.scopus.com/pages/publications/105042867295?origin=resultslist,Uncertain,,,abstract,pending,,
P02_0386,Rethinking Graph Generalization through the Lens of Sharpness-Aware Minimization,"Qiu, Y.; Zou, Y.; Wang, J.",2026,10.1145/3774904.3792707,,"Graph Neural Networks (GNNs) have achieved remarkable success across various graph-based tasks but remain highly sensitive to distribution shifts. In this work, we focus on a prevalent yet underexplored phenomenon in graph generalization, Minimal Shift Flip (MSF) - where test samples that slightly deviate from the training distribution are abruptly misclassified. To interpret this phenomenon, we revisit MSF through the lens of Sharpness-Aware Minimization (SAM), which characterizes the local stability and sharpness of the loss landscape while providing a theoretical foundation for modeling generalization error. To quantify loss sharpness, we introduce the concept of Local Robust Radius, measuring the smallest perturbation required to flip a prediction and establishing a theoretical link between local stability and generalization. Building on this perspective, we further observe a continual decrease in the robust radius during training, indicating weakened local stability and an increasingly sharp loss landscape that gives rise to MSF. To jointly solve the MSF phenomenon and the intractability of radius, we develop an energy-based formulation that is theoretically proven to be monotonically correlated with the robust radius, offering a tractable and principled objective for modeling flatness and stability. Building on these insights, we propose an energy-driven generative augmentation framework (E2A) that leverages energy-guided latent perturbations to generate pseudo-OOD samples and enhance model generalization. Extensive experiments across multiple benchmarks demonstrate that E2A consistently improves graph OOD generalization, outperforming state-of-the-art baselines. Code is available at https://github.com/anders1123/E2A. © 2026 Owner/Author.",graph neural networks; out-of-distribution generalization; perturbation training; Graph neural networks; Stability; Undirected graphs; Generalisation; Graph neural networks; Graph-based; Local stability; Minimisation; Model generalization; Out-of-distribution generalization; Perturbation training; Test samples; Through the lens; Graphic methods,Scopus:primary,WWW 2026 - Proceedings of the ACM Web Conference 2026,https://www.scopus.com/pages/publications/105038558542?origin=resultslist,Uncertain,,,abstract,pending,,
P02_0442,Producing plankton classifiers that are robust to dataset shift,"Chen, C.; Kyathanahally, S.P.; Reyes, M.; Merkli, S.; Merz, E.; Francazi, E.; Hoege, M.; Pomati, F.; Baity-Jesi, M.",2025,10.1002/lom3.10659,,"Modern plankton high-throughput monitoring relies on deep learning classifiers for species recognition in water ecosystems. Despite satisfactory nominal performances, a significant challenge arises from dataset shift, which causes performances to drop during deployment. In our study, we integrate the ZooLake dataset, which consists of dark-field images of lake plankton (Kyathanahally et al. 2021a), with manually annotated images from 10 independent days of deployment, serving as test cells to benchmark out-of-dataset (OOD) performances. Our analysis reveals instances where classifiers, initially performing well in in-dataset conditions, encounter notable failures in practical scenarios. For example, a MobileNet with a 92% nominal test accuracy shows a 77% OOD accuracy. We systematically investigate conditions leading to OOD performance drops and propose a preemptive assessment method to identify potential pitfalls when classifying new data, and pinpoint features in OOD images that adversely impact classification. We present a three-step pipeline: (i) identifying OOD degradation compared to nominal test performance, (ii) conducting a diagnostic analysis of degradation causes, and (iii) providing solutions. We find that ensembles of BEiT vision transformers, with targeted augmentations addressing OOD robustness, geometric ensembling, and rotation-based test-time augmentation, constitute the most robust model, which we call BEsT. It achieves an 83% OOD accuracy, with errors concentrated on container classes. Moreover, it exhibits lower sensitivity to dataset shift, and reproduces well the plankton abundances. Our proposed pipeline is applicable to generic plankton classifiers, contingent on the availability of suitable test cells. By identifying critical shortcomings and offering practical procedures to fortify models against dataset shift, our study contributes to the development of more reliable plankton classification technologies. © 2024 Association for the Sciences of Limnology and Oceanography.",abundance; accuracy assessment; assessment method; detection method; instrumentation; performance assessment; plankton,"Scopus:primary, WoS:primary",Limnology and Oceanography: Methods,https://www.scopus.com/pages/publications/85210377627?origin=resultslist,Uncertain,,,abstract,pending,,
P02_0511,PTAN: Principal Token-aware Adjacent Network for Compositional Temporal Grounding,"Wei, Z.; Jiang, X.; Wang, Z.; Shen, F.; Xu, X.",2024,10.1145/3652583.3658113,,"Compositional temporal grounding (CTG) aims to localize the most relevant segment from an untrimmed video based on a given natural language sentence, and the test samples for this task contain novel components not seen in training. However, existing CTG methods suffer from two shortcomings: (1) Most methods adopt transformers to model global video information only, thus failing to balance the long-range perception and regional representation of video sequences; (2) Due to the lack of aligning videos and sentences at a fine-grained level, the model’s capacity for compositional generalization is limited, particularly when query sentences contain novel components. To address these problems, we propose a novel method called Principal Token-aware Adjacent Network (PTAN), which consists of three parts: (1) Principal Temporal Token Recomposition combining video clip-level features obtained from the transformer backbone to capture more significant local features while retaining enough contextual information. (2) Regional Semantic-Aware Learning, which exploits regional representations of videos for cross-modal semantic alignment on the feature space. (3) Principal Semantic-Aware Learning that facilitates fine-grained alignment between visual and textual by sensing principal visual and textual tokens in a self-supervised manner. Extensive experiments on two widely used benchmarks (i.e., Charades-CG and ActivityNet-CG) show that our PTAN method outperforms recent CTG state-of-the-art methods, achieving remarkable improvements in compositional generalization. Our code is available at https://github.com/rushzy/PTAN. © 2024 Copyright held by the owner/author(s).",Compositional Generalization; Compositional Temporal Grounding; Cross-modal Retrieval; Multimedia Content Retrieval; Video Moment Retrieval; Compositional generalization; Compositional temporal grounding; Cross-modal; Cross-modal retrieval; Fine grained; Generalisation; Multimedia content retrievals; Novel component; Semantic-aware; Video moment retrieval; Semantics,"Scopus:safety, WoS:safety",ICMR 2024 - Proceedings of the 2024 International Conference on Multimedia Retrieval,https://www.scopus.com/pages/publications/85199197563?origin=resultslist,Uncertain,,,abstract,pending,,
P02_0514,Towards Domain-Aware Stable Meta Learning for Out-of-Distribution Generalization,"Sun, M.; Li, Y.; Wang, Y.; Wang, X.",2024,10.1145/3676558,,"Deep learning models are often trained on datasets that are limited in size and distribution, which may not fully represent the entire range of data encountered in practice. Thus, making deep learning models generalize to out-of-distribution data has received a significant amount of attention in recent studies due to the critical importance of this ability in real-world applications. Meta learning as an effective knowledge transfer paradigm, which learns a base model with high generalization ability to adapt to new data distributions by minimizing domain shifts across tasks during meta-training. However, most existing meta learning methods assume that the base model can access the labels of different domains, and this assumption is demanding in many real application scenarios. In addition, these methods focus on narrowing data-level domain shifts, while ignoring task-level domain shifts, which may lead to inadequate or even negative transfer. Inspired by human learners who use induction to learn and master new tasks, we propose a novel domain-aware meta learning framework for out-of-distribution generalization, termed SMLG. This framework enables the base model to generalize effectively to unseen domains without relying on domain-specific labels. Specifically, we develop a domain-aware transformation module to obtain meta representation and pseudo domain labels. As a result, the base model can be trained robustly without the need for direct domain label input. Furthermore, to investigate the impact of domain shifts at different levels, we introduce a joint loss function that combines cross-entropy with a domain alignment constraint. Extensive experiments on benchmark datasets demonstrate the efficacy of our framework. © 2024 Copyright held by the owner/author(s). Publication rights licensed to ACM.",Cross domain; domain generalization; meta learning; task-level domain shift; Adversarial machine learning; Deep learning; Domain Knowledge; Federated learning; Base models; Cross-domain; Domain generalization; Generalisation; Learn+; Learning models; Metalearning; Real-world; Task levels; Task-level domain shift; Contrastive Learning,"Scopus:safety, WoS:safety",ACM Transactions on Knowledge Discovery from Data,https://www.scopus.com/pages/publications/85202442187?origin=resultslist,Uncertain,,,abstract,pending,,
P02_0517,A Cascade Registration Method Based on Transformation Transfer for Multiscale Point Clouds,"Deng, Y.; Kang, C.; Lin, Z.; Li, X.; Liu, S.; Wang, X.",2026,10.1109/jstars.2026.3655786,,"Point cloud registration is a core technology in fields such as 3D reconstruction and robot navigation. Current methods, however, struggle to balance accuracy with efficiency: the traditional Iterative Closest Point (ICP) algorithm is prone to local minima, while the Coherent Point Drift (CPD) algorithm suffers from high computational complexity. This article presents a Cascade Registration method based on Transformation Transfer for multiscale point clouds (CR-TT). Its key innovation lies in constructing a tightly coupled cascade framework where the transformation solved by coarse registration (guided by keypoints for rapid optimization) is converted into a strong prior for fine registration (driven by probability density modeling). This approach reduces the complex global optimization problem to efficient local refinement, achieving a paradigm shift from merely “improving the initial guess” to “simplifying the optimization problem itself.” Experiments on multiscale datasets demonstrate that CR-TT achieves significant advantages across small-, medium-, and large-scale scenes, with its Root Mean Square Error improved by 4.4–25.4 times over traditional ICP and CPD. Compared to state-of-the-art deep learning methods (e.g., DCP, GeoTransformer), CR-TT exhibits superior generalization capability and stability in out-of-distribution, large-scale complex scenes. In the engineering registration of point clouds for arch rib segments of a large concrete-filled steel tubular bridge, the coefficient of determination (R2) reaches 99.64%. The proposed method provides a reliable solution for efficient and robust alignment of cross-scale point clouds. © 2008-2012 IEEE.",3D laser scanning; cascade registration; point cloud registration; 3D reconstruction; Arch bridges; Computational complexity; Computational efficiency; Global optimization; Iterative methods; Learning systems; Probability density function; Robots; Three dimensional computer graphics; 3D Laser scanning; Cascade registration; Coherent point drifts; Core technology; In-field; Large-scales; Multi-scales; Point cloud registration; Point-clouds; Registration methods; algorithm; data set; error analysis; laser method; machine learning; optimization; Mean square error,"Scopus:safety, WoS:safety",IEEE Journal of Selected Topics in Applied Earth Observations and Remote Sensing,https://www.scopus.com/pages/publications/105028274076?origin=resultslist,Uncertain,,,abstract,pending,,
P02_0522,Avoiding Shortcuts: Enhancing Channel-Robust Specific Emitter Identification via Single-Source Domain Generalization,"Wang, Y.; Ohtsuki, T.; Sun, Z.; Niyato, D.; Wang, X.; Gui, G.",2025,10.1109/twc.2025.3528568,,"By extracting radio frequency (RF) fingerprints from received signals, specific emitter identification (SEI) becomes a promising technique for physical layer identification of wireless devices. Recently, channel-robust SEI has attracted increasing attention due to the weak robustness exhibited by deep learning (DL)-based SEI methods in cross-channel conditions. To address these limitations, we propose a novel channel-robust SEI framework based on single-source domain generalization (SDG). Initially, we analyze the weak robustness of existing SEI methods from the perspective of the ""shortcut learning""phenomenon in DL. Shortcut learning may lead traditional SEI methods to prioritize easily-mined, yet transient, channel characteristics in signal samples, rather than focusing on the more stable RF fingerprints derived from hardware differences. Next, from the perspective of SDG, we outline the optimization goal to rectify the shortcut learning in SEI. Inspired by this optimization goal, we then propose a channel-robust SEI method. This method consists of feature embedding through a multi-scale convolutional attention network (MSCAN), domain expansion using random overlay augmentation (ROA) to generate multiple virtual domains, and dual alignment strategy based on contrastive learning. Specifically, supervised contrastive learning is implemented for category-wise alignment, while supervised contrastive adversarial learning is utilized for domain-wise alignment. This dual alignment strategy can optimize the MSCAN to learn discriminative and domain-invariant feature representations, thereby enhancing the robustness of SEI. Simulation experiments on the ORACLE dataset and the WiSig dataset have demonstrated the superiority of our method compared to state-of-the-art techniques.  © 2002-2012 IEEE.",channel-robust; contrastive learning; shortcut learning; single-source domain generalization (SDG); Specific emitter identification (SEI); Channel estimation; Deep learning; Image segmentation; Self-supervised learning; Supervised learning; Channel-robust; Generalisation; Identification method; Optimization goals; Radiofrequencies; Shortcut learning; Single source; Single-source domain generalization; Specific emitter identification; Adversarial machine learning,"Scopus:safety, WoS:safety",IEEE Transactions on Wireless Communications,https://www.scopus.com/pages/publications/105002491437?origin=resultslist,Uncertain,,,abstract,pending,,
P02_0601,Span-based Semantic Parsing for Compositional Generalization,Jonathan Herzig; Jonathan Berant,2020,,2009.06040v2,"Despite the success of sequence-to-sequence (seq2seq) models in semantic parsing, recent work has shown that they fail in compositional generalization, i.e., the ability to generalize to new structures built of components observed during training. In this work, we posit that a span-based parser should lead to better compositional generalization. we propose SpanBasedSP, a parser that predicts a span tree over an input utterance, explicitly encoding how partial programs compose over spans in the input. SpanBasedSP extends Pasupat et al. (2019) to be comparable to seq2seq models by (i) training from programs, without access to gold trees, treating trees as latent variables, (ii) parsing a class of non-projective trees through an extension to standard CKY. On GeoQuery, SCAN and CLOSURE datasets, SpanBasedSP performs similarly to strong seq2seq baselines on random splits, but dramatically improves performance compared to baselines on splits that require compositional generalization: from $61.0 \rightarrow 88.9$ average accuracy.",arxiv:cs.CL,"arXiv:benchmark, arXiv:primary",,http://arxiv.org/abs/2009.06040v2,Uncertain,,,abstract,pending,,
P02_0603,Learning to Substitute Spans towards Improving Compositional Generalization,Zhaoyi Li; Ying Wei; Defu Lian,2023,,2306.02840v1,"Despite the rising prevalence of neural sequence models, recent empirical evidences suggest their deficiency in compositional generalization. One of the current de-facto solutions to this problem is compositional data augmentation, aiming to incur additional compositional inductive bias. Nonetheless, the improvement offered by existing handcrafted augmentation strategies is limited when successful systematic generalization of neural sequence models requires multi-grained compositional bias (i.e., not limited to either lexical or structural biases only) or differentiation of training sequences in an imbalanced difficulty distribution. To address the two challenges, we first propose a novel compositional augmentation strategy dubbed \textbf{Span} \textbf{Sub}stitution (SpanSub) that enables multi-grained composition of substantial substructures in the whole training set. Over and above that, we introduce the \textbf{L}earning \textbf{to} \textbf{S}ubstitute \textbf{S}pan (L2S2) framework which empowers the learning of span substitution probabilities in SpanSub in an end-to-end manner by maximizing the loss of neural sequence models, so as to outweigh those challenging compositions with elusive concepts and novel surroundings. Our empirical results on three standard compositional generalization benchmarks, including SCAN, COGS and GeoQuery (with an improvement of at most 66.5\%, 10.3\%, 1.2\%, respectively), demonstrate the superiority of SpanSub, %the learning framework L2S2 and their combination.",arxiv:cs.CL; arxiv:cs.LG,"arXiv:benchmark, arXiv:primary",,http://arxiv.org/abs/2306.02840v1,Uncertain,,,abstract,pending,,
P02_0606,Compositional Generalization in Dependency Parsing,Emily Goodwin; Siva Reddy; Timothy J. O'Donnell; Dzmitry Bahdanau,2021,,2110.06843v2,"Compositionality -- the ability to combine familiar units like words into novel phrases and sentences -- has been the focus of intense interest in artificial intelligence in recent years. To test compositional generalization in semantic parsing, Keysers et al. (2020) introduced Compositional Freebase Queries (CFQ). This dataset maximizes the similarity between the test and train distributions over primitive units, like words, while maximizing the compound divergence: the dissimilarity between test and train distributions over larger structures, like phrases. Dependency parsing, however, lacks a compositional generalization benchmark. In this work, we introduce a gold-standard set of dependency parses for CFQ, and use this to analyze the behavior of a state-of-the art dependency parser (Qi et al., 2020) on the CFQ dataset. We find that increasing compound divergence degrades dependency parsing performance, although not as dramatically as semantic parsing performance. Additionally, we find the performance of the dependency parser does not uniformly degrade relative to compound divergence, and the parser performs differently on different splits with the same compound divergence. We explore a number of hypotheses for what causes the non-uniform degradation in dependency parsing performance, and identify a number of syntactic structures that drive the dependency parser's lower performance on the most challenging splits.",arxiv:cs.CL,"arXiv:benchmark, arXiv:primary",,http://arxiv.org/abs/2110.06843v2,Uncertain,,,abstract,pending,,
P02_0609,Compositional Generalization Requires Compositional Parsers,Pia Weißenhorn; Yuekun Yao; Lucia Donatelli; Alexander Koller,2022,,2202.11937v1,"A rapidly growing body of research on compositional generalization investigates the ability of a semantic parser to dynamically recombine linguistic elements seen in training into unseen sequences. We present a systematic comparison of sequence-to-sequence models and models guided by compositional principles on the recent COGS corpus (Kim and Linzen, 2020). Though seq2seq models can perform well on lexical tasks, they perform with near-zero accuracy on structural generalization tasks that require novel syntactic structures; this holds true even when they are trained to predict syntax instead of semantics. In contrast, compositional models achieve near-perfect accuracy on structural generalization; we present new results confirming this from the AM parser (Groschwitz et al., 2021). Our findings show structural generalization is a key measure of compositional generalization and requires models that are aware of complex structure.",arxiv:cs.CL,"arXiv:benchmark, arXiv:primary",,http://arxiv.org/abs/2202.11937v1,Uncertain,,,abstract,pending,,
P02_0620,Compositional Generalization for Natural Language Interfaces to Web APIs,Saghar Hosseini; Ahmed Hassan Awadallah; Yu Su,2021,,2112.05209v1,"This paper presents Okapi, a new dataset for Natural Language to executable web Application Programming Interfaces (NL2API). This dataset is in English and contains 22,508 questions and 9,019 unique API calls, covering three domains. We define new compositional generalization tasks for NL2API which explore the models' ability to extrapolate from simple API calls in the training set to new and more complex API calls in the inference phase. Also, the models are required to generate API calls that execute correctly as opposed to the existing approaches which evaluate queries with placeholder values. Our dataset is different than most of the existing compositional semantic parsing datasets because it is a non-synthetic dataset studying the compositional generalization in a low-resource setting. Okapi is a step towards creating realistic datasets and benchmarks for studying compositional generalization alongside the existing datasets and tasks. We report the generalization capabilities of sequence-to-sequence baseline models trained on a variety of the SCAN and Okapi datasets tasks. The best model achieves 15\% exact match accuracy when generalizing from simple API calls to more complex API calls. This highlights some challenges for future research. Okapi dataset and tasks are publicly available at https://aka.ms/nl2api/data.",arxiv:cs.CL,"arXiv:benchmark, arXiv:primary",,http://arxiv.org/abs/2112.05209v1,Uncertain,,,abstract,pending,,
P02_0621,Revisiting the Compositional Generalization Abilities of Neural Sequence Models,Arkil Patel; Satwik Bhattamishra; Phil Blunsom; Navin Goyal,2022,,2203.07402v1,"Compositional generalization is a fundamental trait in humans, allowing us to effortlessly combine known phrases to form novel sentences. Recent works have claimed that standard seq-to-seq models severely lack the ability to compositionally generalize. In this paper, we focus on one-shot primitive generalization as introduced by the popular SCAN benchmark. We demonstrate that modifying the training distribution in simple and intuitive ways enables standard seq-to-seq models to achieve near-perfect generalization performance, thereby showing that their compositional generalization abilities were previously underestimated. We perform detailed empirical analysis of this phenomenon. Our results indicate that the generalization performance of models is highly sensitive to the characteristics of the training data which should be carefully considered while designing such benchmarks in future.",arxiv:cs.CL,"arXiv:benchmark, arXiv:primary",,http://arxiv.org/abs/2203.07402v1,Uncertain,,,abstract,pending,,
P02_0626,Compositional Generalization for Primitive Substitutions,Yuanpeng Li; Liang Zhao; Jianyu Wang; Joel Hestness,2019,,1910.02612v1,"Compositional generalization is a basic mechanism in human language learning, but current neural networks lack such ability. In this paper, we conduct fundamental research for encoding compositionality in neural networks. Conventional methods use a single representation for the input sentence, making it hard to apply prior knowledge of compositionality. In contrast, our approach leverages such knowledge with two representations, one generating attention maps, and the other mapping attended input words to output symbols. We reduce the entropy in each representation to improve generalization. Our experiments demonstrate significant improvements over the conventional methods in five NLP tasks including instruction learning and machine translation. In the SCAN domain, it boosts accuracies from 14.0% to 98.8% in Jump task, and from 92.0% to 99.7% in TurnLeft task. It also beats human performance on a few-shot learning task. We hope the proposed approach can help ease future research towards human-level compositional language learning.",arxiv:cs.CL; arxiv:cs.LG,"arXiv:benchmark, arXiv:primary",,http://arxiv.org/abs/1910.02612v1,Uncertain,,,abstract,pending,,
P02_0631,Learning to Recombine and Resample Data for Compositional Generalization,Ekin Akyürek; Afra Feyza Akyürek; Jacob Andreas,2020,,2010.03706v6,"Flexible neural sequence models outperform grammar- and automaton-based counterparts on a variety of tasks. However, neural models perform poorly in settings requiring compositional generalization beyond the training data -- particularly to rare or unseen subsequences. Past work has found symbolic scaffolding (e.g. grammars or automata) essential in these settings. We describe R&R, a learned data augmentation scheme that enables a large category of compositional generalizations without appeal to latent symbolic structure. R&R has two components: recombination of original training examples via a prototype-based generative model and resampling of generated examples to encourage extrapolation. Training an ordinary neural sequence model on a dataset augmented with recombined and resampled examples significantly improves generalization in two language processing problems -- instruction following (SCAN) and morphological analysis (SIGMORPHON 2018) -- where R&R enables learning of new constructions and tenses from as few as eight initial examples.",arxiv:cs.CL; arxiv:cs.LG,"arXiv:benchmark, arXiv:primary",,http://arxiv.org/abs/2010.03706v6,Uncertain,,,abstract,pending,,
P02_0636,SUBS: Subtree Substitution for Compositional Semantic Parsing,Jingfeng Yang; Le Zhang; Diyi Yang,2022,,2205.01538v1,"Although sequence-to-sequence models often achieve good performance in semantic parsing for i.i.d. data, their performance is still inferior in compositional generalization. Several data augmentation methods have been proposed to alleviate this problem. However, prior work only leveraged superficial grammar or rules for data augmentation, which resulted in limited improvement. We propose to use subtree substitution for compositional data augmentation, where we consider subtrees with similar semantic functions as exchangeable. Our experiments showed that such augmented data led to significantly better performance on SCAN and GeoQuery, and reached new SOTA on compositional split of GeoQuery.",arxiv:cs.CL,arXiv:benchmark,,http://arxiv.org/abs/2205.01538v1,Uncertain,,,abstract,pending,,
P02_0637,On graph-based reentrancy-free semantic parsing,Alban Petit; Caio Corro,2023,,2302.07679v1,"We propose a novel graph-based approach for semantic parsing that resolves two problems observed in the literature: (1) seq2seq models fail on compositional generalization tasks; (2) previous work using phrase structure parsers cannot cover all the semantic parses observed in treebanks. We prove that both MAP inference and latent tag anchoring (required for weakly-supervised learning) are NP-hard problems. We propose two optimization algorithms based on constraint smoothing and conditional gradient to approximately solve these inference problems. Experimentally, our approach delivers state-of-the-art results on Geoquery, Scan and Clevr, both for i.i.d. splits and for splits that test for compositional generalization.",arxiv:cs.CL; arxiv:cs.LG,arXiv:benchmark,,http://arxiv.org/abs/2302.07679v1,Uncertain,,,abstract,pending,,
P02_0638,LAGr: Labeling Aligned Graphs for Improving Systematic Generalization in Semantic Parsing,Dora Jambor; Dzmitry Bahdanau,2021,,2110.07572v2,"Semantic parsing is the task of producing a structured meaning representation for natural language utterances or questions. Recent research has pointed out that the commonly-used sequence-to-sequence (seq2seq) semantic parsers struggle to generalize systematically, i.e. to handle examples that require recombining known knowledge in novel settings. In this work, we show that better systematic generalization can be achieved by producing the meaning representation (MR) directly as a graph and not as a sequence. To this end we propose LAGr, the Labeling Aligned Graphs algorithm that produces semantic parses by predicting node and edge labels for a complete multi-layer input-aligned graph. The strongly-supervised LAGr algorithm requires aligned graphs as inputs, whereas weakly-supervised LAGr infers alignments for originally unaligned target graphs using an approximate MAP inference procedure. On the COGS and CFQ compositional generalization benchmarks the strongly- and weakly- supervised LAGr algorithms achieve significant improvements upon the baseline seq2seq parsers.",arxiv:cs.CL; arxiv:cs.AI,"arXiv:benchmark, arXiv:primary",,http://arxiv.org/abs/2110.07572v2,Uncertain,,,abstract,pending,,
P02_0639,ReCOGS: How Incidental Details of a Logical Form Overshadow an Evaluation of Semantic Interpretation,Zhengxuan Wu; Christopher D. Manning; Christopher Potts,2023,,2303.13716v2,"Compositional generalization benchmarks for semantic parsing seek to assess whether models can accurately compute meanings for novel sentences, but operationalize this in terms of logical form (LF) prediction. This raises the concern that semantically irrelevant details of the chosen LFs could shape model performance. We argue that this concern is realized for the COGS benchmark. COGS poses generalization splits that appear impossible for present-day models, which could be taken as an indictment of those models. However, we show that the negative results trace to incidental features of COGS LFs. Converting these LFs to semantically equivalent ones and factoring out capabilities unrelated to semantic interpretation, we find that even baseline models get traction. A recent variable-free translation of COGS LFs suggests similar conclusions, but we observe this format is not semantically equivalent; it is incapable of accurately representing some COGS meanings. These findings inform our proposal for ReCOGS, a modified version of COGS that comes closer to assessing the target semantic capabilities while remaining very challenging. Overall, our results reaffirm the importance of compositional generalization and careful benchmark task design.",arxiv:cs.CL,arXiv:benchmark,,http://arxiv.org/abs/2303.13716v2,Uncertain,,,abstract,pending,,
P02_0647,Compositional generalization through meta sequence-to-sequence learning,Brenden M. Lake,2019,,1906.05381v2,"People can learn a new concept and use it compositionally, understanding how to ""blicket twice"" after learning how to ""blicket."" In contrast, powerful sequence-to-sequence (seq2seq) neural networks fail such tests of compositionality, especially when composing new concepts together with existing concepts. In this paper, I show how memory-augmented neural networks can be trained to generalize compositionally through meta seq2seq learning. In this approach, models train on a series of seq2seq problems to acquire the compositional skills needed to solve new seq2seq problems. Meta se2seq learning solves several of the SCAN tests for compositional learning and can learn to apply implicit rules to variables.",arxiv:cs.CL; arxiv:cs.AI; arxiv:cs.LG,arXiv:benchmark,,http://arxiv.org/abs/1906.05381v2,Uncertain,,,abstract,pending,,
P02_0649,Laziness Is a Virtue When It Comes to Compositionality in Neural Semantic Parsing,Maxwell Crouse; Pavan Kapanipathi; Subhajit Chaudhury; Tahira Naseem; Ramon Astudillo; Achille Fokoue; Tim Klinger,2023,,2305.04346v1,"Nearly all general-purpose neural semantic parsers generate logical forms in a strictly top-down autoregressive fashion. Though such systems have achieved impressive results across a variety of datasets and domains, recent works have called into question whether they are ultimately limited in their ability to compositionally generalize. In this work, we approach semantic parsing from, quite literally, the opposite direction; that is, we introduce a neural semantic parsing generation method that constructs logical forms from the bottom up, beginning from the logical form's leaves. The system we introduce is lazy in that it incrementally builds up a set of potential semantic parses, but only expands and processes the most promising candidate parses at each generation step. Such a parsimonious expansion scheme allows the system to maintain an arbitrarily large set of parse hypotheses that are never realized and thus incur minimal computational overhead. We evaluate our approach on compositional generalization; specifically, on the challenging CFQ dataset and three Text-to-SQL datasets where we show that our novel, bottom-up semantic parsing technique outperforms general-purpose semantic parsers while also being competitive with comparable neural parsers that have been designed for each task.",arxiv:cs.CL; arxiv:cs.AI,arXiv:benchmark,,http://arxiv.org/abs/2305.04346v1,Uncertain,,,abstract,pending,,
P02_0663,A Class of Distributions for Linear Demand Markets,Stefanos Leonardos; Costis Melolidakis,2018,,1805.06327v5,"In this paper, we study distributions that describe markets with linear stochastic demand. We express the price elasticity of expected demand in terms of the mean residual demand (MRD) function of the demand distribution and characterize optimal prices or equivalently, points of unitary elasticity, as fixed points of the MRD function. This leads to economic interpretable conditions on the demand distribution under which such fixed points exists and are unique. In particular, markets with increasing price elasticity of expected demand that eventually become elastic correspond to distributions with decreasing generalized mean residual demand (DGMRD) and finite second moment. DGMRD distributions strictly generalize the widely used increasing generalized failure rate (IGFR) distributions. In real life economic applications, they arise naturally as mixtures of (possibly) IGFR distributions over disjoint intervals. We further elaborate on the relationship of the two classes and link their limiting behavior at infinity. We examine moment and closure properties of the DGMRD distributions that are important in economic applications and illustrate our results with examples.",arxiv:math.PR,arXiv:benchmark,,http://arxiv.org/abs/1805.06327v5,Uncertain,,,abstract,pending,,
P02_0665,NCHO: Unsupervised Learning for Neural 3D Composition of Humans and Objects,Taeksoo Kim; Shunsuke Saito; Hanbyul Joo,2023,,2305.14345v2,"Deep generative models have been recently extended to synthesizing 3D digital humans. However, previous approaches treat clothed humans as a single chunk of geometry without considering the compositionality of clothing and accessories. As a result, individual items cannot be naturally composed into novel identities, leading to limited expressiveness and controllability of generative 3D avatars. While several methods attempt to address this by leveraging synthetic data, the interaction between humans and objects is not authentic due to the domain gap, and manual asset creation is difficult to scale for a wide variety of objects. In this work, we present a novel framework for learning a compositional generative model of humans and objects (backpacks, coats, scarves, and more) from real-world 3D scans. Our compositional model is interaction-aware, meaning the spatial relationship between humans and objects, and the mutual shape change by physical contact is fully incorporated. The key challenge is that, since humans and objects are in contact, their 3D scans are merged into a single piece. To decompose them without manual annotations, we propose to leverage two sets of 3D scans of a single person with and without objects. Our approach learns to decompose objects and naturally compose them back into a generative human model in an unsupervised manner. Despite our simple setup requiring only the capture of a single subject with objects, our experiments demonstrate the strong generalization of our model by enabling the natural composition of objects to diverse identities in various poses and the composition of multiple objects, which is unseen in training data. https://taeksuu.github.io/ncho/",arxiv:cs.CV,arXiv:benchmark,,http://arxiv.org/abs/2305.14345v2,Uncertain,,,abstract,pending,,
P02_0667,Does Data Scaling Lead to Visual Compositional Generalization?,Arnas Uselis; Andrea Dittadi; Seong Joon Oh,2025,,2507.07102v1,"Compositional understanding is crucial for human intelligence, yet it remains unclear whether contemporary vision models exhibit it. The dominant machine learning paradigm is built on the premise that scaling data and model sizes will improve out-of-distribution performance, including compositional generalization. We test this premise through controlled experiments that systematically vary data scale, concept diversity, and combination coverage. We find that compositional generalization is driven by data diversity, not mere data scale. Increased combinatorial coverage forces models to discover a linearly factored representational structure, where concepts decompose into additive components. We prove this structure is key to efficiency, enabling perfect generalization from few observed combinations. Evaluating pretrained models (DINO, CLIP), we find above-random yet imperfect performance, suggesting partial presence of this structure. Our work motivates stronger emphasis on constructing diverse datasets for compositional generalization, and considering the importance of representational structure that enables efficient compositional learning. Code available at https://github.com/oshapio/visual-compositional-generalization.",arxiv:cs.LG,"arXiv:broad, arXiv:primary",,http://arxiv.org/abs/2507.07102v1,Uncertain,,,abstract,pending,,
P02_0668,Towards Robust Out-of-Distribution Generalization Bounds via Sharpness,Yingtian Zou; Kenji Kawaguchi; Yingnan Liu; Jiashuo Liu; Mong-Li Lee; Wynne Hsu,2024,,2403.06392v1,"Generalizing to out-of-distribution (OOD) data or unseen domain, termed OOD generalization, still lacks appropriate theoretical guarantees. Canonical OOD bounds focus on different distance measurements between source and target domains but fail to consider the optimization property of the learned model. As empirically shown in recent work, the sharpness of learned minima influences OOD generalization. To bridge this gap between optimization and OOD generalization, we study the effect of sharpness on how a model tolerates data change in domain shift which is usually captured by ""robustness"" in generalization. In this paper, we give a rigorous connection between sharpness and robustness, which gives better OOD guarantees for robust algorithms. It also provides a theoretical backing for ""flat minima leads to better OOD generalization"". Overall, we propose a sharpness-based OOD generalization bound by taking robustness into consideration, resulting in a tighter bound than non-robust guarantees. Our findings are supported by the experiments on a ridge regression model, as well as the experiments on deep learning classification tasks.",arxiv:cs.LG,arXiv:broad,,http://arxiv.org/abs/2403.06392v1,Uncertain,,,abstract,pending,,
P02_0669,Aggregation Hides Out-of-Distribution Generalization Failures from Spurious Correlations,Olawale Salaudeen; Haoran Zhang; Kumail Alhamoud; Sara Beery; Marzyeh Ghassemi,2025,,2510.24884v1,"Benchmarks for out-of-distribution (OOD) generalization frequently show a strong positive correlation between in-distribution (ID) and OOD accuracy across models, termed ""accuracy-on-the-line."" This pattern is often taken to imply that spurious correlations - correlations that improve ID but reduce OOD performance - are rare in practice. We find that this positive correlation is often an artifact of aggregating heterogeneous OOD examples. Using a simple gradient-based method, OODSelect, we identify semantically coherent OOD subsets where accuracy on the line does not hold. Across widely used distribution shift benchmarks, the OODSelect uncovers subsets, sometimes over half of the standard OOD set, where higher ID accuracy predicts lower OOD accuracy. Our findings indicate that aggregate metrics can obscure important failure modes of OOD robustness. We release code and the identified subsets to facilitate further research.",arxiv:cs.LG,arXiv:broad,,http://arxiv.org/abs/2510.24884v1,Uncertain,,,abstract,pending,,
P02_0673,Learning to Think in Physics: Breaking Shortcut Learning in Scientific Diffusion via Representation Alignment,Haozhe Jia; Pengyu Yin; Wenshuo Chen; Shaofeng Liang; Lei Wang; Bowen Tian; Xiucheng Wang; Nanqian Jia; Yutao Yue,2026,,2605.20780v1,"Physics-informed diffusion models typically enforce PDE constraints only on final outputs, leaving intermediate representations unconstrained and prone to shortcut learning under shifted boundary conditions. We introduce **REPA-P**, a teacher-free, architecture-agnostic framework that aligns intermediate features with physical states using first-principles residuals. REPA-P attaches lightweight $1{\times}1$ projection heads to selected layers, decodes hidden activations into physical quantities, and applies PDE residual losses during training. These heads are discarded at inference, introducing **zero overhead**. Across four PDE tasks, including Darcy flow, topology optimization, electrostatic potential, and turbulent channel flow, REPA-P accelerates convergence by up to $2{\times}$, reduces physics residuals by up to $66.4\%$, and improves out-of-distribution robustness by up to $49.3\%$, with consistent gains on both U-Net and Diffusion Transformer backbones. Ablations show that supervising a small set of intermediate layers captures most benefits and complements output-level physics losses. Code is available at [https://github.com/Hxxxz0/REPA-P](https://github.com/Hxxxz0/REPA-P).",arxiv:cs.LG; arxiv:cs.CV,arXiv:broad,,http://arxiv.org/abs/2605.20780v1,Uncertain,,,abstract,pending,,
P02_0678,"Sharp analysis of out-of-distribution error for ""importance-weighted"" estimators in the overparameterized regime",Kuo-Wei Lai; Vidya Muthukumar,2024,,2405.06546v1,"Overparameterized models that achieve zero training error are observed to generalize well on average, but degrade in performance when faced with data that is under-represented in the training sample. In this work, we study an overparameterized Gaussian mixture model imbued with a spurious feature, and sharply analyze the in-distribution and out-of-distribution test error of a cost-sensitive interpolating solution that incorporates ""importance weights"". Compared to recent work Wang et al. (2021), Behnia et al. (2022), our analysis is sharp with matching upper and lower bounds, and significantly weakens required assumptions on data dimensionality. Our error characterizations also apply to any choice of importance weights and unveil a novel tradeoff between worst-case robustness to distribution shift and average accuracy as a function of the importance weight magnitude.",arxiv:stat.ML; arxiv:cs.IT; arxiv:cs.LG,arXiv:broad,,http://arxiv.org/abs/2405.06546v1,Uncertain,,,abstract,pending,,
P02_0679,Principled Out-of-Distribution Generalization via Simplicity,Jiawei Ge; Amanda Wang; Shange Tang; Chi Jin,2025,,2505.22622v1,"Modern foundation models exhibit remarkable out-of-distribution (OOD) generalization, solving tasks far beyond the support of their training data. However, the theoretical principles underpinning this phenomenon remain elusive. This paper investigates this problem by examining the compositional generalization abilities of diffusion models in image generation. Our analysis reveals that while neural network architectures are expressive enough to represent a wide range of models -- including many with undesirable behavior on OOD inputs -- the true, generalizable model that aligns with human expectations typically corresponds to the simplest among those consistent with the training data.   Motivated by this observation, we develop a theoretical framework for OOD generalization via simplicity, quantified using a predefined simplicity metric. We analyze two key regimes: (1) the constant-gap setting, where the true model is strictly simpler than all spurious alternatives by a fixed gap, and (2) the vanishing-gap setting, where the fixed gap is replaced by a smoothness condition ensuring that models close in simplicity to the true model yield similar predictions. For both regimes, we study the regularized maximum likelihood estimator and establish the first sharp sample complexity guarantees for learning the true, generalizable, simple model.",arxiv:stat.ML; arxiv:cs.LG; arxiv:math.ST,arXiv:broad,,http://arxiv.org/abs/2505.22622v1,Uncertain,,,abstract,pending,,
P02_0688,Using Interventions to Improve Out-of-Distribution Generalization of Text-Matching Recommendation Systems,Parikshit Bansal; Yashoteja Prabhu; Emre Kiciman; Amit Sharma,2022,,2210.10636v2,"Given a user's input text, text-matching recommender systems output relevant items by comparing the input text to available items' description, such as product-to-product recommendation on e-commerce platforms. As users' interests and item inventory are expected to change, it is important for a text-matching system to generalize to data shifts, a task known as out-of-distribution (OOD) generalization. However, we find that the popular approach of fine-tuning a large, base language model on paired item relevance data (e.g., user clicks) can be counter-productive for OOD generalization. For a product recommendation task, fine-tuning obtains worse accuracy than the base model when recommending items in a new category or for a future time period. To explain this generalization failure, we consider an intervention-based importance metric, which shows that a fine-tuned model captures spurious correlations and fails to learn the causal features that determine the relevance between any two text inputs. Moreover, standard methods for causal regularization do not apply in this setting, because unlike in images, there exist no universally spurious features in a text-matching task (the same token may be spurious or causal depending on the text it is being matched to). For OOD generalization on text inputs, therefore, we highlight a different goal: avoiding high importance scores for certain features. We do so using an intervention-based regularizer that constraints the causal effect of any token on the model's relevance score to be similar to the base model. Results on Amazon product and 3 question recommendation datasets show that our proposed regularizer improves generalization for both in-distribution and OOD evaluation, especially in difficult scenarios when the base model is not accurate.",arxiv:cs.IR; arxiv:cs.LG,arXiv:broad,,http://arxiv.org/abs/2210.10636v2,Uncertain,,,abstract,pending,,
P02_0689,Correct-N-Contrast: A Contrastive Approach for Improving Robustness to Spurious Correlations,Michael Zhang; Nimit S. Sohoni; Hongyang R. Zhang; Chelsea Finn; Christopher Ré,2022,,2203.01517v2,"Spurious correlations pose a major challenge for robust machine learning. Models trained with empirical risk minimization (ERM) may learn to rely on correlations between class labels and spurious attributes, leading to poor performance on data groups without these correlations. This is particularly challenging to address when spurious attribute labels are unavailable. To improve worst-group performance on spuriously correlated data without training attribute labels, we propose Correct-N-Contrast (CNC), a contrastive approach to directly learn representations robust to spurious correlations. As ERM models can be good spurious attribute predictors, CNC works by (1) using a trained ERM model's outputs to identify samples with the same class but dissimilar spurious features, and (2) training a robust model with contrastive learning to learn similar representations for same-class samples. To support CNC, we introduce new connections between worst-group error and a representation alignment loss that CNC aims to minimize. We empirically observe that worst-group error closely tracks with alignment loss, and prove that the alignment loss over a class helps upper-bound the class's worst-group vs. average error gap. On popular benchmarks, CNC reduces alignment loss drastically, and achieves state-of-the-art worst-group accuracy by 3.6% average absolute lift. CNC is also competitive with oracle methods that require group labels.",arxiv:cs.LG,arXiv:broad,,http://arxiv.org/abs/2203.01517v2,Uncertain,,,abstract,pending,,
P02_0690,CausPref: Causal Preference Learning for Out-of-Distribution Recommendation,Yue He; Zimu Wang; Peng Cui; Hao Zou; Yafeng Zhang; Qiang Cui; Yong Jiang,2022,,2202.03984v2,"In spite of the tremendous development of recommender system owing to the progressive capability of machine learning recently, the current recommender system is still vulnerable to the distribution shift of users and items in realistic scenarios, leading to the sharp decline of performance in testing environments. It is even more severe in many common applications where only the implicit feedback from sparse data is available. Hence, it is crucial to promote the performance stability of recommendation method in different environments. In this work, we first make a thorough analysis of implicit recommendation problem from the viewpoint of out-of-distribution (OOD) generalization. Then under the guidance of our theoretical analysis, we propose to incorporate the recommendation-specific DAG learner into a novel causal preference-based recommendation framework named CausPref, mainly consisting of causal learning of invariant user preference and anti-preference negative sampling to deal with implicit feedback. Extensive experimental results from real-world datasets clearly demonstrate that our approach surpasses the benchmark models significantly under types of out-of-distribution settings, and show its impressive interpretability.",arxiv:cs.LG,arXiv:broad,,http://arxiv.org/abs/2202.03984v2,Uncertain,,,abstract,pending,,
P02_0692,Fishr: Invariant Gradient Variances for Out-of-Distribution Generalization,Alexandre Rame; Corentin Dancette; Matthieu Cord,2021,,2109.02934v3,"Learning robust models that generalize well under changes in the data distribution is critical for real-world applications. To this end, there has been a growing surge of interest to learn simultaneously from multiple training domains - while enforcing different types of invariance across those domains. Yet, all existing approaches fail to show systematic benefits under controlled evaluation protocols. In this paper, we introduce a new regularization - named Fishr - that enforces domain invariance in the space of the gradients of the loss: specifically, the domain-level variances of gradients are matched across training domains. Our approach is based on the close relations between the gradient covariance, the Fisher Information and the Hessian of the loss: in particular, we show that Fishr eventually aligns the domain-level loss landscapes locally around the final weights. Extensive experiments demonstrate the effectiveness of Fishr for out-of-distribution generalization. Notably, Fishr improves the state of the art on the DomainBed benchmark and performs consistently better than Empirical Risk Minimization. Our code is available at https://github.com/alexrame/fishr.",arxiv:cs.LG; arxiv:cs.AI; arxiv:cs.CV,arXiv:broad,,http://arxiv.org/abs/2109.02934v3,Uncertain,,,abstract,pending,,
P02_0698,Invariance Principle Meets Information Bottleneck for Out-of-Distribution Generalization,Kartik Ahuja; Ethan Caballero; Dinghuai Zhang; Jean-Christophe Gagnon-Audet; Yoshua Bengio; Ioannis Mitliagkas; Irina Rish,2021,,2106.06607v2,"The invariance principle from causality is at the heart of notable approaches such as invariant risk minimization (IRM) that seek to address out-of-distribution (OOD) generalization failures. Despite the promising theory, invariance principle-based approaches fail in common classification tasks, where invariant (causal) features capture all the information about the label. Are these failures due to the methods failing to capture the invariance? Or is the invariance principle itself insufficient? To answer these questions, we revisit the fundamental assumptions in linear regression tasks, where invariance-based approaches were shown to provably generalize OOD. In contrast to the linear regression tasks, we show that for linear classification tasks we need much stronger restrictions on the distribution shifts, or otherwise OOD generalization is impossible. Furthermore, even with appropriate restrictions on distribution shifts in place, we show that the invariance principle alone is insufficient. We prove that a form of the information bottleneck constraint along with invariance helps address key failures when invariant features capture all the information about the label and also retains the existing success when they do not. We propose an approach that incorporates both of these principles and demonstrate its effectiveness in several experiments.",arxiv:cs.LG; arxiv:stat.ML,arXiv:broad,,http://arxiv.org/abs/2106.06607v2,Uncertain,,,abstract,pending,,
P02_0700,What Matters to You? Towards Visual Representation Alignment for Robot Learning,Ran Tian; Chenfeng Xu; Masayoshi Tomizuka; Jitendra Malik; Andrea Bajcsy,2023,,2310.07932v2,"When operating in service of people, robots need to optimize rewards aligned with end-user preferences. Since robots will rely on raw perceptual inputs like RGB images, their rewards will inevitably use visual representations. Recently there has been excitement in using representations from pre-trained visual models, but key to making these work in robotics is fine-tuning, which is typically done via proxy tasks like dynamics prediction or enforcing temporal cycle-consistency. However, all these proxy tasks bypass the human's input on what matters to them, exacerbating spurious correlations and ultimately leading to robot behaviors that are misaligned with user preferences. In this work, we propose that robots should leverage human feedback to align their visual representations with the end-user and disentangle what matters for the task. We propose Representation-Aligned Preference-based Learning (RAPL), a method for solving the visual representation alignment problem and visual reward learning problem through the lens of preference-based learning and optimal transport. Across experiments in X-MAGICAL and in robotic manipulation, we find that RAPL's reward consistently generates preferred robot behaviors with high sample efficiency, and shows strong zero-shot generalization when the visual representation is learned from a different embodiment than the robot's.",arxiv:cs.RO; arxiv:cs.AI; arxiv:cs.CV,arXiv:broad,,http://arxiv.org/abs/2310.07932v2,Uncertain,,,abstract,pending,,
P02_0705,Diagnosing Generalization Failures from Representational Geometry Markers,Chi-Ning Chou; Artem Kirsanov; Yao-Yuan Yang; SueYeon Chung,2026,,2603.01879v1,"Generalization, the ability to perform well beyond the training context, is a hallmark of biological and artificial intelligence, yet anticipating unseen failures remains a central challenge. Conventional approaches often take a ``bottom-up'' mechanistic route by reverse-engineering interpretable features or circuits to build explanatory models. While insightful, these methods often struggle to provide the high-level, predictive signals for anticipating failure in real-world deployment. Here, we propose using a ``top-down'' approach to studying generalization failures inspired by medical biomarkers: identifying system-level measurements that serve as robust indicators of a model's future performance. Rather than mapping out detailed internal mechanisms, we systematically design and test network markers to probe structure, function links, identify prognostic indicators, and validate predictions in real-world settings. In image classification, we find that task-relevant geometric properties of in-distribution (ID) object manifolds consistently forecast poor out-of-distribution (OOD) generalization. In particular, reductions in two geometric measures, effective manifold dimensionality and utility, predict weaker OOD performance across diverse architectures, optimizers, and datasets. We apply this finding to transfer learning with ImageNet-pretrained models. We consistently find that the same geometric patterns predict OOD transfer performance more reliably than ID accuracy. This work demonstrates that representational geometry can expose hidden vulnerabilities, offering more robust guidance for model selection and AI interpretability.",arxiv:cs.LG; arxiv:cs.AI,arXiv:broad,,http://arxiv.org/abs/2603.01879v1,Uncertain,,,abstract,pending,,
P02_0713,"Easy to Learn, Yet Hard to Forget: Towards Robust Unlearning Under Bias",JuneHyoung Kwon; MiHyeon Kim; Eunju Lee; Yoonji Lee; Seunghoon Lee; YoungBin Kim,2026,,2602.21773v1,"Machine unlearning, which enables a model to forget specific data, is crucial for ensuring data privacy and model reliability. However, its effectiveness can be severely undermined in real-world scenarios where models learn unintended biases from spurious correlations within the data. This paper investigates the unique challenges of unlearning from such biased models. We identify a novel phenomenon we term ``shortcut unlearning,"" where models exhibit an ``easy to learn, yet hard to forget"" tendency. Specifically, models struggle to forget easily-learned, bias-aligned samples; instead of forgetting the class attribute, they unlearn the bias attribute, which can paradoxically improve accuracy on the class intended to be forgotten. To address this, we propose CUPID, a new unlearning framework inspired by the observation that samples with different biases exhibit distinct loss landscape sharpness. Our method first partitions the forget set into causal- and bias-approximated subsets based on sample sharpness, then disentangles model parameters into causal and bias pathways, and finally performs a targeted update by routing refined causal and bias gradients to their respective pathways. Extensive experiments on biased datasets including Waterbirds, BAR, and Biased NICO++ demonstrate that our method achieves state-of-the-art forgetting performance and effectively mitigates the shortcut unlearning problem.",arxiv:cs.LG; arxiv:cs.CV,arXiv:broad,,http://arxiv.org/abs/2602.21773v1,Uncertain,,,abstract,pending,,
P02_0717,Incorporating Surrogate Gradient Norm to Improve Offline Optimization Techniques,Manh Cuong Dao; Phi Le Nguyen; Thao Nguyen Truong; Trong Nghia Hoang,2025,,2503.04242v1,"Offline optimization has recently emerged as an increasingly popular approach to mitigate the prohibitively expensive cost of online experimentation. The key idea is to learn a surrogate of the black-box function that underlines the target experiment using a static (offline) dataset of its previous input-output queries. Such an approach is, however, fraught with an out-of-distribution issue where the learned surrogate becomes inaccurate outside the offline data regimes. To mitigate this, existing offline optimizers have proposed numerous conditioning techniques to prevent the learned surrogate from being too erratic. Nonetheless, such conditioning strategies are often specific to particular surrogate or search models, which might not generalize to a different model choice. This motivates us to develop a model-agnostic approach instead, which incorporates a notion of model sharpness into the training loss of the surrogate as a regularizer. Our approach is supported by a new theoretical analysis demonstrating that reducing surrogate sharpness on the offline dataset provably reduces its generalized sharpness on unseen data. Our analysis extends existing theories from bounding generalized prediction loss (on unseen data) with loss sharpness to bounding the worst-case generalized surrogate sharpness with its empirical estimate on training data, providing a new perspective on sharpness regularization. Our extensive experimentation on a diverse range of optimization tasks also shows that reducing surrogate sharpness often leads to significant improvement, marking (up to) a noticeable 9.6% performance boost. Our code is publicly available at https://github.com/cuong-dm/IGNITE",arxiv:cs.LG,arXiv:broad,,http://arxiv.org/abs/2503.04242v1,Uncertain,,,abstract,pending,,
P02_0738,DSL: Understanding and Improving Softmax Recommender Systems with Competition-Aware Scaling,Bucher Sahyouni; Matthew Vowels; Liqun Chen; Simon Hadfield,2026,,2602.07206v1,"Softmax Loss (SL) is being increasingly adopted for recommender systems (RS) as it has demonstrated better performance, robustness and fairness. Yet in implicit-feedback, a single global temperature and equal treatment of uniformly sampled negatives can lead to brittle training, because sampled sets may contain varying degrees of relevant or informative competitors. The optimal loss sharpness for a user-item pair with a particular set of negatives, can be suboptimal or destabilising for another with different negatives. We introduce Dual-scale Softmax Loss (DSL), which infers effective sharpness from the sampled competition itself. DSL adds two complementary branches to the log-sum-exp backbone. Firstly it reweights negatives within each training instance using hardness and item--item similarity, secondly it adapts a per-example temperature from the competition intensity over a constructed competitor slate. Together, these components preserve the geometry of SL while reshaping the competition distribution across negatives and across examples.   Over several representative benchmarks and backbones, DSL yields substantial gains over strong baselines, with improvements over SL exceeding $10%$ in several settings and averaging $6.22%$ across datasets, metrics, and backbones. Under out-of-distribution (OOD) popularity shift, the gains are larger, with an average of $9.31%$ improvement over SL. We further provide a theoretical, distributionally robust optimisation (DRO) analysis, which demonstrates how DSL reshapes the robust payoff and the KL deviation for ambiguous instances. This helps explain the empirically observed improvements in accuracy and robustness.",arxiv:cs.LG; arxiv:cs.AI,arXiv:broad,,http://arxiv.org/abs/2602.07206v1,Uncertain,,,abstract,pending,,
P02_0740,VLA^2: Empowering Vision-Language-Action Models with an Agentic Framework for Unseen Concept Manipulation,Han Zhao; Jiaxuan Zhang; Wenxuan Song; Pengxiang Ding; Donglin Wang,2025,,2510.14902v1,"Current vision-language-action (VLA) models, pre-trained on large-scale robotic data, exhibit strong multi-task capabilities and generalize well to variations in visual and language instructions for manipulation. However, their success rate drops significantly when faced with object concepts outside the training data, such as unseen object descriptions and textures in the dataset. To address this, we propose a novel agentic framework, VLA^2, which leverages OpenVLA as the execution backbone and effectively leverages external modules such as web retrieval and object detection to provide visual and textual knowledge about target objects to the VLA. This approach mitigates generalization failure when handling out-of-distribution objects. Based on the LIBERO simulation environment, we introduced novel objects and object descriptions to construct a new evaluation benchmark with three difficulty levels to test the effectiveness of our method. Our framework successfully outperformed the current state-of-the-art models on our designed hard-level generalization benchmark. Compared to the standalone OpenVLA baseline, VLA^2 achieves a 44.2% improvement in the success rate in the hard-level benchmark and an average improvement of 20.2% in all customized environments without any performance degradation on in-domain tasks. Project website: https://vla-2.github.io.",arxiv:cs.RO,arXiv:broad,,http://arxiv.org/abs/2510.14902v1,Uncertain,,,abstract,pending,,
P02_0741,Navigating High Dimensional Concept Space with Metalearning,Max Gupta,2025,,2508.01948v3,"Rapidly learning abstract concepts from limited examples is a hallmark of human intelligence. This work investigates whether gradient-based meta-learning can equip neural networks with inductive biases for efficient few-shot acquisition of discrete concepts. I compare meta-learning methods against a supervised learning baseline on Boolean concepts (logical statements) generated by a probabilistic context-free grammar (PCFG). By systematically varying concept dimensionality (number of features) and recursive compositionality (depth of grammar recursion), I delineate between complexity regimes in which meta-learning robustly improves few-shot concept learning and regimes in which it does not. Meta-learners are much better able to handle compositional complexity than featural complexity. I highlight some reasons for this with a representational analysis of the weights of meta-learners and a loss landscape analysis demonstrating how featural complexity increases the roughness of loss trajectories, allowing curvature-aware optimization to be more effective than first-order methods. I find improvements in out-of-distribution generalization on complex concepts by increasing the number of adaptation steps in meta-SGD, where adaptation acts as a way of encouraging exploration of rougher loss basins. Overall, this work highlights the intricacies of learning compositional versus featural complexity in high dimensional concept spaces and provides a road to understanding the role of 2nd order methods and extended gradient adaptation in few-shot concept learning.",arxiv:cs.LG,arXiv:broad,,http://arxiv.org/abs/2508.01948v3,Uncertain,,,abstract,pending,,
P02_0757,FedSoup: Improving Generalization and Personalization in Federated Learning via Selective Model Interpolation,Minghui Chen; Meirui Jiang; Qi Dou; Zehua Wang; Xiaoxiao Li,2023,,2307.10507v1,"Cross-silo federated learning (FL) enables the development of machine learning models on datasets distributed across data centers such as hospitals and clinical research laboratories. However, recent research has found that current FL algorithms face a trade-off between local and global performance when confronted with distribution shifts. Specifically, personalized FL methods have a tendency to overfit to local data, leading to a sharp valley in the local model and inhibiting its ability to generalize to out-of-distribution data. In this paper, we propose a novel federated model soup method (i.e., selective interpolation of model parameters) to optimize the trade-off between local and global performance. Specifically, during the federated training phase, each client maintains its own global model pool by monitoring the performance of the interpolated model between the local and global models. This allows us to alleviate overfitting and seek flat minima, which can significantly improve the model's generalization performance. We evaluate our method on retinal and pathological image classification tasks, and our proposed method achieves significant improvements for out-of-distribution generalization. Our code is available at https://github.com/ubc-tea/FedSoup.",arxiv:cs.LG; arxiv:cs.CV,arXiv:broad,,http://arxiv.org/abs/2307.10507v1,Uncertain,,,abstract,pending,,
P02_0781,Thermodynamically-Informed Iterative Neural Operators for Heterogeneous Elastic Localization,Conlain Kelly; Surya R. Kalidindi,2024,,2411.06529v1,"Engineering problems frequently require solution of governing equations with spatially-varying discontinuous coefficients. Even for linear elliptic problems, mapping large ensembles of coefficient fields to solutions can become a major computational bottleneck using traditional numerical solvers. Furthermore, machine learning methods such as neural operators struggle to fit these maps due to sharp transitions and high contrast in the coefficient fields and a scarcity of informative training data. In this work, we focus on a canonical problem in computational mechanics: prediction of local elastic deformation fields over heterogeneous material structures subjected to periodic boundary conditions. We construct a hybrid approximation for the coefficient-to-solution map using a Thermodynamically-informed Iterative Neural Operator (TherINO). Rather than using coefficient fields as direct inputs and iterating over a learned latent space, we employ thermodynamic encodings -- drawn from the constitutive equations -- and iterate over the solution space itself. Through an extensive series of case studies, we elucidate the advantages of these design choices in terms of efficiency, accuracy, and flexibility. We also analyze the model's stability and extrapolation properties on out-of-distribution coefficient fields and demonstrate an improved speed-accuracy tradeoff for predicting elastic quantities of interest.",arxiv:cs.LG; arxiv:cond-mat.mtrl-sci,arXiv:broad,,http://arxiv.org/abs/2411.06529v1,Uncertain,,,abstract,pending,,
P02_0795,TerraIncognita: A Dynamic Benchmark for Species Discovery Using Frontier Models,Shivani Chiranjeevi; Hossein Zaremehrjerdi; Zi K. Deng; Talukder Z. Jubery; Ari Grele; Arti Singh; Asheesh K Singh; Soumik Sarkar; Nirav Merchant; Harold F. Greeney; Baskar Ganapathysubramanian; Chinmay Hegde,2025,,2506.03182v1,"The rapid global loss of biodiversity, particularly among insects, represents an urgent ecological crisis. Current methods for insect species discovery are manual, slow, and severely constrained by taxonomic expertise, hindering timely conservation actions. We introduce TerraIncognita, a dynamic benchmark designed to evaluate state-of-the-art multimodal models for the challenging problem of identifying unknown, potentially undescribed insect species from image data. Our benchmark dataset combines a mix of expertly annotated images of insect species likely known to frontier AI models, and images of rare and poorly known species, for which few/no publicly available images exist. These images were collected from underexplored biodiversity hotspots, realistically mimicking open-world discovery scenarios faced by ecologists. The benchmark assesses models' proficiency in hierarchical taxonomic classification, their capability to detect and abstain from out-of-distribution (OOD) samples representing novel species, and their ability to generate explanations aligned with expert taxonomic knowledge. Notably, top-performing models achieve over 90\% F1 at the Order level on known species, but drop below 2\% at the Species level, highlighting the sharp difficulty gradient from coarse to fine taxonomic prediction (Order $\rightarrow$ Family $\rightarrow$ Genus $\rightarrow$ Species). TerraIncognita will be updated regularly, and by committing to quarterly dataset expansions (of both known and novel species), will provide an evolving platform for longitudinal benchmarking of frontier AI methods. All TerraIncognita data, results, and future updates are available \href{https://baskargroup.github.io/TerraIncognita/}{here}.",arxiv:cs.CV; arxiv:cs.LG,arXiv:broad,,http://arxiv.org/abs/2506.03182v1,Uncertain,,,abstract,pending,,
P02_0797,Predictable GRPO: A Closed-Form Model of Training Dynamics,Rajat Ghosh; Datta Nimmaturi; Aryan Singhal; Vaishnavi Bhargava; Henry Wong; Johnu George; Debojyoti Dutta,2026,,2606.30789v2,"We develop a first-principles reduced-order model of these dynamics. Under a single mean-field assumption that summarizes the policy by its expected reward, we reduce the GRPO update to a stochastically-forced damped oscillator whose mass, damping, and stiffness are fixed in closed form by the optimizer hyperparameters together with a single measured curvature scale -- momentum supplies the inertia, off-policy lag erodes the damping, and the group size enters, to leading order, as a noise temperature. The reduction has three consequences. First, it subsumes the empirical single-exponential saturation law as its overdamped limit, recasting the fitted plateau, timescale, and size exponent as the fixed point, inverse stiffness, and curvature-scaling exponent of the underlying potential, and adding, through the retained inertial term, the slow-start phase the single exponential cannot represent. Second, it yields predictions tied to independently measurable quantities rather than fitted ones: group-size invariance of the deterministic trajectory with a $1/G$ stationary fluctuation, a sharp stability threshold in the refresh interval, and an overdamped-to-oscillatory transition. Third, it furnishes diagnostics that separate failure modes a reward curve alone conflates -- reward hacking, advantage degeneracy, policy concentration, and dynamical instability. Across three models and two group sizes, the closed-form trajectory fits training reward to $R^2 \geq 0.91$ and the mean trajectory is group-size invariant to leading order -- on both the reward curve and out-of-distribution transfer to eight math benchmarks -- while the within-group reward spread retains a residual $G$-dependence that the leading-order temperature picture does not capture.",arxiv:cs.LG; arxiv:stat.ML,arXiv:broad,,http://arxiv.org/abs/2606.30789v2,Uncertain,,,abstract,pending,,
P02_0798,Can Large Reasoning Models do Analogical Reasoning under Perceptual Uncertainty?,Giacomo Camposampiero; Michael Hersche; Roger Wattenhofer; Abu Sebastian; Abbas Rahimi,2025,,2503.11207v2,"This work presents a first evaluation of two state-of-the-art Large Reasoning Models (LRMs), OpenAI's o3-mini and DeepSeek R1, on analogical reasoning, focusing on well-established nonverbal human IQ tests based on Raven's progressive matrices. We benchmark with the I-RAVEN dataset and its extension, I-RAVEN-X, which tests the ability to generalize to longer reasoning rules and ranges of the attribute values. To assess the influence of visual uncertainties on these symbolic analogical reasoning tests, we extend the I-RAVEN-X dataset, which otherwise assumes an oracle perception. We adopt a two-fold strategy to simulate this imperfect visual perception: 1) we introduce confounding attributes which, being sampled at random, do not contribute to the prediction of the correct answer of the puzzles, and 2) we smoothen the distributions of the input attributes' values. We observe a sharp decline in OpenAI's o3-mini task accuracy, dropping from 86.6% on the original I-RAVEN to just 17.0% -- approaching random chance -- on the more challenging I-RAVEN-X, which increases input length and range and emulates perceptual uncertainty. This drop occurred despite spending 3.4x more reasoning tokens. A similar trend is also observed for DeepSeek R1: from 80.6% to 23.2%. On the other hand, a neuro-symbolic probabilistic abductive model, ARLC, that achieves state-of-the-art performances on I-RAVEN, can robustly reason under all these out-of-distribution tests, maintaining strong accuracy with only a modest accuracy reduction from 98.6% to 88.0%. Our code is available at https://github.com/IBM/raven-large-language-models.",arxiv:cs.AI; arxiv:cs.LG,arXiv:broad,,http://arxiv.org/abs/2503.11207v2,Uncertain,,,abstract,pending,,
P02_0814,A Survey on Compositional Generalization in Applications,Baihan Lin; Djallel Bouneffouf; Irina Rish,2023,,2302.01067v1,"The field of compositional generalization is currently experiencing a renaissance in AI, as novel problem settings and algorithms motivated by various practical applications are being introduced, building on top of the classical compositional generalization problem. This article aims to provide a comprehensive review of top recent developments in multiple real-life applications of the compositional generalization. Specifically, we introduce a taxonomy of common applications and summarize the state-of-the-art for each of those domains. Furthermore, we identify important current trends and provide new perspectives pertaining to the future of this burgeoning field.",arxiv:cs.AI; arxiv:cs.LG; arxiv:cs.SC,arXiv:primary,,http://arxiv.org/abs/2302.01067v1,Uncertain,,,abstract,pending,,
P02_0815,Composition-Incremental Learning for Compositional Generalization,Zhen Li; Yuwei Wu; Chenchen Jing; Che Sun; Chuanhao Li; Yunde Jia,2025,,2511.09082v1,"Compositional generalization has achieved substantial progress in computer vision on pre-collected training data. Nonetheless, real-world data continually emerges, with possible compositions being nearly infinite, long-tailed, and not entirely visible. Thus, an ideal model is supposed to gradually improve the capability of compositional generalization in an incremental manner. In this paper, we explore Composition-Incremental Learning for Compositional Generalization (CompIL) in the context of the compositional zero-shot learning (CZSL) task, where models need to continually learn new compositions, intending to improve their compositional generalization capability progressively. To quantitatively evaluate CompIL, we develop a benchmark construction pipeline leveraging existing datasets, yielding MIT-States-CompIL and C-GQA-CompIL. Furthermore, we propose a pseudo-replay framework utilizing a visual synthesizer to synthesize visual representations of learned compositions and a linguistic primitive distillation mechanism to maintain aligned primitive representations across the learning process. Extensive experiments demonstrate the effectiveness of the proposed framework.",arxiv:cs.CV,arXiv:primary,,http://arxiv.org/abs/2511.09082v1,Uncertain,,,abstract,pending,,
P02_0816,Toward Compositional Generalization in Object-Oriented World Modeling,Linfeng Zhao; Lingzhi Kong; Robin Walters; Lawson L. S. Wong,2022,,2204.13661v2,"Compositional generalization is a critical ability in learning and decision-making. We focus on the setting of reinforcement learning in object-oriented environments to study compositional generalization in world modeling. We (1) formalize the compositional generalization problem with an algebraic approach and (2) study how a world model can achieve that. We introduce a conceptual environment, Object Library, and two instances, and deploy a principled pipeline to measure the generalization ability. Motivated by the formulation, we analyze several methods with exact or no compositional generalization ability using our framework, and design a differentiable approach, Homomorphic Object-oriented World Model (HOWM), that achieves soft but more efficient compositional generalization.",arxiv:cs.LG; arxiv:cs.AI; arxiv:cs.RO,arXiv:primary,,http://arxiv.org/abs/2204.13661v2,Uncertain,,,abstract,pending,,
P02_0817,On Evaluating Multilingual Compositional Generalization with Translated Datasets,Zi Wang; Daniel Hershcovich,2023,,2306.11420v1,"Compositional generalization allows efficient learning and human-like inductive biases. Since most research investigating compositional generalization in NLP is done on English, important questions remain underexplored. Do the necessary compositional generalization abilities differ across languages? Can models compositionally generalize cross-lingually? As a first step to answering these questions, recent work used neural machine translation to translate datasets for evaluating compositional generalization in semantic parsing. However, we show that this entails critical semantic distortion. To address this limitation, we craft a faithful rule-based translation of the MCWQ dataset from English to Chinese and Japanese. Even with the resulting robust benchmark, which we call MCWQ-R, we show that the distribution of compositions still suffers due to linguistic divergences, and that multilingual models still struggle with cross-lingual compositional generalization. Our dataset and methodology will be useful resources for the study of cross-lingual compositional generalization in other tasks.",arxiv:cs.CL,arXiv:primary,,http://arxiv.org/abs/2306.11420v1,Uncertain,,,abstract,pending,,
P02_0818,Learning Algebraic Recombination for Compositional Generalization,Chenyao Liu; Shengnan An; Zeqi Lin; Qian Liu; Bei Chen; Jian-Guang Lou; Lijie Wen; Nanning Zheng; Dongmei Zhang,2021,,2107.06516v1,"Neural sequence models exhibit limited compositional generalization ability in semantic parsing tasks. Compositional generalization requires algebraic recombination, i.e., dynamically recombining structured expressions in a recursive manner. However, most previous studies mainly concentrate on recombining lexical units, which is an important but not sufficient part of algebraic recombination. In this paper, we propose LeAR, an end-to-end neural model to learn algebraic recombination for compositional generalization. The key insight is to model the semantic parsing task as a homomorphism between a latent syntactic algebra and a semantic algebra, thus encouraging algebraic recombination. Specifically, we learn two modules jointly: a Composer for producing latent syntax, and an Interpreter for assigning semantic operations. Experiments on two realistic and comprehensive compositional generalization benchmarks demonstrate the effectiveness of our model. The source code is publicly available at https://github.com/microsoft/ContextualSP.",arxiv:cs.CL; arxiv:cs.AI,arXiv:primary,,http://arxiv.org/abs/2107.06516v1,Uncertain,,,abstract,pending,,
P02_0820,Improving Compositional Generalization in Math Word Problem Solving,Yunshi Lan; Lei Wang; Jing Jiang; Ee-Peng Lim,2022,,2209.01352v1,"Compositional generalization refers to a model's capability to generalize to newly composed input data based on the data components observed during training. It has triggered a series of compositional generalization analysis on different tasks as generalization is an important aspect of language and problem solving skills. However, the similar discussion on math word problems (MWPs) is limited. In this manuscript, we study compositional generalization in MWP solving. Specifically, we first introduce a data splitting method to create compositional splits from existing MWP datasets. Meanwhile, we synthesize data to isolate the effect of compositions. To improve the compositional generalization in MWP solving, we propose an iterative data augmentation method that includes diverse compositional variation into training data and could collaborate with MWP methods. During the evaluation, we examine a set of methods and find all of them encounter severe performance loss on the evaluated datasets. We also find our data augmentation method could significantly improve the compositional generalization of general MWP methods. Code is available at https://github.com/demoleiwang/CGMWP.",arxiv:cs.CL,arXiv:primary,,http://arxiv.org/abs/2209.01352v1,Uncertain,,,abstract,pending,,
P02_0825,A General Theory for Compositional Generalization,Jingwen Fu; Zhizheng Zhang; Yan Lu; Nanning Zheng,2024,,2405.11743v1,"Compositional Generalization (CG) embodies the ability to comprehend novel combinations of familiar concepts, representing a significant cognitive leap in human intellectual advancement. Despite its critical importance, the deep neural network (DNN) faces challenges in addressing the compositional generalization problem, prompting considerable research interest. However, existing theories often rely on task-specific assumptions, constraining the comprehensive understanding of CG. This study aims to explore compositional generalization from a task-agnostic perspective, offering a complementary viewpoint to task-specific analyses. The primary challenge is to define CG without overly restricting its scope, a feat achieved by identifying its fundamental characteristics and basing the definition on them. Using this definition, we seek to answer the question ""what does the ultimate solution to CG look like?"" through the following theoretical findings: 1) the first No Free Lunch theorem in CG, indicating the absence of general solutions; 2) a novel generalization bound applicable to any CG problem, specifying the conditions for an effective CG solution; and 3) the introduction of the generative effect to enhance understanding of CG problems and their solutions. This paper's significance lies in providing a general theory for CG problems, which, when combined with prior theorems under task-specific scenarios, can lead to a comprehensive understanding of CG.",arxiv:cs.LG,arXiv:primary,,http://arxiv.org/abs/2405.11743v1,Uncertain,,,abstract,pending,,
P02_0830,On Compositional Generalization of Neural Machine Translation,Yafu Li; Yongjing Yin; Yulong Chen; Yue Zhang,2021,,2105.14802v1,"Modern neural machine translation (NMT) models have achieved competitive performance in standard benchmarks such as WMT. However, there still exist significant issues such as robustness, domain generalization, etc. In this paper, we study NMT models from the perspective of compositional generalization by building a benchmark dataset, CoGnition, consisting of 216k clean and consistent sentence pairs. We quantitatively analyze effects of various factors using compound translation error rate, then demonstrate that the NMT model fails badly on compositional generalization, although it performs remarkably well under traditional metrics.",arxiv:cs.CL; arxiv:cs.AI; arxiv:cs.LG,arXiv:primary,,http://arxiv.org/abs/2105.14802v1,Uncertain,,,abstract,pending,,
P02_0833,Simple and effective data augmentation for compositional generalization,Yuekun Yao; Alexander Koller,2024,,2401.09815v1,"Compositional generalization, the ability to predict complex meanings from training on simpler sentences, poses challenges for powerful pretrained seq2seq models. In this paper, we show that data augmentation methods that sample MRs and backtranslate them can be effective for compositional generalization, but only if we sample from the right distribution. Remarkably, sampling from a uniform distribution performs almost as well as sampling from the test distribution, and greatly outperforms earlier methods that sampled from the training distribution. We further conduct experiments to investigate the reason why this happens and where the benefit of such data augmentation methods come from.",arxiv:cs.CL,arXiv:primary,,http://arxiv.org/abs/2401.09815v1,Uncertain,,,abstract,pending,,
P02_0834,Unobserved Local Structures Make Compositional Generalization Hard,Ben Bogin; Shivanshu Gupta; Jonathan Berant,2022,,2201.05899v2,"While recent work has convincingly showed that sequence-to-sequence models struggle to generalize to new compositions (termed compositional generalization), little is known on what makes compositional generalization hard on a particular test instance. In this work, we investigate what are the factors that make generalization to certain test instances challenging. We first substantiate that indeed some examples are more difficult than others by showing that different models consistently fail or succeed on the same test instances. Then, we propose a criterion for the difficulty of an example: a test instance is hard if it contains a local structure that was not observed at training time. We formulate a simple decision rule based on this criterion and empirically show it predicts instance-level generalization well across 5 different semantic parsing datasets, substantially better than alternative decision rules. Last, we show local structures can be leveraged for creating difficult adversarial compositional splits and also to improve compositional generalization under limited training budgets by strategically selecting examples for the training set.",arxiv:cs.CL,arXiv:primary,,http://arxiv.org/abs/2201.05899v2,Uncertain,,,abstract,pending,,
P02_0837,When and How Does CLIP Enable Domain and Compositional Generalization?,Elias Kempf; Simon Schrodi; Max Argus; Thomas Brox,2025,,2502.09507v3,"The remarkable generalization performance of contrastive vision-language models like CLIP is often attributed to the diversity of their training distributions. However, key questions remain unanswered: Can CLIP generalize to an entirely unseen domain when trained on a diverse mixture of domains (domain generalization)? Can it generalize to unseen classes within partially seen domains (compositional generalization)? What factors affect such generalization? To answer these questions, we trained CLIP models on systematically constructed training distributions with controlled domain diversity and object class exposure. Our experiments show that domain diversity is essential for both domain and compositional generalization, yet compositional generalization can be surprisingly weaker than domain generalization when the training distribution contains a suboptimal subset of the test domain. Through data-centric and mechanistic analyses, we find that successful generalization requires the learning of sufficiently shared representations in intermediate layers and circuits.",arxiv:cs.LG; arxiv:cs.CV,arXiv:primary,,http://arxiv.org/abs/2502.09507v3,Uncertain,,,abstract,pending,,
P02_0840,Diverse Demonstrations Improve In-context Compositional Generalization,Itay Levy; Ben Bogin; Jonathan Berant,2022,,2212.06800v3,"In-context learning has shown great success in i.i.d semantic parsing splits, where the training and test sets are drawn from the same distribution. In this setup, models are typically prompted with demonstrations that are similar to the input utterance. However, in the setup of compositional generalization, where models are tested on outputs with structures that are absent from the training set, selecting similar demonstrations is insufficient, as often no example will be similar enough to the input. In this work, we propose a method to select diverse demonstrations that aims to collectively cover all of the structures required in the output program, in order to encourage the model to generalize to new structures from these demonstrations. We empirically show that combining diverse demonstrations with in-context learning substantially improves performance across three compositional generalization semantic parsing datasets in the pure in-context learning setup and when combined with finetuning.",arxiv:cs.CL,arXiv:primary,,http://arxiv.org/abs/2212.06800v3,Uncertain,,,abstract,pending,,
P02_0841,Exploring the Compositional Generalization in Context Dependent Text-to-SQL Parsing,Aiwei Liu; Wei Liu; Xuming Hu; Shuang Li; Fukun Ma; Yawen Yang; Lijie Wen,2023,,2306.04480v1,"In the context-dependent Text-to-SQL task, the generated SQL statements are refined iteratively based on the user input utterance from each interaction. The input text from each interaction can be viewed as component modifications to the previous SQL statements, which could be further extracted as the modification patterns. Since these modification patterns could also be combined with other SQL statements, the models are supposed to have the compositional generalization to these novel combinations. This work is the first exploration of compositional generalization in context-dependent Text-to-SQL scenarios. To facilitate related studies, we constructed two challenging benchmarks named \textsc{CoSQL-CG} and \textsc{SParC-CG} by recombining the modification patterns and existing SQL statements. The following experiments show that all current models struggle on our proposed benchmarks. Furthermore, we found that better aligning the previous SQL statements with the input utterance could give models better compositional generalization ability. Based on these observations, we propose a method named \texttt{p-align} to improve the compositional generalization of Text-to-SQL models. Further experiments validate the effectiveness of our method. Source code and data are available.",arxiv:cs.CL,arXiv:primary,,http://arxiv.org/abs/2306.04480v1,Uncertain,,,abstract,pending,,
P02_0842,Improving Compositional Generalization Using Iterated Learning and Simplicial Embeddings,Yi Ren; Samuel Lavoie; Mikhail Galkin; Danica J. Sutherland; Aaron Courville,2023,,2310.18777v1,"Compositional generalization, the ability of an agent to generalize to unseen combinations of latent factors, is easy for humans but hard for deep neural networks. A line of research in cognitive science has hypothesized a process, ``iterated learning,'' to help explain how human language developed this ability; the theory rests on simultaneous pressures towards compressibility (when an ignorant agent learns from an informed one) and expressivity (when it uses the representation for downstream tasks). Inspired by this process, we propose to improve the compositional generalization of deep networks by using iterated learning on models with simplicial embeddings, which can approximately discretize representations. This approach is further motivated by an analysis of compositionality based on Kolmogorov complexity. We show that this combination of changes improves compositional generalization over other approaches, demonstrating these improvements both on vision tasks with well-understood latent factors and on real molecular graph prediction tasks where the latent structure is unknown.",arxiv:cs.LG; arxiv:cs.AI,arXiv:primary,,http://arxiv.org/abs/2310.18777v1,Uncertain,,,abstract,pending,,
P02_0847,A Short Survey of Systematic Generalization,Yuanpeng Li,2022,,2211.11956v1,"This survey includes systematic generalization and a history of how machine learning addresses it. We aim to summarize and organize the related information of both conventional and recent improvements. We first look at the definition of systematic generalization, then introduce Classicist and Connectionist. We then discuss different types of Connectionists and how they approach the generalization. Two crucial problems of variable binding and causality are discussed. We look into systematic generalization in language, vision, and VQA fields. Recent improvements from different aspects are discussed. Systematic generalization has a long history in artificial intelligence. We could cover only a small portion of many contributions. We hope this paper provides a background and is beneficial for discoveries in future work.",arxiv:cs.AI; arxiv:cs.LG,arXiv:primary,,http://arxiv.org/abs/2211.11956v1,Uncertain,,,abstract,pending,,
P02_0848,Compositional Generalization for Multi-label Text Classification: A Data-Augmentation Approach,Yuyang Chai; Zhuang Li; Jiahui Liu; Lei Chen; Fei Li; Donghong Ji; Chong Teng,2023,,2312.11276v3,"Despite significant advancements in multi-label text classification, the ability of existing models to generalize to novel and seldom-encountered complex concepts, which are compositions of elementary ones, remains underexplored. This research addresses this gap. By creating unique data splits across three benchmarks, we assess the compositional generalization ability of existing multi-label text classification models. Our results show that these models often fail to generalize to compositional concepts encountered infrequently during training, leading to inferior performance on tests with these new combinations. To address this, we introduce a data augmentation method that leverages two innovative text generation models designed to enhance the classification models' capacity for compositional generalization. Our experiments show that this data augmentation approach significantly improves the compositional generalization capabilities of classification models on our benchmarks, with both generation models surpassing other text generation baselines.",arxiv:cs.CL,arXiv:primary,,http://arxiv.org/abs/2312.11276v3,Uncertain,,,abstract,pending,,
P02_0849,Exploring Continual Learning of Compositional Generalization in NLI,Xiyan Fu; Anette Frank,2024,,2403.04400v2,"Compositional Natural Language Inference has been explored to assess the true abilities of neural models to perform NLI. Yet, current evaluations assume models to have full access to all primitive inferences in advance, in contrast to humans that continuously acquire inference knowledge. In this paper, we introduce the Continual Compositional Generalization in Inference (C2Gen NLI) challenge, where a model continuously acquires knowledge of constituting primitive inference tasks as a basis for compositional inferences. We explore how continual learning affects compositional generalization in NLI, by designing a continual learning setup for compositional NLI inference tasks. Our experiments demonstrate that models fail to compositionally generalize in a continual scenario. To address this problem, we first benchmark various continual learning algorithms and verify their efficacy. We then further analyze C2Gen, focusing on how to order primitives and compositional inference types and examining correlations between subtasks. Our analyses show that by learning subtasks continuously while observing their dependencies and increasing degrees of difficulty, continual learning can enhance composition generalization ability.",arxiv:cs.CL,arXiv:primary,,http://arxiv.org/abs/2403.04400v2,Uncertain,,,abstract,pending,,
P02_0852,Local Mechanisms of Compositional Generalization in Conditional Diffusion,Arwen Bradley,2025,,2509.16447v3,"Conditional diffusion models appear capable of compositional generalization, i.e., generating convincing samples for out-of-distribution combinations of conditioners, but the mechanisms underlying this ability remain unclear. To make this concrete, we study length generalization, the ability to generate images with more objects than seen during training. In a controlled CLEVR setting (Johnson et al., 2017), we find that length generalization is achievable in some cases but not others, suggesting that models only sometimes learn the underlying compositional structure. We then investigate locality as a structural mechanism for compositional generalization. Prior works proposed score locality as a mechanism for creativity in unconditional diffusion models (Kamb & Ganguli, 2024; Niedoba et al., 2024), but did not address flexible conditioning or compositional generalization. In this paper, we prove an exact equivalence between a specific compositional structure (""conditional projective composition"") (Bradley et al., 2025) and scores with sparse dependencies on both pixels and conditioners (""local conditional scores""). This theory also extends to feature-space compositionality. We validate our theory empirically: CLEVR models that succeed at length generalization exhibit local conditional scores, while those that fail do not. Furthermore, we show that a causal intervention explicitly enforcing local conditional scores restores length generalization in a previously failing model. Finally, we investigate SDXL and find that in pixel-space, spatial locality is present but conditional-locality is mostly absent; however, we find quantitative evidence of local conditional scores in the network's learned feature-space.",arxiv:cs.LG,arXiv:primary,,http://arxiv.org/abs/2509.16447v3,Uncertain,,,abstract,pending,,
P02_0853,A Theoretical Analysis of Compositional Generalization in Neural Networks: A Necessary and Sufficient Condition,Yuanpeng Li,2025,,2505.02627v1,"Compositional generalization is a crucial property in artificial intelligence, enabling models to handle novel combinations of known components. While most deep learning models lack this capability, certain models succeed in specific tasks, suggesting the existence of governing conditions. This paper derives a necessary and sufficient condition for compositional generalization in neural networks. Conceptually, it requires that (i) the computational graph matches the true compositional structure, and (ii) components encode just enough information in training. The condition is supported by mathematical proofs. This criterion combines aspects of architecture design, regularization, and training data properties. A carefully designed minimal example illustrates an intuitive understanding of the condition. We also discuss the potential of the condition for assessing compositional generalization before training. This work is a fundamental theoretical study of compositional generalization in neural networks.",arxiv:cs.LG; arxiv:cs.AI,arXiv:primary,,http://arxiv.org/abs/2505.02627v1,Uncertain,,,abstract,pending,,
P02_0862,Compositional Generalization in Image Captioning,Mitja Nikolaus; Mostafa Abdou; Matthew Lamm; Rahul Aralikatte; Desmond Elliott,2019,,1909.04402v2,"Image captioning models are usually evaluated on their ability to describe a held-out set of images, not on their ability to generalize to unseen concepts. We study the problem of compositional generalization, which measures how well a model composes unseen combinations of concepts when describing images. State-of-the-art image captioning models show poor generalization performance on this task. We propose a multi-task model to address the poor performance, that combines caption generation and image--sentence ranking, and uses a decoding mechanism that re-ranks the captions according their similarity to the image. This model is substantially better at generalizing to unseen combinations of concepts compared to state-of-the-art captioning models.",arxiv:cs.LG; arxiv:cs.CL; arxiv:cs.CV; arxiv:stat.ML,arXiv:primary,,http://arxiv.org/abs/1909.04402v2,Uncertain,,,abstract,pending,,
P02_0870,The Impact of Depth on Compositional Generalization in Transformer Language Models,Jackson Petty; Sjoerd van Steenkiste; Ishita Dasgupta; Fei Sha; Dan Garrette; Tal Linzen,2023,,2310.19956v2,"To process novel sentences, language models (LMs) must generalize compositionally -- combine familiar elements in new ways. What aspects of a model's structure promote compositional generalization? Focusing on transformers, we test the hypothesis, motivated by theoretical and empirical work, that deeper transformers generalize more compositionally. Simply adding layers increases the total number of parameters; to address this confound between depth and size, we construct three classes of models which trade off depth for width such that the total number of parameters is kept constant (41M, 134M and 374M parameters). We pretrain all models as LMs and fine-tune them on tasks that test for compositional generalization. We report three main conclusions: (1) after fine-tuning, deeper models generalize more compositionally than shallower models do, but the benefit of additional layers diminishes rapidly; (2) within each family, deeper models show better language modeling performance, but returns are similarly diminishing; (3) the benefits of depth for compositional generalization cannot be attributed solely to better performance on language modeling. Because model latency is approximately linear in the number of layers, these results lead us to the recommendation that, with a given total parameter budget, transformers can be made shallower than is typical without sacrificing performance.",arxiv:cs.CL,arXiv:primary,,http://arxiv.org/abs/2310.19956v2,Uncertain,,,abstract,pending,,
P02_0871,Compositional Generalization Across Distributional Shifts with Sparse Tree Operations,Paul Soulos; Henry Conklin; Mattia Opper; Paul Smolensky; Jianfeng Gao; Roland Fernandez,2024,,2412.14076v1,"Neural networks continue to struggle with compositional generalization, and this issue is exacerbated by a lack of massive pre-training. One successful approach for developing neural systems which exhibit human-like compositional generalization is \textit{hybrid} neurosymbolic techniques. However, these techniques run into the core issues that plague symbolic approaches to AI: scalability and flexibility. The reason for this failure is that at their core, hybrid neurosymbolic models perform symbolic computation and relegate the scalable and flexible neural computation to parameterizing a symbolic system. We investigate a \textit{unified} neurosymbolic system where transformations in the network can be interpreted simultaneously as both symbolic and neural computation. We extend a unified neurosymbolic architecture called the Differentiable Tree Machine in two central ways. First, we significantly increase the model's efficiency through the use of sparse vector representations of symbolic structures. Second, we enable its application beyond the restricted set of tree2tree problems to the more general class of seq2seq problems. The improved model retains its prior generalization capabilities and, since there is a fully neural path through the network, avoids the pitfalls of other neurosymbolic techniques that elevate symbolic computation over neural computation.",arxiv:cs.AI; arxiv:cs.CL,arXiv:primary,,http://arxiv.org/abs/2412.14076v1,Uncertain,,,abstract,pending,,
P02_0875,Pretraining Frequency Predicts Compositional Generalization of CLIP on Real-World Tasks,Thaddäus Wiedemer; Yash Sharma; Ameya Prabhu; Matthias Bethge; Wieland Brendel,2025,,2502.18326v1,"We investigate the success conditions for compositional generalization of CLIP models on real-world data through performance prediction. Prior work shows that CLIP requires exponentially more pretraining data for linear performance gains on individual concepts. This sample-inefficient scaling could be mitigated if CLIP systematically understood new inputs as compositions of learned components, allowing rare observation to be mapped to common concepts. To explore CLIP's compositional generalization ability, we filter retrieval corpora for samples with object combinations not present in the pretraining corpus. We show that CLIP's performance on these samples can be accurately predicted from the pretraining frequencies of individual objects. Our findings demonstrate that CLIP learns to disentangle objects observed in its pretraining data and can recompose them straightforwardly. Additionally, we are the first to show how this ability scales with pretraining data. For data curation in practice, our results suggest that balancing object occurrences improves generalization, which should benefit CLIP's efficiency and accuracy without scaling data volume.",arxiv:cs.LG,arXiv:primary,,http://arxiv.org/abs/2502.18326v1,Uncertain,,,abstract,pending,,
P02_0880,Finding needles in a haystack: Sampling Structurally-diverse Training Sets from Synthetic Data for Compositional Generalization,Inbar Oren; Jonathan Herzig; Jonathan Berant,2021,,2109.02575v1,"Modern semantic parsers suffer from two principal limitations. First, training requires expensive collection of utterance-program pairs. Second, semantic parsers fail to generalize at test time to new compositions/structures that have not been observed during training. Recent research has shown that automatic generation of synthetic utterance-program pairs can alleviate the first problem, but its potential for the second has thus far been under-explored. In this work, we investigate automatic generation of synthetic utterance-program pairs for improving compositional generalization in semantic parsing. Given a small training set of annotated examples and an ""infinite"" pool of synthetic examples, we select a subset of synthetic examples that are structurally-diverse and use them to improve compositional generalization. We evaluate our approach on a new split of the schema2QA dataset, and show that it leads to dramatic improvements in compositional generalization as well as moderate improvements in the traditional i.i.d setup. Moreover, structurally-diverse sampling achieves these improvements with as few as 5K examples, compared to 1M examples when sampling uniformly at random -- a 200x improvement in data efficiency.",arxiv:cs.CL,arXiv:primary,,http://arxiv.org/abs/2109.02575v1,Uncertain,,,abstract,pending,,
P02_0887,ExeDec: Execution Decomposition for Compositional Generalization in Neural Program Synthesis,Kensen Shi; Joey Hong; Yinlin Deng; Pengcheng Yin; Manzil Zaheer; Charles Sutton,2023,,2307.13883v2,"When writing programs, people have the ability to tackle a new complex task by decomposing it into smaller and more familiar subtasks. While it is difficult to measure whether neural program synthesis methods have similar capabilities, we can measure whether they compositionally generalize, that is, whether a model that has been trained on the simpler subtasks is subsequently able to solve more complex tasks. In this paper, we characterize several different forms of compositional generalization that are desirable in program synthesis, forming a meta-benchmark which we use to create generalization tasks for two popular datasets, RobustFill and DeepCoder. We then propose ExeDec, a novel decomposition-based synthesis strategy that predicts execution subgoals to solve problems step-by-step informed by program execution at each step. When used with Transformer models trained from scratch, ExeDec has better synthesis performance and greatly improved compositional generalization ability compared to baselines. Finally, we use our benchmarks to demonstrate that LLMs struggle to compositionally generalize when asked to do programming-by-example in a few-shot setting, but an ExeDec-style prompting approach can improve the generalization ability and overall performance.",arxiv:cs.LG; arxiv:cs.PL,arXiv:primary,,http://arxiv.org/abs/2307.13883v2,Uncertain,,,abstract,pending,,
P02_0888,Compositional Generalization for Data-to-Text Generation,Xinnuo Xu; Ivan Titov; Mirella Lapata,2023,,2312.02748v1,"Data-to-text generation involves transforming structured data, often represented as predicate-argument tuples, into coherent textual descriptions. Despite recent advances, systems still struggle when confronted with unseen combinations of predicates, producing unfaithful descriptions (e.g. hallucinations or omissions). We refer to this issue as compositional generalisation, and it encouraged us to create a benchmark for assessing the performance of different approaches on this specific problem. Furthermore, we propose a novel model that addresses compositional generalization by clustering predicates into groups. Our model generates text in a sentence-by-sentence manner, relying on one cluster of predicates at a time. This approach significantly outperforms T5~baselines across all evaluation metrics.Notably, it achieved a 31% improvement over T5 in terms of a metric focused on maintaining faithfulness to the input.",arxiv:cs.CL; arxiv:cs.LG,arXiv:primary,,http://arxiv.org/abs/2312.02748v1,Uncertain,,,abstract,pending,,
P02_0889,What Drives Compositional Generalization? The Importance of Continuous Training Objectives in Visual Generative Models,Karim Farid; Rajat Sahay; Yumna Ali Alnaggar; Simon Schrodi; Volker Fischer; Cordelia Schmid; Thomas Brox,2025,,2510.03075v3,"Compositional generalization, the ability to generate novel combinations of known concepts, is a key ingredient for visual generative models. Yet, not all mechanisms that enable or inhibit it are fully understood. In this work, we conduct a systematic study of how various design choices influence compositional generalization in image and video generation in a positive or negative way. Through controlled experiments, we identify two key factors: (i) whether the training objective operates on a discrete or continuous distribution, and (ii) to what extent conditioning provides information about the constituent concepts during training. Building on these insights, we show that relaxing the MaskGIT discrete loss with an auxiliary continuous JEPA-based objective can improve compositional performance in discrete models like MaskGIT.",arxiv:cs.CV; arxiv:cs.AI; arxiv:cs.LG,arXiv:primary,,http://arxiv.org/abs/2510.03075v3,Uncertain,,,abstract,pending,,
P02_0892,Sequential Compositional Generalization in Multimodal Models,Semih Yagcioglu; Osman Batur İnce; Aykut Erdem; Erkut Erdem; Desmond Elliott; Deniz Yuret,2024,,2404.12013v1,"The rise of large-scale multimodal models has paved the pathway for groundbreaking advances in generative modeling and reasoning, unlocking transformative applications in a variety of complex tasks. However, a pressing question that remains is their genuine capability for stronger forms of generalization, which has been largely underexplored in the multimodal setting. Our study aims to address this by examining sequential compositional generalization using \textsc{CompAct} (\underline{Comp}ositional \underline{Act}ivities)\footnote{Project Page: \url{http://cyberiada.github.io/CompAct}}, a carefully constructed, perceptually grounded dataset set within a rich backdrop of egocentric kitchen activity videos. Each instance in our dataset is represented with a combination of raw video footage, naturally occurring sound, and crowd-sourced step-by-step descriptions. More importantly, our setup ensures that the individual concepts are consistently distributed across training and evaluation sets, while their compositions are novel in the evaluation set. We conduct a comprehensive assessment of several unimodal and multimodal models. Our findings reveal that bi-modal and tri-modal models exhibit a clear edge over their text-only counterparts. This highlights the importance of multimodality while charting a trajectory for future research in this domain.",arxiv:cs.CL,arXiv:primary,,http://arxiv.org/abs/2404.12013v1,Uncertain,,,abstract,pending,,
P02_0902,ViLPAct: A Benchmark for Compositional Generalization on Multimodal Human Activities,Terry Yue Zhuo; Yaqing Liao; Yuecheng Lei; Lizhen Qu; Gerard de Melo; Xiaojun Chang; Yazhou Ren; Zenglin Xu,2022,,2210.05556v4,"We introduce ViLPAct, a novel vision-language benchmark for human activity planning. It is designed for a task where embodied AI agents can reason and forecast future actions of humans based on video clips about their initial activities and intents in text. The dataset consists of 2.9k videos from \charades extended with intents via crowdsourcing, a multi-choice question test set, and four strong baselines. One of the baselines implements a neurosymbolic approach based on a multi-modal knowledge base (MKB), while the other ones are deep generative models adapted from recent state-of-the-art (SOTA) methods. According to our extensive experiments, the key challenges are compositional generalization and effective use of information from both modalities.",arxiv:cs.CV; arxiv:cs.CL,arXiv:primary,,http://arxiv.org/abs/2210.05556v4,Uncertain,,,abstract,pending,,
P02_0908,From Reasoning Traces to Reusable Modules: Understanding Compositional Generalization in Language Model Reasoning,Lingjing Kong; Xin Liu; Guangyi Chen; Martin Q. Ma; Xiangchen Song; Yuekai Sun; Mikhail Yurochkin; Taylor W. Killian; Ruslan Salakhutdinov; Kun Zhang; Eric P. Xing; Zhengzhong Liu,2026,,2606.18089v2,"Post-training pipelines that combine supervised fine-tuning (SFT) with reinforcement learning (RL) have emerged as the key recipe for transforming large language models (LLMs) into robust reasoners. We argue that this combined success is driven by compositional generalization, which we formalize through a hierarchical latent selection model. In this framework, reasoning traces are generated by a cascade of discrete latent selection variables corresponding to reusable atomic modules, including both skills (local operations) and routing mechanisms (how intermediate information is selected, reused, and composed). Within this model, we theoretically show that SFT and RL play asymmetric, complementary roles: SFT supplies the raw module materials in compositional traces, and RL decomposes those traces to identify the latent atomic modules and enable compositional generalization. We design controlled experiments to validate this theory. Our results demonstrate that RL can extract atomic modules from compound traces supplied by SFT and recombine them to solve new configurations. Moreover, we find that training on compound traces yields stronger generalization than training on isolated atomic modules. Finally, we investigate the relationship between SFT and RL data and identify an effective protocol in which SFT ensures coverage of all atomic modules through compositional traces, while RL focuses on novel compositions outside the SFT support to drive exploration.",arxiv:cs.LG,arXiv:primary,,http://arxiv.org/abs/2606.18089v2,Uncertain,,,abstract,pending,,
P02_0909,Systematic Generalization: What Is Required and Can It Be Learned?,Dzmitry Bahdanau; Shikhar Murty; Michael Noukhovitch; Thien Huu Nguyen; Harm de Vries; Aaron Courville,2018,,1811.12889v3,"Numerous models for grounded language understanding have been recently proposed, including (i) generic models that can be easily adapted to any given task and (ii) intuitively appealing modular models that require background knowledge to be instantiated. We compare both types of models in how much they lend themselves to a particular form of systematic generalization. Using a synthetic VQA test, we evaluate which models are capable of reasoning about all possible object pairs after training on only a small subset of them. Our findings show that the generalization of modular models is much more systematic and that it is highly sensitive to the module layout, i.e. to how exactly the modules are connected. We furthermore investigate if modular models that generalize well could be made more end-to-end by learning their layout and parametrization. We find that end-to-end methods from prior work often learn inappropriate layouts or parametrizations that do not facilitate systematic generalization. Our results suggest that, in addition to modularity, systematic generalization in language understanding may require explicit regularizers or priors.",arxiv:cs.CL; arxiv:cs.AI,arXiv:primary,,http://arxiv.org/abs/1811.12889v3,Uncertain,,,abstract,pending,,
P02_0910,Learning by Analogy: A Causal Framework for Composition Generalization,Lingjing Kong; Shaoan Xie; Yang Jiao; Yetian Chen; Yanhui Guo; Simone Shao; Yan Gao; Guangyi Chen; Kun Zhang,2025,,2512.10669v1,"Compositional generalization -- the ability to understand and generate novel combinations of learned concepts -- enables models to extend their capabilities beyond limited experiences. While effective, the data structures and principles that enable this crucial capability remain poorly understood. We propose that compositional generalization fundamentally requires decomposing high-level concepts into basic, low-level concepts that can be recombined across similar contexts, similar to how humans draw analogies between concepts. For example, someone who has never seen a peacock eating rice can envision this scene by relating it to their previous observations of a chicken eating rice.   In this work, we formalize these intuitive processes using principles of causal modularity and minimal changes. We introduce a hierarchical data-generating process that naturally encodes different levels of concepts and their interaction mechanisms. Theoretically, we demonstrate that this approach enables compositional generalization supporting complex relations between composed concepts, advancing beyond prior work that assumes simpler interactions like additive effects. Critically, we also prove that this latent hierarchical structure is provably recoverable (identifiable) from observable data like text-image pairs, a necessary step for learning such a generative process. To validate our theory, we apply insights from our theoretical framework and achieve significant improvements on benchmark datasets.",arxiv:cs.LG,arXiv:primary,,http://arxiv.org/abs/2512.10669v1,Uncertain,,,abstract,pending,,
P02_0912,Provably Efficient Causal Model-Based Reinforcement Learning for Systematic Generalization,Mirco Mutti; Riccardo De Santi; Emanuele Rossi; Juan Felipe Calderon; Michael Bronstein; Marcello Restelli,2022,,2202.06545v3,"In the sequential decision making setting, an agent aims to achieve systematic generalization over a large, possibly infinite, set of environments. Such environments are modeled as discrete Markov decision processes with both states and actions represented through a feature vector. The underlying structure of the environments allows the transition dynamics to be factored into two components: one that is environment-specific and another that is shared. Consider a set of environments that share the laws of motion as an example. In this setting, the agent can take a finite amount of reward-free interactions from a subset of these environments. The agent then must be able to approximately solve any planning task defined over any environment in the original set, relying on the above interactions only. Can we design a provably efficient algorithm that achieves this ambitious goal of systematic generalization? In this paper, we give a partially positive answer to this question. First, we provide a tractable formulation of systematic generalization by employing a causal viewpoint. Then, under specific structural assumptions, we provide a simple learning algorithm that guarantees any desired planning error up to an unavoidable sub-optimality term, while showcasing a polynomial sample complexity.",arxiv:cs.LG,arXiv:primary,,http://arxiv.org/abs/2202.06545v3,Uncertain,,,abstract,pending,,
P02_0917,Seen to Unseen: Exploring Compositional Generalization of Multi-Attribute Controllable Dialogue Generation,Weihao Zeng; Lulu Zhao; Keqing He; Ruotong Geng; Jingang Wang; Wei Wu; Weiran Xu,2023,,2306.10317v1,"Existing controllable dialogue generation work focuses on the single-attribute control and lacks generalization capability to out-of-distribution multiple attribute combinations. In this paper, we explore the compositional generalization for multi-attribute controllable dialogue generation where a model can learn from seen attribute values and generalize to unseen combinations. We propose a prompt-based disentangled controllable dialogue generation model, DCG. It learns attribute concept composition by generating attribute-oriented prompt vectors and uses a disentanglement loss to disentangle different attributes for better generalization. Besides, we design a unified reference-free evaluation framework for multiple attributes with different levels of granularities. Experiment results on two benchmarks prove the effectiveness of our method and the evaluation metric.",arxiv:cs.CL,arXiv:primary,,http://arxiv.org/abs/2306.10317v1,Uncertain,,,abstract,pending,,
P02_0919,Latent Compositional Representations Improve Systematic Generalization in Grounded Question Answering,Ben Bogin; Sanjay Subramanian; Matt Gardner; Jonathan Berant,2020,,2007.00266v3,"Answering questions that involve multi-step reasoning requires decomposing them and using the answers of intermediate steps to reach the final answer. However, state-of-the-art models in grounded question answering often do not explicitly perform decomposition, leading to difficulties in generalization to out-of-distribution examples. In this work, we propose a model that computes a representation and denotation for all question spans in a bottom-up, compositional manner using a CKY-style parser. Our model induces latent trees, driven by end-to-end (the answer) supervision only. We show that this inductive bias towards tree structures dramatically improves systematic generalization to out-of-distribution examples, compared to strong baselines on an arithmetic expressions benchmark as well as on CLOSURE, a dataset that focuses on systematic generalization for grounded question answering. On this challenging dataset, our model reaches an accuracy of 96.1%, significantly higher than prior models that almost perfectly solve the task on a random, in-distribution split.",arxiv:cs.CL; arxiv:cs.AI; arxiv:cs.LG,arXiv:primary,,http://arxiv.org/abs/2007.00266v3,Uncertain,,,abstract,pending,,
P02_0923,LAGr: Label Aligned Graphs for Better Systematic Generalization in Semantic Parsing,Dora Jambor; Dzmitry Bahdanau,2022,,2205.09607v2,"Semantic parsing is the task of producing structured meaning representations for natural language sentences. Recent research has pointed out that the commonly-used sequence-to-sequence (seq2seq) semantic parsers struggle to generalize systematically, i.e. to handle examples that require recombining known knowledge in novel settings. In this work, we show that better systematic generalization can be achieved by producing the meaning representation directly as a graph and not as a sequence. To this end we propose LAGr (Label Aligned Graphs), a general framework to produce semantic parses by independently predicting node and edge labels for a complete multi-layer input-aligned graph. The strongly-supervised LAGr algorithm requires aligned graphs as inputs, whereas weakly-supervised LAGr infers alignments for originally unaligned target graphs using approximate maximum-a-posteriori inference. Experiments demonstrate that LAGr achieves significant improvements in systematic generalization upon the baseline seq2seq parsers in both strongly- and weakly-supervised settings.",arxiv:cs.CL; arxiv:cs.AI,arXiv:primary,,http://arxiv.org/abs/2205.09607v2,Uncertain,,,abstract,pending,,
P02_0924,COVR: A test-bed for Visually Grounded Compositional Generalization with real images,Ben Bogin; Shivanshu Gupta; Matt Gardner; Jonathan Berant,2021,,2109.10613v1,"While interest in models that generalize at test time to new compositions has risen in recent years, benchmarks in the visually-grounded domain have thus far been restricted to synthetic images. In this work, we propose COVR, a new test-bed for visually-grounded compositional generalization with real images. To create COVR, we use real images annotated with scene graphs, and propose an almost fully automatic procedure for generating question-answer pairs along with a set of context images. COVR focuses on questions that require complex reasoning, including higher-order operations such as quantification and aggregation. Due to the automatic generation process, COVR facilitates the creation of compositional splits, where models at test time need to generalize to new concepts and compositions in a zero- or few-shot setting. We construct compositional splits using COVR and demonstrate a myriad of cases where state-of-the-art pre-trained language-and-vision models struggle to compositionally generalize.",arxiv:cs.CL,arXiv:primary,,http://arxiv.org/abs/2109.10613v1,Uncertain,,,abstract,pending,,
P02_0927,ClassicLogic: A Knowledge-Driven Benchmark of Classic Puzzle Games for Evaluating Compositional Generalization,Mahnoor Shahid; Hannes Rothe,2026,,2607.05185v1,"Compositional generalization, the ability to understand and produce novel combinations of known components, remains a fundamental challenge for modern artificial intelligence. While few benchmarks exist, many focus on linguistic tasks and lack complex, explicit compositional structures. We introduce ClassicLogic, a new benchmark suite designed to evaluate an agent's ability to learn and compose problem-solving strategies. The benchmark consists of four classic logic puzzles: Sudoku, KenKen, Kakuro, and Futoshiki. Its core innovation is a hierarchical, explicit knowledge base for each game, where complex solving strategies are formally defined as compositions of simpler, foundational strategies. This structure allows for fine-grained evaluation of an agent's reasoning capabilities, from learning basic rules to applying multi-step compositional strategies to solve puzzles of increasing, mathematically validated difficulty. The open-source benchmark provides a challenging new testbed for advancing neuro-symbolic and other advanced AI reasoning systems.",arxiv:cs.AI; arxiv:cs.SC,arXiv:primary,,http://arxiv.org/abs/2607.05185v1,Uncertain,,,abstract,pending,,
P02_0928,HICO-DET-SG and V-COCO-SG: New Data Splits for Evaluating the Systematic Generalization Performance of Human-Object Interaction Detection Models,Kentaro Takemoto; Moyuru Yamada; Tomotake Sasaki; Hisanao Akima,2023,,2305.09948v5,"Human-Object Interaction (HOI) detection is a task to localize humans and objects in an image and predict the interactions in human-object pairs. In real-world scenarios, HOI detection models need systematic generalization, i.e., generalization to novel combinations of objects and interactions, because the train data are expected to cover a limited portion of all possible combinations. To evaluate the systematic generalization performance of HOI detection models, we created two new sets of HOI detection data splits named HICO-DET-SG and V-COCO-SG based on the HICO-DET and V-COCO datasets, respectively. When evaluated on the new data splits, HOI detection models with various characteristics performed much more poorly than when evaluated on the original splits. This shows that systematic generalization is a challenging goal in HOI detection. By analyzing the evaluation results, we also gain insights for improving the systematic generalization performance and identify four possible future research directions. We hope that our new data splits and presented analysis will encourage further research on systematic generalization in HOI detection.",arxiv:cs.CV; arxiv:cs.AI,arXiv:primary,,http://arxiv.org/abs/2305.09948v5,Uncertain,,,abstract,pending,,
P02_0929,"InternVLA-A1.5: Unifying Understanding, Latent Foresight, and Action for Compositional Generalization",Haoxiang Ma; Junhao Cai; Xiaoxu Xu; Hao Li; Yuyin Yang; Yang Tian; Jiafei Cao; Hongrui Zhu; Zherui Qiu;  Zhaxizhuoma; Yuqiang Yang; Jiaqi Peng; Xueyuan Wei; Yangkun Zhu; Jiahao Jiang; Xing Gao; Hanqing Wang; Feng Yuan; Kailin Li; Xueyue Zhu; Tai Wang; Yan Ding; Jiangmiao Pang; Jia Zeng; Jingjing Zhang; Bowen Zhou; Yao Mu; Chunhua Shen; Weinan Zhang,2026,,2607.04988v1,"Unified models for robot manipulation aim to equip one policy with both the semantic priors of pretrained VLMs and the physical dynamics learned through future prediction. In practice, existing designs tend to erode the semantics of the pretrained backbone, suffer interference among heterogeneous objectives, and learn future prediction from scratch in pixel space, leaving the dynamics priors of pretrained video generators unexploited. We present InternVLA-A1.5, which builds the policy on a native VLM backbone that keeps training on VQA and subtask prediction, and attaches a lightweight unified expert for continuous action generation. Future prediction is recast as a latent-querying problem, where a small set of learnable foresight tokens condenses the task-relevant future into a compact latent code under the supervision of a frozen pretrained video generation model, so the policy inherits world-model dynamics priors without ever learning pixel-level generation. The video branch is discarded at inference, keeping real-time control. Pretrained on 1.2M robot episodes and 3M multimodal samples, InternVLA-A1.5 achieves the best overall results on all six simulation benchmarks. In the real world, the preserved semantics deliver the strongest compositional generalization on held-out instruction bindings, and the two designs together sustain long-horizon execution.",arxiv:cs.RO,arXiv:primary,,http://arxiv.org/abs/2607.04988v1,Uncertain,,,abstract,pending,,
P02_0933,Inductive Biases for Zero-shot Systematic Generalization in Language-informed Reinforcement Learning,Negin Hashemi Dijujin; Seyed Roozbeh Razavi Rohani; Mohammad Mahdi Samiei; Mahdieh Soleymani Baghshah,2025,,2501.15270v1,"Sample efficiency and systematic generalization are two long-standing challenges in reinforcement learning. Previous studies have shown that involving natural language along with other observation modalities can improve generalization and sample efficiency due to its compositional and open-ended nature. However, to transfer these properties of language to the decision-making process, it is necessary to establish a proper language grounding mechanism. One approach to this problem is applying inductive biases to extract fine-grained and informative representations from the observations, which makes them more connectable to the language units. We provide architecture-level inductive biases for modularity and sparsity mainly based on Neural Production Systems (NPS). Alongside NPS, we assign a central role to memory in our architecture. It can be seen as a high-level information aggregator which feeds policy/value heads with comprehensive information and simultaneously guides selective attention in NPS through attentional feedback. Our results in the BabyAI environment suggest that the proposed model's systematic generalization and sample efficiency are improved significantly compared to previous models. An extensive ablation study on variants of the proposed method is conducted, and the effectiveness of each employed technique on generalization, sample efficiency, and training stability is specified.",arxiv:cs.LG; arxiv:cs.AI; arxiv:cs.CL,arXiv:primary,,http://arxiv.org/abs/2501.15270v1,Uncertain,,,abstract,pending,,
P02_0936,"A Minimalist Dataset for Systematic Generalization of Perception, Syntax, and Semantics",Qing Li; Siyuan Huang; Yining Hong; Yixin Zhu; Ying Nian Wu; Song-Chun Zhu,2021,,2103.01403v3,"Inspired by humans' exceptional ability to master arithmetic and generalize to new problems, we present a new dataset, Handwritten arithmetic with INTegers (HINT), to examine machines' capability of learning generalizable concepts at three levels: perception, syntax, and semantics. In HINT, machines are tasked with learning how concepts are perceived from raw signals such as images (i.e., perception), how multiple concepts are structurally combined to form a valid expression (i.e., syntax), and how concepts are realized to afford various reasoning tasks (i.e., semantics), all in a weakly supervised manner. Focusing on systematic generalization, we carefully design a five-fold test set to evaluate both the interpolation and the extrapolation of learned concepts w.r.t. the three levels. Further, we design a few-shot learning split to determine whether or not models can rapidly learn new concepts and generalize them to more complex scenarios. To comprehend existing models' limitations, we undertake extensive experiments with various sequence-to-sequence models, including RNNs, Transformers, and GPT-3 (with the chain of thought prompting). The results indicate that current models struggle to extrapolate to long-range syntactic dependency and semantics. Models exhibit a considerable gap toward human-level generalization when evaluated with new concepts in a few-shot setting. Moreover, we discover that it is infeasible to solve HINT by merely scaling up the dataset and the model size; this strategy contributes little to the extrapolation of syntax and semantics. Finally, in zero-shot GPT-3 experiments, the chain of thought prompting exhibits impressive results and significantly boosts the test accuracy. We believe the HINT dataset and the experimental findings are of great interest to the learning community on systematic generalization.",arxiv:cs.LG; arxiv:cs.AI; arxiv:cs.CV,arXiv:primary,,http://arxiv.org/abs/2103.01403v3,Uncertain,,,abstract,pending,,
P02_0938,Towards Systematic Generalization for Power Grid Optimization Problems,Zeeshan Memon; Yijiang Li; Hongwei Jin; Kibaek Kim; Liang Zhao,2026,,2605.02026v1,"AC Optimal Power Flow (ACOPF) and Security-Constrained Unit Commitment (SCUC) are fundamental optimization problems in power system operations. ACOPF serves as the physical backbone of grid simulation and real-time operation, enforcing nonlinear power flow feasibility and network limits, while SCUC represents a core market-level decision process that schedules generation under operational and security constraints. Although these problems share the same underlying transmission network and physical laws, they differ in decision variables and temporal coupling, and prior learning-based approaches address them in isolation, resulting in disjoint models and representations.We propose a learning framework that jointly models ACOPF and SCUC through a shared graph-based backbone that captures grid topology and physical interactions, coupled with task-specific decoders for static and temporal decision-making. Training includes solver supervision with physics-informed objectives to enforce AC feasibility and inter-temporal operational constraints. To evaluate generalization, we assess cross-case transfer on unseen grid topologies for ACOPF and SCUC without retraining, and systematic generalization on the UC-ACOPF problem using unsupervised, physics-based objectives and a power-dispatch consensus mechanism. Experiments across multiple grid scales demonstrate improved performance and transferability relative to existing learning-based baselines, indicating that the model can support learning across heterogeneous power system optimization problems.",arxiv:cs.LG,arXiv:primary,,http://arxiv.org/abs/2605.02026v1,Uncertain,,,abstract,pending,,
P02_0941,Challenges in Generalization in Open Domain Question Answering,Linqing Liu; Patrick Lewis; Sebastian Riedel; Pontus Stenetorp,2021,,2109.01156v3,"Recent work on Open Domain Question Answering has shown that there is a large discrepancy in model performance between novel test questions and those that largely overlap with training questions. However, it is unclear which aspects of novel questions make them challenging. Drawing upon studies on systematic generalization, we introduce and annotate questions according to three categories that measure different levels and kinds of generalization: training set overlap, compositional generalization (comp-gen), and novel-entity generalization (novel-entity). When evaluating six popular parametric and non-parametric models, we find that for the established Natural Questions and TriviaQA datasets, even the strongest model performance for comp-gen/novel-entity is 13.1/5.4% and 9.6/1.5% lower compared to that for the full test set -- indicating the challenge posed by these types of questions. Furthermore, we show that whilst non-parametric models can handle questions containing novel entities relatively well, they struggle with those requiring compositional generalization. Lastly, we find that key question difficulty factors are: cascading errors from the retrieval component, frequency of question pattern, and frequency of the entity.",arxiv:cs.CL; arxiv:cs.AI,arXiv:primary,,http://arxiv.org/abs/2109.01156v3,Uncertain,,,abstract,pending,,
P02_0942,Scale Up Strategically: Learning Compositional Generalization via Bias-Aware Evaluation and Data Collection for Robotic Manipulation,Yu Qi; Zhang Ye; Xinyi Xu; Yuxuan Lu; Amitoj Sandhu; Boce Hu; Haojie Huang; Jonathan Tremblay; Lawson L. S. Wong,2026,,2607.21582v1,"Compositional generalization is essential for robot to follow diverse instructions. However, pretrained policies are known to take shortcuts, deferring to salient cues rather than grounding language. We introduce a diagnostic framework that localizes this failure to individual \textit{instruction factors}, \textit{e.g.,} reusable semantic components such as color, verb, object, size, and spatial attribute. Our framework formalizes instruction factor bias, the tendency of fine-tuned policies to over-rely on dominant factors as shortcuts, and quantifies it through two metrics: Factor Dominance Rate (FDR), capturing pairwise bias between factors, and Factor Dominance Hierarchy (FDH), aggregating these into a global ranking. Evaluation on six foundation policies reveals broadly consistent ordering, \textit{i.e.}, color $\geq$ object $\geq$ spatial $\geq$ verb $\geq$ size, with color dominant, and verb and size most under-grounded. We further show the diagnosis is actionable: a bias-aware data collection strategy that reallocates a fixed budget toward under-grounded factors outperforms baselines in simulation and on a real robot using half the demonstrations, thereby enabling more sample-efficient and generalizable policy learning.",arxiv:cs.RO; arxiv:cs.CV,arXiv:primary,,http://arxiv.org/abs/2607.21582v1,Uncertain,,,abstract,pending,,
P02_0946,ATOM-Bench: A Real-World Benchmark for Atomic Skills and Compositional Generalization in Manipulation Policies,Zenan Wu; Bingqing Wei; Lu Liu; Zheqi He; Xi Wang; Jiakang Liu; Zehui Li; Guocai Yao; Jing-Shu Zheng; Xi Yang; Yongtao Wang,2026,,2606.16826v1,"Generalist manipulation policies are increasingly presented as foundation models for robotic control, but their real-world generalization remains difficult to diagnose. A policy may succeed on demonstrated tasks while still failing to execute fine-grained atomic skills or recombine learned skills in new task structures. We introduce \textbf{ATOM-Bench}, a real-world benchmark for evaluating both atomic skills and compositional generalization in manipulation policies. ATOM-Bench factorizes tabletop manipulation into motor atoms and instruction atoms, and contains 30 atomic tasks and 24 held-out compositional tasks across paired single-arm and dual-arm robot tracks. We collect 3,000 human demonstrations for atomic fine-tuning and release both the demonstration data and evaluation rollout data to support reproducible real-world evaluation. Policies are fine-tuned on atomic tasks and evaluated on both atomic skill acquisition and held-out compositional tasks. We further introduce Atomic Score (AS) and Compositional Failure Share (CFS) to distinguish failures caused by weak atomic skills from failures caused by limited compositional reuse. Through 2,700 physical rollouts on five representative manipulation policies, we find that current policies can acquire simple instruction-grounding skills, but still struggle with fine-grained motor atoms, counting, and logical filtering. More importantly, strong atomic performance does not reliably transfer to held-out compositional tasks. ATOM-Bench provides a diagnostic testbed for studying whether failures arise from weak motor execution, poor instruction grounding, or limited compositional reuse.",arxiv:cs.RO; arxiv:cs.AI,arXiv:primary,,http://arxiv.org/abs/2606.16826v1,Uncertain,,,abstract,pending,,
P02_0957,Low-Frequency Shortcuts in Texture-Driven Visual Learning,Utku Şirin; Cathy Hou; David Alvarez-Melis; Stratos Idreos,2026,,2606.03493v1,"Neural networks suffer from shortcut learning, where learned features generalize well to the training set but not to in-distribution (ID) or out-of-distribution (OOD) test sets. Existing studies are all based on a few standard benchmarks, which are shape-driven. Numerous application domains, however, are texture-driven. In this work, we present shortcut learning analysis for texture-driven domains, and compare it with that of a standard benchmark. We show that texture-driven domains suffer from low-frequency shortcuts. They make the majority of their decisions based on a few low-frequency components (LFCs) with a skewed spectral behavior, despite that their classification information is in higher-frequency, fine-grained details. Pruning LFCs from training and test sets eliminates the shortcut and provides a more balanced spectral behavior, improving the ID accuracy by up to 8%. We show that low-frequency shortcuts make the models highly vulnerable to OOD corruptions, leading up to 70% accuracy drop compared to the ID accuracy. Pruning LFCs significantly improves robustness to low-frequency corruptions, by up to 40%, and introduces a trade-off for high-frequency corruptions; the balanced spectral behavior provides a better generalization performance, whereas the increased dependence on high-frequency features reduces it. OOD accuracy depends on the interaction between these two factors.",arxiv:cs.CV; arxiv:cs.LG,arXiv:primary,,http://arxiv.org/abs/2606.03493v1,Uncertain,,,abstract,pending,,
P02_0964,Compositional Generalization in Spoken Language Understanding,Avik Ray; Yilin Shen; Hongxia Jin,2023,,2312.15815v1,"State-of-the-art spoken language understanding (SLU) models have shown tremendous success in benchmark SLU datasets, yet they still fail in many practical scenario due to the lack of model compositionality when trained on limited training data. In this paper, we study two types of compositionality: (a) novel slot combination, and (b) length generalization. We first conduct in-depth analysis, and find that state-of-the-art SLU models often learn spurious slot correlations during training, which leads to poor performance in both compositional cases. To mitigate these limitations, we create the first compositional splits of benchmark SLU datasets and we propose the first compositional SLU model, including compositional loss and paired training that tackle each compositional case respectively. On both benchmark and compositional splits in ATIS and SNIPS, we show that our compositional SLU model significantly outperforms (up to $5\%$ F1 score) state-of-the-art BERT SLU model.",arxiv:cs.CL,arXiv:primary,,http://arxiv.org/abs/2312.15815v1,Uncertain,,,abstract,pending,,
P02_0985,Point-SRA: Self-Representation Alignment for 3D Representation Learning,Lintong Wei; Jian Lu; Haozhe Cheng; Jihua Zhu; Kaibing Zhang,2026,,2601.01746v1,"Masked autoencoders (MAE) have become a dominant paradigm in 3D representation learning, setting new performance benchmarks across various downstream tasks. Existing methods with fixed mask ratio neglect multi-level representational correlations and intrinsic geometric structures, while relying on point-wise reconstruction assumptions that conflict with the diversity of point cloud. To address these issues, we propose a 3D representation learning method, termed Point-SRA, which aligns representations through self-distillation and probabilistic modeling. Specifically, we assign different masking ratios to the MAE to capture complementary geometric and semantic information, while the MeanFlow Transformer (MFT) leverages cross-modal conditional embeddings to enable diverse probabilistic reconstruction. Our analysis further reveals that representations at different time steps in MFT also exhibit complementarity. Therefore, a Dual Self-Representation Alignment mechanism is proposed at both the MAE and MFT levels. Finally, we design a Flow-Conditioned Fine-Tuning Architecture to fully exploit the point cloud distribution learned via MeanFlow. Point-SRA outperforms Point-MAE by 5.37% on ScanObjectNN. On intracranial aneurysm segmentation, it reaches 96.07% mean IoU for arteries and 86.87% for aneurysms. For 3D object detection, Point-SRA achieves 47.3% AP@50, surpassing MaskPoint by 5.12%.",arxiv:cs.CV,arXiv:safety,,http://arxiv.org/abs/2601.01746v1,Uncertain,,,abstract,pending,,
P02_1078,Adversarial Image Alignment and Interpolation,Viren Jain,2017,,1707.00067v1,"Volumetric (3d) images are acquired for many scientific and biomedical purposes using imaging methods such as serial section microscopy, CT scans, and MRI. A frequent step in the analysis and reconstruction of such data is the alignment and registration of images that were acquired in succession along a spatial or temporal dimension. For example, in serial section electron microscopy, individual 2d sections are imaged via electron microscopy and then must be aligned to one another in order to produce a coherent 3d volume. State of the art approaches find image correspondences derived from patch matching and invariant feature detectors, and then solve optimization problems that rigidly or elastically deform series of images into an aligned volume. Here we show how fully convolutional neural networks trained with an adversarial loss function can be used for two tasks: (1) synthesis of missing or damaged image data from adjacent sections, and (2) fine-scale alignment of block-face electron microscopy data. Finally, we show how these two capabilities can be combined in order to produce artificial isotropic volumes from anisotropic image volumes using a super-resolution adversarial alignment and interpolation approach.",arxiv:cs.CV,arXiv:safety,,http://arxiv.org/abs/1707.00067v1,Uncertain,,,abstract,pending,,
P02_1122,A model to assess customer alignment through customer experience concepts,Leonardo Munoz; Oscar Avila,2019,,1905.02356v3,"Business and Information Technology Alignment (BITA) has been one of the main concerns of IT and Business executives and directors due to its importance to overall company performance, especially today in the age of digital transformation. For BITA has been developed several models which in general has focused in the implementation of alignment strategies for the internal operation of the organizations and in the measurement of this internal alignment, but, there is still a big gap in measurement models of the alignment with the external environment of the organizations. In this paper is presented the design and application of a maturity measurement model for BITA with the customers, where the customers are actors of the external environment of the companies. The proposed model involves evaluation criteria and business practices which the companies ideally do for improve the relationship with their customers.",arxiv:cs.CY,arXiv:safety,,http://arxiv.org/abs/1905.02356v3,Uncertain,,,abstract,pending,,
P02_1128,Intelligent Angle Map-based Beam Alignment for RIS-aided mmWave Communication Networks,Hao Xia; Qing Xue; Yanping Liu; Binggui Zhou; Meng Hua; Qianbin Chen,2024,,2410.23919v1,"Recently, reconfigurable intelligent surface (RIS) has been widely used to enhance the performance of millimeter wave (mmWave) communication systems, making beam alignment more challenging. To ensure efficient communication, this paper proposes a novel intelligent angle map-based beam alignment scheme for both general user equipments (UEs) and RIS-aided UEs simultaneously in a fast and effective way. Specifically, we construct a beam alignment architecture that utilizes only angular information. To obtain the angle information, the currently hottest seq2seq model - the Transformer - is introduced to offline learn the relationship between UE geographic location and the corresponding optimal beam direction. Based on the powerful machine learning model, the location-angle mapping function, i.e., the angle map, can be built. As long as the location information of UEs is available, the angle map can make the acquisition of beam alignment angles effortless. In the simulation, we utilize a ray-tracing-based dataset to verify the performance of the proposed scheme. It is demonstrated that the proposed scheme can achieve high-precision beam alignment and remarkable system performance without any beam scanning.",arxiv:cs.IT; arxiv:eess.SY,arXiv:safety,,http://arxiv.org/abs/2410.23919v1,Uncertain,,,abstract,pending,,
P02_1141,Deep Unfolding Network with Spatial Alignment for multi-modal MRI reconstruction,Hao Zhang; Qi Wang; Jun Shi; Shihui Ying; Zhijie Wen,2023,,2312.16998v2,"Multi-modal Magnetic Resonance Imaging (MRI) offers complementary diagnostic information, but some modalities are limited by the long scanning time. To accelerate the whole acquisition process, MRI reconstruction of one modality from highly undersampled k-space data with another fully-sampled reference modality is an efficient solution. However, the misalignment between modalities, which is common in clinic practice, can negatively affect reconstruction quality. Existing deep learning-based methods that account for inter-modality misalignment perform better, but still share two main common limitations: (1) The spatial alignment task is not adaptively integrated with the reconstruction process, resulting in insufficient complementarity between the two tasks; (2) the entire framework has weak interpretability. In this paper, we construct a novel Deep Unfolding Network with Spatial Alignment, termed DUN-SA, to appropriately embed the spatial alignment task into the reconstruction process. Concretely, we derive a novel joint alignment-reconstruction model with a specially designed cross-modal spatial alignment term. By relaxing the model into cross-modal spatial alignment and multi-modal reconstruction tasks, we propose an effective algorithm to solve this model alternatively. Then, we unfold the iterative steps of the proposed algorithm and design corresponding network modules to build DUN-SA with interpretability. Through end-to-end training, we effectively compensate for spatial misalignment using only reconstruction loss, and utilize the progressively aligned reference modality to provide inter-modality prior to improve the reconstruction of the target modality. Comprehensive experiments on three real datasets demonstrate that our method exhibits superior reconstruction performance compared to state-of-the-art methods.",arxiv:eess.IV; arxiv:cs.CV,arXiv:safety,,http://arxiv.org/abs/2312.16998v2,Uncertain,,,abstract,pending,,
P02_1144,Aleena: Alignment Agent for Research Software Engineering Collaborations,Kshitij Dani; Cordero Core; Landung Setiawan; Carlos Garcia Jurado Suarez; Anshul Tambay; Vani Mandava; Anant Mittal,2026,,2607.08043v1,"Research software collaborations span meetings, informal chats, pull requests, and GitHub issues. A decision surfaced in a Slack thread, refined in a meeting, and implemented in a pull request can lose its original rationale across these artifacts, leaving domain researchers and research software engineers with divergent mental models of project intent, ownership, and scientific assumptions. We argue that alignment in research software engineering is a continuous lifecycle problem, and that agentic AI can support stakeholder alignment and project-state tracking without replacing human decision-making. We present Aleena, an open-source lifecycle alignment agent that uses GitHub as a shared collaboration surface, transforming multi-modal stakeholder interactions into structured project records that surface risks, track open questions, and preserve decision continuity. Grounded in university-based research software engineering center experiences, this paper presents the motivating problem, system design, prototype, and illustrative lifecycle scenarios for Aleena.",arxiv:cs.SE; arxiv:cs.AI,arXiv:safety,,http://arxiv.org/abs/2607.08043v1,Uncertain,,,abstract,pending,,
P02_1172,Learning to optimize: a primer and a benchmark,Tianlong Chen; Xiaohan Chen; Wuyang Chen; Zhangyang Wang; Howard Heaton; Jialin Liu; Wotao Yin,2022,,,,"algorithm unrolling, optimization, meta learning, learning to optimize",ACM:F2,,,Uncertain,,,abstract,pending,,
P02_1173,Proceedings of the 2025 International Conference on Multimedia Retrieval,,2025,,,,,ACM:F2,,,Uncertain,,,abstract,pending,,
P02_1175,Proceedings of the 2024 International Conference on Multimedia Retrieval,,2024,,,,,ACM:F2,,,Uncertain,,,abstract,pending,,
P02_1176,Proceedings of the 2026 ACM Workshop on Information Hiding and Multimedia Security,,2026,,,,,ACM:F2,,,Uncertain,,,abstract,pending,,
P02_1177,"Proceedings of the 2026 5th International Conference on Networks, Communications and Information Technology",,2026,,,,,ACM:F2,,,Uncertain,,,abstract,pending,,
P02_1178,"Proceedings of the 17th ACM International Conference on Bioinformatics, Computational Biology and Health Informatics",,2026,,,,,ACM:F2,,,Uncertain,,,abstract,pending,,
P02_1179,"Proceedings of the 13th ACM International Conference on Systems for Energy-Efficient Buildings, Cities, and Transportation",,2026,,,,,ACM:F2,,,Uncertain,,,abstract,pending,,
P02_1180,Proceedings of the 2024 2nd International Conference on Internet of Things and Cloud Computing Technology,,2024,,,,,ACM:F2,,,Uncertain,,,abstract,pending,,
P02_1181,"Proceedings of the 2026 5th International Conference on Big Data, Information and Computer Network",,2026,,,,,ACM:F2,,,Uncertain,,,abstract,pending,,
P02_1182,Proceedings of the 2025 6th International Conference on Computer Science and Management Technology,,2025,,,,,ACM:F2,,,Uncertain,,,abstract,pending,,
P02_1183,"Proceedings of the 2022 5th International Conference on Algorithms, Computing and Artificial Intelligence",,2022,,,,,ACM:F2,,,Uncertain,,,abstract,pending,,
P02_1184,"Proceedings of the 5th International Conference on Computer, Artificial Intelligence and Control Engineering",,2026,,,,,ACM:F2,,,Uncertain,,,abstract,pending,,
P02_1185,Proceedings of the 31st ACM SIGKDD Conference on Knowledge Discovery and Data Mining V.2,,2025,,,,,ACM:F2,,,Uncertain,,,abstract,pending,,
P02_1186,"Proceedings of the 2026 5th International Conference on Cryptography, Network Security and Communication Technology",,2026,,,,,ACM:F2,,,Uncertain,,,abstract,pending,,
P02_1187,Proceedings of the 7th ACM International Conference on Multimedia in Asia,,2025,,,,,ACM:F2,,,Uncertain,,,abstract,pending,,
P02_1188,Proceedings of the Third International Conference on AI-ML Systems,,2023,,,,,ACM:F2,,,Uncertain,,,abstract,pending,,
P02_1189,Proceedings of the 22nd ACM SIGGRAPH European Conference on Visual Media Production,,2025,,,,,ACM:F2,,,Uncertain,,,abstract,pending,,
P02_1190,Proceedings of the 12th International Symposium on Information and Communication Technology,,2023,,,,,ACM:F2,,,Uncertain,,,abstract,pending,,
P02_1191,Proceedings of the 2025 11th International Conference on Communication and Information Processing,,2025,,,,,ACM:F2,,,Uncertain,,,abstract,pending,,
P02_1192,Proceedings of the 32nd ACM International Conference on Multimedia,,2024,,,,,ACM:F2,,,Uncertain,,,abstract,pending,,
P02_1193,Proceedings of the 2024 International Conference on Generative Artificial Intelligence and Information Security,,2024,,,,,ACM:F2,,,Uncertain,,,abstract,pending,,
P02_1194,Proceedings of the 2025 6th International Conference on Big Data Economy and Information Management,,2025,,,,,ACM:F2,,,Uncertain,,,abstract,pending,,
P02_1195,Proceedings of the 2023 15th International Conference on Machine Learning and Computing,,2023,,,,,ACM:F2,,,Uncertain,,,abstract,pending,,
P02_1196,Proceedings of the 2026 ACM Sustainability Week,,2026,,,,,ACM:F2,,,Uncertain,,,abstract,pending,,
P02_1197,Proceedings of the 6th Joint International Conference on Data Science &amp; Management of Data (10th ACM IKDD CODS and 28th COMAD),,2023,,,,,ACM:F2,,,Uncertain,,,abstract,pending,,
P02_1198,"Proceedings of the 2025 2nd International Conference on Image Processing, Intelligent Control and Computer Engineering",,2025,,,,,ACM:F2,,,Uncertain,,,abstract,pending,,
P02_1199,Proceedings of the 2024 8th International Conference on Natural Language Processing and Information Retrieval,,2024,,,,,ACM:F2,,,Uncertain,,,abstract,pending,,
P02_1200,Proceedings of the 2026 ACM/IEEE International Conference on Embedded Artificial Intelligence and Sensing Systems,,2026,,,,,ACM:F2,,,Uncertain,,,abstract,pending,,
P02_1201,Proceedings of the 2024 16th International Conference on Machine Learning and Computing,,2024,,,,,ACM:F2,,,Uncertain,,,abstract,pending,,
P02_1202,Proceedings of the Fourth ACM International Conference on AI in Finance,,2023,,,,,ACM:F2,,,Uncertain,,,abstract,pending,,
P02_1203,Proceedings of the 2024 5th International Conference on Computer Science and Management Technology,,2024,,,,,ACM:F2,,,Uncertain,,,abstract,pending,,
P02_1204,Proceedings of the 47th International ACM SIGIR Conference on Research and Development in Information Retrieval,,2024,,,,,ACM:F2,,,Uncertain,,,abstract,pending,,
P02_1205,Proceedings of the ACM on Web Conference 2025,,2025,,,,,ACM:F2,,,Uncertain,,,abstract,pending,,
P02_1206,Proceedings of the 2026 2nd International Conference on Digital Education and Information Technology,,2026,,,,,ACM:F2,,,Uncertain,,,abstract,pending,,
P02_1207,Proceedings of the 31st ACM International Conference on Advances in Geographic Information Systems,,2023,,,,,ACM:F2,,,Uncertain,,,abstract,pending,,
P02_1208,Proceedings of the 5th ACM International Conference on AI in Finance,,2024,,,,,ACM:F2,,,Uncertain,,,abstract,pending,,
P02_1209,Proceedings of the 2026 International Conference on Multimedia Retrieval,,2026,,,,,ACM:F2,,,Uncertain,,,abstract,pending,,
P02_1210,Proceedings of the 2024 5th International Symposium on Artificial Intelligence for Medicine Science,,2024,,,,,ACM:F2,,,Uncertain,,,abstract,pending,,
P02_1211,Proceedings of the 17th ACM Conference on Recommender Systems,,2023,,,,,ACM:F2,,,Uncertain,,,abstract,pending,,
P02_1212,Proceedings of the 6th ACM International Conference on Multimedia in Asia,,2024,,,,,ACM:F2,,,Uncertain,,,abstract,pending,,
P02_1213,Proceedings of the 7th Joint International Conference on Data Science &amp; Management of Data (11th ACM IKDD CODS and 29th COMAD),,2024,,,,,ACM:F2,,,Uncertain,,,abstract,pending,,
P02_1214,Proceedings of the 17th ACM International Conference on Web Search and Data Mining,,2024,,,,,ACM:F2,,,Uncertain,,,abstract,pending,,
P02_1215,Proceedings of the 33rd ACM SIGSOFT International Symposium on Software Testing and Analysis,,2024,,,,,ACM:F2,,,Uncertain,,,abstract,pending,,
P02_1216,Proceedings of the 2024 ACM Workshop on Information Hiding and Multimedia Security,,2024,,,,,ACM:F2,,,Uncertain,,,abstract,pending,,
P02_1217,Proceedings of the 48th International ACM SIGIR Conference on Research and Development in Information Retrieval,,2025,,,,,ACM:F2,,,Uncertain,,,abstract,pending,,
P02_1218,Proceedings of the Special Interest Group on Computer Graphics and Interactive Techniques Conference Conference Papers,,2026,,,,,ACM:F2,,,Uncertain,,,abstract,pending,,
P02_1219,Proceedings of the Companion Conference on Genetic and Evolutionary Computation,,2023,,,,,ACM:F2,,,Uncertain,,,abstract,pending,,
P02_1220,Proceedings of the 2025 15th International Conference on Communication and Network Security,,2025,,,,,ACM:F2,,,Uncertain,,,abstract,pending,,
P02_1221,Proceedings of the Genetic and Evolutionary Computation Conference Companion,,2024,,,,,ACM:F2,,,Uncertain,,,abstract,pending,,
P02_1222,Proceedings of the 18th ACM Conference on Recommender Systems,,2024,,,,,ACM:F2,,,Uncertain,,,abstract,pending,,
P02_1223,Companion Proceedings of the Web Conference 2022,,2022,,,,,ACM:F2,,,Uncertain,,,abstract,pending,,
P02_1224,Proceedings of the 2025 ACM Workshop on Information Hiding and Multimedia Security,,2025,,,,,ACM:F2,,,Uncertain,,,abstract,pending,,
P02_1225,Proceedings of the 32nd ACM SIGSOFT International Symposium on Software Testing and Analysis,,2023,,,,,ACM:F2,,,Uncertain,,,abstract,pending,,
P02_1226,Proceedings of the 37th IEEE/ACM International Conference on Automated Software Engineering,,2022,,,,,ACM:F2,,,Uncertain,,,abstract,pending,,
P02_1227,Proceedings of the 2024 on ACM SIGSAC Conference on Computer and Communications Security,,2024,,,,,ACM:F2,,,Uncertain,,,abstract,pending,,
P02_1228,Proceedings of the 30th International Conference on Intelligent User Interfaces,,2025,,,,,ACM:F2,,,Uncertain,,,abstract,pending,,
P02_1229,Proceedings of the 2026 ACM Secure Development Conference,,2026,,,,,ACM:F2,,,Uncertain,,,abstract,pending,,
P02_1230,"Proceedings of the 21st Annual International Conference on Mobile Systems, Applications and Services",,2023,,,,,ACM:F2,,,Uncertain,,,abstract,pending,,
P02_1231,Proceedings of the ACM SIGGRAPH/Eurographics Symposium on Computer Animation,,2024,,,,,ACM:F2,,,Uncertain,,,abstract,pending,,
P02_1233,Proceedings of the 23rd International Conference on Autonomous Agents and Multiagent Systems,,2024,,,,,ACM:F2,,,Uncertain,,,abstract,pending,,
P02_1234,Proceedings of the 38th ACM/SIGAPP Symposium on Applied Computing,,2023,,,,,ACM:F2,,,Uncertain,,,abstract,pending,,
P02_1235,Proceedings of the SIGGRAPH Asia 2025 Conference Papers,,2025,,,,,ACM:F2,,,Uncertain,,,abstract,pending,,
P02_1236,SIGGRAPH Asia 2024 Conference Papers,,2024,,,,,ACM:F2,,,Uncertain,,,abstract,pending,,
P02_1237,Proceedings of the Fifth International Conference on Distributed Artificial Intelligence,,2023,,,,,ACM:F2,,,Uncertain,,,abstract,pending,,
P02_1238,Proceedings of the 2025 ACM SIGSAC Conference on Computer and Communications Security,,2025,,,,,ACM:F2,,,Uncertain,,,abstract,pending,,
P02_1240,Proceedings of the IEEE/ACM 48th International Conference on Software Engineering: Software Engineering in Practice,,2026,,,,,ACM:F2,,,Uncertain,,,abstract,pending,,
P02_1241,Proceedings of the ACM Asia Conference on Computer and Communications Security,,2026,,,,,ACM:F2,,,Uncertain,,,abstract,pending,,
P02_1242,The World Wide Web Conference,,2019,,,,,ACM:F2,,,Uncertain,,,abstract,pending,,
P02_1243,Proceedings of the Genetic and Evolutionary Computation Conference,,2024,,,,,ACM:F2,,,Uncertain,,,abstract,pending,,
P02_1244,"Proceedings of the 2026 ACM Conference on Fairness, Accountability, and Transparency",,2026,,,,,ACM:F2,,,Uncertain,,,abstract,pending,,
P02_1245,Proceedings of the 19th ACM Asia Conference on Computer and Communications Security,,2024,,,,,ACM:F2,,,Uncertain,,,abstract,pending,,
P02_1246,Optimal locally private nonparametric classification with public data,Yuheng Ma; Hanfang Yang,2024,,,,"decision tree, local differential privacy, non-parametric classification, posterior drift, public data",ACM:F2,,,Uncertain,,,abstract,pending,,
P02_1247,"Proceedings of the 2024 ACM Conference on Fairness, Accountability, and Transparency",,2024,,,,,ACM:F2,,,Uncertain,,,abstract,pending,,
P02_1248,"Proceedings of the 2023 ACM Conference on Fairness, Accountability, and Transparency",,2023,,,,,ACM:F2,,,Uncertain,,,abstract,pending,,
P02_1249,Proceedings of the 19th International Conference on the Foundations of Digital Games,,2024,,,,,ACM:F2,,,Uncertain,,,abstract,pending,,
P02_1250,Proceedings of the 2026 Designing Interactive Systems Conference,,2026,,,,,ACM:F2,,,Uncertain,,,abstract,pending,,
P02_1329,"4th Conference on Lifelong Learning Agents, CoLLAs 2025",,2025,,,The proceedings contain 37 papers. The special focus in this conference is on Lifelong Learning Agents. The topics include: BALANCING EXPRESSIVITY AND ROBUSTNESS: CONSTRAINED RATIONAL ACTIVATIONS FOR REINFORCEMENT LEARNING; ON THE HARDNESS OF UNSUPERVISED DOMAIN ADAPTATION: OPTIMAL LEARNERS AND INFORMATION-THEORETIC PERSPECTIVE; LEARNING WITHOUT TIME-BASED EMBODIMENT RESETS IN SOFT-ACTOR CRITIC; COMBINING PRE-TRAINED MODELS FOR ENHANCED FEATURE REPRESENTATION IN REINFORCEMENT LEARNING; ADDRESSING THE DEVASTATING EFFECTS OF SINGLE-TASK DATA POISONING IN EXEMPLAR-FREE CONTINUAL LEARNING; MEMORY STORYBOARD: LEVERAGING TEMPORAL SEGMENTATION FOR STREAMING SELF-SUPERVISED LEARNING FROM EGOCENTRIC VIDEOS; STATISTICAL BIAS LEADS TO OVERESTIMATED OOD GENERALIZATION IN ALGORITHMIC TASKS FOR SEQ2SEQ TRANSFORMERS; MANIFOLD METRIC: A LOSS LANDSCAPE APPROACH FOR PREDICTING MODEL PERFORMANCE; EXTREMELY SIMPLE STREAMING FOREST; BENCHMARKING MOBILE DEVICE CONTROL AGENTS ACROSS DIVERSE CONFIGURATIONS; ADAPT ON-THE-GO: BEHAVIOR MODULATION FOR SINGLE-LIFE ROBOT DEPLOYMENT; QUERY DRIFT COMPENSATION: ENABLING COMPATIBILITY IN CONTINUAL LEARNING OF RETRIEVAL EMBEDDING MODELS; WARMING UP FOR ZEROTH-ORDER FEDERATED PRE-TRAINING WITH LOW RESOURCE CLIENTS; BOWL: A DECEPTIVELY SIMPLE OPEN WORLD LEARNER; RETRIEVAL-AUGMENTED DECISION TRANSFORMER: EXTERNAL MEMORY FOR IN-CONTEXT RL; PRESERVING PLASTICITY IN CONTINUAL LEARNING WITH ADAPTIVE LINEARITY INJECTION; A GOOD START MATTERS: ENHANCING CONTINUAL LEARNING WITH DATA-DRIVEN WEIGHT INITIALIZATION; REVISITING REPLAY AND GRADIENT ALIGNMENT FOR CONTINUAL PRE-TRAINING OF LARGE LANGUAGE MODELS; TEACH YOLO TO REMEMBER: A SELF-DISTILLATION APPROACH FOR CONTINUAL OBJECT DETECTION; REEVALUATING META-LEARNING OPTIMIZATION ALGORITHMS THROUGH CONTEXTUAL SELF-MODULATION; NOPROP: TRAINING NEURAL NETWORKS WITHOUT FULL BACK-PROPAGATION OR FULL FORWARD-PROPAGATION; REPLAY CONSOLIDATION WITH LABEL PROPAGATION FOR CONTINUAL OBJECT DETECTION; PREDICTION-ORIENTED SUBSAMPLING FROM DATA STREAMS; ON SUPERNET TRANSFER LEARNING FOR EFFECTIVE TASK ADAPTATION.,,"Scopus:primary, Scopus:safety",Proceedings of Machine Learning Research,https://www.scopus.com/pages/publications/105039413569?origin=resultslist,Uncertain,,,abstract,pending,,
P02_1339,TOWARDS ROBUST OUT-OF-DISTRIBUTION GENERALIZATION BOUNDS VIA SHARPNESS,"Zou, Y.; Kawaguchi, K.; Liu, Y.; Liu, J.; Lee, M.-L.; Hsu, W.",2024,,,"Generalizing to out-of-distribution (OOD) data or unseen domain, termed OOD generalization, still lacks appropriate theoretical guarantees. Canonical OOD bounds focus on different distance measurements between source and target domains but fail to consider the optimization property of the learned model. As empirically shown in recent work, the sharpness of learned minima influences OOD generalization. To bridge this gap between optimization and OOD generalization, we study the effect of sharpness on how a model tolerates data change in domain shift which is usually captured by ""robustness"" in generalization. In this paper, we give a rigorous connection between sharpness and robustness, which gives better OOD guarantees for robust algorithms. It also provides a theoretical backing for ""flat minima leads to better OOD generalization"". Overall, we propose a sharpness-based OOD generalization bound by taking robustness into consideration, resulting in a tighter bound than non-robust guarantees. Our findings are supported by the experiments on a ridge regression model, as well as the experiments on deep learning classification tasks. © 2024 12th International Conference on Learning Representations, ICLR 2024. All rights reserved.",Deep learning; Data change; Distribution bounds; Generalisation; Generalization bound; Optimisations; Property; Robust algorithm; Target domain; Theoretical guarantees; Tight bound; Regression analysis,Scopus:primary,"12th International Conference on Learning Representations, ICLR 2024",https://www.scopus.com/pages/publications/85200608839?origin=resultslist,Uncertain,,,abstract,pending,,
P02_1388,"14th National CCF Conference on Natural Language Processing and Chinese Computing, NLPCC 2025",,2026,,,The proceedings contain 178 papers. The special focus in this conference is on Natural Language Processing and Chinese Computing. The topics include: Exploring the Capabilities of Chinese LLMs in the Legal Field; RoleplayLLM: Enhancing Role-Playing Abilities in Large Language Models via Multidimensional Fine-Tuning and Preference Optimization; multi-task Contrastive Learning Enhanced Instruction Tuning for Dialog Understanding; simplify and Translate: A Unified Framework for Accessible Machine Translation; PGATA: Phonology-and-Glyph-Aware Token Alignment for Transfer Learning in Cantonese Sarcasm Detection; LLM-Enhanced Translation for Low-Resource Languages: Cross-Lingual Alignment and Multi-domain Adaptation; best-Fit Document: Enhancing Compositional Generalization in Multi-label Text Classification; dialogue Multi-dimensional Feature Dividing and Fusion Model for Dialogue Aspect-Based Sentiment Quadruple Analysis; boosting Affective Events Classification: A Contextual Framework with Chain-of-Thought Prompt; hate Speech Detection in Somali-English Code-Switched Texts; CSCIS: Chinese Spelling Correction for Social-Platform Internet Slang Texts; DiGTF: A Difference-Guided Two-Stage Fusion Framework for Multimodal Sentiment Analysis; EVL-MCoT: Enhanced Vision-Language Multi-CoT for Harmful Meme Detection; deep Graph Neural Point Process for Learning Temporal Interactive Networks; bayesian Network-Based Adaptive Prompt Learning for Emotion-Cause Pair Extraction; exploring Sentiment Analysis in Tigrigna: Insights from Social Media Texts; unlocking the Advantage of Context Interaction via Bi-Graph Reasoning for Document-Level Aspect-Based Sentiment Analysis; EMAO: Expectation-Maximization and Adaptive Objective for Microscopic Cascade Prediction; attributed Graph Clustering with Dual Contrastive Regularization; deep Learning-Based Knowledge Injection for Metaphor Detection: A Comprehensive Review; CADA: A Counterfactual Adversarial Data Augmentation Framework for Low-Resource Hate Speech Detection; semantic Information Enhanced Fake News Detection; fine-Grained Inappropriate Speech Detection Based on Momentum Contrastive Learning; ISIPN: Intention-Semantic Incongruity Perception Network for Multimodal Metaphor Detection; self-Distillation Across Modalities: Enhancing Cross-Modal Correlation Perception for Multimodal Fake News Detection; d-PathVer: Dynamic Reasoning Pathways for Complex Claim Verification; dynamic Multi-views In-Context Learning with Large Language Models for Aspect-Based Sentiment Analysis.,,Scopus:safety,Lecture Notes in Computer Science,https://www.scopus.com/pages/publications/105025895730?origin=resultslist,Uncertain,,,abstract,pending,,
P02_1389,Weight Space Correlation Analysis: Quantifying Feature Utilization in Deep Learning Models,"Wong, C.K.; Pegios, P.; Weng, N.; Sejer, E.P.F.; Tolsgaard, M.G.; Christensen, A.N.; Feragen, A.",2026,,,"Deep learning models in medical imaging are susceptible to shortcut learning, relying on confounding metadata (e.g. scanner model) that is often encoded in image embeddings. The crucial question is whether the model actively utilizes this encoded information for its final prediction. We introduce Weight Space Correlation analysis, an interpretable methodology that quantifies feature utilization by measuring the alignment between the classification heads of a primary clinical task and auxiliary metadata tasks. We first validate our method by successfully detecting artificially induced shortcut learning. We then apply it to probe the feature utilization of an SA-SonoNet model trained for Spontaneous Preterm Birth (sPTB) prediction. Our analysis confirmed that while the embeddings contain substantial metadata, the sPTB classifier’s weight vectors were highly correlated with clinically relevant factors (e.g. cervical length) but decoupled from clinically irrelevant acquisition factors (e.g. scanner). Our methodology provides a tool for verifying model trustworthiness, by inspecting whether it utilizes features unrelated to the genuine clinical signal. Code available at https://github.com/wong-ck/wsc-analysis. © 2026 CC-BY 4.0, C.K. Wong, P. Pegios, N. Weng, E.P.F. Sejer, M.G. Tolsgaard, A.N. Christensen & A. Feragen.",feature utilization; obstetric ultrasound; Shortcut learning; Biomedical signal processing; Classification (of information); Correlation methods; Deep learning; Embeddings; Metadata; Obstetrics; Clinical tasks; Correlation analysis; Encoded information; Feature utilization; Image embedding; Learning models; Obstetric ultrasound; Preterm birth; Shortcut learning; Space correlation; Medical imaging,Scopus:safety,Proceedings of Machine Learning Research,https://www.scopus.com/pages/publications/105040248049?origin=resultslist,Uncertain,,,abstract,pending,,
P02_1407,"*SEM 2022 - 11th Joint Conference on Lexical and Computational Semantics, Proceedings of the Conference",,2022,,,The proceedings contain 30 papers. The topics discussed include: what do large language models learn about scripts?; DeepA2: a modular framework for deep argument analysis with pretrained neural Text2Text language models; semantics-aware attention improves neural machine translation; compositional generalization with a broad-coverage semantic parser; AnaLog: testing analytical and deductive logic learnability in language models; pairwise representation learning for event coreference; a simple unsupervised approach for coreference resolution using rule-based weak supervision; multilingual extraction and categorization of lexical collocations with graph-aware transformers; when polysemy matters: modeling semantic categorization with word embeddings; word-label alignment for event detection: a new perspective via optimal transport; and distilling hypernymy relations from language models: on the effectiveness of zero-shot taxonomy induction.,,Scopus:safety,"*SEM 2022 - 11th Joint Conference on Lexical and Computational Semantics, Proceedings of the Conference",https://www.scopus.com/pages/publications/85139127779?origin=resultslist,Uncertain,,,abstract,pending,,
