benchmark,lambda_val,seed,step,rga_score
hbar,0.0,0,0,0.07847409931419003
hbar,0.0,0,25,0.05235692143188093
hbar,0.0,0,50,0.0597472339218435
hbar,0.0,0,75,0.07402500708390414
hbar,0.0,0,100,0.08497562075198153
hbar,0.0,0,125,0.08225100469009577
hbar,0.0,0,150,0.07162954239786556
hbar,0.0,0,175,0.09267687868042
hbar,0.0,0,200,0.08664994303638145
hbar,0.0,0,225,0.09556933067880219
hbar,0.0,0,250,0.09696592330643641
hbar,0.0,0,275,0.09375812119143148
hbar,0.0,0,300,0.11564950443894387
hbar,0.0,0,325,0.11304706243141521
hbar,0.0,0,350,0.10896577972661735
hbar,0.0,0,375,0.1191423372671378
hbar,0.0,0,400,0.12720985596670456
hbar,0.0,0,425,0.12786273483708874
hbar,0.0,0,450,0.10626365465480403
hbar,0.0,0,475,0.11088739721819013
hbar,0.0,0,500,0.12971484615406625
hbar,0.0,0,525,0.12343358508194675
hbar,0.0,0,550,0.12895952082926065
hbar,0.0,0,575,0.12559274034152634
hbar,0.0,0,600,0.12566857437067844
hbar,0.0,0,625,0.13072261063247353
hbar,0.0,0,650,0.13081068522443587
hbar,0.0,0,675,0.11252693934340943
hbar,0.0,0,700,0.10958130020885812
hbar,0.0,0,725,0.15113527960628137
hbar,0.0,0,750,0.11579034825524423
hbar,0.0,0,775,0.12798167099910787
hbar,0.0,0,800,0.14514101290532955
hbar,0.0,0,825,0.11849076318607579
hbar,0.0,0,850,0.1273082301805822
hbar,0.0,0,875,0.12373960434117494
hbar,0.0,0,900,0.10902367728033113
hbar,0.0,0,925,0.12487239021674153
hbar,0.0,0,950,0.12592473452800398
hbar,0.0,0,975,0.14543668107219035
hbar,0.0,0,1000,0.12382538932241069
hbar,0.0,0,1025,0.13586131885106548
hbar,0.0,0,1050,0.13828823356280526
hbar,0.0,0,1075,0.12907793798390568
hbar,0.0,0,1100,0.13989962074609963
hbar,0.0,0,1125,0.13447982923942586
hbar,0.0,0,1150,0.1400738253848374
hbar,0.0,0,1175,0.1341314571535127
hbar,0.0,0,1200,0.14289169184440167
hbar,0.0,0,1225,0.1348048281137045
hbar,0.0,0,1250,0.11987142639748669
hbar,0.0,0,1275,0.1343266021623654
hbar,0.0,0,1300,0.1357360413780577
hbar,0.0,0,1325,0.1094508538264397
hbar,0.0,0,1350,0.12070515387489694
hbar,0.0,0,1375,0.11362106710158443
hbar,0.0,0,1400,0.12433564409087931
hbar,0.0,0,1425,0.13612571012043245
hbar,0.0,0,1450,0.13171280097202592
hbar,0.0,0,1475,0.12030635382651235
hbar,0.0,0,1500,0.13698700320753204
hbar,0.0,0,1525,0.12020549801786322
hbar,0.0,0,1550,0.1415702462894812
hbar,0.0,0,1575,0.13090568882097847
hbar,0.0,0,1600,0.12109404082354086
hbar,0.0,0,1625,0.13979536824181316
hbar,0.0,0,1650,0.14223105339052633
hbar,0.0,0,1675,0.12070776321544803
hbar,0.0,0,1700,0.12652325852648694
hbar,0.0,0,1725,0.14746274006563315
hbar,0.0,0,1750,0.1285769015049706
hbar,0.0,0,1775,0.13008109701808745
hbar,0.0,0,1800,0.13604210209428966
hbar,0.0,0,1825,0.12343500293141392
hbar,0.0,0,1850,0.13286666382179102
hbar,0.0,0,1875,0.12053055359830947
hbar,0.0,0,1900,0.13410931113497612
hbar,0.0,0,1925,0.12092426993618634
hbar,0.0,0,1950,0.149992434892453
hbar,0.0,0,1975,0.12016016487050132
hbar,0.0,0,2000,0.13728000270675061
hbar,0.0,1,0,0.07525991006940276
hbar,0.0,1,25,0.07215653174354017
hbar,0.0,1,50,0.04683389702080344
hbar,0.0,1,75,0.06875933209630877
hbar,0.0,1,100,0.0637439684174657
hbar,0.0,1,125,0.0824445539081192
hbar,0.0,1,150,0.08114836067866008
hbar,0.0,1,175,0.06470215666788226
hbar,0.0,1,200,0.08402811476513848
hbar,0.0,1,225,0.10576470880985248
hbar,0.0,1,250,0.09351043543540905
hbar,0.0,1,275,0.10935207355036558
hbar,0.0,1,300,0.10229436692711762
hbar,0.0,1,325,0.10579389234323122
hbar,0.0,1,350,0.11853502199117984
hbar,0.0,1,375,0.12185824962827022
hbar,0.0,1,400,0.1034263590787242
hbar,0.0,1,425,0.11630415701472901
hbar,0.0,1,450,0.11637770801330434
hbar,0.0,1,475,0.1326462029532074
hbar,0.0,1,500,0.10369548197222518
hbar,0.0,1,525,0.12951622299939952
hbar,0.0,1,550,0.12840800462688345
hbar,0.0,1,575,0.1323498202224752
hbar,0.0,1,600,0.10723014183257643
hbar,0.0,1,625,0.13155866304042074
hbar,0.0,1,650,0.1294047044560824
hbar,0.0,1,675,0.11848868714100924
hbar,0.0,1,700,0.139648998661198
hbar,0.0,1,725,0.11560328336008864
hbar,0.0,1,750,0.12213832370882456
hbar,0.0,1,775,0.15527976638090543
hbar,0.0,1,800,0.1498749429133868
hbar,0.0,1,825,0.13269437949955543
hbar,0.0,1,850,0.13105339966622864
hbar,0.0,1,875,0.12485187796083602
hbar,0.0,1,900,0.15335727065562837
hbar,0.0,1,925,0.13921425686033975
hbar,0.0,1,950,0.12481604063087981
hbar,0.0,1,975,0.13685780366495434
hbar,0.0,1,1000,0.11068042366740474
hbar,0.0,1,1025,0.12734435378244016
hbar,0.0,1,1050,0.1257991680427834
hbar,0.0,1,1075,0.12763529289161524
hbar,0.0,1,1100,0.11095732588472915
hbar,0.0,1,1125,0.13254094055296808
hbar,0.0,1,1150,0.13217541628526708
hbar,0.0,1,1175,0.1180906485352692
hbar,0.0,1,1200,0.14850897799107354
hbar,0.0,1,1225,0.12552454385869846
hbar,0.0,1,1250,0.12387503561450869
hbar,0.0,1,1275,0.14302863852320866
hbar,0.0,1,1300,0.1188613093151836
hbar,0.0,1,1325,0.13610661466513313
hbar,0.0,1,1350,0.12109937329645734
hbar,0.0,1,1375,0.13668048210724124
hbar,0.0,1,1400,0.1223814826897485
hbar,0.0,1,1425,0.13887189808831346
hbar,0.0,1,1450,0.12138575059480625
hbar,0.0,1,1475,0.13316478868783335
hbar,0.0,1,1500,0.11808596108559279
hbar,0.0,1,1525,0.12961016688131038
hbar,0.0,1,1550,0.12244000722360514
hbar,0.0,1,1575,0.1279480908443917
hbar,0.0,1,1600,0.1295070518004753
hbar,0.0,1,1625,0.14091932709233113
hbar,0.0,1,1650,0.12671774725185683
hbar,0.0,1,1675,0.11289192303362304
hbar,0.0,1,1700,0.13778471093232675
hbar,0.0,1,1725,0.13163372240145232
hbar,0.0,1,1750,0.1302880587121154
hbar,0.0,1,1775,0.13458512239010476
hbar,0.0,1,1800,0.1418303365514232
hbar,0.0,1,1825,0.10342652566343266
hbar,0.0,1,1850,0.12795912624789607
hbar,0.0,1,1875,0.14377795894504578
hbar,0.0,1,1900,0.11156769575767328
hbar,0.0,1,1925,0.12463090967277367
hbar,0.0,1,1950,0.13461752706146982
hbar,0.0,1,1975,0.12966261038318355
hbar,0.0,1,2000,0.13342027126503997
hbar,0.0,2,0,0.06056009905233256
hbar,0.0,2,25,0.060523286103840966
hbar,0.0,2,50,0.07254136129289829
hbar,0.0,2,75,0.056304380294787036
hbar,0.0,2,100,0.07652986414470343
hbar,0.0,2,125,0.07787056084076398
hbar,0.0,2,150,0.08080115264805496
hbar,0.0,2,175,0.09295392080824191
hbar,0.0,2,200,0.08490609047454985
hbar,0.0,2,225,0.09912979377915061
hbar,0.0,2,250,0.09002153582539536
hbar,0.0,2,275,0.10822455174682553
hbar,0.0,2,300,0.10557343225727497
hbar,0.0,2,325,0.10714114776587655
hbar,0.0,2,350,0.12763646756750258
hbar,0.0,2,375,0.11988030305945227
hbar,0.0,2,400,0.11597898823949032
hbar,0.0,2,425,0.11913417124296713
hbar,0.0,2,450,0.12469747264073551
hbar,0.0,2,475,0.12545678318064307
hbar,0.0,2,500,0.12387668642754278
hbar,0.0,2,525,0.12721160542632726
hbar,0.0,2,550,0.11984800877883356
hbar,0.0,2,575,0.11846267448584022
hbar,0.0,2,600,0.1292463306776874
hbar,0.0,2,625,0.13480556161720644
hbar,0.0,2,650,0.13472761850133524
hbar,0.0,2,675,0.13094707543044823
hbar,0.0,2,700,0.13284784061356186
hbar,0.0,2,725,0.13592191524881064
hbar,0.0,2,750,0.12932570379438613
hbar,0.0,2,775,0.12643343660255402
hbar,0.0,2,800,0.12979478331619543
hbar,0.0,2,825,0.13943851985980132
hbar,0.0,2,850,0.11622070438662534
hbar,0.0,2,875,0.1403356910576704
hbar,0.0,2,900,0.13293021899410834
hbar,0.0,2,925,0.1292479042656542
hbar,0.0,2,950,0.12077344482749992
hbar,0.0,2,975,0.10353631163316346
hbar,0.0,2,1000,0.12051403355909963
hbar,0.0,2,1025,0.13510800851461738
hbar,0.0,2,1050,0.12714367031484078
hbar,0.0,2,1075,0.11808631060450468
hbar,0.0,2,1100,0.1263214768572286
hbar,0.0,2,1125,0.13964068854861655
hbar,0.0,2,1150,0.1360473845746213
hbar,0.0,2,1175,0.1435364677696865
hbar,0.0,2,1200,0.13460991852344587
hbar,0.0,2,1225,0.11701250497467668
hbar,0.0,2,1250,0.13584141713415343
hbar,0.0,2,1275,0.12713421873700761
hbar,0.0,2,1300,0.12151932362046997
hbar,0.0,2,1325,0.13452563075077614
hbar,0.0,2,1350,0.13243204548139575
hbar,0.0,2,1375,0.12231280193185168
hbar,0.0,2,1400,0.11470909342495103
hbar,0.0,2,1425,0.13651512311011596
hbar,0.0,2,1450,0.1308885064764222
hbar,0.0,2,1475,0.12347334243886195
hbar,0.0,2,1500,0.14266773856467832
hbar,0.0,2,1525,0.11428022743319097
hbar,0.0,2,1550,0.12112435773917662
hbar,0.0,2,1575,0.154615994220967
hbar,0.0,2,1600,0.12774770547475145
hbar,0.0,2,1625,0.1376855685579772
hbar,0.0,2,1650,0.12554085642961715
hbar,0.0,2,1675,0.11447455668308228
hbar,0.0,2,1700,0.12844342309223816
hbar,0.0,2,1725,0.1418430804949421
hbar,0.0,2,1750,0.12651573797306268
hbar,0.0,2,1775,0.1245893638668109
hbar,0.0,2,1800,0.12186378356434717
hbar,0.0,2,1825,0.1466704464930113
hbar,0.0,2,1850,0.12564310641760942
hbar,0.0,2,1875,0.13571666982450756
hbar,0.0,2,1900,0.13886550400715283
hbar,0.0,2,1925,0.13354097762715406
hbar,0.0,2,1950,0.13079694846938816
hbar,0.0,2,1975,0.13748610180164073
hbar,0.0,2,2000,0.12950077953308808
hbar,0.0,3,0,0.058651548430728874
hbar,0.0,3,25,0.0638880626481437
hbar,0.0,3,50,0.06472823528749863
hbar,0.0,3,75,0.05917036406627225
hbar,0.0,3,100,0.07178965487056713
hbar,0.0,3,125,0.07399248821552543
hbar,0.0,3,150,0.07991421753179845
hbar,0.0,3,175,0.09820792620193707
hbar,0.0,3,200,0.0846033114404616
hbar,0.0,3,225,0.07267376585308657
hbar,0.0,3,250,0.08838035272808023
hbar,0.0,3,275,0.08089026095295612
hbar,0.0,3,300,0.09888748846723533
hbar,0.0,3,325,0.08881564194978274
hbar,0.0,3,350,0.11146446623829123
hbar,0.0,3,375,0.11577897735453943
hbar,0.0,3,400,0.12286331182720193
hbar,0.0,3,425,0.11597881437733369
hbar,0.0,3,450,0.13782513165846833
hbar,0.0,3,475,0.11744993892669812
hbar,0.0,3,500,0.12988456348124794
hbar,0.0,3,525,0.1260750519428593
hbar,0.0,3,550,0.12819034103237434
hbar,0.0,3,575,0.11974294170004451
hbar,0.0,3,600,0.13241415289460495
hbar,0.0,3,625,0.11216959603072282
hbar,0.0,3,650,0.12121159679370246
hbar,0.0,3,675,0.12448599125342628
hbar,0.0,3,700,0.14280357779183198
hbar,0.0,3,725,0.13441719380680006
hbar,0.0,3,750,0.12473455283115689
hbar,0.0,3,775,0.13380815310300845
hbar,0.0,3,800,0.12644204605604945
hbar,0.0,3,825,0.13436438969701847
hbar,0.0,3,850,0.14234878290142833
hbar,0.0,3,875,0.1320567252679462
hbar,0.0,3,900,0.10501624425765685
hbar,0.0,3,925,0.13461133675173584
hbar,0.0,3,950,0.12419417802062266
hbar,0.0,3,975,0.13504871158006115
hbar,0.0,3,1000,0.11053744530534367
hbar,0.0,3,1025,0.1245256821801156
hbar,0.0,3,1050,0.13632213985237207
hbar,0.0,3,1075,0.12194285165679938
hbar,0.0,3,1100,0.13380978723580506
hbar,0.0,3,1125,0.13702393166447244
hbar,0.0,3,1150,0.10696418795481939
hbar,0.0,3,1175,0.1237730429704088
hbar,0.0,3,1200,0.10822938299348593
hbar,0.0,3,1225,0.11941113315965608
hbar,0.0,3,1250,0.13750396093741277
hbar,0.0,3,1275,0.1323093234693397
hbar,0.0,3,1300,0.1343078016296465
hbar,0.0,3,1325,0.1453337614673319
hbar,0.0,3,1350,0.11097930726828957
hbar,0.0,3,1375,0.12619537360847394
hbar,0.0,3,1400,0.1310972827901441
hbar,0.0,3,1425,0.12260127006568448
hbar,0.0,3,1450,0.12765120014842682
hbar,0.0,3,1475,0.1437378750752525
hbar,0.0,3,1500,0.13922451704750616
hbar,0.0,3,1525,0.1410495759973276
hbar,0.0,3,1550,0.1325347942055319
hbar,0.0,3,1575,0.14046540088121318
hbar,0.0,3,1600,0.12934336035852317
hbar,0.0,3,1625,0.144322116211655
hbar,0.0,3,1650,0.12791686866291985
hbar,0.0,3,1675,0.11161550288263361
hbar,0.0,3,1700,0.14213909251671855
hbar,0.0,3,1725,0.13609984593157354
hbar,0.0,3,1750,0.1081102081978186
hbar,0.0,3,1775,0.13655998893761467
hbar,0.0,3,1800,0.12836976696163432
hbar,0.0,3,1825,0.1431457460012718
hbar,0.0,3,1850,0.15070347016624713
hbar,0.0,3,1875,0.12122563915117787
hbar,0.0,3,1900,0.14101331662898364
hbar,0.0,3,1925,0.11539318136667207
hbar,0.0,3,1950,0.12243221735076672
hbar,0.0,3,1975,0.12467498774541602
hbar,0.0,3,2000,0.13935402885679615
hbar,0.0,4,0,0.07969050944326718
hbar,0.0,4,25,0.07958831256435553
hbar,0.0,4,50,0.056149287986870314
hbar,0.0,4,75,0.05156625356895703
hbar,0.0,4,100,0.07153465622170842
hbar,0.0,4,125,0.0667064515054904
hbar,0.0,4,150,0.11026930049386768
hbar,0.0,4,175,0.07830492119927052
hbar,0.0,4,200,0.09775803233330618
hbar,0.0,4,225,0.09681058712988916
hbar,0.0,4,250,0.09926995807912911
hbar,0.0,4,275,0.08721448592690761
hbar,0.0,4,300,0.11754440910800712
hbar,0.0,4,325,0.1120513985988217
hbar,0.0,4,350,0.12947477288632347
hbar,0.0,4,375,0.09988923895480198
hbar,0.0,4,400,0.1282747473491545
hbar,0.0,4,425,0.12903847774975163
hbar,0.0,4,450,0.12718813088269787
hbar,0.0,4,475,0.11670922688634355
hbar,0.0,4,500,0.13330436744711638
hbar,0.0,4,525,0.10998750791205497
hbar,0.0,4,550,0.13077900417946664
hbar,0.0,4,575,0.1306864714958539
hbar,0.0,4,600,0.11085435745143667
hbar,0.0,4,625,0.13079765339681615
hbar,0.0,4,650,0.12885974317803184
hbar,0.0,4,675,0.14692131178481171
hbar,0.0,4,700,0.13442641945434583
hbar,0.0,4,725,0.13781982084443614
hbar,0.0,4,750,0.12962349461557468
hbar,0.0,4,775,0.13786482676633025
hbar,0.0,4,800,0.12620152803666462
hbar,0.0,4,825,0.12542528602602976
hbar,0.0,4,850,0.1394686001357326
hbar,0.0,4,875,0.13223286403578868
hbar,0.0,4,900,0.13978427762684173
hbar,0.0,4,925,0.13346582962555992
hbar,0.0,4,950,0.12760904791708252
hbar,0.0,4,975,0.16080823186533288
hbar,0.0,4,1000,0.14183499658562276
hbar,0.0,4,1025,0.13035581340990995
hbar,0.0,4,1050,0.13160619762722717
hbar,0.0,4,1075,0.12742213302405378
hbar,0.0,4,1100,0.12395971252940642
hbar,0.0,4,1125,0.14330451172117317
hbar,0.0,4,1150,0.12598098644654632
hbar,0.0,4,1175,0.12935319037095927
hbar,0.0,4,1200,0.14068667369128193
hbar,0.0,4,1225,0.13308569403638026
hbar,0.0,4,1250,0.15653909056698062
hbar,0.0,4,1275,0.1334148447261028
hbar,0.0,4,1300,0.11884559922701841
hbar,0.0,4,1325,0.13230116734712086
hbar,0.0,4,1350,0.11943303882270873
hbar,0.0,4,1375,0.1405797643041094
hbar,0.0,4,1400,0.12898828848925498
hbar,0.0,4,1425,0.13387479939313654
hbar,0.0,4,1450,0.13893461939207197
hbar,0.0,4,1475,0.12480760650195546
hbar,0.0,4,1500,0.12337454439253141
hbar,0.0,4,1525,0.13629621165615854
hbar,0.0,4,1550,0.13697808279606627
hbar,0.0,4,1575,0.1364294464676403
hbar,0.0,4,1600,0.11431252454307075
hbar,0.0,4,1625,0.1313513699794832
hbar,0.0,4,1650,0.12200653604845325
hbar,0.0,4,1675,0.12941199790489818
hbar,0.0,4,1700,0.11653004257424174
hbar,0.0,4,1725,0.13908846547544
hbar,0.0,4,1750,0.14089968432459604
hbar,0.0,4,1775,0.13562984279551366
hbar,0.0,4,1800,0.14859325869588513
hbar,0.0,4,1825,0.12916126678959364
hbar,0.0,4,1850,0.12840360880643553
hbar,0.0,4,1875,0.12346081946659497
hbar,0.0,4,1900,0.1305832450307273
hbar,0.0,4,1925,0.14027861767543098
hbar,0.0,4,1950,0.12139190088651217
hbar,0.0,4,1975,0.12168734059450838
hbar,0.0,4,2000,0.14609073478724732
hbar,0.02,0,0,0.06367085767495508
hbar,0.02,0,25,0.05383024730433332
hbar,0.02,0,50,0.05656105946774217
hbar,0.02,0,75,0.07295400540149863
hbar,0.02,0,100,0.07730603133693603
hbar,0.02,0,125,0.0765541312630999
hbar,0.02,0,150,0.07991248366062803
hbar,0.02,0,175,0.08839073652084928
hbar,0.02,0,200,0.09560480435665931
hbar,0.02,0,225,0.08278378488610019
hbar,0.02,0,250,0.08946350817500964
hbar,0.02,0,275,0.10318939512560413
hbar,0.02,0,300,0.1126082039836612
hbar,0.02,0,325,0.11612159980778715
hbar,0.02,0,350,0.11719949972441032
hbar,0.02,0,375,0.12356747190788467
hbar,0.02,0,400,0.13149742101401535
hbar,0.02,0,425,0.12074964777536196
hbar,0.02,0,450,0.11668331806540695
hbar,0.02,0,475,0.12074211988825471
hbar,0.02,0,500,0.1311520612249831
hbar,0.02,0,525,0.12234659178046398
hbar,0.02,0,550,0.13505540393921775
hbar,0.02,0,575,0.11995401189482757
hbar,0.02,0,600,0.14451894867461043
hbar,0.02,0,625,0.13176007871745057
hbar,0.02,0,650,0.11950739712628496
hbar,0.02,0,675,0.12315326018931662
hbar,0.02,0,700,0.12799709774870147
hbar,0.02,0,725,0.11602849736443276
hbar,0.02,0,750,0.13161279852078334
hbar,0.02,0,775,0.11346159618153892
hbar,0.02,0,800,0.12435131311460407
hbar,0.02,0,825,0.13202294429622266
hbar,0.02,0,850,0.13172197828295884
hbar,0.02,0,875,0.12346029005878527
hbar,0.02,0,900,0.11011876738869354
hbar,0.02,0,925,0.15332018745577763
hbar,0.02,0,950,0.1377936250018332
hbar,0.02,0,975,0.13852622805350515
hbar,0.02,0,1000,0.12079142507018673
hbar,0.02,0,1025,0.11003443043033288
hbar,0.02,0,1050,0.13069831021565492
hbar,0.02,0,1075,0.13233656523751283
hbar,0.02,0,1100,0.14153992470916724
hbar,0.02,0,1125,0.13167782193247632
hbar,0.02,0,1150,0.12000140401630052
hbar,0.02,0,1175,0.15757123560568417
hbar,0.02,0,1200,0.14329229641733332
hbar,0.02,0,1225,0.13787958260246191
hbar,0.02,0,1250,0.12359868513253172
hbar,0.02,0,1275,0.1379624905292852
hbar,0.02,0,1300,0.14786152442878409
hbar,0.02,0,1325,0.12576249796276892
hbar,0.02,0,1350,0.14647144685299612
hbar,0.02,0,1375,0.14085906776035312
hbar,0.02,0,1400,0.13635450554718598
hbar,0.02,0,1425,0.10951027749466398
hbar,0.02,0,1450,0.12439205331478581
hbar,0.02,0,1475,0.11901373960126622
hbar,0.02,0,1500,0.1304062501478831
hbar,0.02,0,1525,0.13043381790796887
hbar,0.02,0,1550,0.12046166939231644
hbar,0.02,0,1575,0.1032729594874052
hbar,0.02,0,1600,0.12884071537700234
hbar,0.02,0,1625,0.14138880312132263
hbar,0.02,0,1650,0.1428330094417898
hbar,0.02,0,1675,0.12798065336792558
hbar,0.02,0,1700,0.1274080224417777
hbar,0.02,0,1725,0.14292748591749463
hbar,0.02,0,1750,0.1384508270790013
hbar,0.02,0,1775,0.14656648147037812
hbar,0.02,0,1800,0.13711828471571103
hbar,0.02,0,1825,0.14545878265607864
hbar,0.02,0,1850,0.1216065438729455
hbar,0.02,0,1875,0.1276567266927608
hbar,0.02,0,1900,0.1303027437294944
hbar,0.02,0,1925,0.11579841128174265
hbar,0.02,0,1950,0.12145360500005872
hbar,0.02,0,1975,0.12516346474633233
hbar,0.02,0,2000,0.13351410741389064
hbar,0.02,1,0,0.05860706488460618
hbar,0.02,1,25,0.07398091801766872
hbar,0.02,1,50,0.06938317197263069
hbar,0.02,1,75,0.0636291850692734
hbar,0.02,1,100,0.0640366090511884
hbar,0.02,1,125,0.07364121438254521
hbar,0.02,1,150,0.08421413128720544
hbar,0.02,1,175,0.09585121630315704
hbar,0.02,1,200,0.11657039759536851
hbar,0.02,1,225,0.06877777109722003
hbar,0.02,1,250,0.09299330138286592
hbar,0.02,1,275,0.0843208010433262
hbar,0.02,1,300,0.09071430599393732
hbar,0.02,1,325,0.10725268332711654
hbar,0.02,1,350,0.12043602907047636
hbar,0.02,1,375,0.1198482919785095
hbar,0.02,1,400,0.12181552447215466
hbar,0.02,1,425,0.11989764351363671
hbar,0.02,1,450,0.1158541339227283
hbar,0.02,1,475,0.13525903108903262
hbar,0.02,1,500,0.12832153854760306
hbar,0.02,1,525,0.11664122366879728
hbar,0.02,1,550,0.12510906738720753
hbar,0.02,1,575,0.12458510872214261
hbar,0.02,1,600,0.11313575640557746
hbar,0.02,1,625,0.1319719348863317
hbar,0.02,1,650,0.13927371307199476
hbar,0.02,1,675,0.1344469080437747
hbar,0.02,1,700,0.13761187155915205
hbar,0.02,1,725,0.1227146693673469
hbar,0.02,1,750,0.13436931985066622
hbar,0.02,1,775,0.14244735365047798
hbar,0.02,1,800,0.13631172438689051
hbar,0.02,1,825,0.13849929288197144
hbar,0.02,1,850,0.12511420307945578
hbar,0.02,1,875,0.1291682078634038
hbar,0.02,1,900,0.12615455260433384
hbar,0.02,1,925,0.13021535135583903
hbar,0.02,1,950,0.13306532277548916
hbar,0.02,1,975,0.14386857672735293
hbar,0.02,1,1000,0.13795057278398623
hbar,0.02,1,1025,0.11480218844634664
hbar,0.02,1,1050,0.12096773723463007
hbar,0.02,1,1075,0.1354762542666479
hbar,0.02,1,1100,0.12807280044797575
hbar,0.02,1,1125,0.12030774894996032
hbar,0.02,1,1150,0.14171784117407138
hbar,0.02,1,1175,0.12944176581144876
hbar,0.02,1,1200,0.14201490203413072
hbar,0.02,1,1225,0.12492584786004125
hbar,0.02,1,1250,0.1419067570888003
hbar,0.02,1,1275,0.11023926602977137
hbar,0.02,1,1300,0.13292220790543852
hbar,0.02,1,1325,0.13313325197467968
hbar,0.02,1,1350,0.13290120571918132
hbar,0.02,1,1375,0.11891040164484912
hbar,0.02,1,1400,0.11282960601298724
hbar,0.02,1,1425,0.1250155095190559
hbar,0.02,1,1450,0.11336239038415055
hbar,0.02,1,1475,0.12775853463044645
hbar,0.02,1,1500,0.12573064380210203
hbar,0.02,1,1525,0.13114565652700294
hbar,0.02,1,1550,0.13744147900938056
hbar,0.02,1,1575,0.13073330108963582
hbar,0.02,1,1600,0.1485170105522996
hbar,0.02,1,1625,0.12851384994697454
hbar,0.02,1,1650,0.13171165002000004
hbar,0.02,1,1675,0.12922769314200327
hbar,0.02,1,1700,0.13209983264057926
hbar,0.02,1,1725,0.13182441435722805
hbar,0.02,1,1750,0.11597586141969715
hbar,0.02,1,1775,0.14368258497838188
hbar,0.02,1,1800,0.14132710009667668
hbar,0.02,1,1825,0.14465705320346217
hbar,0.02,1,1850,0.13221170219442
hbar,0.02,1,1875,0.12887701054158232
hbar,0.02,1,1900,0.1426057990792644
hbar,0.02,1,1925,0.10843777515257572
hbar,0.02,1,1950,0.12752744815969658
hbar,0.02,1,1975,0.13451948827473267
hbar,0.02,1,2000,0.11702952349415138
hbar,0.02,2,0,0.05822852387017159
hbar,0.02,2,25,0.07518237935128536
hbar,0.02,2,50,0.06510410368613297
hbar,0.02,2,75,0.05958440602584164
hbar,0.02,2,100,0.06861950210252961
hbar,0.02,2,125,0.07697132845399826
hbar,0.02,2,150,0.0963703242580607
hbar,0.02,2,175,0.09100364037850278
hbar,0.02,2,200,0.08207312954873713
hbar,0.02,2,225,0.0884786264710624
hbar,0.02,2,250,0.0859186182336547
hbar,0.02,2,275,0.10592849389626911
hbar,0.02,2,300,0.11487183521187685
hbar,0.02,2,325,0.11981561344001754
hbar,0.02,2,350,0.09939409435817823
hbar,0.02,2,375,0.09970670617368971
hbar,0.02,2,400,0.11526438444475647
hbar,0.02,2,425,0.10755398005768631
hbar,0.02,2,450,0.11842209676405852
hbar,0.02,2,475,0.11794315070882239
hbar,0.02,2,500,0.11377677725029971
hbar,0.02,2,525,0.1242172927194734
hbar,0.02,2,550,0.130128190674979
hbar,0.02,2,575,0.1311941098077946
hbar,0.02,2,600,0.1143872263798516
hbar,0.02,2,625,0.1325625953709055
hbar,0.02,2,650,0.1271814088502024
hbar,0.02,2,675,0.1351456948478174
hbar,0.02,2,700,0.14734560048163947
hbar,0.02,2,725,0.15914463861051462
hbar,0.02,2,750,0.11160632781536385
hbar,0.02,2,775,0.14331379609403416
hbar,0.02,2,800,0.13748547899141056
hbar,0.02,2,825,0.12874965292188648
hbar,0.02,2,850,0.15293587263403152
hbar,0.02,2,875,0.12494595884460775
hbar,0.02,2,900,0.12069254651443977
hbar,0.02,2,925,0.13646687469182214
hbar,0.02,2,950,0.1327202164869455
hbar,0.02,2,975,0.13676134775475818
hbar,0.02,2,1000,0.12467647189977138
hbar,0.02,2,1025,0.1271858134550623
hbar,0.02,2,1050,0.11770638519391416
hbar,0.02,2,1075,0.12464423065617931
hbar,0.02,2,1100,0.12656326171382964
hbar,0.02,2,1125,0.1373695186644631
hbar,0.02,2,1150,0.13289389045866618
hbar,0.02,2,1175,0.1326571412094717
hbar,0.02,2,1200,0.1304643976242256
hbar,0.02,2,1225,0.13448876498511936
hbar,0.02,2,1250,0.11747477503771726
hbar,0.02,2,1275,0.13929962065787083
hbar,0.02,2,1300,0.11977998964110669
hbar,0.02,2,1325,0.13837030236814965
hbar,0.02,2,1350,0.13221744322139592
hbar,0.02,2,1375,0.13072273105225168
hbar,0.02,2,1400,0.131402282243115
hbar,0.02,2,1425,0.1333808920270868
hbar,0.02,2,1450,0.11026898818595539
hbar,0.02,2,1475,0.12488130792882428
hbar,0.02,2,1500,0.10831192342395705
hbar,0.02,2,1525,0.14052075126924857
hbar,0.02,2,1550,0.12469661942472471
hbar,0.02,2,1575,0.1273624340647141
hbar,0.02,2,1600,0.1313910334074942
hbar,0.02,2,1625,0.13109714683387194
hbar,0.02,2,1650,0.1462767599101425
hbar,0.02,2,1675,0.14492978029468875
hbar,0.02,2,1700,0.14415340431642695
hbar,0.02,2,1725,0.12301038860904892
hbar,0.02,2,1750,0.11572728729705255
hbar,0.02,2,1775,0.1341993608527816
hbar,0.02,2,1800,0.12971920281423974
hbar,0.02,2,1825,0.1186481495549834
hbar,0.02,2,1850,0.12175166826268773
hbar,0.02,2,1875,0.14115608610305963
hbar,0.02,2,1900,0.12352023531274302
hbar,0.02,2,1925,0.11605742348724295
hbar,0.02,2,1950,0.10999403313451522
hbar,0.02,2,1975,0.11992317187937586
hbar,0.02,2,2000,0.14521686890340652
hbar,0.02,3,0,0.07191434772278557
hbar,0.02,3,25,0.06016445708767183
hbar,0.02,3,50,0.055969083283216106
hbar,0.02,3,75,0.06361804794864541
hbar,0.02,3,100,0.052589886707672145
hbar,0.02,3,125,0.07114147784155223
hbar,0.02,3,150,0.09007792100172417
hbar,0.02,3,175,0.09129065404948
hbar,0.02,3,200,0.07737468095909263
hbar,0.02,3,225,0.097751216644096
hbar,0.02,3,250,0.10119765594325451
hbar,0.02,3,275,0.09035915577740113
hbar,0.02,3,300,0.12693915128092081
hbar,0.02,3,325,0.10762277423942143
hbar,0.02,3,350,0.12029247026844883
hbar,0.02,3,375,0.1297003233484181
hbar,0.02,3,400,0.11925678698064143
hbar,0.02,3,425,0.12401253215849038
hbar,0.02,3,450,0.13203565653726046
hbar,0.02,3,475,0.1279882074719199
hbar,0.02,3,500,0.10805796414588198
hbar,0.02,3,525,0.11922188705046985
hbar,0.02,3,550,0.12658532572990128
hbar,0.02,3,575,0.14180544992402688
hbar,0.02,3,600,0.12193413948671122
hbar,0.02,3,625,0.12846181179215813
hbar,0.02,3,650,0.14452182678472303
hbar,0.02,3,675,0.1349998081582432
hbar,0.02,3,700,0.13216073938176287
hbar,0.02,3,725,0.14125323008230342
hbar,0.02,3,750,0.13461662969384822
hbar,0.02,3,775,0.12618796906954616
hbar,0.02,3,800,0.12942383981056602
hbar,0.02,3,825,0.1253504153282796
hbar,0.02,3,850,0.13340094917466927
hbar,0.02,3,875,0.12001635962163072
hbar,0.02,3,900,0.1279806277398844
hbar,0.02,3,925,0.10320446190266785
hbar,0.02,3,950,0.14400291651195124
hbar,0.02,3,975,0.11759946488070483
hbar,0.02,3,1000,0.145548572268451
hbar,0.02,3,1025,0.1235898357122376
hbar,0.02,3,1050,0.12415979080685755
hbar,0.02,3,1075,0.12122723394078395
hbar,0.02,3,1100,0.12891245147127392
hbar,0.02,3,1125,0.13318550940125642
hbar,0.02,3,1150,0.1363799099464275
hbar,0.02,3,1175,0.13658045803443086
hbar,0.02,3,1200,0.1306237011946352
hbar,0.02,3,1225,0.14660836431466875
hbar,0.02,3,1250,0.14293025669317733
hbar,0.02,3,1275,0.10894119442432136
hbar,0.02,3,1300,0.13349684833042183
hbar,0.02,3,1325,0.13569408593678758
hbar,0.02,3,1350,0.1340184881679962
hbar,0.02,3,1375,0.14156117433035728
hbar,0.02,3,1400,0.1334389662246804
hbar,0.02,3,1425,0.1350123214405634
hbar,0.02,3,1450,0.14663283054088935
hbar,0.02,3,1475,0.1322803716542563
hbar,0.02,3,1500,0.1262720589998951
hbar,0.02,3,1525,0.1418556115561454
hbar,0.02,3,1550,0.14984624047546669
hbar,0.02,3,1575,0.11706930495934188
hbar,0.02,3,1600,0.12944803648393233
hbar,0.02,3,1625,0.12765977366271417
hbar,0.02,3,1650,0.13640894169930484
hbar,0.02,3,1675,0.15635929002727464
hbar,0.02,3,1700,0.13901970749849604
hbar,0.02,3,1725,0.14166999430473032
hbar,0.02,3,1750,0.11610766799120614
hbar,0.02,3,1775,0.14675211067847266
hbar,0.02,3,1800,0.1147075285592992
hbar,0.02,3,1825,0.1240791964745774
hbar,0.02,3,1850,0.10962610654229227
hbar,0.02,3,1875,0.13686336736683877
hbar,0.02,3,1900,0.13421983322146344
hbar,0.02,3,1925,0.13327819352935016
hbar,0.02,3,1950,0.11385653065443536
hbar,0.02,3,1975,0.15591129014811478
hbar,0.02,3,2000,0.13565838445144193
hbar,0.02,4,0,0.055076489613315786
hbar,0.02,4,25,0.06755393816344905
hbar,0.02,4,50,0.07150405528503535
hbar,0.02,4,75,0.06240256962441443
hbar,0.02,4,100,0.06373554141843245
hbar,0.02,4,125,0.09754763149234078
hbar,0.02,4,150,0.07657109610753472
hbar,0.02,4,175,0.07439635883080077
hbar,0.02,4,200,0.06386815914897916
hbar,0.02,4,225,0.10746981526787346
hbar,0.02,4,250,0.09828829249748124
hbar,0.02,4,275,0.11038800336036401
hbar,0.02,4,300,0.10856565055381787
hbar,0.02,4,325,0.10897468822079877
hbar,0.02,4,350,0.10635990783799164
hbar,0.02,4,375,0.1080197259027186
hbar,0.02,4,400,0.13137975731163645
hbar,0.02,4,425,0.13217613276483178
hbar,0.02,4,450,0.13609164312190816
hbar,0.02,4,475,0.13554054326452986
hbar,0.02,4,500,0.11695792437139939
hbar,0.02,4,525,0.12998158174651372
hbar,0.02,4,550,0.12213352051220847
hbar,0.02,4,575,0.13183181888716317
hbar,0.02,4,600,0.10791751760563159
hbar,0.02,4,625,0.12717487192625657
hbar,0.02,4,650,0.12996876078625483
hbar,0.02,4,675,0.1507996849028287
hbar,0.02,4,700,0.13551997484720177
hbar,0.02,4,725,0.12773434252609345
hbar,0.02,4,750,0.12195395864675923
hbar,0.02,4,775,0.1161798358259706
hbar,0.02,4,800,0.13075730504715363
hbar,0.02,4,825,0.12511481195873797
hbar,0.02,4,850,0.14136135184369553
hbar,0.02,4,875,0.11111154014916103
hbar,0.02,4,900,0.11888503102511093
hbar,0.02,4,925,0.13577326551156974
hbar,0.02,4,950,0.11576305173269169
hbar,0.02,4,975,0.13545334581416
hbar,0.02,4,1000,0.13972191827482686
hbar,0.02,4,1025,0.12120590608749554
hbar,0.02,4,1050,0.14177705726095421
hbar,0.02,4,1075,0.1400959306045164
hbar,0.02,4,1100,0.11467231317478783
hbar,0.02,4,1125,0.1391655974312921
hbar,0.02,4,1150,0.1304005112498773
hbar,0.02,4,1175,0.12996608553125896
hbar,0.02,4,1200,0.13671441471701407
hbar,0.02,4,1225,0.11838878078486088
hbar,0.02,4,1250,0.13574949251874954
hbar,0.02,4,1275,0.11612855176005782
hbar,0.02,4,1300,0.14297563304964284
hbar,0.02,4,1325,0.13223437841576377
hbar,0.02,4,1350,0.14371869201435994
hbar,0.02,4,1375,0.12801133405146914
hbar,0.02,4,1400,0.13199529496830195
hbar,0.02,4,1425,0.119415836900842
hbar,0.02,4,1450,0.1389912422014513
hbar,0.02,4,1475,0.12534486345239146
hbar,0.02,4,1500,0.12327862441785703
hbar,0.02,4,1525,0.14697407575796487
hbar,0.02,4,1550,0.14411460764949077
hbar,0.02,4,1575,0.10267292094836133
hbar,0.02,4,1600,0.10535368138694941
hbar,0.02,4,1625,0.12323044853276738
hbar,0.02,4,1650,0.14049988565373175
hbar,0.02,4,1675,0.12427004987800026
hbar,0.02,4,1700,0.13581026066042906
hbar,0.02,4,1725,0.11399932619691115
hbar,0.02,4,1750,0.11947351465717831
hbar,0.02,4,1775,0.12348408429071625
hbar,0.02,4,1800,0.13253684226595083
hbar,0.02,4,1825,0.13131002405278705
hbar,0.02,4,1850,0.12143488844497985
hbar,0.02,4,1875,0.13594795430528667
hbar,0.02,4,1900,0.13111845669389202
hbar,0.02,4,1925,0.12627962165358636
hbar,0.02,4,1950,0.1283638234709252
hbar,0.02,4,1975,0.15646675090741882
hbar,0.02,4,2000,0.12456218477593604
hbar,0.025,0,0,0.07852185942149882
hbar,0.025,0,25,0.06220585958981098
hbar,0.025,0,50,0.09499363365129856
hbar,0.025,0,75,0.08908323729662176
hbar,0.025,0,100,0.11247707579416497
hbar,0.025,0,125,0.15293184037497343
hbar,0.025,0,150,0.1993638607208046
hbar,0.025,0,175,0.23875733850496117
hbar,0.025,0,200,0.3083631073395194
hbar,0.025,0,225,0.3886828145688008
hbar,0.025,0,250,0.4893336134986825
hbar,0.025,0,275,0.5732806341709505
hbar,0.025,0,300,0.6604311289072694
hbar,0.025,0,325,0.7129350720319756
hbar,0.025,0,350,0.7924663576976436
hbar,0.025,0,375,0.852307699940588
hbar,0.025,0,400,0.8623612470180815
hbar,0.025,0,425,0.8873048100250679
hbar,0.025,0,450,0.8826271341042595
hbar,0.025,0,475,0.8915516343256558
hbar,0.025,0,500,0.898736013274288
hbar,0.025,0,525,0.9160518206925002
hbar,0.025,0,550,0.9305540106484443
hbar,0.025,0,575,0.9210058101547259
hbar,0.025,0,600,0.9304693488623075
hbar,0.025,0,625,0.9226940232205109
hbar,0.025,0,650,0.9191591559074987
hbar,0.025,0,675,0.9218268462739754
hbar,0.025,0,700,0.9126554680397675
hbar,0.025,0,725,0.9283987983347781
hbar,0.025,0,750,0.9288365546293196
hbar,0.025,0,775,0.9160385158503096
hbar,0.025,0,800,0.9170565587914952
hbar,0.025,0,825,0.9254539863726414
hbar,0.025,0,850,0.9176882225824162
hbar,0.025,0,875,0.9293285828776424
hbar,0.025,0,900,0.9389779132590179
hbar,0.025,0,925,0.9168256225580937
hbar,0.025,0,950,0.9165768046012917
hbar,0.025,0,975,0.9093370963845525
hbar,0.025,0,1000,0.9202279194695006
hbar,0.025,0,1025,0.9465261831428524
hbar,0.025,0,1050,0.9353294366973874
hbar,0.025,0,1075,0.9387673006098136
hbar,0.025,0,1100,0.9246419938936303
hbar,0.025,0,1125,0.9300507128663248
hbar,0.025,0,1150,0.9511827281313033
hbar,0.025,0,1175,0.9249757447405089
hbar,0.025,0,1200,0.9299456424217082
hbar,0.025,0,1225,0.9152609107524639
hbar,0.025,0,1250,0.9310311434898061
hbar,0.025,0,1275,0.9349547512482483
hbar,0.025,0,1300,0.9428131288514511
hbar,0.025,0,1325,0.9141110621215583
hbar,0.025,0,1350,0.932753743890901
hbar,0.025,0,1375,0.9276226077612746
hbar,0.025,0,1400,0.915579164275602
hbar,0.025,0,1425,0.9354238335772942
hbar,0.025,0,1450,0.9406739370725021
hbar,0.025,0,1475,0.9228171790269757
hbar,0.025,0,1500,0.9249545286363667
hbar,0.025,0,1525,0.9239980805061361
hbar,0.025,0,1550,0.9209498240584617
hbar,0.025,0,1575,0.9378848147840835
hbar,0.025,0,1600,0.9169280161199559
hbar,0.025,0,1625,0.9190147039647011
hbar,0.025,0,1650,0.9452316298106479
hbar,0.025,0,1675,0.9443172438779531
hbar,0.025,0,1700,0.930833476135525
hbar,0.025,0,1725,0.9204069268943474
hbar,0.025,0,1750,0.9364012599286716
hbar,0.025,0,1775,0.9481643164655422
hbar,0.025,0,1800,0.9426247751343896
hbar,0.025,0,1825,0.9293238017178039
hbar,0.025,0,1850,0.9218256722832447
hbar,0.025,0,1875,0.9217869195305909
hbar,0.025,0,1900,0.9354257998265315
hbar,0.025,0,1925,0.9265364729372669
hbar,0.025,0,1950,0.9438429835905582
hbar,0.025,0,1975,0.9261565771165831
hbar,0.025,0,2000,0.9424782331377166
hbar,0.025,1,0,0.066046697622157
hbar,0.025,1,25,0.07256028909554793
hbar,0.025,1,50,0.077557838072335
hbar,0.025,1,75,0.08317869435205472
hbar,0.025,1,100,0.10352862116974912
hbar,0.025,1,125,0.15780243496750496
hbar,0.025,1,150,0.18697913533238883
hbar,0.025,1,175,0.24678851964125803
hbar,0.025,1,200,0.30908540479124275
hbar,0.025,1,225,0.4123911851352935
hbar,0.025,1,250,0.480230314481498
hbar,0.025,1,275,0.5544847128428857
hbar,0.025,1,300,0.6534047318302709
hbar,0.025,1,325,0.7252549849943933
hbar,0.025,1,350,0.7965021119942258
hbar,0.025,1,375,0.8403929709063838
hbar,0.025,1,400,0.8662379455123445
hbar,0.025,1,425,0.8946719438913017
hbar,0.025,1,450,0.895667014510789
hbar,0.025,1,475,0.9048818312816653
hbar,0.025,1,500,0.9217095987553516
hbar,0.025,1,525,0.918161659073859
hbar,0.025,1,550,0.9342213575809558
hbar,0.025,1,575,0.9194670340961844
hbar,0.025,1,600,0.9351418646219556
hbar,0.025,1,625,0.9252795537094218
hbar,0.025,1,650,0.934516274797235
hbar,0.025,1,675,0.9347097387394835
hbar,0.025,1,700,0.9274048913820173
hbar,0.025,1,725,0.9374397350871747
hbar,0.025,1,750,0.933947425015997
hbar,0.025,1,775,0.9355904788230804
hbar,0.025,1,800,0.9348852551194742
hbar,0.025,1,825,0.9458341059522717
hbar,0.025,1,850,0.9219217219180537
hbar,0.025,1,875,0.9165737546367123
hbar,0.025,1,900,0.9546418047657904
hbar,0.025,1,925,0.93073727039368
hbar,0.025,1,950,0.9219287471384188
hbar,0.025,1,975,0.9317205185641944
hbar,0.025,1,1000,0.9356882814596148
hbar,0.025,1,1025,0.9211400423358944
hbar,0.025,1,1050,0.9471284789010692
hbar,0.025,1,1075,0.9293933954316417
hbar,0.025,1,1100,0.9217864319124739
hbar,0.025,1,1125,0.9364646584348668
hbar,0.025,1,1150,0.9257227373702076
hbar,0.025,1,1175,0.9328947701608489
hbar,0.025,1,1200,0.9170532635319429
hbar,0.025,1,1225,0.9259344617750032
hbar,0.025,1,1250,0.9176642858124053
hbar,0.025,1,1275,0.9482299104605172
hbar,0.025,1,1300,0.920236565195785
hbar,0.025,1,1325,0.9317116732422634
hbar,0.025,1,1350,0.9217408235699021
hbar,0.025,1,1375,0.9520684346799662
hbar,0.025,1,1400,0.9453841568140574
hbar,0.025,1,1425,0.9155627244034183
hbar,0.025,1,1450,0.9204269961906277
hbar,0.025,1,1475,0.9371537377853898
hbar,0.025,1,1500,0.9324321164280083
hbar,0.025,1,1525,0.9249708879237631
hbar,0.025,1,1550,0.8976346677400496
hbar,0.025,1,1575,0.9167749351137994
hbar,0.025,1,1600,0.9314707879257336
hbar,0.025,1,1625,0.928705212045778
hbar,0.025,1,1650,0.9389896228987091
hbar,0.025,1,1675,0.9299598306916791
hbar,0.025,1,1700,0.9189855260416107
hbar,0.025,1,1725,0.9137783133280234
hbar,0.025,1,1750,0.9339513515228308
hbar,0.025,1,1775,0.9347845225768533
hbar,0.025,1,1800,0.9465786196778672
hbar,0.025,1,1825,0.9264193285131834
hbar,0.025,1,1850,0.926015578509809
hbar,0.025,1,1875,0.9433030561583795
hbar,0.025,1,1900,0.9441088958759124
hbar,0.025,1,1925,0.9232168457913148
hbar,0.025,1,1950,0.913602867176894
hbar,0.025,1,1975,0.9232683528216475
hbar,0.025,1,2000,0.9351139633820579
hbar,0.025,2,0,0.07468474186697825
hbar,0.025,2,25,0.0710902255371835
hbar,0.025,2,50,0.07491389783822028
hbar,0.025,2,75,0.10712981528804394
hbar,0.025,2,100,0.13926252555856283
hbar,0.025,2,125,0.14938891278118674
hbar,0.025,2,150,0.2093620432581618
hbar,0.025,2,175,0.26358286396817227
hbar,0.025,2,200,0.30748305175326973
hbar,0.025,2,225,0.39189644888276093
hbar,0.025,2,250,0.477341010368529
hbar,0.025,2,275,0.596814389849761
hbar,0.025,2,300,0.6631324913826728
hbar,0.025,2,325,0.7204490503037115
hbar,0.025,2,350,0.7918083257126349
hbar,0.025,2,375,0.837022832721026
hbar,0.025,2,400,0.8675507203404352
hbar,0.025,2,425,0.8956814884591727
hbar,0.025,2,450,0.9072178306446543
hbar,0.025,2,475,0.907427030593573
hbar,0.025,2,500,0.9228448799123226
hbar,0.025,2,525,0.9366829249191313
hbar,0.025,2,550,0.922396232651307
hbar,0.025,2,575,0.9228738813013216
hbar,0.025,2,600,0.9224685569433053
hbar,0.025,2,625,0.9340334270271454
hbar,0.025,2,650,0.9227717247682992
hbar,0.025,2,675,0.9371453714607889
hbar,0.025,2,700,0.9205329439210775
hbar,0.025,2,725,0.9410242854873815
hbar,0.025,2,750,0.9185796229308709
hbar,0.025,2,775,0.931688576199881
hbar,0.025,2,800,0.9173402935858657
hbar,0.025,2,825,0.8975523385990195
hbar,0.025,2,850,0.9231035464209388
hbar,0.025,2,875,0.9139819672449115
hbar,0.025,2,900,0.9357679919963583
hbar,0.025,2,925,0.9522095578929631
hbar,0.025,2,950,0.9235174146224553
hbar,0.025,2,975,0.9472077663132618
hbar,0.025,2,1000,0.9273442009016678
hbar,0.025,2,1025,0.9378475301972595
hbar,0.025,2,1050,0.9263677583143428
hbar,0.025,2,1075,0.9313818885929193
hbar,0.025,2,1100,0.9461660822006522
hbar,0.025,2,1125,0.9205974437183699
hbar,0.025,2,1150,0.9191168900309351
hbar,0.025,2,1175,0.9190843675805627
hbar,0.025,2,1200,0.9277619285966004
hbar,0.025,2,1225,0.9280382347574427
hbar,0.025,2,1250,0.9404930808711756
hbar,0.025,2,1275,0.9139742609654251
hbar,0.025,2,1300,0.9355610771504089
hbar,0.025,2,1325,0.9391169638589022
hbar,0.025,2,1350,0.9121684209614928
hbar,0.025,2,1375,0.9216051745786915
hbar,0.025,2,1400,0.9341316850028258
hbar,0.025,2,1425,0.9284933763427071
hbar,0.025,2,1450,0.9340477839932363
hbar,0.025,2,1475,0.9306453254594462
hbar,0.025,2,1500,0.9310103018067855
hbar,0.025,2,1525,0.9460381941209725
hbar,0.025,2,1550,0.9338454619037577
hbar,0.025,2,1575,0.9274619523102963
hbar,0.025,2,1600,0.9177485023989542
hbar,0.025,2,1625,0.930007019877443
hbar,0.025,2,1650,0.9161390381519322
hbar,0.025,2,1675,0.9258515472402536
hbar,0.025,2,1700,0.9227285128859333
hbar,0.025,2,1725,0.9316837887509879
hbar,0.025,2,1750,0.9456755043371021
hbar,0.025,2,1775,0.9296698169929755
hbar,0.025,2,1800,0.9259410683898875
hbar,0.025,2,1825,0.9268747460270296
hbar,0.025,2,1850,0.9295194741197733
hbar,0.025,2,1875,0.920220401782023
hbar,0.025,2,1900,0.9345465306853807
hbar,0.025,2,1925,0.9437209195392979
hbar,0.025,2,1950,0.9433953137304939
hbar,0.025,2,1975,0.90677776825215
hbar,0.025,2,2000,0.9459701264577552
hbar,0.025,3,0,0.06934471020257398
hbar,0.025,3,25,0.06474484419910423
hbar,0.025,3,50,0.08071356228960945
hbar,0.025,3,75,0.10206062377497854
hbar,0.025,3,100,0.11215635053367866
hbar,0.025,3,125,0.13175040613415806
hbar,0.025,3,150,0.2015544132032863
hbar,0.025,3,175,0.25022114720068855
hbar,0.025,3,200,0.3271783818208193
hbar,0.025,3,225,0.410548298715831
hbar,0.025,3,250,0.4936082963664626
hbar,0.025,3,275,0.5912219947825621
hbar,0.025,3,300,0.6554123922411431
hbar,0.025,3,325,0.7298044740467882
hbar,0.025,3,350,0.7788157517907892
hbar,0.025,3,375,0.8205173000129601
hbar,0.025,3,400,0.8670094323653553
hbar,0.025,3,425,0.9004403387627115
hbar,0.025,3,450,0.890313903584258
hbar,0.025,3,475,0.9098896163558869
hbar,0.025,3,500,0.899704308120258
hbar,0.025,3,525,0.9123618040395252
hbar,0.025,3,550,0.9119692385358338
hbar,0.025,3,575,0.9183709874348953
hbar,0.025,3,600,0.9346565095970326
hbar,0.025,3,625,0.9309929905155833
hbar,0.025,3,650,0.9189126113890511
hbar,0.025,3,675,0.9305286247735896
hbar,0.025,3,700,0.9373478891397707
hbar,0.025,3,725,0.9167256016244056
hbar,0.025,3,750,0.9188326590108946
hbar,0.025,3,775,0.9380316636778395
hbar,0.025,3,800,0.9299350327276235
hbar,0.025,3,825,0.9298123079681954
hbar,0.025,3,850,0.9137815671919449
hbar,0.025,3,875,0.9403754929868753
hbar,0.025,3,900,0.9228933616014571
hbar,0.025,3,925,0.9209972825267416
hbar,0.025,3,950,0.9369011454926546
hbar,0.025,3,975,0.9481015887193843
hbar,0.025,3,1000,0.926858311321409
hbar,0.025,3,1025,0.91396917427665
hbar,0.025,3,1050,0.9197938229677887
hbar,0.025,3,1075,0.9542278585974353
hbar,0.025,3,1100,0.9222141461721498
hbar,0.025,3,1125,0.9259728000597357
hbar,0.025,3,1150,0.9200513138257388
hbar,0.025,3,1175,0.9226229728369257
hbar,0.025,3,1200,0.9102458530877237
hbar,0.025,3,1225,0.9273101547832937
hbar,0.025,3,1250,0.925896266841573
hbar,0.025,3,1275,0.9397353028224098
hbar,0.025,3,1300,0.9240877540592902
hbar,0.025,3,1325,0.9270198883834985
hbar,0.025,3,1350,0.9470390269805787
hbar,0.025,3,1375,0.9256456381923115
hbar,0.025,3,1400,0.9274895453719265
hbar,0.025,3,1425,0.930026626257137
hbar,0.025,3,1450,0.9319559548142439
hbar,0.025,3,1475,0.910690481581978
hbar,0.025,3,1500,0.9247829222889312
hbar,0.025,3,1525,0.9272625444494591
hbar,0.025,3,1550,0.9161358886641714
hbar,0.025,3,1575,0.9501192493399436
hbar,0.025,3,1600,0.9331448946000244
hbar,0.025,3,1625,0.9196461862222909
hbar,0.025,3,1650,0.9236064080023194
hbar,0.025,3,1675,0.9353289895111945
hbar,0.025,3,1700,0.9235415937775419
hbar,0.025,3,1725,0.945162225948723
hbar,0.025,3,1750,0.9351090255706458
hbar,0.025,3,1775,0.918967442064093
hbar,0.025,3,1800,0.9296991893576869
hbar,0.025,3,1825,0.9365630023668302
hbar,0.025,3,1850,0.9501286714221804
hbar,0.025,3,1875,0.9153317180925098
hbar,0.025,3,1900,0.9425105657504534
hbar,0.025,3,1925,0.9280306847795987
hbar,0.025,3,1950,0.9436275921596684
hbar,0.025,3,1975,0.9352156434576524
hbar,0.025,3,2000,0.9191653702527959
hbar,0.025,4,0,0.07927027637977567
hbar,0.025,4,25,0.05784207007177755
hbar,0.025,4,50,0.09224795680427997
hbar,0.025,4,75,0.09385606600950538
hbar,0.025,4,100,0.10919642462803412
hbar,0.025,4,125,0.16282320320865615
hbar,0.025,4,150,0.1882436960073348
hbar,0.025,4,175,0.25592669785146743
hbar,0.025,4,200,0.30599676889073524
hbar,0.025,4,225,0.39764047708715894
hbar,0.025,4,250,0.4828919682124431
hbar,0.025,4,275,0.5774265643262924
hbar,0.025,4,300,0.6564753683187563
hbar,0.025,4,325,0.7322551579685171
hbar,0.025,4,350,0.7816923422018222
hbar,0.025,4,375,0.8199162373157522
hbar,0.025,4,400,0.8642743456545344
hbar,0.025,4,425,0.8918566367951348
hbar,0.025,4,450,0.9086688556890855
hbar,0.025,4,475,0.9144227180798492
hbar,0.025,4,500,0.9466794170191227
hbar,0.025,4,525,0.9344869797084369
hbar,0.025,4,550,0.932244370435993
hbar,0.025,4,575,0.917745250334493
hbar,0.025,4,600,0.9306964233638487
hbar,0.025,4,625,0.9156111071587596
hbar,0.025,4,650,0.9302666101930454
hbar,0.025,4,675,0.9273984025024911
hbar,0.025,4,700,0.9211210141635405
hbar,0.025,4,725,0.9209304661609888
hbar,0.025,4,750,0.9266386585587016
hbar,0.025,4,775,0.9315433110038045
hbar,0.025,4,800,0.9277009989070597
hbar,0.025,4,825,0.9394145791101347
hbar,0.025,4,850,0.9198398952751962
hbar,0.025,4,875,0.9565314632804509
hbar,0.025,4,900,0.9441445127577839
hbar,0.025,4,925,0.917126985393396
hbar,0.025,4,950,0.923224476076281
hbar,0.025,4,975,0.9144850293561136
hbar,0.025,4,1000,0.9273572216937376
hbar,0.025,4,1025,0.950885024439255
hbar,0.025,4,1050,0.9371303689135204
hbar,0.025,4,1075,0.9370171245361845
hbar,0.025,4,1100,0.9167234576083441
hbar,0.025,4,1125,0.926292856279465
hbar,0.025,4,1150,0.9208197500600062
hbar,0.025,4,1175,0.9459539647195465
hbar,0.025,4,1200,0.9314665406103186
hbar,0.025,4,1225,0.9284431307918432
hbar,0.025,4,1250,0.9207538008529033
hbar,0.025,4,1275,0.9341958985815662
hbar,0.025,4,1300,0.9376267975337317
hbar,0.025,4,1325,0.9246923289468478
hbar,0.025,4,1350,0.9305374791788913
hbar,0.025,4,1375,0.9064790709802494
hbar,0.025,4,1400,0.9349785115783464
hbar,0.025,4,1425,0.9234578943176189
hbar,0.025,4,1450,0.9163858527823678
hbar,0.025,4,1475,0.9402597042359173
hbar,0.025,4,1500,0.9318633334080184
hbar,0.025,4,1525,0.9424624394232131
hbar,0.025,4,1550,0.9288342993022185
hbar,0.025,4,1575,0.9511568070363448
hbar,0.025,4,1600,0.91785089386368
hbar,0.025,4,1625,0.9165588576489349
hbar,0.025,4,1650,0.9310072150658472
hbar,0.025,4,1675,0.9217652963270495
hbar,0.025,4,1700,0.9349109191361672
hbar,0.025,4,1725,0.9213848603293178
hbar,0.025,4,1750,0.9328479236572232
hbar,0.025,4,1775,0.94068053953623
hbar,0.025,4,1800,0.9283173777290827
hbar,0.025,4,1825,0.9352165446729935
hbar,0.025,4,1850,0.93050163789136
hbar,0.025,4,1875,0.9150426880220519
hbar,0.025,4,1900,0.9376343412954229
hbar,0.025,4,1925,0.930299816733445
hbar,0.025,4,1950,0.9362009080092735
hbar,0.025,4,1975,0.9259365462373412
hbar,0.025,4,2000,0.9358149819627664
hbar,0.5,0,0,0.06175082504934248
hbar,0.5,0,25,0.08579994446837112
hbar,0.5,0,50,0.09180241955685486
hbar,0.5,0,75,0.08774978903717863
hbar,0.5,0,100,0.10724700110797435
hbar,0.5,0,125,0.1479645079031856
hbar,0.5,0,150,0.18566897789527706
hbar,0.5,0,175,0.24353849864911292
hbar,0.5,0,200,0.30883177022888586
hbar,0.5,0,225,0.40750502263727106
hbar,0.5,0,250,0.49246265491323493
hbar,0.5,0,275,0.5681549157394352
hbar,0.5,0,300,0.6747610375660275
hbar,0.5,0,325,0.7355027168875459
hbar,0.5,0,350,0.7874522771815925
hbar,0.5,0,375,0.8420016495295739
hbar,0.5,0,400,0.8494269195736293
hbar,0.5,0,425,0.8863128948195598
hbar,0.5,0,450,0.9079732255626058
hbar,0.5,0,475,0.9112596317526303
hbar,0.5,0,500,0.9370021481912472
hbar,0.5,0,525,0.9248439775210354
hbar,0.5,0,550,0.908145274757985
hbar,0.5,0,575,0.9381990214425505
hbar,0.5,0,600,0.9275402296250609
hbar,0.5,0,625,0.9230365629525306
hbar,0.5,0,650,0.918056619522586
hbar,0.5,0,675,0.9269690637070672
hbar,0.5,0,700,0.9392856256117004
hbar,0.5,0,725,0.929244899892431
hbar,0.5,0,750,0.9262236782348036
hbar,0.5,0,775,0.9226135596864937
hbar,0.5,0,800,0.9309046057950553
hbar,0.5,0,825,0.9429886435364903
hbar,0.5,0,850,0.9381606744504397
hbar,0.5,0,875,0.9546837900110405
hbar,0.5,0,900,0.9365121932929995
hbar,0.5,0,925,0.9645217739142505
hbar,0.5,0,950,0.9386532885635374
hbar,0.5,0,975,0.9144091591071184
hbar,0.5,0,1000,0.9295614256063229
hbar,0.5,0,1025,0.9460825898850285
hbar,0.5,0,1050,0.9297710585675397
hbar,0.5,0,1075,0.9242046670434736
hbar,0.5,0,1100,0.933592775689819
hbar,0.5,0,1125,0.9474069534791534
hbar,0.5,0,1150,0.9186555699894696
hbar,0.5,0,1175,0.9461883500170593
hbar,0.5,0,1200,0.940691443470582
hbar,0.5,0,1225,0.9262198443087186
hbar,0.5,0,1250,0.9242077659406641
hbar,0.5,0,1275,0.9258139047045872
hbar,0.5,0,1300,0.9365220655897486
hbar,0.5,0,1325,0.9166854880460917
hbar,0.5,0,1350,0.9332172811800297
hbar,0.5,0,1375,0.9257966827240585
hbar,0.5,0,1400,0.9257387498494042
hbar,0.5,0,1425,0.9305931248532467
hbar,0.5,0,1450,0.9348466798645172
hbar,0.5,0,1475,0.9225539527497837
hbar,0.5,0,1500,0.935672111457231
hbar,0.5,0,1525,0.9284162469088602
hbar,0.5,0,1550,0.9445825747973022
hbar,0.5,0,1575,0.9220785970769637
hbar,0.5,0,1600,0.9184095728768533
hbar,0.5,0,1625,0.9327943635343637
hbar,0.5,0,1650,0.9250319315249638
hbar,0.5,0,1675,0.9239391016330285
hbar,0.5,0,1700,0.9505279227493469
hbar,0.5,0,1725,0.9530703488900182
hbar,0.5,0,1750,0.917358806803732
hbar,0.5,0,1775,0.9185693362078874
hbar,0.5,0,1800,0.9392417799465747
hbar,0.5,0,1825,0.9378769959944494
hbar,0.5,0,1850,0.9267984873489665
hbar,0.5,0,1875,0.9334458692225788
hbar,0.5,0,1900,0.9375060850642906
hbar,0.5,0,1925,0.925288711398088
hbar,0.5,0,1950,0.9257144984819219
hbar,0.5,0,1975,0.9364779110884124
hbar,0.5,0,2000,0.9215510958691621
hbar,0.5,1,0,0.04882823724877384
hbar,0.5,1,25,0.08568959924713405
hbar,0.5,1,50,0.08669168324245502
hbar,0.5,1,75,0.10771742425549417
hbar,0.5,1,100,0.12071453848122575
hbar,0.5,1,125,0.13295699428051302
hbar,0.5,1,150,0.19205200729440822
hbar,0.5,1,175,0.2476726578845862
hbar,0.5,1,200,0.31873970225973713
hbar,0.5,1,225,0.4060061666589997
hbar,0.5,1,250,0.4975315974948865
hbar,0.5,1,275,0.5877351713334936
hbar,0.5,1,300,0.6710517006451157
hbar,0.5,1,325,0.7247214558927534
hbar,0.5,1,350,0.796256432018666
hbar,0.5,1,375,0.8412131963456392
hbar,0.5,1,400,0.8418792923722759
hbar,0.5,1,425,0.8826604699952812
hbar,0.5,1,450,0.8787062396700277
hbar,0.5,1,475,0.9151415965630166
hbar,0.5,1,500,0.911272187212069
hbar,0.5,1,525,0.9267957774352242
hbar,0.5,1,550,0.9222571534501521
hbar,0.5,1,575,0.9506804485707061
hbar,0.5,1,600,0.9279718705203716
hbar,0.5,1,625,0.9483600741129529
hbar,0.5,1,650,0.9345150057699386
hbar,0.5,1,675,0.9338327635572627
hbar,0.5,1,700,0.9128067824683631
hbar,0.5,1,725,0.9332803667312665
hbar,0.5,1,750,0.9214122554228363
hbar,0.5,1,775,0.9450015656253374
hbar,0.5,1,800,0.9302754107900423
hbar,0.5,1,825,0.9287697758732699
hbar,0.5,1,850,0.9564690358860086
hbar,0.5,1,875,0.9168419181806247
hbar,0.5,1,900,0.9198884000418124
hbar,0.5,1,925,0.941279748653374
hbar,0.5,1,950,0.9238340437852701
hbar,0.5,1,975,0.9301675453335769
hbar,0.5,1,1000,0.9196497470126872
hbar,0.5,1,1025,0.9499210848617852
hbar,0.5,1,1050,0.929874669777308
hbar,0.5,1,1075,0.9254136072382795
hbar,0.5,1,1100,0.9429474543785437
hbar,0.5,1,1125,0.927199586438128
hbar,0.5,1,1150,0.9191316346784345
hbar,0.5,1,1175,0.9385912878867447
hbar,0.5,1,1200,0.9260238715397379
hbar,0.5,1,1225,0.9427166558835123
hbar,0.5,1,1250,0.945132414115409
hbar,0.5,1,1275,0.9305676248241098
hbar,0.5,1,1300,0.923549998730523
hbar,0.5,1,1325,0.9122681167446267
hbar,0.5,1,1350,0.9468766198754376
hbar,0.5,1,1375,0.9442504101793979
hbar,0.5,1,1400,0.9410412255695573
hbar,0.5,1,1425,0.9256548384787743
hbar,0.5,1,1450,0.9184204506498451
hbar,0.5,1,1475,0.9247496883931771
hbar,0.5,1,1500,0.9418135551986083
hbar,0.5,1,1525,0.9272386035903324
hbar,0.5,1,1550,0.9257676099300924
hbar,0.5,1,1575,0.9233958464164186
hbar,0.5,1,1600,0.916516426028172
hbar,0.5,1,1625,0.9159731581726365
hbar,0.5,1,1650,0.9292491589501943
hbar,0.5,1,1675,0.9261988769613865
hbar,0.5,1,1700,0.9444002976717514
hbar,0.5,1,1725,0.91844461959086
hbar,0.5,1,1750,0.9292994028828556
hbar,0.5,1,1775,0.934963193016185
hbar,0.5,1,1800,0.9249930221132784
hbar,0.5,1,1825,0.9116761952868891
hbar,0.5,1,1850,0.9228127642072914
hbar,0.5,1,1875,0.9473787807001016
hbar,0.5,1,1900,0.9410192745721743
hbar,0.5,1,1925,0.9285335074121647
hbar,0.5,1,1950,0.93825818296856
hbar,0.5,1,1975,0.9163974962479076
hbar,0.5,1,2000,0.9354370522163322
hbar,0.5,2,0,0.07560977938537741
hbar,0.5,2,25,0.06098960594110223
hbar,0.5,2,50,0.06469165075394431
hbar,0.5,2,75,0.0929410341748008
hbar,0.5,2,100,0.11727524617872592
hbar,0.5,2,125,0.14091454811592072
hbar,0.5,2,150,0.19724339836975865
hbar,0.5,2,175,0.24431113120122006
hbar,0.5,2,200,0.32451702072546473
hbar,0.5,2,225,0.389931766740884
hbar,0.5,2,250,0.49681192343463915
hbar,0.5,2,275,0.5786172986369018
hbar,0.5,2,300,0.6597247302741531
hbar,0.5,2,325,0.7348547195299381
hbar,0.5,2,350,0.7841382330620269
hbar,0.5,2,375,0.8261341437921855
hbar,0.5,2,400,0.8680274122471099
hbar,0.5,2,425,0.8890961689249601
hbar,0.5,2,450,0.8947450850394539
hbar,0.5,2,475,0.911079126885781
hbar,0.5,2,500,0.9174276940393077
hbar,0.5,2,525,0.9229128957168157
hbar,0.5,2,550,0.9197181804639272
hbar,0.5,2,575,0.9070683566984263
hbar,0.5,2,600,0.9426347526699113
hbar,0.5,2,625,0.9385120835128483
hbar,0.5,2,650,0.9225531241204783
hbar,0.5,2,675,0.943645613814481
hbar,0.5,2,700,0.9246317684541802
hbar,0.5,2,725,0.9238153947274595
hbar,0.5,2,750,0.9431716647674899
hbar,0.5,2,775,0.9044915925620094
hbar,0.5,2,800,0.9310747950277815
hbar,0.5,2,825,0.9197853851269925
hbar,0.5,2,850,0.9362940896461955
hbar,0.5,2,875,0.9104912024332841
hbar,0.5,2,900,0.9113990731776931
hbar,0.5,2,925,0.9127137616300377
hbar,0.5,2,950,0.9334547317157409
hbar,0.5,2,975,0.9303207947596971
hbar,0.5,2,1000,0.9236548140272219
hbar,0.5,2,1025,0.9518960632501419
hbar,0.5,2,1050,0.9219939330920112
hbar,0.5,2,1075,0.9276874859306087
hbar,0.5,2,1100,0.9247340801094722
hbar,0.5,2,1125,0.9263542643393837
hbar,0.5,2,1150,0.9320768270341397
hbar,0.5,2,1175,0.9217093192050541
hbar,0.5,2,1200,0.938287949050528
hbar,0.5,2,1225,0.9349889614820205
hbar,0.5,2,1250,0.9337723327263667
hbar,0.5,2,1275,0.9423220195551234
hbar,0.5,2,1300,0.944977037261348
hbar,0.5,2,1325,0.9442015148890955
hbar,0.5,2,1350,0.9322352362641233
hbar,0.5,2,1375,0.9345443921823102
hbar,0.5,2,1400,0.9303636408770538
hbar,0.5,2,1425,0.9101528355684685
hbar,0.5,2,1450,0.941830042841534
hbar,0.5,2,1475,0.9288986758006507
hbar,0.5,2,1500,0.9198443704342724
hbar,0.5,2,1525,0.9191243926046625
hbar,0.5,2,1550,0.9221240101160938
hbar,0.5,2,1575,0.9190922237532814
hbar,0.5,2,1600,0.9370931497689831
hbar,0.5,2,1625,0.9210530874575921
hbar,0.5,2,1650,0.9175449070213979
hbar,0.5,2,1675,0.9239140619482809
hbar,0.5,2,1700,0.9457244790606982
hbar,0.5,2,1725,0.9178666739214878
hbar,0.5,2,1750,0.9217729447903561
hbar,0.5,2,1775,0.9258806577811379
hbar,0.5,2,1800,0.9236606607155289
hbar,0.5,2,1825,0.9330567161439289
hbar,0.5,2,1850,0.9310576618242576
hbar,0.5,2,1875,0.9375287591099619
hbar,0.5,2,1900,0.9324882699497542
hbar,0.5,2,1925,0.9201502662322847
hbar,0.5,2,1950,0.9158180082704104
hbar,0.5,2,1975,0.9296569180371606
hbar,0.5,2,2000,0.9465342763854224
hbar,0.5,3,0,0.06302852896818745
hbar,0.5,3,25,0.06876394975684247
hbar,0.5,3,50,0.08521491033713452
hbar,0.5,3,75,0.11453149169975654
hbar,0.5,3,100,0.12534656146594494
hbar,0.5,3,125,0.13469293043519995
hbar,0.5,3,150,0.191847483122414
hbar,0.5,3,175,0.23899624697841812
hbar,0.5,3,200,0.34619567882228014
hbar,0.5,3,225,0.39570473553347435
hbar,0.5,3,250,0.48640386090617566
hbar,0.5,3,275,0.5743645851961704
hbar,0.5,3,300,0.6538213348551665
hbar,0.5,3,325,0.7443538624367706
hbar,0.5,3,350,0.797330010895859
hbar,0.5,3,375,0.8390394615075008
hbar,0.5,3,400,0.8684786666064521
hbar,0.5,3,425,0.888000536131055
hbar,0.5,3,450,0.8930008829868972
hbar,0.5,3,475,0.8964151538114403
hbar,0.5,3,500,0.9166184734332035
hbar,0.5,3,525,0.9074782421761517
hbar,0.5,3,550,0.9378995392184222
hbar,0.5,3,575,0.9202160899376477
hbar,0.5,3,600,0.9381550965573385
hbar,0.5,3,625,0.93569861029242
hbar,0.5,3,650,0.9176037188165929
hbar,0.5,3,675,0.9368829098189527
hbar,0.5,3,700,0.9388689680815726
hbar,0.5,3,725,0.9316195237130839
hbar,0.5,3,750,0.936039155811376
hbar,0.5,3,775,0.9256089329095986
hbar,0.5,3,800,0.9347560280891167
hbar,0.5,3,825,0.9236673217952129
hbar,0.5,3,850,0.9365906729534792
hbar,0.5,3,875,0.944006559433537
hbar,0.5,3,900,0.9512727151213957
hbar,0.5,3,925,0.9349126486923796
hbar,0.5,3,950,0.9314999361609652
hbar,0.5,3,975,0.9265370759149213
hbar,0.5,3,1000,0.9369217930829541
hbar,0.5,3,1025,0.9464443938312512
hbar,0.5,3,1050,0.9131427898066988
hbar,0.5,3,1075,0.9285395702613632
hbar,0.5,3,1100,0.9550391916460014
hbar,0.5,3,1125,0.9486316484850997
hbar,0.5,3,1150,0.9182737990735924
hbar,0.5,3,1175,0.9282086294855372
hbar,0.5,3,1200,0.9257211266403967
hbar,0.5,3,1225,0.9239739485185189
hbar,0.5,3,1250,0.9180195330154743
hbar,0.5,3,1275,0.9273254417283546
hbar,0.5,3,1300,0.9251389853952549
hbar,0.5,3,1325,0.9310827048101756
hbar,0.5,3,1350,0.925099638771349
hbar,0.5,3,1375,0.9429810554894945
hbar,0.5,3,1400,0.9416210712567274
hbar,0.5,3,1425,0.9215260252715749
hbar,0.5,3,1450,0.936108535031624
hbar,0.5,3,1475,0.9162186990931825
hbar,0.5,3,1500,0.9410875862020919
hbar,0.5,3,1525,0.9223092964998936
hbar,0.5,3,1550,0.9388570890430741
hbar,0.5,3,1575,0.9070324753738789
hbar,0.5,3,1600,0.9202344475926051
hbar,0.5,3,1625,0.9088174018644414
hbar,0.5,3,1650,0.9345950572484298
hbar,0.5,3,1675,0.9428729916143587
hbar,0.5,3,1700,0.9212776177888884
hbar,0.5,3,1725,0.9285906185688728
hbar,0.5,3,1750,0.9440029757818672
hbar,0.5,3,1775,0.9251275328929566
hbar,0.5,3,1800,0.9374587766930282
hbar,0.5,3,1825,0.9265513626860916
hbar,0.5,3,1850,0.9306536735043449
hbar,0.5,3,1875,0.9266218937121141
hbar,0.5,3,1900,0.9380795582236257
hbar,0.5,3,1925,0.939712794460723
hbar,0.5,3,1950,0.9076705736318997
hbar,0.5,3,1975,0.9368803358710854
hbar,0.5,3,2000,0.9278120436892053
hbar,0.5,4,0,0.07418981710732513
hbar,0.5,4,25,0.06275253898330696
hbar,0.5,4,50,0.08397095476973958
hbar,0.5,4,75,0.08839979765806595
hbar,0.5,4,100,0.1068643062173354
hbar,0.5,4,125,0.158427261789405
hbar,0.5,4,150,0.20270221714696762
hbar,0.5,4,175,0.24413477363553726
hbar,0.5,4,200,0.3268418320719317
hbar,0.5,4,225,0.41854155828870115
hbar,0.5,4,250,0.5080261244901481
hbar,0.5,4,275,0.5752821426226236
hbar,0.5,4,300,0.6575529976681851
hbar,0.5,4,325,0.7452179174602771
hbar,0.5,4,350,0.790690382088898
hbar,0.5,4,375,0.8274375661160779
hbar,0.5,4,400,0.8681200285066676
hbar,0.5,4,425,0.8706387535246144
hbar,0.5,4,450,0.8947916414217892
hbar,0.5,4,475,0.9015035167849746
hbar,0.5,4,500,0.9050871761154097
hbar,0.5,4,525,0.9227166946904307
hbar,0.5,4,550,0.9134688520601505
hbar,0.5,4,575,0.9181638031493408
hbar,0.5,4,600,0.9239606829458582
hbar,0.5,4,625,0.9246315673020807
hbar,0.5,4,650,0.9754692664170621
hbar,0.5,4,675,0.9159581798515819
hbar,0.5,4,700,0.9502417659760067
hbar,0.5,4,725,0.9407470800375888
hbar,0.5,4,750,0.9357622315847501
hbar,0.5,4,775,0.9311794401804326
hbar,0.5,4,800,0.9250760328763157
hbar,0.5,4,825,0.949782620504319
hbar,0.5,4,850,0.9249427089485672
hbar,0.5,4,875,0.9229556063107106
hbar,0.5,4,900,0.9285861507879254
hbar,0.5,4,925,0.9320781960829739
hbar,0.5,4,950,0.9133479789594168
hbar,0.5,4,975,0.9265725597661183
hbar,0.5,4,1000,0.9412950984371202
hbar,0.5,4,1025,0.9418800702743257
hbar,0.5,4,1050,0.9224637368559541
hbar,0.5,4,1075,0.9227754976970582
hbar,0.5,4,1100,0.928796000318508
hbar,0.5,4,1125,0.9220892620245073
hbar,0.5,4,1150,0.9242584006272586
hbar,0.5,4,1175,0.9147527510315383
hbar,0.5,4,1200,0.9493368924241141
hbar,0.5,4,1225,0.9336895938910126
hbar,0.5,4,1250,0.9274363407378038
hbar,0.5,4,1275,0.9265636167038303
hbar,0.5,4,1300,0.9237472222743273
hbar,0.5,4,1325,0.9197874411431912
hbar,0.5,4,1350,0.906935840708492
hbar,0.5,4,1375,0.908421181143003
hbar,0.5,4,1400,0.9146435482073677
hbar,0.5,4,1425,0.9314546012686925
hbar,0.5,4,1450,0.9382363695884645
hbar,0.5,4,1475,0.926817716959285
hbar,0.5,4,1500,0.936306597191134
hbar,0.5,4,1525,0.9235513843869304
hbar,0.5,4,1550,0.9227378406320136
hbar,0.5,4,1575,0.9495900900085176
hbar,0.5,4,1600,0.9261617375843167
hbar,0.5,4,1625,0.9256546581307109
hbar,0.5,4,1650,0.932907345252419
hbar,0.5,4,1675,0.931373785654067
hbar,0.5,4,1700,0.9389187501416337
hbar,0.5,4,1725,0.9460776029576405
hbar,0.5,4,1750,0.9275870700817602
hbar,0.5,4,1775,0.9407893637684419
hbar,0.5,4,1800,0.9224015147565905
hbar,0.5,4,1825,0.931276526766905
hbar,0.5,4,1850,0.9329164831389679
hbar,0.5,4,1875,0.9155123457526966
hbar,0.5,4,1900,0.9461163286627635
hbar,0.5,4,1925,0.9392059148376151
hbar,0.5,4,1950,0.9424910949783523
hbar,0.5,4,1975,0.932428564073603
hbar,0.5,4,2000,0.9244909942677417
scan_jump,0.0,0,0,0.06991567144863792
scan_jump,0.0,0,25,0.045813710955519206
scan_jump,0.0,0,50,0.07226111220994667
scan_jump,0.0,0,75,0.03840481025459905
scan_jump,0.0,0,100,0.08399097269762817
scan_jump,0.0,0,125,0.07619365750167963
scan_jump,0.0,0,150,0.07543142142268008
scan_jump,0.0,0,175,0.0767250247875905
scan_jump,0.0,0,200,0.10507684662721488
scan_jump,0.0,0,225,0.09293482480619436
scan_jump,0.0,0,250,0.11454915070765598
scan_jump,0.0,0,275,0.10932556770457504
scan_jump,0.0,0,300,0.10752739949544654
scan_jump,0.0,0,325,0.09938390147750933
scan_jump,0.0,0,350,0.10076560483855909
scan_jump,0.0,0,375,0.12237379404457434
scan_jump,0.0,0,400,0.11607019294605782
scan_jump,0.0,0,425,0.12316075428162626
scan_jump,0.0,0,450,0.12750169060013986
scan_jump,0.0,0,475,0.13208682872749383
scan_jump,0.0,0,500,0.10009824601045494
scan_jump,0.0,0,525,0.12585524346293267
scan_jump,0.0,0,550,0.13179795219978976
scan_jump,0.0,0,575,0.12608286324100132
scan_jump,0.0,0,600,0.10369197082856098
scan_jump,0.0,0,625,0.1179434866621053
scan_jump,0.0,0,650,0.13638316010715032
scan_jump,0.0,0,675,0.14757732272968255
scan_jump,0.0,0,700,0.13258770990113855
scan_jump,0.0,0,725,0.13584679992185375
scan_jump,0.0,0,750,0.13131431637928892
scan_jump,0.0,0,775,0.1433166768953635
scan_jump,0.0,0,800,0.13001556021892796
scan_jump,0.0,0,825,0.14331022124309825
scan_jump,0.0,0,850,0.14046247302988848
scan_jump,0.0,0,875,0.12112133902521428
scan_jump,0.0,0,900,0.1267333079352395
scan_jump,0.0,0,925,0.13435883002261886
scan_jump,0.0,0,950,0.12881050595830182
scan_jump,0.0,0,975,0.12510429005021212
scan_jump,0.0,0,1000,0.12228715496040315
scan_jump,0.0,0,1025,0.13782563373194118
scan_jump,0.0,0,1050,0.12373821157785474
scan_jump,0.0,0,1075,0.1301604972666564
scan_jump,0.0,0,1100,0.13032119133430034
scan_jump,0.0,0,1125,0.14719231180814268
scan_jump,0.0,0,1150,0.13115920192590205
scan_jump,0.0,0,1175,0.14018041186365704
scan_jump,0.0,0,1200,0.11788769647207346
scan_jump,0.0,0,1225,0.12102800457993379
scan_jump,0.0,0,1250,0.14213326099328977
scan_jump,0.0,0,1275,0.13359646070286196
scan_jump,0.0,0,1300,0.1349991045944367
scan_jump,0.0,0,1325,0.10923256823657292
scan_jump,0.0,0,1350,0.12962849653435285
scan_jump,0.0,0,1375,0.14107359544148695
scan_jump,0.0,0,1400,0.1240788220855859
scan_jump,0.0,0,1425,0.12260204954807316
scan_jump,0.0,0,1450,0.12521707910572571
scan_jump,0.0,0,1475,0.12070204468908627
scan_jump,0.0,0,1500,0.11980548518765388
scan_jump,0.0,0,1525,0.13846156422831862
scan_jump,0.0,0,1550,0.11694093861353214
scan_jump,0.0,0,1575,0.1275625350469465
scan_jump,0.0,0,1600,0.14146818903634517
scan_jump,0.0,0,1625,0.11214084081633165
scan_jump,0.0,0,1650,0.12656131493949888
scan_jump,0.0,0,1675,0.13790691193718138
scan_jump,0.0,0,1700,0.10986436137295495
scan_jump,0.0,0,1725,0.1329566808071942
scan_jump,0.0,0,1750,0.1325171340429557
scan_jump,0.0,0,1775,0.12457212441831608
scan_jump,0.0,0,1800,0.13835185781673995
scan_jump,0.0,0,1825,0.11661297460846433
scan_jump,0.0,0,1850,0.12407869506208345
scan_jump,0.0,0,1875,0.14551601821123006
scan_jump,0.0,0,1900,0.11553167929824436
scan_jump,0.0,0,1925,0.1410153150606154
scan_jump,0.0,0,1950,0.1370127102633591
scan_jump,0.0,0,1975,0.12250708107914049
scan_jump,0.0,0,2000,0.12629348470298007
scan_jump,0.0,1,0,0.05437321684424214
scan_jump,0.0,1,25,0.05608556793287195
scan_jump,0.0,1,50,0.0672314233046637
scan_jump,0.0,1,75,0.05880016219202148
scan_jump,0.0,1,100,0.06612937274291138
scan_jump,0.0,1,125,0.07784794197436075
scan_jump,0.0,1,150,0.08604936108932046
scan_jump,0.0,1,175,0.07136763139794305
scan_jump,0.0,1,200,0.10114174167050456
scan_jump,0.0,1,225,0.08434004398091646
scan_jump,0.0,1,250,0.1050456557534093
scan_jump,0.0,1,275,0.10994166095988211
scan_jump,0.0,1,300,0.09175981331107444
scan_jump,0.0,1,325,0.1316924881574245
scan_jump,0.0,1,350,0.11390923654338009
scan_jump,0.0,1,375,0.13676025016085808
scan_jump,0.0,1,400,0.12494283331395306
scan_jump,0.0,1,425,0.1315672075354429
scan_jump,0.0,1,450,0.1304937207267466
scan_jump,0.0,1,475,0.13219533031149502
scan_jump,0.0,1,500,0.12021915469506518
scan_jump,0.0,1,525,0.12865985348251296
scan_jump,0.0,1,550,0.1263102817890455
scan_jump,0.0,1,575,0.14101473876099563
scan_jump,0.0,1,600,0.12431463383903213
scan_jump,0.0,1,625,0.12015491113595034
scan_jump,0.0,1,650,0.11594335970380049
scan_jump,0.0,1,675,0.12270901481392137
scan_jump,0.0,1,700,0.11564374433381713
scan_jump,0.0,1,725,0.12808234801898227
scan_jump,0.0,1,750,0.11359427309004486
scan_jump,0.0,1,775,0.12006752683809942
scan_jump,0.0,1,800,0.11945813000830124
scan_jump,0.0,1,825,0.1276665561692218
scan_jump,0.0,1,850,0.13136108580306935
scan_jump,0.0,1,875,0.1265541721656857
scan_jump,0.0,1,900,0.10992006408068387
scan_jump,0.0,1,925,0.14004388617060246
scan_jump,0.0,1,950,0.13111152106031973
scan_jump,0.0,1,975,0.1285400403287839
scan_jump,0.0,1,1000,0.10319695885127458
scan_jump,0.0,1,1025,0.11978404491853618
scan_jump,0.0,1,1050,0.14135828100280923
scan_jump,0.0,1,1075,0.11599226429180481
scan_jump,0.0,1,1100,0.12693802652185607
scan_jump,0.0,1,1125,0.11668697712647778
scan_jump,0.0,1,1150,0.10556291399313888
scan_jump,0.0,1,1175,0.11445471280060096
scan_jump,0.0,1,1200,0.10502867054026381
scan_jump,0.0,1,1225,0.13040146148109066
scan_jump,0.0,1,1250,0.12037298723575558
scan_jump,0.0,1,1275,0.12831231542165533
scan_jump,0.0,1,1300,0.11130702275799516
scan_jump,0.0,1,1325,0.1321579898164696
scan_jump,0.0,1,1350,0.1409167930127508
scan_jump,0.0,1,1375,0.14048673148571672
scan_jump,0.0,1,1400,0.1242197751194276
scan_jump,0.0,1,1425,0.13304549694417322
scan_jump,0.0,1,1450,0.12245180094559761
scan_jump,0.0,1,1475,0.11160454409737904
scan_jump,0.0,1,1500,0.1272804918085218
scan_jump,0.0,1,1525,0.1556879935667428
scan_jump,0.0,1,1550,0.11817091409860024
scan_jump,0.0,1,1575,0.11491699720462542
scan_jump,0.0,1,1600,0.12943885738884792
scan_jump,0.0,1,1625,0.12569608785155223
scan_jump,0.0,1,1650,0.1396865961578003
scan_jump,0.0,1,1675,0.1324565024393155
scan_jump,0.0,1,1700,0.12360007655329898
scan_jump,0.0,1,1725,0.1349516803080185
scan_jump,0.0,1,1750,0.12327738416268916
scan_jump,0.0,1,1775,0.13509920000884484
scan_jump,0.0,1,1800,0.12772795105303447
scan_jump,0.0,1,1825,0.11162015375031747
scan_jump,0.0,1,1850,0.12925523475763756
scan_jump,0.0,1,1875,0.14133621409689925
scan_jump,0.0,1,1900,0.12646396264415397
scan_jump,0.0,1,1925,0.12386578034121529
scan_jump,0.0,1,1950,0.1341840758874846
scan_jump,0.0,1,1975,0.1369905381724033
scan_jump,0.0,1,2000,0.12940137196305374
scan_jump,0.0,2,0,0.07092726867594311
scan_jump,0.0,2,25,0.0799631275025651
scan_jump,0.0,2,50,0.06221222954731482
scan_jump,0.0,2,75,0.07472343372951716
scan_jump,0.0,2,100,0.07185982272597766
scan_jump,0.0,2,125,0.08381537155765689
scan_jump,0.0,2,150,0.08680141374044223
scan_jump,0.0,2,175,0.0874653003075828
scan_jump,0.0,2,200,0.09338712568487678
scan_jump,0.0,2,225,0.09266054661001345
scan_jump,0.0,2,250,0.10310644670510984
scan_jump,0.0,2,275,0.102333404431482
scan_jump,0.0,2,300,0.09804316790912243
scan_jump,0.0,2,325,0.10711334283283495
scan_jump,0.0,2,350,0.11023686983060785
scan_jump,0.0,2,375,0.12269226410330399
scan_jump,0.0,2,400,0.12161724016414582
scan_jump,0.0,2,425,0.12309402186826675
scan_jump,0.0,2,450,0.10870002109431838
scan_jump,0.0,2,475,0.1177670828205921
scan_jump,0.0,2,500,0.1189379104066435
scan_jump,0.0,2,525,0.1308794881925116
scan_jump,0.0,2,550,0.1317552975191529
scan_jump,0.0,2,575,0.1257866288737834
scan_jump,0.0,2,600,0.12662866459485883
scan_jump,0.0,2,625,0.13308829861479265
scan_jump,0.0,2,650,0.12602609061758255
scan_jump,0.0,2,675,0.12723611407930216
scan_jump,0.0,2,700,0.12085761135126509
scan_jump,0.0,2,725,0.11550511306919331
scan_jump,0.0,2,750,0.13337140526873964
scan_jump,0.0,2,775,0.13420692310456678
scan_jump,0.0,2,800,0.14247006471039594
scan_jump,0.0,2,825,0.13300977129670727
scan_jump,0.0,2,850,0.1451548664034066
scan_jump,0.0,2,875,0.12638412844334998
scan_jump,0.0,2,900,0.11799787166802317
scan_jump,0.0,2,925,0.12266653313836658
scan_jump,0.0,2,950,0.1400289769519699
scan_jump,0.0,2,975,0.13050504675898547
scan_jump,0.0,2,1000,0.12768171659738708
scan_jump,0.0,2,1025,0.12383329201164651
scan_jump,0.0,2,1050,0.12903942617684386
scan_jump,0.0,2,1075,0.12715973743359663
scan_jump,0.0,2,1100,0.12213022555917102
scan_jump,0.0,2,1125,0.12944594270565343
scan_jump,0.0,2,1150,0.14069815875092673
scan_jump,0.0,2,1175,0.12796099455567966
scan_jump,0.0,2,1200,0.1312134038491173
scan_jump,0.0,2,1225,0.13331858007115047
scan_jump,0.0,2,1250,0.14465339181751186
scan_jump,0.0,2,1275,0.11800804661715916
scan_jump,0.0,2,1300,0.14562868352242364
scan_jump,0.0,2,1325,0.1472480177139585
scan_jump,0.0,2,1350,0.12393419422995394
scan_jump,0.0,2,1375,0.13332249596157514
scan_jump,0.0,2,1400,0.1236761663421397
scan_jump,0.0,2,1425,0.14036883084274887
scan_jump,0.0,2,1450,0.1356491561306347
scan_jump,0.0,2,1475,0.11387907300615759
scan_jump,0.0,2,1500,0.1318264242758506
scan_jump,0.0,2,1525,0.11004890133689728
scan_jump,0.0,2,1550,0.13649275289744187
scan_jump,0.0,2,1575,0.12851331824449652
scan_jump,0.0,2,1600,0.10854190305354215
scan_jump,0.0,2,1625,0.12551556280345796
scan_jump,0.0,2,1650,0.1473645725860662
scan_jump,0.0,2,1675,0.12565524817415827
scan_jump,0.0,2,1700,0.1485432823163208
scan_jump,0.0,2,1725,0.14355281526872068
scan_jump,0.0,2,1750,0.14309139043625174
scan_jump,0.0,2,1775,0.12021182108822191
scan_jump,0.0,2,1800,0.1230420382189587
scan_jump,0.0,2,1825,0.1270662518402144
scan_jump,0.0,2,1850,0.13426555597629572
scan_jump,0.0,2,1875,0.12380274351633705
scan_jump,0.0,2,1900,0.12195370476699477
scan_jump,0.0,2,1925,0.12197719106101222
scan_jump,0.0,2,1950,0.1183430184575385
scan_jump,0.0,2,1975,0.14646909799282348
scan_jump,0.0,2,2000,0.1221460957706475
scan_jump,0.0,3,0,0.06343848061388588
scan_jump,0.0,3,25,0.05611557630101261
scan_jump,0.0,3,50,0.05530470746689621
scan_jump,0.0,3,75,0.05709089302212557
scan_jump,0.0,3,100,0.06767151873094553
scan_jump,0.0,3,125,0.08112979836132389
scan_jump,0.0,3,150,0.08159206030958588
scan_jump,0.0,3,175,0.07588480849488084
scan_jump,0.0,3,200,0.08721665095553029
scan_jump,0.0,3,225,0.08852855576553423
scan_jump,0.0,3,250,0.09681341694308544
scan_jump,0.0,3,275,0.11047115251577741
scan_jump,0.0,3,300,0.12090011982685867
scan_jump,0.0,3,325,0.13218475805813287
scan_jump,0.0,3,350,0.11674041033936541
scan_jump,0.0,3,375,0.11537716041163272
scan_jump,0.0,3,400,0.1326540227935806
scan_jump,0.0,3,425,0.11404494574911656
scan_jump,0.0,3,450,0.11827094114436656
scan_jump,0.0,3,475,0.13901507347407804
scan_jump,0.0,3,500,0.13371229901636114
scan_jump,0.0,3,525,0.12263891753607509
scan_jump,0.0,3,550,0.11044218150832569
scan_jump,0.0,3,575,0.13775550907379192
scan_jump,0.0,3,600,0.12530488660846345
scan_jump,0.0,3,625,0.1299162780583125
scan_jump,0.0,3,650,0.12457702387632248
scan_jump,0.0,3,675,0.13940690775345274
scan_jump,0.0,3,700,0.12374826821125025
scan_jump,0.0,3,725,0.11248552295650871
scan_jump,0.0,3,750,0.12472480217010189
scan_jump,0.0,3,775,0.1347297025905253
scan_jump,0.0,3,800,0.13790400365831978
scan_jump,0.0,3,825,0.14240382502013527
scan_jump,0.0,3,850,0.12745739748070906
scan_jump,0.0,3,875,0.13330650967122834
scan_jump,0.0,3,900,0.12794677007823946
scan_jump,0.0,3,925,0.12845616621360942
scan_jump,0.0,3,950,0.13601891794325807
scan_jump,0.0,3,975,0.11527262976886542
scan_jump,0.0,3,1000,0.11986044188157018
scan_jump,0.0,3,1025,0.14823885312534238
scan_jump,0.0,3,1050,0.12654317211555932
scan_jump,0.0,3,1075,0.12015369392226169
scan_jump,0.0,3,1100,0.1309998445108789
scan_jump,0.0,3,1125,0.11424361496626437
scan_jump,0.0,3,1150,0.14100604675678388
scan_jump,0.0,3,1175,0.1281355151251589
scan_jump,0.0,3,1200,0.14370902756338885
scan_jump,0.0,3,1225,0.1383485789159123
scan_jump,0.0,3,1250,0.13588116174413833
scan_jump,0.0,3,1275,0.1097488333667356
scan_jump,0.0,3,1300,0.13482701999082772
scan_jump,0.0,3,1325,0.1299594755700819
scan_jump,0.0,3,1350,0.11301237716125004
scan_jump,0.0,3,1375,0.12745145845555458
scan_jump,0.0,3,1400,0.1411398823319899
scan_jump,0.0,3,1425,0.12251445398214596
scan_jump,0.0,3,1450,0.12419681310760292
scan_jump,0.0,3,1475,0.13952357719469005
scan_jump,0.0,3,1500,0.15017402387546266
scan_jump,0.0,3,1525,0.13711153834720927
scan_jump,0.0,3,1550,0.14616693032862949
scan_jump,0.0,3,1575,0.12086557755803154
scan_jump,0.0,3,1600,0.12590836577058445
scan_jump,0.0,3,1625,0.12798093476834058
scan_jump,0.0,3,1650,0.1286783135815765
scan_jump,0.0,3,1675,0.13127614160205958
scan_jump,0.0,3,1700,0.13331406544939775
scan_jump,0.0,3,1725,0.12000014012607699
scan_jump,0.0,3,1750,0.1372235223640225
scan_jump,0.0,3,1775,0.12637754977399734
scan_jump,0.0,3,1800,0.13692036465272728
scan_jump,0.0,3,1825,0.1414481099625727
scan_jump,0.0,3,1850,0.1328459602538662
scan_jump,0.0,3,1875,0.15420185363453662
scan_jump,0.0,3,1900,0.1426131760467481
scan_jump,0.0,3,1925,0.12471497242911404
scan_jump,0.0,3,1950,0.12132458282492586
scan_jump,0.0,3,1975,0.12884155818446152
scan_jump,0.0,3,2000,0.12871428199562787
scan_jump,0.0,4,0,0.06023114456515418
scan_jump,0.0,4,25,0.059299196324619406
scan_jump,0.0,4,50,0.06655478011436002
scan_jump,0.0,4,75,0.08230633585515278
scan_jump,0.0,4,100,0.09209333427571915
scan_jump,0.0,4,125,0.08955707691219808
scan_jump,0.0,4,150,0.08709992782808498
scan_jump,0.0,4,175,0.0938748931774257
scan_jump,0.0,4,200,0.09598159313105833
scan_jump,0.0,4,225,0.09634344229729352
scan_jump,0.0,4,250,0.08305821555997411
scan_jump,0.0,4,275,0.10336249852929763
scan_jump,0.0,4,300,0.12288963955793226
scan_jump,0.0,4,325,0.09885193676642658
scan_jump,0.0,4,350,0.09907291998752718
scan_jump,0.0,4,375,0.11948152375821482
scan_jump,0.0,4,400,0.11775080198943519
scan_jump,0.0,4,425,0.11682058868157531
scan_jump,0.0,4,450,0.11007638425296083
scan_jump,0.0,4,475,0.10804327920278428
scan_jump,0.0,4,500,0.12718386140623952
scan_jump,0.0,4,525,0.11840879778588163
scan_jump,0.0,4,550,0.1476044743039045
scan_jump,0.0,4,575,0.1268954793685989
scan_jump,0.0,4,600,0.13301784886461293
scan_jump,0.0,4,625,0.11819906741975517
scan_jump,0.0,4,650,0.11766839010692776
scan_jump,0.0,4,675,0.152346270536924
scan_jump,0.0,4,700,0.13282353378011008
scan_jump,0.0,4,725,0.14141264636727793
scan_jump,0.0,4,750,0.1344643005197617
scan_jump,0.0,4,775,0.12582392458082234
scan_jump,0.0,4,800,0.13260859998334323
scan_jump,0.0,4,825,0.12937802290255812
scan_jump,0.0,4,850,0.1087328769054246
scan_jump,0.0,4,875,0.1315159744741278
scan_jump,0.0,4,900,0.14645004308384962
scan_jump,0.0,4,925,0.12484489728411513
scan_jump,0.0,4,950,0.12302442260635543
scan_jump,0.0,4,975,0.1365669916799339
scan_jump,0.0,4,1000,0.14786839520194167
scan_jump,0.0,4,1025,0.12323208509572171
scan_jump,0.0,4,1050,0.14556823275186312
scan_jump,0.0,4,1075,0.12518309713332668
scan_jump,0.0,4,1100,0.12027183774310518
scan_jump,0.0,4,1125,0.1460158381262916
scan_jump,0.0,4,1150,0.11767616145974641
scan_jump,0.0,4,1175,0.09978397605045712
scan_jump,0.0,4,1200,0.11104654593298646
scan_jump,0.0,4,1225,0.13234722670602145
scan_jump,0.0,4,1250,0.13480209999590445
scan_jump,0.0,4,1275,0.11712306211732972
scan_jump,0.0,4,1300,0.11775971595594141
scan_jump,0.0,4,1325,0.13790435886413124
scan_jump,0.0,4,1350,0.11516663477738551
scan_jump,0.0,4,1375,0.11769875582172809
scan_jump,0.0,4,1400,0.1281272811585149
scan_jump,0.0,4,1425,0.13747740693402138
scan_jump,0.0,4,1450,0.14385022912462175
scan_jump,0.0,4,1475,0.14136918491551345
scan_jump,0.0,4,1500,0.1202194698284838
scan_jump,0.0,4,1525,0.14888510469579197
scan_jump,0.0,4,1550,0.15356367432257267
scan_jump,0.0,4,1575,0.12362143749041549
scan_jump,0.0,4,1600,0.12629176071844828
scan_jump,0.0,4,1625,0.13765980025258662
scan_jump,0.0,4,1650,0.1270173363571161
scan_jump,0.0,4,1675,0.13416938276235416
scan_jump,0.0,4,1700,0.11474326705270707
scan_jump,0.0,4,1725,0.12896376674304816
scan_jump,0.0,4,1750,0.12044810479506093
scan_jump,0.0,4,1775,0.13701406419803847
scan_jump,0.0,4,1800,0.129251793292374
scan_jump,0.0,4,1825,0.12392874483637124
scan_jump,0.0,4,1850,0.13447508971922734
scan_jump,0.0,4,1875,0.13193855124051063
scan_jump,0.0,4,1900,0.12240303848689255
scan_jump,0.0,4,1925,0.122470150596076
scan_jump,0.0,4,1950,0.12115456215112858
scan_jump,0.0,4,1975,0.13686452758426168
scan_jump,0.0,4,2000,0.13944095054934713
scan_jump,0.02,0,0,0.06086514449816824
scan_jump,0.02,0,25,0.06876515711499984
scan_jump,0.02,0,50,0.05762775357891737
scan_jump,0.02,0,75,0.057222915270013705
scan_jump,0.02,0,100,0.061583052018636855
scan_jump,0.02,0,125,0.07553455377343293
scan_jump,0.02,0,150,0.09440912156863451
scan_jump,0.02,0,175,0.08297598261647315
scan_jump,0.02,0,200,0.08975284210753331
scan_jump,0.02,0,225,0.11388704438717141
scan_jump,0.02,0,250,0.10911240649843527
scan_jump,0.02,0,275,0.10700935327340207
scan_jump,0.02,0,300,0.09142237456554608
scan_jump,0.02,0,325,0.11732982823934673
scan_jump,0.02,0,350,0.10419596705566544
scan_jump,0.02,0,375,0.12220319078067599
scan_jump,0.02,0,400,0.10741472241686133
scan_jump,0.02,0,425,0.10800393686212605
scan_jump,0.02,0,450,0.12225107354042503
scan_jump,0.02,0,475,0.10751638083556207
scan_jump,0.02,0,500,0.12429772821203311
scan_jump,0.02,0,525,0.13443287100606258
scan_jump,0.02,0,550,0.12558235414606506
scan_jump,0.02,0,575,0.14260954246489457
scan_jump,0.02,0,600,0.12421124198027303
scan_jump,0.02,0,625,0.1161504796889245
scan_jump,0.02,0,650,0.1106539177928183
scan_jump,0.02,0,675,0.12487291725801695
scan_jump,0.02,0,700,0.1304413471813467
scan_jump,0.02,0,725,0.12577246319104268
scan_jump,0.02,0,750,0.11616778635451747
scan_jump,0.02,0,775,0.13932569875533304
scan_jump,0.02,0,800,0.1374149329266482
scan_jump,0.02,0,825,0.12246230522604067
scan_jump,0.02,0,850,0.1361522034970507
scan_jump,0.02,0,875,0.12319860427609529
scan_jump,0.02,0,900,0.14011882548525814
scan_jump,0.02,0,925,0.1373058503137964
scan_jump,0.02,0,950,0.12159211123359324
scan_jump,0.02,0,975,0.13364054990413177
scan_jump,0.02,0,1000,0.12419903293846152
scan_jump,0.02,0,1025,0.13412964634895183
scan_jump,0.02,0,1050,0.10905303823199666
scan_jump,0.02,0,1075,0.13262090218525563
scan_jump,0.02,0,1100,0.13253431045654515
scan_jump,0.02,0,1125,0.1230573552753337
scan_jump,0.02,0,1150,0.1305210784389082
scan_jump,0.02,0,1175,0.14107199856433586
scan_jump,0.02,0,1200,0.1363092653468805
scan_jump,0.02,0,1225,0.11363774005578907
scan_jump,0.02,0,1250,0.13475061151829607
scan_jump,0.02,0,1275,0.1049423783660014
scan_jump,0.02,0,1300,0.12580566334751664
scan_jump,0.02,0,1325,0.1301336761286307
scan_jump,0.02,0,1350,0.13861443516885635
scan_jump,0.02,0,1375,0.1326715813235108
scan_jump,0.02,0,1400,0.12059865924818565
scan_jump,0.02,0,1425,0.13291385377109016
scan_jump,0.02,0,1450,0.1269270389941439
scan_jump,0.02,0,1475,0.14087249441128583
scan_jump,0.02,0,1500,0.1481463043877251
scan_jump,0.02,0,1525,0.1191287476157646
scan_jump,0.02,0,1550,0.11737095282483818
scan_jump,0.02,0,1575,0.1317767479976762
scan_jump,0.02,0,1600,0.12394851545496768
scan_jump,0.02,0,1625,0.12735359248751954
scan_jump,0.02,0,1650,0.11898964458759413
scan_jump,0.02,0,1675,0.12420971161674532
scan_jump,0.02,0,1700,0.13643310177404924
scan_jump,0.02,0,1725,0.12223400536308011
scan_jump,0.02,0,1750,0.13945513963896927
scan_jump,0.02,0,1775,0.127161834865959
scan_jump,0.02,0,1800,0.13269044930910928
scan_jump,0.02,0,1825,0.15118791749766333
scan_jump,0.02,0,1850,0.10386746330816374
scan_jump,0.02,0,1875,0.107611150520042
scan_jump,0.02,0,1900,0.13435090012902823
scan_jump,0.02,0,1925,0.12479481823253967
scan_jump,0.02,0,1950,0.13511613736328448
scan_jump,0.02,0,1975,0.1288770129406128
scan_jump,0.02,0,2000,0.11447331368687726
scan_jump,0.02,1,0,0.07540276155567224
scan_jump,0.02,1,25,0.044580776677798896
scan_jump,0.02,1,50,0.06972834878513715
scan_jump,0.02,1,75,0.05720953496930349
scan_jump,0.02,1,100,0.045185063297969556
scan_jump,0.02,1,125,0.06610545141028097
scan_jump,0.02,1,150,0.07669735230893984
scan_jump,0.02,1,175,0.08526703141948992
scan_jump,0.02,1,200,0.08882600357731253
scan_jump,0.02,1,225,0.09754324988601223
scan_jump,0.02,1,250,0.08438804976796468
scan_jump,0.02,1,275,0.11051390929292004
scan_jump,0.02,1,300,0.10186050277291758
scan_jump,0.02,1,325,0.10834446048557818
scan_jump,0.02,1,350,0.11277817871615117
scan_jump,0.02,1,375,0.12704729742438742
scan_jump,0.02,1,400,0.1121842873454341
scan_jump,0.02,1,425,0.1462782001652767
scan_jump,0.02,1,450,0.13376241673178182
scan_jump,0.02,1,475,0.12005577345348652
scan_jump,0.02,1,500,0.14428545093607603
scan_jump,0.02,1,525,0.1409389668078021
scan_jump,0.02,1,550,0.12307078958558595
scan_jump,0.02,1,575,0.11725808284106415
scan_jump,0.02,1,600,0.1202553989356973
scan_jump,0.02,1,625,0.13613700058214362
scan_jump,0.02,1,650,0.10131103490920008
scan_jump,0.02,1,675,0.12858737208902857
scan_jump,0.02,1,700,0.1304182722242866
scan_jump,0.02,1,725,0.13969529261727603
scan_jump,0.02,1,750,0.1335253925104463
scan_jump,0.02,1,775,0.13956006720318984
scan_jump,0.02,1,800,0.13866623721753563
scan_jump,0.02,1,825,0.1395526017342022
scan_jump,0.02,1,850,0.13660040782032812
scan_jump,0.02,1,875,0.12876545153311553
scan_jump,0.02,1,900,0.10987785223641125
scan_jump,0.02,1,925,0.1307936268667621
scan_jump,0.02,1,950,0.1367721045489109
scan_jump,0.02,1,975,0.13345419400313788
scan_jump,0.02,1,1000,0.13145412346669613
scan_jump,0.02,1,1025,0.1409712058066009
scan_jump,0.02,1,1050,0.1276869942118905
scan_jump,0.02,1,1075,0.12894459959974564
scan_jump,0.02,1,1100,0.14189676651073108
scan_jump,0.02,1,1125,0.13063767698067685
scan_jump,0.02,1,1150,0.12197909156103078
scan_jump,0.02,1,1175,0.13558959512983546
scan_jump,0.02,1,1200,0.12909836223685536
scan_jump,0.02,1,1225,0.13710629897592538
scan_jump,0.02,1,1250,0.12464528543391948
scan_jump,0.02,1,1275,0.12156646197089478
scan_jump,0.02,1,1300,0.12669346119448965
scan_jump,0.02,1,1325,0.13957476188540088
scan_jump,0.02,1,1350,0.14015297872447705
scan_jump,0.02,1,1375,0.1485093559653527
scan_jump,0.02,1,1400,0.1362680571651441
scan_jump,0.02,1,1425,0.13887636614236687
scan_jump,0.02,1,1450,0.1400634067937207
scan_jump,0.02,1,1475,0.13304293344056078
scan_jump,0.02,1,1500,0.14282721353450503
scan_jump,0.02,1,1525,0.14721149415861506
scan_jump,0.02,1,1550,0.12856304530978202
scan_jump,0.02,1,1575,0.13260666610424232
scan_jump,0.02,1,1600,0.11038411126938069
scan_jump,0.02,1,1625,0.13218677286757125
scan_jump,0.02,1,1650,0.12576408306709644
scan_jump,0.02,1,1675,0.1485429491948906
scan_jump,0.02,1,1700,0.12470799737570645
scan_jump,0.02,1,1725,0.11470120440100623
scan_jump,0.02,1,1750,0.13865819357739606
scan_jump,0.02,1,1775,0.12007577619052309
scan_jump,0.02,1,1800,0.12988963566605047
scan_jump,0.02,1,1825,0.1354459149322342
scan_jump,0.02,1,1850,0.1242203638725262
scan_jump,0.02,1,1875,0.12077982568409769
scan_jump,0.02,1,1900,0.12559291144895843
scan_jump,0.02,1,1925,0.13372295154052255
scan_jump,0.02,1,1950,0.1383285961159731
scan_jump,0.02,1,1975,0.11401432459315497
scan_jump,0.02,1,2000,0.13155368740946674
scan_jump,0.02,2,0,0.0493952584163057
scan_jump,0.02,2,25,0.047848677530800465
scan_jump,0.02,2,50,0.06367445596759175
scan_jump,0.02,2,75,0.05455155465609115
scan_jump,0.02,2,100,0.09275006503020387
scan_jump,0.02,2,125,0.07142792176457037
scan_jump,0.02,2,150,0.09037376533557749
scan_jump,0.02,2,175,0.0867725082486367
scan_jump,0.02,2,200,0.09562966946491042
scan_jump,0.02,2,225,0.09211896274444316
scan_jump,0.02,2,250,0.0953174979241502
scan_jump,0.02,2,275,0.0929761889852285
scan_jump,0.02,2,300,0.12292561442643285
scan_jump,0.02,2,325,0.12687132074775845
scan_jump,0.02,2,350,0.12524775154321935
scan_jump,0.02,2,375,0.10689892131962522
scan_jump,0.02,2,400,0.11453403078475306
scan_jump,0.02,2,425,0.10317899165297674
scan_jump,0.02,2,450,0.11070478282968232
scan_jump,0.02,2,475,0.11725882151076
scan_jump,0.02,2,500,0.11562342492967757
scan_jump,0.02,2,525,0.12361644868559479
scan_jump,0.02,2,550,0.1315998868804554
scan_jump,0.02,2,575,0.12078028155824921
scan_jump,0.02,2,600,0.12659405965035792
scan_jump,0.02,2,625,0.127420599364091
scan_jump,0.02,2,650,0.15030141640803554
scan_jump,0.02,2,675,0.1439821274263729
scan_jump,0.02,2,700,0.13399039579289532
scan_jump,0.02,2,725,0.13308748116147484
scan_jump,0.02,2,750,0.12833241922192498
scan_jump,0.02,2,775,0.14534148033478753
scan_jump,0.02,2,800,0.12130420573723491
scan_jump,0.02,2,825,0.1282472574355853
scan_jump,0.02,2,850,0.11650451445672315
scan_jump,0.02,2,875,0.13985840728892227
scan_jump,0.02,2,900,0.11522584160584609
scan_jump,0.02,2,925,0.11224511479164867
scan_jump,0.02,2,950,0.11709285965722119
scan_jump,0.02,2,975,0.11466610875479208
scan_jump,0.02,2,1000,0.13238496208637057
scan_jump,0.02,2,1025,0.14142160279795501
scan_jump,0.02,2,1050,0.1159794811023883
scan_jump,0.02,2,1075,0.13504256920334645
scan_jump,0.02,2,1100,0.13628350525606
scan_jump,0.02,2,1125,0.14735049744155487
scan_jump,0.02,2,1150,0.13005143411723186
scan_jump,0.02,2,1175,0.10749795389032074
scan_jump,0.02,2,1200,0.12055873261795332
scan_jump,0.02,2,1225,0.14878908465875515
scan_jump,0.02,2,1250,0.15465540336960826
scan_jump,0.02,2,1275,0.13601003089515504
scan_jump,0.02,2,1300,0.14380031211813565
scan_jump,0.02,2,1325,0.14566831843841205
scan_jump,0.02,2,1350,0.13203960302093065
scan_jump,0.02,2,1375,0.13940087184302927
scan_jump,0.02,2,1400,0.12797894058749365
scan_jump,0.02,2,1425,0.1241187651193788
scan_jump,0.02,2,1450,0.1342634627307078
scan_jump,0.02,2,1475,0.1393537864369705
scan_jump,0.02,2,1500,0.14066232617367058
scan_jump,0.02,2,1525,0.137731518608431
scan_jump,0.02,2,1550,0.12881370883682952
scan_jump,0.02,2,1575,0.1204498413606701
scan_jump,0.02,2,1600,0.1336550811105371
scan_jump,0.02,2,1625,0.1384260198241551
scan_jump,0.02,2,1650,0.13739253606470272
scan_jump,0.02,2,1675,0.1355337006445434
scan_jump,0.02,2,1700,0.13928010397928983
scan_jump,0.02,2,1725,0.13421449445864334
scan_jump,0.02,2,1750,0.11889990581671525
scan_jump,0.02,2,1775,0.11778092385291537
scan_jump,0.02,2,1800,0.11078704212799657
scan_jump,0.02,2,1825,0.13639445949975237
scan_jump,0.02,2,1850,0.1390752743828829
scan_jump,0.02,2,1875,0.135956622160087
scan_jump,0.02,2,1900,0.12735658021965657
scan_jump,0.02,2,1925,0.12770569636246135
scan_jump,0.02,2,1950,0.11810890205012411
scan_jump,0.02,2,1975,0.12545359313888912
scan_jump,0.02,2,2000,0.10083572730589203
scan_jump,0.02,3,0,0.06756598086864525
scan_jump,0.02,3,25,0.06490534271373918
scan_jump,0.02,3,50,0.042957573032994134
scan_jump,0.02,3,75,0.07905315988635137
scan_jump,0.02,3,100,0.071156128192438
scan_jump,0.02,3,125,0.06675197325601387
scan_jump,0.02,3,150,0.0812567220226179
scan_jump,0.02,3,175,0.09062877068462123
scan_jump,0.02,3,200,0.08720368123614286
scan_jump,0.02,3,225,0.09654837517661374
scan_jump,0.02,3,250,0.10266724253812984
scan_jump,0.02,3,275,0.10516383918292735
scan_jump,0.02,3,300,0.1255692854043062
scan_jump,0.02,3,325,0.0882977326913387
scan_jump,0.02,3,350,0.10510066974147018
scan_jump,0.02,3,375,0.11000856705928781
scan_jump,0.02,3,400,0.12193954871592155
scan_jump,0.02,3,425,0.11349830407646214
scan_jump,0.02,3,450,0.12649823934390458
scan_jump,0.02,3,475,0.13534736848722734
scan_jump,0.02,3,500,0.13146332999997246
scan_jump,0.02,3,525,0.1149672539759404
scan_jump,0.02,3,550,0.12351621849364605
scan_jump,0.02,3,575,0.1268677725668258
scan_jump,0.02,3,600,0.11583230870580483
scan_jump,0.02,3,625,0.14464196266439266
scan_jump,0.02,3,650,0.13641485694082803
scan_jump,0.02,3,675,0.14886599001217063
scan_jump,0.02,3,700,0.1301414581960677
scan_jump,0.02,3,725,0.1185534147287177
scan_jump,0.02,3,750,0.1309593353875911
scan_jump,0.02,3,775,0.11187337514222334
scan_jump,0.02,3,800,0.13689275852238725
scan_jump,0.02,3,825,0.1371593099741116
scan_jump,0.02,3,850,0.1380627206721038
scan_jump,0.02,3,875,0.13616544178609602
scan_jump,0.02,3,900,0.11798519686513453
scan_jump,0.02,3,925,0.1281985751785595
scan_jump,0.02,3,950,0.12533632472136313
scan_jump,0.02,3,975,0.1330315234709279
scan_jump,0.02,3,1000,0.14041323297481811
scan_jump,0.02,3,1025,0.13151772744352835
scan_jump,0.02,3,1050,0.13112487684921711
scan_jump,0.02,3,1075,0.13646809524043316
scan_jump,0.02,3,1100,0.13218715500667902
scan_jump,0.02,3,1125,0.12957213981403432
scan_jump,0.02,3,1150,0.14216090603428538
scan_jump,0.02,3,1175,0.12800327356669886
scan_jump,0.02,3,1200,0.13738496126672764
scan_jump,0.02,3,1225,0.1395705697285501
scan_jump,0.02,3,1250,0.13452572564817813
scan_jump,0.02,3,1275,0.12993839611049665
scan_jump,0.02,3,1300,0.12671367699439198
scan_jump,0.02,3,1325,0.12019377044748328
scan_jump,0.02,3,1350,0.1291772047717916
scan_jump,0.02,3,1375,0.11878863094852603
scan_jump,0.02,3,1400,0.13893218961804282
scan_jump,0.02,3,1425,0.13102755751375728
scan_jump,0.02,3,1450,0.1367170111816032
scan_jump,0.02,3,1475,0.1140185657290869
scan_jump,0.02,3,1500,0.13005008806312235
scan_jump,0.02,3,1525,0.13857240166937335
scan_jump,0.02,3,1550,0.13832627129275502
scan_jump,0.02,3,1575,0.12512366196291663
scan_jump,0.02,3,1600,0.13198916292003318
scan_jump,0.02,3,1625,0.1139869268124811
scan_jump,0.02,3,1650,0.12441289786351113
scan_jump,0.02,3,1675,0.11575686578919112
scan_jump,0.02,3,1700,0.1408755659056505
scan_jump,0.02,3,1725,0.12386789052607775
scan_jump,0.02,3,1750,0.13954121828336333
scan_jump,0.02,3,1775,0.12702471094485238
scan_jump,0.02,3,1800,0.11764952944644554
scan_jump,0.02,3,1825,0.14865675421130164
scan_jump,0.02,3,1850,0.12053493542146809
scan_jump,0.02,3,1875,0.13053131335423623
scan_jump,0.02,3,1900,0.13868788170734717
scan_jump,0.02,3,1925,0.1450142254471685
scan_jump,0.02,3,1950,0.11029672085293488
scan_jump,0.02,3,1975,0.12235990107121855
scan_jump,0.02,3,2000,0.1294345655315491
scan_jump,0.02,4,0,0.04777718098771047
scan_jump,0.02,4,25,0.05603956123834711
scan_jump,0.02,4,50,0.06627146659350108
scan_jump,0.02,4,75,0.05563084396250177
scan_jump,0.02,4,100,0.08589868934563105
scan_jump,0.02,4,125,0.06668949258654663
scan_jump,0.02,4,150,0.07871957901413616
scan_jump,0.02,4,175,0.09333459991259281
scan_jump,0.02,4,200,0.1005303640915782
scan_jump,0.02,4,225,0.09432867087104997
scan_jump,0.02,4,250,0.10035771298290172
scan_jump,0.02,4,275,0.10836384129544994
scan_jump,0.02,4,300,0.11941021169847887
scan_jump,0.02,4,325,0.11285301979559344
scan_jump,0.02,4,350,0.11125839365139646
scan_jump,0.02,4,375,0.1146493863189748
scan_jump,0.02,4,400,0.12059282169629412
scan_jump,0.02,4,425,0.11897594965352691
scan_jump,0.02,4,450,0.11889856484487606
scan_jump,0.02,4,475,0.11076067467917969
scan_jump,0.02,4,500,0.10053927499299442
scan_jump,0.02,4,525,0.10528796723788994
scan_jump,0.02,4,550,0.1297934522097576
scan_jump,0.02,4,575,0.12267432021798781
scan_jump,0.02,4,600,0.13424702762517288
scan_jump,0.02,4,625,0.12628603057034007
scan_jump,0.02,4,650,0.12901841269761785
scan_jump,0.02,4,675,0.1352636855013043
scan_jump,0.02,4,700,0.13135927335504569
scan_jump,0.02,4,725,0.11958746690263877
scan_jump,0.02,4,750,0.14595478228392433
scan_jump,0.02,4,775,0.12448543460769255
scan_jump,0.02,4,800,0.11334557460880798
scan_jump,0.02,4,825,0.137676021366186
scan_jump,0.02,4,850,0.14738764170790913
scan_jump,0.02,4,875,0.1280293602215066
scan_jump,0.02,4,900,0.13214421776067262
scan_jump,0.02,4,925,0.11841797683856967
scan_jump,0.02,4,950,0.1563464396902575
scan_jump,0.02,4,975,0.126522004742875
scan_jump,0.02,4,1000,0.10898003881561467
scan_jump,0.02,4,1025,0.12728790196635473
scan_jump,0.02,4,1050,0.14066882642982095
scan_jump,0.02,4,1075,0.11468476497181496
scan_jump,0.02,4,1100,0.12415154871359788
scan_jump,0.02,4,1125,0.12224352284781546
scan_jump,0.02,4,1150,0.13271564417014328
scan_jump,0.02,4,1175,0.13958865302749857
scan_jump,0.02,4,1200,0.13934802553126413
scan_jump,0.02,4,1225,0.12917467255435716
scan_jump,0.02,4,1250,0.13790884138892273
scan_jump,0.02,4,1275,0.14096795062801232
scan_jump,0.02,4,1300,0.1395317910689683
scan_jump,0.02,4,1325,0.13112884237248754
scan_jump,0.02,4,1350,0.13299200417966672
scan_jump,0.02,4,1375,0.13129678268833908
scan_jump,0.02,4,1400,0.14677166969907335
scan_jump,0.02,4,1425,0.13084227879820332
scan_jump,0.02,4,1450,0.14460618811996778
scan_jump,0.02,4,1475,0.13142655291987276
scan_jump,0.02,4,1500,0.13865122498946594
scan_jump,0.02,4,1525,0.14070606602128763
scan_jump,0.02,4,1550,0.1315976691396353
scan_jump,0.02,4,1575,0.1292153562786718
scan_jump,0.02,4,1600,0.1498817214316877
scan_jump,0.02,4,1625,0.1355690387183344
scan_jump,0.02,4,1650,0.12247541459522214
scan_jump,0.02,4,1675,0.12283954970788108
scan_jump,0.02,4,1700,0.13153588391572332
scan_jump,0.02,4,1725,0.1382244872420879
scan_jump,0.02,4,1750,0.13903323190303624
scan_jump,0.02,4,1775,0.12040905766553202
scan_jump,0.02,4,1800,0.12485021371690684
scan_jump,0.02,4,1825,0.14036806534082166
scan_jump,0.02,4,1850,0.1251610885635294
scan_jump,0.02,4,1875,0.12159149224464202
scan_jump,0.02,4,1900,0.1386038857720087
scan_jump,0.02,4,1925,0.13224015909892559
scan_jump,0.02,4,1950,0.12483817054758993
scan_jump,0.02,4,1975,0.12563975284868392
scan_jump,0.02,4,2000,0.11853488795700017
scan_jump,0.025,0,0,0.07470393228952607
scan_jump,0.025,0,25,0.06643473766308541
scan_jump,0.025,0,50,0.07796489175731577
scan_jump,0.025,0,75,0.10047570114132579
scan_jump,0.025,0,100,0.11766877653204387
scan_jump,0.025,0,125,0.15724471264691786
scan_jump,0.025,0,150,0.19210251140401932
scan_jump,0.025,0,175,0.2511391687259669
scan_jump,0.025,0,200,0.299267832347016
scan_jump,0.025,0,225,0.40456730880463143
scan_jump,0.025,0,250,0.4838204728792974
scan_jump,0.025,0,275,0.5746949479321385
scan_jump,0.025,0,300,0.6530670028979483
scan_jump,0.025,0,325,0.7335395675036355
scan_jump,0.025,0,350,0.7886249796188667
scan_jump,0.025,0,375,0.8527841528032202
scan_jump,0.025,0,400,0.8588744194888328
scan_jump,0.025,0,425,0.8764941312922186
scan_jump,0.025,0,450,0.8767113559207682
scan_jump,0.025,0,475,0.9226803274505719
scan_jump,0.025,0,500,0.9059991757201526
scan_jump,0.025,0,525,0.9283561528957003
scan_jump,0.025,0,550,0.9217003594954709
scan_jump,0.025,0,575,0.9112071556794538
scan_jump,0.025,0,600,0.9086841907067357
scan_jump,0.025,0,625,0.9264872255435794
scan_jump,0.025,0,650,0.9287134220394547
scan_jump,0.025,0,675,0.9434691272564494
scan_jump,0.025,0,700,0.9291978047891452
scan_jump,0.025,0,725,0.9404377209026342
scan_jump,0.025,0,750,0.930149744754068
scan_jump,0.025,0,775,0.9222763507272794
scan_jump,0.025,0,800,0.929747669683778
scan_jump,0.025,0,825,0.9120136748912756
scan_jump,0.025,0,850,0.9428038047303745
scan_jump,0.025,0,875,0.9354764348827255
scan_jump,0.025,0,900,0.9217641460871236
scan_jump,0.025,0,925,0.9397946277245711
scan_jump,0.025,0,950,0.9382093921118717
scan_jump,0.025,0,975,0.9275008533587807
scan_jump,0.025,0,1000,0.9228351185386728
scan_jump,0.025,0,1025,0.9080123868858038
scan_jump,0.025,0,1050,0.930419836109578
scan_jump,0.025,0,1075,0.9378290858205979
scan_jump,0.025,0,1100,0.9362333248150593
scan_jump,0.025,0,1125,0.9218312536360198
scan_jump,0.025,0,1150,0.9499213331707782
scan_jump,0.025,0,1175,0.9368488135691575
scan_jump,0.025,0,1200,0.9173925010372729
scan_jump,0.025,0,1225,0.9183532178337206
scan_jump,0.025,0,1250,0.929958041908308
scan_jump,0.025,0,1275,0.9080482489213006
scan_jump,0.025,0,1300,0.9447998969703649
scan_jump,0.025,0,1325,0.9339197805890536
scan_jump,0.025,0,1350,0.9319139173714924
scan_jump,0.025,0,1375,0.9202482466303785
scan_jump,0.025,0,1400,0.9384990598815015
scan_jump,0.025,0,1425,0.9393982317283258
scan_jump,0.025,0,1450,0.9298976319213011
scan_jump,0.025,0,1475,0.9258294047421927
scan_jump,0.025,0,1500,0.9246609401222814
scan_jump,0.025,0,1525,0.9354971176508335
scan_jump,0.025,0,1550,0.9401285167624969
scan_jump,0.025,0,1575,0.9387749074825472
scan_jump,0.025,0,1600,0.9248268344678254
scan_jump,0.025,0,1625,0.9209277217884898
scan_jump,0.025,0,1650,0.9350452353869826
scan_jump,0.025,0,1675,0.9313150309623847
scan_jump,0.025,0,1700,0.938313652928055
scan_jump,0.025,0,1725,0.9304902141512724
scan_jump,0.025,0,1750,0.9256362556648376
scan_jump,0.025,0,1775,0.9241847768969665
scan_jump,0.025,0,1800,0.9297335619062392
scan_jump,0.025,0,1825,0.9224812542731887
scan_jump,0.025,0,1850,0.903921129209574
scan_jump,0.025,0,1875,0.9475260066164125
scan_jump,0.025,0,1900,0.9244808046570397
scan_jump,0.025,0,1925,0.95747670830136
scan_jump,0.025,0,1950,0.9093378802809876
scan_jump,0.025,0,1975,0.9318091709644993
scan_jump,0.025,0,2000,0.9069673499300944
scan_jump,0.025,1,0,0.05104020018456912
scan_jump,0.025,1,25,0.0541132558283433
scan_jump,0.025,1,50,0.07408112980336923
scan_jump,0.025,1,75,0.08760554526477833
scan_jump,0.025,1,100,0.13036801849922353
scan_jump,0.025,1,125,0.1484135351029168
scan_jump,0.025,1,150,0.18292148824105703
scan_jump,0.025,1,175,0.24345838929927632
scan_jump,0.025,1,200,0.303167695520025
scan_jump,0.025,1,225,0.41520373279009365
scan_jump,0.025,1,250,0.4954476669167137
scan_jump,0.025,1,275,0.5923611342584417
scan_jump,0.025,1,300,0.6560932111019214
scan_jump,0.025,1,325,0.7237104022134492
scan_jump,0.025,1,350,0.7887902904288162
scan_jump,0.025,1,375,0.8230560955225811
scan_jump,0.025,1,400,0.8577369332822303
scan_jump,0.025,1,425,0.9043074958696812
scan_jump,0.025,1,450,0.9062801949709224
scan_jump,0.025,1,475,0.911805873590707
scan_jump,0.025,1,500,0.9121943732465249
scan_jump,0.025,1,525,0.9324575341630871
scan_jump,0.025,1,550,0.9162365729723523
scan_jump,0.025,1,575,0.918524097293629
scan_jump,0.025,1,600,0.9429842209193183
scan_jump,0.025,1,625,0.952876020534036
scan_jump,0.025,1,650,0.9191873022658125
scan_jump,0.025,1,675,0.9322351630373449
scan_jump,0.025,1,700,0.9370460134333362
scan_jump,0.025,1,725,0.9215548783220032
scan_jump,0.025,1,750,0.9364509065437816
scan_jump,0.025,1,775,0.930223330055157
scan_jump,0.025,1,800,0.9289187130001122
scan_jump,0.025,1,825,0.9374240426499755
scan_jump,0.025,1,850,0.926644561507158
scan_jump,0.025,1,875,0.9330382827976363
scan_jump,0.025,1,900,0.9366280133588242
scan_jump,0.025,1,925,0.9369939252384477
scan_jump,0.025,1,950,0.9229776708176489
scan_jump,0.025,1,975,0.9310511731384983
scan_jump,0.025,1,1000,0.9212614995211656
scan_jump,0.025,1,1025,0.9256486560680964
scan_jump,0.025,1,1050,0.9333987223023819
scan_jump,0.025,1,1075,0.9319584594200888
scan_jump,0.025,1,1100,0.9408944070314431
scan_jump,0.025,1,1125,0.9351089804916929
scan_jump,0.025,1,1150,0.918898511959559
scan_jump,0.025,1,1175,0.9209276094700196
scan_jump,0.025,1,1200,0.9413072331921749
scan_jump,0.025,1,1225,0.9445057336832351
scan_jump,0.025,1,1250,0.9268338640354334
scan_jump,0.025,1,1275,0.9173322022166044
scan_jump,0.025,1,1300,0.9275184340648638
scan_jump,0.025,1,1325,0.9344476213956775
scan_jump,0.025,1,1350,0.9315431781754514
scan_jump,0.025,1,1375,0.9309510482698654
scan_jump,0.025,1,1400,0.929981377234415
scan_jump,0.025,1,1425,0.9499255213037916
scan_jump,0.025,1,1450,0.935380167025634
scan_jump,0.025,1,1475,0.9289273297070135
scan_jump,0.025,1,1500,0.9443820521292008
scan_jump,0.025,1,1525,0.9512332504120324
scan_jump,0.025,1,1550,0.9234503974532875
scan_jump,0.025,1,1575,0.9380834208745257
scan_jump,0.025,1,1600,0.9497818255572948
scan_jump,0.025,1,1625,0.909728082865588
scan_jump,0.025,1,1650,0.9328306050581496
scan_jump,0.025,1,1675,0.9132390291475028
scan_jump,0.025,1,1700,0.916453929733807
scan_jump,0.025,1,1725,0.9262447890047509
scan_jump,0.025,1,1750,0.92160696117682
scan_jump,0.025,1,1775,0.9237075510555806
scan_jump,0.025,1,1800,0.9283321571189778
scan_jump,0.025,1,1825,0.9283340057774183
scan_jump,0.025,1,1850,0.949980850915276
scan_jump,0.025,1,1875,0.9275380185376784
scan_jump,0.025,1,1900,0.9271751631715874
scan_jump,0.025,1,1925,0.928611087105007
scan_jump,0.025,1,1950,0.9304886278795088
scan_jump,0.025,1,1975,0.925007335277691
scan_jump,0.025,1,2000,0.924953386910321
scan_jump,0.025,2,0,0.07314925580242503
scan_jump,0.025,2,25,0.07477019270062635
scan_jump,0.025,2,50,0.09257804791937826
scan_jump,0.025,2,75,0.09012704143864794
scan_jump,0.025,2,100,0.13590460670602839
scan_jump,0.025,2,125,0.1412157305321875
scan_jump,0.025,2,150,0.18849469330809848
scan_jump,0.025,2,175,0.25906040877868397
scan_jump,0.025,2,200,0.31106835976002106
scan_jump,0.025,2,225,0.41778627411113306
scan_jump,0.025,2,250,0.4830510200795863
scan_jump,0.025,2,275,0.5819977455629596
scan_jump,0.025,2,300,0.6643533050597297
scan_jump,0.025,2,325,0.7298952169567229
scan_jump,0.025,2,350,0.7996153109880632
scan_jump,0.025,2,375,0.8195559887881912
scan_jump,0.025,2,400,0.8610262841117591
scan_jump,0.025,2,425,0.8867183074591803
scan_jump,0.025,2,450,0.8937964581133044
scan_jump,0.025,2,475,0.9130047340442508
scan_jump,0.025,2,500,0.9183458673084002
scan_jump,0.025,2,525,0.9150543592712701
scan_jump,0.025,2,550,0.9202444277423926
scan_jump,0.025,2,575,0.9265248627172712
scan_jump,0.025,2,600,0.9361194451464735
scan_jump,0.025,2,625,0.925575538234223
scan_jump,0.025,2,650,0.933268622750379
scan_jump,0.025,2,675,0.9064777736533474
scan_jump,0.025,2,700,0.913570325020469
scan_jump,0.025,2,725,0.9325516006838724
scan_jump,0.025,2,750,0.9303137555542693
scan_jump,0.025,2,775,0.938112252691239
scan_jump,0.025,2,800,0.9247764850100597
scan_jump,0.025,2,825,0.9334728097734241
scan_jump,0.025,2,850,0.9411717273978075
scan_jump,0.025,2,875,0.9163589518075324
scan_jump,0.025,2,900,0.9220491364793755
scan_jump,0.025,2,925,0.9191811835549021
scan_jump,0.025,2,950,0.9215396006685819
scan_jump,0.025,2,975,0.9296205170376066
scan_jump,0.025,2,1000,0.9302639702532167
scan_jump,0.025,2,1025,0.9153191140273657
scan_jump,0.025,2,1050,0.9310564414250132
scan_jump,0.025,2,1075,0.9360360241724254
scan_jump,0.025,2,1100,0.9190052659465024
scan_jump,0.025,2,1125,0.9317897360877229
scan_jump,0.025,2,1150,0.9285990606791311
scan_jump,0.025,2,1175,0.9211109735008106
scan_jump,0.025,2,1200,0.9396105984700682
scan_jump,0.025,2,1225,0.9194194032035874
scan_jump,0.025,2,1250,0.9331456893234857
scan_jump,0.025,2,1275,0.9514087578441427
scan_jump,0.025,2,1300,0.9451204152997719
scan_jump,0.025,2,1325,0.9384515863778208
scan_jump,0.025,2,1350,0.9480584786238554
scan_jump,0.025,2,1375,0.9259608295615411
scan_jump,0.025,2,1400,0.9151956216376212
scan_jump,0.025,2,1425,0.947027138972808
scan_jump,0.025,2,1450,0.931168752886274
scan_jump,0.025,2,1475,0.9493679383739265
scan_jump,0.025,2,1500,0.928133952806254
scan_jump,0.025,2,1525,0.9268846848099288
scan_jump,0.025,2,1550,0.9386366918930371
scan_jump,0.025,2,1575,0.9167033292627847
scan_jump,0.025,2,1600,0.9304113157135758
scan_jump,0.025,2,1625,0.9249731405471806
scan_jump,0.025,2,1650,0.9128553268935984
scan_jump,0.025,2,1675,0.9485948576206059
scan_jump,0.025,2,1700,0.923378619009131
scan_jump,0.025,2,1725,0.9315883996430883
scan_jump,0.025,2,1750,0.9201096318524877
scan_jump,0.025,2,1775,0.9217175859629051
scan_jump,0.025,2,1800,0.9404994123751692
scan_jump,0.025,2,1825,0.9213501512248495
scan_jump,0.025,2,1850,0.9219170961808727
scan_jump,0.025,2,1875,0.9291900456394729
scan_jump,0.025,2,1900,0.9356077384426236
scan_jump,0.025,2,1925,0.9232050196343452
scan_jump,0.025,2,1950,0.9200134628200715
scan_jump,0.025,2,1975,0.9313106437696299
scan_jump,0.025,2,2000,0.9266389186302518
scan_jump,0.025,3,0,0.06106572614829902
scan_jump,0.025,3,25,0.07995207603501746
scan_jump,0.025,3,50,0.07692707458236983
scan_jump,0.025,3,75,0.10447537947415683
scan_jump,0.025,3,100,0.13011003817155675
scan_jump,0.025,3,125,0.13922030804159494
scan_jump,0.025,3,150,0.19030571702214777
scan_jump,0.025,3,175,0.24537498383105075
scan_jump,0.025,3,200,0.32954446253959463
scan_jump,0.025,3,225,0.3951767879310932
scan_jump,0.025,3,250,0.5037745541854837
scan_jump,0.025,3,275,0.5892201740437389
scan_jump,0.025,3,300,0.6558144564579859
scan_jump,0.025,3,325,0.7261379252430321
scan_jump,0.025,3,350,0.7869700193335035
scan_jump,0.025,3,375,0.8341086107098244
scan_jump,0.025,3,400,0.8625051624815251
scan_jump,0.025,3,425,0.8938611064126162
scan_jump,0.025,3,450,0.8887492205551075
scan_jump,0.025,3,475,0.9187282781944348
scan_jump,0.025,3,500,0.9296397251496445
scan_jump,0.025,3,525,0.9207299907272914
scan_jump,0.025,3,550,0.9155648807618809
scan_jump,0.025,3,575,0.9307160269225124
scan_jump,0.025,3,600,0.9432294760468918
scan_jump,0.025,3,625,0.9378400452198538
scan_jump,0.025,3,650,0.9129496096739855
scan_jump,0.025,3,675,0.9388515009590178
scan_jump,0.025,3,700,0.9006391110537453
scan_jump,0.025,3,725,0.9123581850863314
scan_jump,0.025,3,750,0.9288857484054612
scan_jump,0.025,3,775,0.9224907093356962
scan_jump,0.025,3,800,0.923958003415077
scan_jump,0.025,3,825,0.9275216720920387
scan_jump,0.025,3,850,0.9299246150854942
scan_jump,0.025,3,875,0.9397715611110767
scan_jump,0.025,3,900,0.9312478365900866
scan_jump,0.025,3,925,0.9332771942599691
scan_jump,0.025,3,950,0.9250024553654543
scan_jump,0.025,3,975,0.922716228632621
scan_jump,0.025,3,1000,0.9255913303422557
scan_jump,0.025,3,1025,0.9345400311112502
scan_jump,0.025,3,1050,0.9347542229174957
scan_jump,0.025,3,1075,0.9461043361110196
scan_jump,0.025,3,1100,0.9475455883287439
scan_jump,0.025,3,1125,0.931960979472858
scan_jump,0.025,3,1150,0.9223490395313703
scan_jump,0.025,3,1175,0.9362541112970275
scan_jump,0.025,3,1200,0.9401437827930618
scan_jump,0.025,3,1225,0.9362709023677404
scan_jump,0.025,3,1250,0.9270095728153279
scan_jump,0.025,3,1275,0.9341987862753068
scan_jump,0.025,3,1300,0.9293302426578947
scan_jump,0.025,3,1325,0.9257988992772018
scan_jump,0.025,3,1350,0.93038422530813
scan_jump,0.025,3,1375,0.9321789665760418
scan_jump,0.025,3,1400,0.9281024971839672
scan_jump,0.025,3,1425,0.9321506399688424
scan_jump,0.025,3,1450,0.9198107744232643
scan_jump,0.025,3,1475,0.9461777028631897
scan_jump,0.025,3,1500,0.9263517567972258
scan_jump,0.025,3,1525,0.9480933099924835
scan_jump,0.025,3,1550,0.929999886282668
scan_jump,0.025,3,1575,0.9268819518171639
scan_jump,0.025,3,1600,0.9491070980813383
scan_jump,0.025,3,1625,0.9288467704856306
scan_jump,0.025,3,1650,0.941846418821135
scan_jump,0.025,3,1675,0.9145810742956465
scan_jump,0.025,3,1700,0.9279123110728212
scan_jump,0.025,3,1725,0.9171703566130421
scan_jump,0.025,3,1750,0.9395212496547543
scan_jump,0.025,3,1775,0.9272387152409463
scan_jump,0.025,3,1800,0.94303075173409
scan_jump,0.025,3,1825,0.939149790863167
scan_jump,0.025,3,1850,0.9276783116495494
scan_jump,0.025,3,1875,0.9294328727969954
scan_jump,0.025,3,1900,0.9285820702885834
scan_jump,0.025,3,1925,0.9266110744804664
scan_jump,0.025,3,1950,0.9339544122121962
scan_jump,0.025,3,1975,0.9251436886463069
scan_jump,0.025,3,2000,0.9386417738721913
scan_jump,0.025,4,0,0.06661165447152888
scan_jump,0.025,4,25,0.07827770303101221
scan_jump,0.025,4,50,0.0871570272518861
scan_jump,0.025,4,75,0.10516952441075009
scan_jump,0.025,4,100,0.12388426211089766
scan_jump,0.025,4,125,0.162411671740533
scan_jump,0.025,4,150,0.1844780427276871
scan_jump,0.025,4,175,0.248560856950234
scan_jump,0.025,4,200,0.3111538362992996
scan_jump,0.025,4,225,0.4049766421901509
scan_jump,0.025,4,250,0.481822124396628
scan_jump,0.025,4,275,0.5826180435536823
scan_jump,0.025,4,300,0.6744415654285215
scan_jump,0.025,4,325,0.7445533772478952
scan_jump,0.025,4,350,0.7891106263461316
scan_jump,0.025,4,375,0.8314061546127312
scan_jump,0.025,4,400,0.85286808495027
scan_jump,0.025,4,425,0.8933169262486698
scan_jump,0.025,4,450,0.9065166785947546
scan_jump,0.025,4,475,0.9198746925594142
scan_jump,0.025,4,500,0.928997473062572
scan_jump,0.025,4,525,0.9247988208039564
scan_jump,0.025,4,550,0.916035022400796
scan_jump,0.025,4,575,0.9417991993808308
scan_jump,0.025,4,600,0.9273742329344117
scan_jump,0.025,4,625,0.9257404595909262
scan_jump,0.025,4,650,0.9244055642602259
scan_jump,0.025,4,675,0.9326759085889641
scan_jump,0.025,4,700,0.9240846905335084
scan_jump,0.025,4,725,0.9434366471436797
scan_jump,0.025,4,750,0.9232546055038403
scan_jump,0.025,4,775,0.9328096860512555
scan_jump,0.025,4,800,0.9322659845755278
scan_jump,0.025,4,825,0.9332716094604462
scan_jump,0.025,4,850,0.9398570668108035
scan_jump,0.025,4,875,0.9271461361923629
scan_jump,0.025,4,900,0.937466232024149
scan_jump,0.025,4,925,0.9357219444315342
scan_jump,0.025,4,950,0.924568750935003
scan_jump,0.025,4,975,0.9227757989513685
scan_jump,0.025,4,1000,0.939436725523091
scan_jump,0.025,4,1025,0.9126872800562496
scan_jump,0.025,4,1050,0.9180858110834273
scan_jump,0.025,4,1075,0.9369244462876092
scan_jump,0.025,4,1100,0.938783676379896
scan_jump,0.025,4,1125,0.9442872443191881
scan_jump,0.025,4,1150,0.932579852258752
scan_jump,0.025,4,1175,0.9090212964709202
scan_jump,0.025,4,1200,0.9397030341299988
scan_jump,0.025,4,1225,0.9130977465618075
scan_jump,0.025,4,1250,0.927878109382093
scan_jump,0.025,4,1275,0.9159948548418291
scan_jump,0.025,4,1300,0.9248754560483489
scan_jump,0.025,4,1325,0.949531056569475
scan_jump,0.025,4,1350,0.9302266520088511
scan_jump,0.025,4,1375,0.9248203689480441
scan_jump,0.025,4,1400,0.9291531998942991
scan_jump,0.025,4,1425,0.932800993326212
scan_jump,0.025,4,1450,0.9347995550829421
scan_jump,0.025,4,1475,0.9269320592964794
scan_jump,0.025,4,1500,0.912138281956655
scan_jump,0.025,4,1525,0.9493283420309399
scan_jump,0.025,4,1550,0.919481475049956
scan_jump,0.025,4,1575,0.9216987548970933
scan_jump,0.025,4,1600,0.94001532284207
scan_jump,0.025,4,1625,0.9165847370988303
scan_jump,0.025,4,1650,0.9233775391942664
scan_jump,0.025,4,1675,0.92616538364991
scan_jump,0.025,4,1700,0.934925540392521
scan_jump,0.025,4,1725,0.9259539951110914
scan_jump,0.025,4,1750,0.9181617650609681
scan_jump,0.025,4,1775,0.919080450825321
scan_jump,0.025,4,1800,0.9388615488509511
scan_jump,0.025,4,1825,0.9377614152170674
scan_jump,0.025,4,1850,0.9473047557545928
scan_jump,0.025,4,1875,0.9339291188870035
scan_jump,0.025,4,1900,0.923925980860359
scan_jump,0.025,4,1925,0.9299403826538076
scan_jump,0.025,4,1950,0.9338094806748949
scan_jump,0.025,4,1975,0.9270715164136417
scan_jump,0.025,4,2000,0.9400206913783663
scan_jump,0.5,0,0,0.0650332777803633
scan_jump,0.5,0,25,0.0738745131325084
scan_jump,0.5,0,50,0.07528578338051486
scan_jump,0.5,0,75,0.09391223382056471
scan_jump,0.5,0,100,0.11564777168959169
scan_jump,0.5,0,125,0.13638811424526515
scan_jump,0.5,0,150,0.19054131209564423
scan_jump,0.5,0,175,0.2588588901628882
scan_jump,0.5,0,200,0.3194976004300992
scan_jump,0.5,0,225,0.39863435471604863
scan_jump,0.5,0,250,0.4996837573747727
scan_jump,0.5,0,275,0.5684557929770947
scan_jump,0.5,0,300,0.6737685149308134
scan_jump,0.5,0,325,0.7357837460172867
scan_jump,0.5,0,350,0.7720831312280318
scan_jump,0.5,0,375,0.8399906770686534
scan_jump,0.5,0,400,0.8763174561750241
scan_jump,0.5,0,425,0.8769866992513319
scan_jump,0.5,0,450,0.8806874386381096
scan_jump,0.5,0,475,0.9282211006594514
scan_jump,0.5,0,500,0.9110169462661167
scan_jump,0.5,0,525,0.9175827327164655
scan_jump,0.5,0,550,0.9282353385446587
scan_jump,0.5,0,575,0.9302379679863697
scan_jump,0.5,0,600,0.9381653489232978
scan_jump,0.5,0,625,0.9101806376400116
scan_jump,0.5,0,650,0.930537450664342
scan_jump,0.5,0,675,0.9301190783112316
scan_jump,0.5,0,700,0.9171593752925301
scan_jump,0.5,0,725,0.9142638837529468
scan_jump,0.5,0,750,0.9358212466851894
scan_jump,0.5,0,775,0.9053196157893257
scan_jump,0.5,0,800,0.9399200439164763
scan_jump,0.5,0,825,0.9447157494723737
scan_jump,0.5,0,850,0.9246325451341275
scan_jump,0.5,0,875,0.9444830545764538
scan_jump,0.5,0,900,0.9353038960864146
scan_jump,0.5,0,925,0.946181047171119
scan_jump,0.5,0,950,0.9392354315668251
scan_jump,0.5,0,975,0.9427121219097855
scan_jump,0.5,0,1000,0.9338581869601276
scan_jump,0.5,0,1025,0.9147262032962173
scan_jump,0.5,0,1050,0.9375312169731541
scan_jump,0.5,0,1075,0.9092695628145406
scan_jump,0.5,0,1100,0.9349284886922394
scan_jump,0.5,0,1125,0.943474722722631
scan_jump,0.5,0,1150,0.9467868929662447
scan_jump,0.5,0,1175,0.9173630150882298
scan_jump,0.5,0,1200,0.9347801933488173
scan_jump,0.5,0,1225,0.9282632669707815
scan_jump,0.5,0,1250,0.9342245352522711
scan_jump,0.5,0,1275,0.9419148307854943
scan_jump,0.5,0,1300,0.940072000314274
scan_jump,0.5,0,1325,0.9145041610042866
scan_jump,0.5,0,1350,0.9311442730944929
scan_jump,0.5,0,1375,0.9381720270028072
scan_jump,0.5,0,1400,0.9153885133810689
scan_jump,0.5,0,1425,0.9330049667625693
scan_jump,0.5,0,1450,0.9213597232594973
scan_jump,0.5,0,1475,0.9353588105717232
scan_jump,0.5,0,1500,0.9327096206184479
scan_jump,0.5,0,1525,0.9280214924517912
scan_jump,0.5,0,1550,0.929362279135751
scan_jump,0.5,0,1575,0.9206659693791629
scan_jump,0.5,0,1600,0.9289714411480605
scan_jump,0.5,0,1625,0.9357653229373543
scan_jump,0.5,0,1650,0.9179675482760676
scan_jump,0.5,0,1675,0.9256649770027792
scan_jump,0.5,0,1700,0.9200665087255026
scan_jump,0.5,0,1725,0.9247849396788655
scan_jump,0.5,0,1750,0.9120066711877491
scan_jump,0.5,0,1775,0.9398872762081671
scan_jump,0.5,0,1800,0.9301942196546807
scan_jump,0.5,0,1825,0.9463833954510201
scan_jump,0.5,0,1850,0.9407405116442434
scan_jump,0.5,0,1875,0.9380879336920509
scan_jump,0.5,0,1900,0.9253117012173463
scan_jump,0.5,0,1925,0.9314873824644307
scan_jump,0.5,0,1950,0.9305102736427692
scan_jump,0.5,0,1975,0.9100556696727681
scan_jump,0.5,0,2000,0.9187244398306951
scan_jump,0.5,1,0,0.07225746698232437
scan_jump,0.5,1,25,0.06806065856848792
scan_jump,0.5,1,50,0.07091495922998563
scan_jump,0.5,1,75,0.11196965958705972
scan_jump,0.5,1,100,0.1173134498927365
scan_jump,0.5,1,125,0.14140861189594897
scan_jump,0.5,1,150,0.20836915924664628
scan_jump,0.5,1,175,0.242265987646701
scan_jump,0.5,1,200,0.3264521191611374
scan_jump,0.5,1,225,0.37658157229109307
scan_jump,0.5,1,250,0.4806279242131858
scan_jump,0.5,1,275,0.5834489480873708
scan_jump,0.5,1,300,0.6568432956898237
scan_jump,0.5,1,325,0.7404368398504743
scan_jump,0.5,1,350,0.799429880722136
scan_jump,0.5,1,375,0.8318064765394193
scan_jump,0.5,1,400,0.8816500166671272
scan_jump,0.5,1,425,0.8715533104575255
scan_jump,0.5,1,450,0.8960848301024005
scan_jump,0.5,1,475,0.9112404489249186
scan_jump,0.5,1,500,0.8913477897303682
scan_jump,0.5,1,525,0.9313397184701118
scan_jump,0.5,1,550,0.9176731842629038
scan_jump,0.5,1,575,0.931359395078445
scan_jump,0.5,1,600,0.9347122844894091
scan_jump,0.5,1,625,0.9307307383785193
scan_jump,0.5,1,650,0.9316980267474707
scan_jump,0.5,1,675,0.9140856623915887
scan_jump,0.5,1,700,0.9237884751136743
scan_jump,0.5,1,725,0.9325691829024776
scan_jump,0.5,1,750,0.9258170224807771
scan_jump,0.5,1,775,0.9127762172212965
scan_jump,0.5,1,800,0.9172994403509075
scan_jump,0.5,1,825,0.9374882014021836
scan_jump,0.5,1,850,0.9433780199798404
scan_jump,0.5,1,875,0.9206615221767559
scan_jump,0.5,1,900,0.9163132086232401
scan_jump,0.5,1,925,0.9321620413702724
scan_jump,0.5,1,950,0.9327412319138266
scan_jump,0.5,1,975,0.9379472741640833
scan_jump,0.5,1,1000,0.9477306625992528
scan_jump,0.5,1,1025,0.94214770275556
scan_jump,0.5,1,1050,0.9148639775468698
scan_jump,0.5,1,1075,0.9455409801090763
scan_jump,0.5,1,1100,0.9381700681569893
scan_jump,0.5,1,1125,0.9316777935388852
scan_jump,0.5,1,1150,0.9480203332429623
scan_jump,0.5,1,1175,0.9365131026629886
scan_jump,0.5,1,1200,0.9326911620265576
scan_jump,0.5,1,1225,0.9240735905821409
scan_jump,0.5,1,1250,0.9415200078907081
scan_jump,0.5,1,1275,0.9398011898317071
scan_jump,0.5,1,1300,0.9449946277873404
scan_jump,0.5,1,1325,0.9396632631203395
scan_jump,0.5,1,1350,0.9405464888363544
scan_jump,0.5,1,1375,0.9511288648930973
scan_jump,0.5,1,1400,0.9287869098700257
scan_jump,0.5,1,1425,0.9527307601758974
scan_jump,0.5,1,1450,0.9315217825501634
scan_jump,0.5,1,1475,0.9282300488448366
scan_jump,0.5,1,1500,0.9323496335484049
scan_jump,0.5,1,1525,0.9328744085776515
scan_jump,0.5,1,1550,0.916902725093352
scan_jump,0.5,1,1575,0.9193031120105671
scan_jump,0.5,1,1600,0.9343767857208691
scan_jump,0.5,1,1625,0.9407987592604313
scan_jump,0.5,1,1650,0.9261735528144176
scan_jump,0.5,1,1675,0.9270090557439746
scan_jump,0.5,1,1700,0.9357875182152451
scan_jump,0.5,1,1725,0.9450812173979581
scan_jump,0.5,1,1750,0.9502963624248301
scan_jump,0.5,1,1775,0.9138009713167031
scan_jump,0.5,1,1800,0.9256392693991827
scan_jump,0.5,1,1825,0.9347413583939743
scan_jump,0.5,1,1850,0.9397382518050189
scan_jump,0.5,1,1875,0.9250398294799858
scan_jump,0.5,1,1900,0.9225618179718365
scan_jump,0.5,1,1925,0.911618515316357
scan_jump,0.5,1,1950,0.9320206641513478
scan_jump,0.5,1,1975,0.9302682914139291
scan_jump,0.5,1,2000,0.9497572355238912
scan_jump,0.5,2,0,0.05853450577648731
scan_jump,0.5,2,25,0.095761257175849
scan_jump,0.5,2,50,0.0933479441639401
scan_jump,0.5,2,75,0.09842713619841234
scan_jump,0.5,2,100,0.11745553634003796
scan_jump,0.5,2,125,0.15593818642969984
scan_jump,0.5,2,150,0.17813445537261388
scan_jump,0.5,2,175,0.23904963417835712
scan_jump,0.5,2,200,0.31063179090968196
scan_jump,0.5,2,225,0.37301486216766355
scan_jump,0.5,2,250,0.5023600224990722
scan_jump,0.5,2,275,0.5649287021829958
scan_jump,0.5,2,300,0.6433524697152516
scan_jump,0.5,2,325,0.7199266713625219
scan_jump,0.5,2,350,0.7911790046443155
scan_jump,0.5,2,375,0.8389187272671775
scan_jump,0.5,2,400,0.8708725452850767
scan_jump,0.5,2,425,0.8705652164566872
scan_jump,0.5,2,450,0.8862233944033516
scan_jump,0.5,2,475,0.9180114459490227
scan_jump,0.5,2,500,0.9145820302438589
scan_jump,0.5,2,525,0.9016000561432419
scan_jump,0.5,2,550,0.9142914217602818
scan_jump,0.5,2,575,0.9224077649900978
scan_jump,0.5,2,600,0.9005224962218586
scan_jump,0.5,2,625,0.9256958534622598
scan_jump,0.5,2,650,0.9532069487659677
scan_jump,0.5,2,675,0.9287675705685031
scan_jump,0.5,2,700,0.9203888087719974
scan_jump,0.5,2,725,0.9275502434758542
scan_jump,0.5,2,750,0.9232328547980406
scan_jump,0.5,2,775,0.9299850406480126
scan_jump,0.5,2,800,0.9225415183141291
scan_jump,0.5,2,825,0.918139063864786
scan_jump,0.5,2,850,0.9187272372325996
scan_jump,0.5,2,875,0.9408460708868422
scan_jump,0.5,2,900,0.9380317436364385
scan_jump,0.5,2,925,0.9312840493866033
scan_jump,0.5,2,950,0.9321620442967866
scan_jump,0.5,2,975,0.9306289031889755
scan_jump,0.5,2,1000,0.8986222061004636
scan_jump,0.5,2,1025,0.926531236378395
scan_jump,0.5,2,1050,0.9245644475257729
scan_jump,0.5,2,1075,0.9165744308182173
scan_jump,0.5,2,1100,0.9334381065427978
scan_jump,0.5,2,1125,0.9331705925319769
scan_jump,0.5,2,1150,0.939086557364588
scan_jump,0.5,2,1175,0.9387536236450602
scan_jump,0.5,2,1200,0.9331808880400871
scan_jump,0.5,2,1225,0.9223041367136819
scan_jump,0.5,2,1250,0.9244732929615554
scan_jump,0.5,2,1275,0.9170323244521127
scan_jump,0.5,2,1300,0.9285699921566913
scan_jump,0.5,2,1325,0.9369285243409056
scan_jump,0.5,2,1350,0.9061078988442859
scan_jump,0.5,2,1375,0.9383721957053592
scan_jump,0.5,2,1400,0.9269464901022555
scan_jump,0.5,2,1425,0.9194130468444264
scan_jump,0.5,2,1450,0.9426837474941444
scan_jump,0.5,2,1475,0.9445711044583315
scan_jump,0.5,2,1500,0.9263901385315394
scan_jump,0.5,2,1525,0.926749237856525
scan_jump,0.5,2,1550,0.9339847676632355
scan_jump,0.5,2,1575,0.9361643799640675
scan_jump,0.5,2,1600,0.9142014407011109
scan_jump,0.5,2,1625,0.9475444098850467
scan_jump,0.5,2,1650,0.9341159800327105
scan_jump,0.5,2,1675,0.9311783934318357
scan_jump,0.5,2,1700,0.9332362479394177
scan_jump,0.5,2,1725,0.9298382003482115
scan_jump,0.5,2,1750,0.9393168415074573
scan_jump,0.5,2,1775,0.9228001072908243
scan_jump,0.5,2,1800,0.9395471442030134
scan_jump,0.5,2,1825,0.9275594337589683
scan_jump,0.5,2,1850,0.9200069857302237
scan_jump,0.5,2,1875,0.9239478076106296
scan_jump,0.5,2,1900,0.9325293812623502
scan_jump,0.5,2,1925,0.9211197361650321
scan_jump,0.5,2,1950,0.927966657707919
scan_jump,0.5,2,1975,0.9359705712645674
scan_jump,0.5,2,2000,0.917501535750836
scan_jump,0.5,3,0,0.07867886634305477
scan_jump,0.5,3,25,0.07301628584312692
scan_jump,0.5,3,50,0.08030320429709455
scan_jump,0.5,3,75,0.09334459065847187
scan_jump,0.5,3,100,0.11652151012729015
scan_jump,0.5,3,125,0.16440863541253536
scan_jump,0.5,3,150,0.18461536075886628
scan_jump,0.5,3,175,0.2624349833196228
scan_jump,0.5,3,200,0.32068127037861854
scan_jump,0.5,3,225,0.4153263020382229
scan_jump,0.5,3,250,0.49916728420718826
scan_jump,0.5,3,275,0.597835298233544
scan_jump,0.5,3,300,0.65682702753543
scan_jump,0.5,3,325,0.7338676976380436
scan_jump,0.5,3,350,0.7913660078542694
scan_jump,0.5,3,375,0.8326920977865592
scan_jump,0.5,3,400,0.8642628394556059
scan_jump,0.5,3,425,0.896137943190956
scan_jump,0.5,3,450,0.8958095947157594
scan_jump,0.5,3,475,0.9181205744305478
scan_jump,0.5,3,500,0.9096498209397089
scan_jump,0.5,3,525,0.9270944299978316
scan_jump,0.5,3,550,0.919923427250726
scan_jump,0.5,3,575,0.9309051228219827
scan_jump,0.5,3,600,0.9192894161373777
scan_jump,0.5,3,625,0.9428732901825883
scan_jump,0.5,3,650,0.9310045288229895
scan_jump,0.5,3,675,0.9299719724447086
scan_jump,0.5,3,700,0.9305278930217441
scan_jump,0.5,3,725,0.9164590090688541
scan_jump,0.5,3,750,0.8987129660901899
scan_jump,0.5,3,775,0.9316447386807473
scan_jump,0.5,3,800,0.9535664792490148
scan_jump,0.5,3,825,0.929992971679396
scan_jump,0.5,3,850,0.9426513423308225
scan_jump,0.5,3,875,0.9482909363195403
scan_jump,0.5,3,900,0.9334903580203827
scan_jump,0.5,3,925,0.9385266610279889
scan_jump,0.5,3,950,0.9206038601396084
scan_jump,0.5,3,975,0.9306653400174544
scan_jump,0.5,3,1000,0.9246982718574673
scan_jump,0.5,3,1025,0.933992259543582
scan_jump,0.5,3,1050,0.9277728637483758
scan_jump,0.5,3,1075,0.9276109057890771
scan_jump,0.5,3,1100,0.9363382756708182
scan_jump,0.5,3,1125,0.9255784530695486
scan_jump,0.5,3,1150,0.9238993578489137
scan_jump,0.5,3,1175,0.9332054482859806
scan_jump,0.5,3,1200,0.924739348162673
scan_jump,0.5,3,1225,0.9296260225860115
scan_jump,0.5,3,1250,0.9382145261002246
scan_jump,0.5,3,1275,0.9457466815668993
scan_jump,0.5,3,1300,0.9378369864364862
scan_jump,0.5,3,1325,0.9216594258531464
scan_jump,0.5,3,1350,0.9216013168163979
scan_jump,0.5,3,1375,0.9244782601852067
scan_jump,0.5,3,1400,0.9428215041870648
scan_jump,0.5,3,1425,0.9155729288095164
scan_jump,0.5,3,1450,0.9211952976684429
scan_jump,0.5,3,1475,0.9407775141351074
scan_jump,0.5,3,1500,0.9394974351072307
scan_jump,0.5,3,1525,0.9285109998706073
scan_jump,0.5,3,1550,0.9240054462463096
scan_jump,0.5,3,1575,0.942203919074337
scan_jump,0.5,3,1600,0.9272492738435808
scan_jump,0.5,3,1625,0.941459472191479
scan_jump,0.5,3,1650,0.925543606742115
scan_jump,0.5,3,1675,0.9205218722031763
scan_jump,0.5,3,1700,0.9104584012026887
scan_jump,0.5,3,1725,0.9253870816919546
scan_jump,0.5,3,1750,0.9279838327162467
scan_jump,0.5,3,1775,0.9467323186987167
scan_jump,0.5,3,1800,0.9374048120737093
scan_jump,0.5,3,1825,0.9312364718476687
scan_jump,0.5,3,1850,0.9410082761606937
scan_jump,0.5,3,1875,0.9358582672512025
scan_jump,0.5,3,1900,0.9477470753343064
scan_jump,0.5,3,1925,0.921871669867019
scan_jump,0.5,3,1950,0.9359232341606081
scan_jump,0.5,3,1975,0.9314163338836676
scan_jump,0.5,3,2000,0.9250657483859447
scan_jump,0.5,4,0,0.05091964213965075
scan_jump,0.5,4,25,0.07556125962449432
scan_jump,0.5,4,50,0.10110904933082449
scan_jump,0.5,4,75,0.10000728937550118
scan_jump,0.5,4,100,0.11627216276139113
scan_jump,0.5,4,125,0.13505716717028823
scan_jump,0.5,4,150,0.18899716262554417
scan_jump,0.5,4,175,0.2561637402440799
scan_jump,0.5,4,200,0.31415169756334393
scan_jump,0.5,4,225,0.42051656193454623
scan_jump,0.5,4,250,0.503566107487429
scan_jump,0.5,4,275,0.5766854300518103
scan_jump,0.5,4,300,0.6640444993016797
scan_jump,0.5,4,325,0.7203881129649431
scan_jump,0.5,4,350,0.7895610282513426
scan_jump,0.5,4,375,0.8408216401661672
scan_jump,0.5,4,400,0.8685126624301183
scan_jump,0.5,4,425,0.8867132677930539
scan_jump,0.5,4,450,0.9077228832883849
scan_jump,0.5,4,475,0.9155171748797627
scan_jump,0.5,4,500,0.9258346908744862
scan_jump,0.5,4,525,0.9275571422705962
scan_jump,0.5,4,550,0.9191297520066045
scan_jump,0.5,4,575,0.9158871282409686
scan_jump,0.5,4,600,0.9350852033290468
scan_jump,0.5,4,625,0.9320735272008376
scan_jump,0.5,4,650,0.9297793084420616
scan_jump,0.5,4,675,0.9395827593845408
scan_jump,0.5,4,700,0.9278256406339409
scan_jump,0.5,4,725,0.9193661893312235
scan_jump,0.5,4,750,0.9449320308709809
scan_jump,0.5,4,775,0.9321012087737602
scan_jump,0.5,4,800,0.9376796849148986
scan_jump,0.5,4,825,0.9257480716150326
scan_jump,0.5,4,850,0.9284753359711965
scan_jump,0.5,4,875,0.9308009623787411
scan_jump,0.5,4,900,0.9435485475914418
scan_jump,0.5,4,925,0.9184549521476525
scan_jump,0.5,4,950,0.9262292769024278
scan_jump,0.5,4,975,0.9281549043752507
scan_jump,0.5,4,1000,0.9334135214835274
scan_jump,0.5,4,1025,0.9319266521469042
scan_jump,0.5,4,1050,0.9315657182270678
scan_jump,0.5,4,1075,0.9132529957210573
scan_jump,0.5,4,1100,0.9267217683628424
scan_jump,0.5,4,1125,0.9250720152029366
scan_jump,0.5,4,1150,0.9202693118924951
scan_jump,0.5,4,1175,0.9252285039820434
scan_jump,0.5,4,1200,0.9252773732638405
scan_jump,0.5,4,1225,0.9058856824858613
scan_jump,0.5,4,1250,0.9374910481409224
scan_jump,0.5,4,1275,0.9424885011744745
scan_jump,0.5,4,1300,0.9297047141328706
scan_jump,0.5,4,1325,0.9351896573462847
scan_jump,0.5,4,1350,0.9385354616115714
scan_jump,0.5,4,1375,0.9267370082417516
scan_jump,0.5,4,1400,0.9378695836673852
scan_jump,0.5,4,1425,0.9179943019523461
scan_jump,0.5,4,1450,0.9440014715961761
scan_jump,0.5,4,1475,0.9259699625425317
scan_jump,0.5,4,1500,0.9191017699337569
scan_jump,0.5,4,1525,0.9179705268918056
scan_jump,0.5,4,1550,0.9390695657259786
scan_jump,0.5,4,1575,0.9393598931231223
scan_jump,0.5,4,1600,0.9353747239579572
scan_jump,0.5,4,1625,0.9407128177056008
scan_jump,0.5,4,1650,0.9304521853772216
scan_jump,0.5,4,1675,0.9210612374287274
scan_jump,0.5,4,1700,0.9279531637574333
scan_jump,0.5,4,1725,0.9445787630861924
scan_jump,0.5,4,1750,0.9341079272745908
scan_jump,0.5,4,1775,0.9196805159446376
scan_jump,0.5,4,1800,0.93543508673783
scan_jump,0.5,4,1825,0.9465556059247636
scan_jump,0.5,4,1850,0.9340074311670882
scan_jump,0.5,4,1875,0.9400589482737397
scan_jump,0.5,4,1900,0.9392003963253318
scan_jump,0.5,4,1925,0.933634226648644
scan_jump,0.5,4,1950,0.9230930887644063
scan_jump,0.5,4,1975,0.9275810244407486
scan_jump,0.5,4,2000,0.9378052361044119
cogs,0.0,0,0,0.05853615237300231
cogs,0.0,0,25,0.05701599701368417
cogs,0.0,0,50,0.053120456614050425
cogs,0.0,0,75,0.06591937451778934
cogs,0.0,0,100,0.05573780968180568
cogs,0.0,0,125,0.09220081786295278
cogs,0.0,0,150,0.06470793079280343
cogs,0.0,0,175,0.07566766175129555
cogs,0.0,0,200,0.08967485446465857
cogs,0.0,0,225,0.08683467701281515
cogs,0.0,0,250,0.10650280055875656
cogs,0.0,0,275,0.10744679259697644
cogs,0.0,0,300,0.1199348587505206
cogs,0.0,0,325,0.10715752040333641
cogs,0.0,0,350,0.1127512971344613
cogs,0.0,0,375,0.1091471096043137
cogs,0.0,0,400,0.13041862447593258
cogs,0.0,0,425,0.1239100955122413
cogs,0.0,0,450,0.1328044070870111
cogs,0.0,0,475,0.11953111362610253
cogs,0.0,0,500,0.11545651422463592
cogs,0.0,0,525,0.13328588474336317
cogs,0.0,0,550,0.1085331365471464
cogs,0.0,0,575,0.12358267921491367
cogs,0.0,0,600,0.12944501413778714
cogs,0.0,0,625,0.1411254929857416
cogs,0.0,0,650,0.14029160272497673
cogs,0.0,0,675,0.1320137169537649
cogs,0.0,0,700,0.12808138440281075
cogs,0.0,0,725,0.12326797731634889
cogs,0.0,0,750,0.11227169117555322
cogs,0.0,0,775,0.1490428951784238
cogs,0.0,0,800,0.14592638518523554
cogs,0.0,0,825,0.12645891471487358
cogs,0.0,0,850,0.12914825553204964
cogs,0.0,0,875,0.13277079872550102
cogs,0.0,0,900,0.10966325800887909
cogs,0.0,0,925,0.1335733002524712
cogs,0.0,0,950,0.12551991880605018
cogs,0.0,0,975,0.1434210086235424
cogs,0.0,0,1000,0.14357655972594052
cogs,0.0,0,1025,0.1340064166544923
cogs,0.0,0,1050,0.1293842665023161
cogs,0.0,0,1075,0.1342794546936319
cogs,0.0,0,1100,0.13813195321609234
cogs,0.0,0,1125,0.1283186541893713
cogs,0.0,0,1150,0.13261400062469075
cogs,0.0,0,1175,0.1302030116336428
cogs,0.0,0,1200,0.13430913272749512
cogs,0.0,0,1225,0.12349406498086644
cogs,0.0,0,1250,0.11473888309469434
cogs,0.0,0,1275,0.12544649189129434
cogs,0.0,0,1300,0.15590876202916276
cogs,0.0,0,1325,0.13675031553346353
cogs,0.0,0,1350,0.12847906849598037
cogs,0.0,0,1375,0.13401580432921625
cogs,0.0,0,1400,0.1359722806303207
cogs,0.0,0,1425,0.12482357668624666
cogs,0.0,0,1450,0.12545263190291267
cogs,0.0,0,1475,0.14016332374615265
cogs,0.0,0,1500,0.1443647739185282
cogs,0.0,0,1525,0.11878146020578759
cogs,0.0,0,1550,0.1259703932696608
cogs,0.0,0,1575,0.1221013186132118
cogs,0.0,0,1600,0.129079881656641
cogs,0.0,0,1625,0.12628933298953962
cogs,0.0,0,1650,0.13353403401547398
cogs,0.0,0,1675,0.12057710955449367
cogs,0.0,0,1700,0.13270749572506463
cogs,0.0,0,1725,0.1328332081948958
cogs,0.0,0,1750,0.13812671603511992
cogs,0.0,0,1775,0.11743235116915489
cogs,0.0,0,1800,0.14281855617342704
cogs,0.0,0,1825,0.1369556893806987
cogs,0.0,0,1850,0.11770264119190647
cogs,0.0,0,1875,0.12917401516492744
cogs,0.0,0,1900,0.1444910426940782
cogs,0.0,0,1925,0.13660858424694414
cogs,0.0,0,1950,0.1224389801814315
cogs,0.0,0,1975,0.11765173388044974
cogs,0.0,0,2000,0.14584930849774919
cogs,0.0,1,0,0.0549765143955082
cogs,0.0,1,25,0.061268084476824254
cogs,0.0,1,50,0.06903781029836399
cogs,0.0,1,75,0.06659357242389843
cogs,0.0,1,100,0.08646640769869708
cogs,0.0,1,125,0.07586893293217697
cogs,0.0,1,150,0.09841005986490037
cogs,0.0,1,175,0.07707531371806627
cogs,0.0,1,200,0.07144036988265194
cogs,0.0,1,225,0.08187008455668446
cogs,0.0,1,250,0.10967352702334689
cogs,0.0,1,275,0.12295428428152354
cogs,0.0,1,300,0.09533623077805287
cogs,0.0,1,325,0.10354999400703475
cogs,0.0,1,350,0.10103556752505784
cogs,0.0,1,375,0.12128920028649386
cogs,0.0,1,400,0.1081685340133957
cogs,0.0,1,425,0.12034908668361693
cogs,0.0,1,450,0.11996086615001843
cogs,0.0,1,475,0.1198305328369689
cogs,0.0,1,500,0.1110836435685644
cogs,0.0,1,525,0.12041070498163743
cogs,0.0,1,550,0.1223619541872077
cogs,0.0,1,575,0.13906417355004022
cogs,0.0,1,600,0.12741931245947768
cogs,0.0,1,625,0.12687070344421333
cogs,0.0,1,650,0.1143537813431996
cogs,0.0,1,675,0.12465105831512649
cogs,0.0,1,700,0.13226657895398286
cogs,0.0,1,725,0.1377152143372017
cogs,0.0,1,750,0.139410720800687
cogs,0.0,1,775,0.12700649568295386
cogs,0.0,1,800,0.13844012649883264
cogs,0.0,1,825,0.11130399022799019
cogs,0.0,1,850,0.13283622897831227
cogs,0.0,1,875,0.13109167944405484
cogs,0.0,1,900,0.14083215533853954
cogs,0.0,1,925,0.13715810587106256
cogs,0.0,1,950,0.12519209019743022
cogs,0.0,1,975,0.12841372243198426
cogs,0.0,1,1000,0.1283761763392623
cogs,0.0,1,1025,0.1313992677627183
cogs,0.0,1,1050,0.12520123318435356
cogs,0.0,1,1075,0.11818744215890846
cogs,0.0,1,1100,0.12713231563428198
cogs,0.0,1,1125,0.12763628017279524
cogs,0.0,1,1150,0.12523940826931623
cogs,0.0,1,1175,0.12173734871050201
cogs,0.0,1,1200,0.13012991385631248
cogs,0.0,1,1225,0.12973188011825695
cogs,0.0,1,1250,0.13773538040287286
cogs,0.0,1,1275,0.12423061501021812
cogs,0.0,1,1300,0.1320208620994336
cogs,0.0,1,1325,0.11650965619745583
cogs,0.0,1,1350,0.14672626983953996
cogs,0.0,1,1375,0.1319046430347347
cogs,0.0,1,1400,0.13660712472436193
cogs,0.0,1,1425,0.13596090649245784
cogs,0.0,1,1450,0.13613925613682157
cogs,0.0,1,1475,0.13555382136235783
cogs,0.0,1,1500,0.13162329758321792
cogs,0.0,1,1525,0.12040447599035778
cogs,0.0,1,1550,0.14380523397037145
cogs,0.0,1,1575,0.1314139499154499
cogs,0.0,1,1600,0.1379543112723808
cogs,0.0,1,1625,0.11938095417178665
cogs,0.0,1,1650,0.1303983323399384
cogs,0.0,1,1675,0.1403890974774268
cogs,0.0,1,1700,0.14212099531416533
cogs,0.0,1,1725,0.11479320624827145
cogs,0.0,1,1750,0.13305156535871918
cogs,0.0,1,1775,0.13022228653331383
cogs,0.0,1,1800,0.13644103844754069
cogs,0.0,1,1825,0.14404103944573882
cogs,0.0,1,1850,0.12716018520919617
cogs,0.0,1,1875,0.12950345661842094
cogs,0.0,1,1900,0.11722663343433669
cogs,0.0,1,1925,0.1201293534735016
cogs,0.0,1,1950,0.1310044022518311
cogs,0.0,1,1975,0.14584697311689906
cogs,0.0,1,2000,0.11971662459241605
cogs,0.0,2,0,0.06002200260421862
cogs,0.0,2,25,0.05821505943918236
cogs,0.0,2,50,0.049618527188891225
cogs,0.0,2,75,0.07493045813971565
cogs,0.0,2,100,0.05543677217952351
cogs,0.0,2,125,0.07611684789043337
cogs,0.0,2,150,0.07190682878259151
cogs,0.0,2,175,0.08487894267108531
cogs,0.0,2,200,0.07074527197971545
cogs,0.0,2,225,0.10260755826636302
cogs,0.0,2,250,0.0905795299287994
cogs,0.0,2,275,0.11060868534042514
cogs,0.0,2,300,0.10683722920372545
cogs,0.0,2,325,0.10905609956788799
cogs,0.0,2,350,0.133322343567062
cogs,0.0,2,375,0.14106521074464584
cogs,0.0,2,400,0.11438085866941808
cogs,0.0,2,425,0.12353852757834767
cogs,0.0,2,450,0.10615593085851688
cogs,0.0,2,475,0.11703815023365352
cogs,0.0,2,500,0.12124518490159794
cogs,0.0,2,525,0.13049650480458055
cogs,0.0,2,550,0.1289012452141669
cogs,0.0,2,575,0.13662596811263528
cogs,0.0,2,600,0.12823632751466787
cogs,0.0,2,625,0.13737593858344296
cogs,0.0,2,650,0.10434176075531386
cogs,0.0,2,675,0.1351759388042866
cogs,0.0,2,700,0.12572538906292452
cogs,0.0,2,725,0.13274101441343988
cogs,0.0,2,750,0.13612112846292854
cogs,0.0,2,775,0.12877439810841856
cogs,0.0,2,800,0.13777081512829545
cogs,0.0,2,825,0.11087513376787791
cogs,0.0,2,850,0.12186451811150599
cogs,0.0,2,875,0.10464215817894981
cogs,0.0,2,900,0.14415105839050993
cogs,0.0,2,925,0.14435574470940046
cogs,0.0,2,950,0.14022279645819538
cogs,0.0,2,975,0.13813934310170767
cogs,0.0,2,1000,0.1411441741085309
cogs,0.0,2,1025,0.14045332623267442
cogs,0.0,2,1050,0.14803132650687706
cogs,0.0,2,1075,0.13992725297363637
cogs,0.0,2,1100,0.1186980919509033
cogs,0.0,2,1125,0.12794839659089188
cogs,0.0,2,1150,0.10658194069572563
cogs,0.0,2,1175,0.1328656193788449
cogs,0.0,2,1200,0.12849703486130454
cogs,0.0,2,1225,0.1240279267589083
cogs,0.0,2,1250,0.15221960020019074
cogs,0.0,2,1275,0.10862554846277578
cogs,0.0,2,1300,0.14362092408093585
cogs,0.0,2,1325,0.13781100400727558
cogs,0.0,2,1350,0.1395786826693045
cogs,0.0,2,1375,0.14140420340540474
cogs,0.0,2,1400,0.127513470809885
cogs,0.0,2,1425,0.13166822828160932
cogs,0.0,2,1450,0.1217177765686778
cogs,0.0,2,1475,0.12920529390005353
cogs,0.0,2,1500,0.12761935515289807
cogs,0.0,2,1525,0.12208311172716989
cogs,0.0,2,1550,0.1260454506210904
cogs,0.0,2,1575,0.13694778449337405
cogs,0.0,2,1600,0.11262116989025882
cogs,0.0,2,1625,0.12162573245712344
cogs,0.0,2,1650,0.13385182767700116
cogs,0.0,2,1675,0.1419143534970518
cogs,0.0,2,1700,0.13129777708935192
cogs,0.0,2,1725,0.12420539360009261
cogs,0.0,2,1750,0.13257801108705833
cogs,0.0,2,1775,0.13952604662980558
cogs,0.0,2,1800,0.13866927220690253
cogs,0.0,2,1825,0.1262615244176485
cogs,0.0,2,1850,0.12616295472653827
cogs,0.0,2,1875,0.13819835357086663
cogs,0.0,2,1900,0.13678334972600759
cogs,0.0,2,1925,0.1264063983716036
cogs,0.0,2,1950,0.1241325204953079
cogs,0.0,2,1975,0.13115475706434596
cogs,0.0,2,2000,0.13423037532459864
cogs,0.0,3,0,0.05489361552023367
cogs,0.0,3,25,0.05066654782343679
cogs,0.0,3,50,0.08287356486958962
cogs,0.0,3,75,0.06985709704742028
cogs,0.0,3,100,0.08524985376219199
cogs,0.0,3,125,0.07431592936510227
cogs,0.0,3,150,0.08407923541962133
cogs,0.0,3,175,0.07462470377244006
cogs,0.0,3,200,0.07759028901313246
cogs,0.0,3,225,0.09600151801412657
cogs,0.0,3,250,0.08057714852780512
cogs,0.0,3,275,0.10686031002953966
cogs,0.0,3,300,0.10029960980382233
cogs,0.0,3,325,0.11458931363847245
cogs,0.0,3,350,0.12601763747089645
cogs,0.0,3,375,0.1280091765577529
cogs,0.0,3,400,0.12116442162686797
cogs,0.0,3,425,0.1186348600539022
cogs,0.0,3,450,0.12207879535436301
cogs,0.0,3,475,0.12645734466765599
cogs,0.0,3,500,0.1248933276225138
cogs,0.0,3,525,0.12497169970279493
cogs,0.0,3,550,0.13244815581056166
cogs,0.0,3,575,0.14227637795032871
cogs,0.0,3,600,0.1213315090307165
cogs,0.0,3,625,0.10803279972927717
cogs,0.0,3,650,0.13303673529967858
cogs,0.0,3,675,0.13108420217619965
cogs,0.0,3,700,0.13538344228110646
cogs,0.0,3,725,0.14095303153020441
cogs,0.0,3,750,0.14085081420165016
cogs,0.0,3,775,0.129038110485706
cogs,0.0,3,800,0.13954103207757523
cogs,0.0,3,825,0.13882499402430268
cogs,0.0,3,850,0.14476686364708644
cogs,0.0,3,875,0.13870377503661102
cogs,0.0,3,900,0.13305679888727506
cogs,0.0,3,925,0.12672993085782258
cogs,0.0,3,950,0.1437213520335971
cogs,0.0,3,975,0.13253235079410022
cogs,0.0,3,1000,0.12512909753384907
cogs,0.0,3,1025,0.12843413975908693
cogs,0.0,3,1050,0.13017514077310757
cogs,0.0,3,1075,0.11421505223352856
cogs,0.0,3,1100,0.12739831975915744
cogs,0.0,3,1125,0.140646777717767
cogs,0.0,3,1150,0.1254469709225652
cogs,0.0,3,1175,0.12136867260768791
cogs,0.0,3,1200,0.13589356500951802
cogs,0.0,3,1225,0.11586508876957362
cogs,0.0,3,1250,0.12625384287341956
cogs,0.0,3,1275,0.12015129945562417
cogs,0.0,3,1300,0.13831295541093827
cogs,0.0,3,1325,0.13935751654237247
cogs,0.0,3,1350,0.13973491702772206
cogs,0.0,3,1375,0.11873940070267475
cogs,0.0,3,1400,0.1281672301068716
cogs,0.0,3,1425,0.12336610718740712
cogs,0.0,3,1450,0.12850771506017963
cogs,0.0,3,1475,0.14512859811013937
cogs,0.0,3,1500,0.11998054764959484
cogs,0.0,3,1525,0.11837034949454713
cogs,0.0,3,1550,0.14014269280260577
cogs,0.0,3,1575,0.13689610911357333
cogs,0.0,3,1600,0.13377629657676732
cogs,0.0,3,1625,0.12483754650583147
cogs,0.0,3,1650,0.14698802185082627
cogs,0.0,3,1675,0.12660516325641277
cogs,0.0,3,1700,0.10880814456971241
cogs,0.0,3,1725,0.108884622797533
cogs,0.0,3,1750,0.12552647076349624
cogs,0.0,3,1775,0.12643787518639651
cogs,0.0,3,1800,0.11724873576272234
cogs,0.0,3,1825,0.1482198184445194
cogs,0.0,3,1850,0.1321929709787939
cogs,0.0,3,1875,0.1293437786932986
cogs,0.0,3,1900,0.1242807048937417
cogs,0.0,3,1925,0.12355075795629777
cogs,0.0,3,1950,0.1382598907983179
cogs,0.0,3,1975,0.12772423058308474
cogs,0.0,3,2000,0.1414826036326895
cogs,0.0,4,0,0.06481899221583799
cogs,0.0,4,25,0.057431742253734416
cogs,0.0,4,50,0.06479863302396115
cogs,0.0,4,75,0.06656228178263295
cogs,0.0,4,100,0.07495110911310252
cogs,0.0,4,125,0.08503728301757976
cogs,0.0,4,150,0.08873736501846488
cogs,0.0,4,175,0.08188277051334623
cogs,0.0,4,200,0.09488285135568743
cogs,0.0,4,225,0.10510137359967381
cogs,0.0,4,250,0.09579037391677235
cogs,0.0,4,275,0.08130929165003553
cogs,0.0,4,300,0.10459730167475614
cogs,0.0,4,325,0.11909216400612907
cogs,0.0,4,350,0.11330620012890084
cogs,0.0,4,375,0.10886601740442714
cogs,0.0,4,400,0.10808365146372884
cogs,0.0,4,425,0.11167200666802282
cogs,0.0,4,450,0.1275307992556688
cogs,0.0,4,475,0.12715242351457617
cogs,0.0,4,500,0.13339743403550858
cogs,0.0,4,525,0.11635808594291273
cogs,0.0,4,550,0.11932497632675734
cogs,0.0,4,575,0.12212754829335126
cogs,0.0,4,600,0.13781432155208956
cogs,0.0,4,625,0.13402787896571985
cogs,0.0,4,650,0.1264551743548436
cogs,0.0,4,675,0.14258267953187495
cogs,0.0,4,700,0.10629420897636471
cogs,0.0,4,725,0.13743818167942215
cogs,0.0,4,750,0.12451714021153043
cogs,0.0,4,775,0.12427183253680489
cogs,0.0,4,800,0.1259521791934991
cogs,0.0,4,825,0.1355769354860826
cogs,0.0,4,850,0.13383657958656553
cogs,0.0,4,875,0.12504430677920636
cogs,0.0,4,900,0.11824438470629045
cogs,0.0,4,925,0.12543597038571225
cogs,0.0,4,950,0.13505276808694794
cogs,0.0,4,975,0.1136509283692556
cogs,0.0,4,1000,0.1357821747927875
cogs,0.0,4,1025,0.11657673586421856
cogs,0.0,4,1050,0.13760725650177222
cogs,0.0,4,1075,0.1290736085511195
cogs,0.0,4,1100,0.1263012870790678
cogs,0.0,4,1125,0.12368870004124627
cogs,0.0,4,1150,0.13929345785965608
cogs,0.0,4,1175,0.1318133371360409
cogs,0.0,4,1200,0.12856516981515526
cogs,0.0,4,1225,0.12578647756740782
cogs,0.0,4,1250,0.12182982422085879
cogs,0.0,4,1275,0.12823568214822667
cogs,0.0,4,1300,0.13056585399102957
cogs,0.0,4,1325,0.13026104818574616
cogs,0.0,4,1350,0.1270364365670782
cogs,0.0,4,1375,0.1409821026094518
cogs,0.0,4,1400,0.13083813229606764
cogs,0.0,4,1425,0.1341546329349091
cogs,0.0,4,1450,0.1371173582843871
cogs,0.0,4,1475,0.1351525805503706
cogs,0.0,4,1500,0.12147601402164725
cogs,0.0,4,1525,0.14441722483932762
cogs,0.0,4,1550,0.12334939553645155
cogs,0.0,4,1575,0.14108707284503788
cogs,0.0,4,1600,0.12168944804554954
cogs,0.0,4,1625,0.11792707389782316
cogs,0.0,4,1650,0.13768003135213872
cogs,0.0,4,1675,0.12439102067486976
cogs,0.0,4,1700,0.1162387922910251
cogs,0.0,4,1725,0.12071988239086315
cogs,0.0,4,1750,0.12741738903349065
cogs,0.0,4,1775,0.1434559515613312
cogs,0.0,4,1800,0.1457737057179075
cogs,0.0,4,1825,0.14040153982205744
cogs,0.0,4,1850,0.1414901466325662
cogs,0.0,4,1875,0.1359138898737296
cogs,0.0,4,1900,0.12437151009775253
cogs,0.0,4,1925,0.12138816754557379
cogs,0.0,4,1950,0.14300427311519046
cogs,0.0,4,1975,0.13302013976283256
cogs,0.0,4,2000,0.13049337573313274
cogs,0.02,0,0,0.06919927998222959
cogs,0.02,0,25,0.05428149823758775
cogs,0.02,0,50,0.07346856107150256
cogs,0.02,0,75,0.06328082967467219
cogs,0.02,0,100,0.0810731062225414
cogs,0.02,0,125,0.07295464502438723
cogs,0.02,0,150,0.08100747992163368
cogs,0.02,0,175,0.08317927326589923
cogs,0.02,0,200,0.08163190805705323
cogs,0.02,0,225,0.08414708268107765
cogs,0.02,0,250,0.0975331550748072
cogs,0.02,0,275,0.09582053566694661
cogs,0.02,0,300,0.127180635558637
cogs,0.02,0,325,0.11348289111654865
cogs,0.02,0,350,0.11515615512850834
cogs,0.02,0,375,0.1160540542163745
cogs,0.02,0,400,0.11303157190209746
cogs,0.02,0,425,0.11184878879713621
cogs,0.02,0,450,0.11804571028729001
cogs,0.02,0,475,0.11091403115222725
cogs,0.02,0,500,0.12722042543290007
cogs,0.02,0,525,0.13578005165310178
cogs,0.02,0,550,0.12660844331674667
cogs,0.02,0,575,0.13290555252891356
cogs,0.02,0,600,0.1379278341532202
cogs,0.02,0,625,0.1252143611438485
cogs,0.02,0,650,0.13422553265061268
cogs,0.02,0,675,0.13132270980637695
cogs,0.02,0,700,0.12287615067819953
cogs,0.02,0,725,0.12324941687558592
cogs,0.02,0,750,0.12485167336299467
cogs,0.02,0,775,0.141930083951284
cogs,0.02,0,800,0.12651452693565174
cogs,0.02,0,825,0.13233533114684495
cogs,0.02,0,850,0.10942800628778382
cogs,0.02,0,875,0.12836329211981293
cogs,0.02,0,900,0.13642261775993192
cogs,0.02,0,925,0.1258721191927988
cogs,0.02,0,950,0.12481769500227646
cogs,0.02,0,975,0.11987172696854857
cogs,0.02,0,1000,0.1407232889625619
cogs,0.02,0,1025,0.14368988954417117
cogs,0.02,0,1050,0.15437538947453144
cogs,0.02,0,1075,0.12558747494557382
cogs,0.02,0,1100,0.1344236589695574
cogs,0.02,0,1125,0.11160292348782637
cogs,0.02,0,1150,0.11908311385663002
cogs,0.02,0,1175,0.1435125787890327
cogs,0.02,0,1200,0.13259049551674945
cogs,0.02,0,1225,0.14412638735596545
cogs,0.02,0,1250,0.14419139479327522
cogs,0.02,0,1275,0.12655618806302718
cogs,0.02,0,1300,0.1362071899996719
cogs,0.02,0,1325,0.11882563472233132
cogs,0.02,0,1350,0.1314062761856954
cogs,0.02,0,1375,0.12912103110284484
cogs,0.02,0,1400,0.15621860508262597
cogs,0.02,0,1425,0.14365950921677212
cogs,0.02,0,1450,0.13503223051351626
cogs,0.02,0,1475,0.13642414485710844
cogs,0.02,0,1500,0.12547478620513694
cogs,0.02,0,1525,0.12560789010548876
cogs,0.02,0,1550,0.11741024711943554
cogs,0.02,0,1575,0.1461291571299752
cogs,0.02,0,1600,0.14439481747401958
cogs,0.02,0,1625,0.12824736110064336
cogs,0.02,0,1650,0.12777773586583793
cogs,0.02,0,1675,0.13525605497569493
cogs,0.02,0,1700,0.1359528843791392
cogs,0.02,0,1725,0.13051531234173938
cogs,0.02,0,1750,0.12524817039228228
cogs,0.02,0,1775,0.12738589342738157
cogs,0.02,0,1800,0.14306976888718453
cogs,0.02,0,1825,0.1246717323138317
cogs,0.02,0,1850,0.12669758260084282
cogs,0.02,0,1875,0.10922047783003841
cogs,0.02,0,1900,0.13561894122303558
cogs,0.02,0,1925,0.1377301592210256
cogs,0.02,0,1950,0.12709141205725008
cogs,0.02,0,1975,0.14839944394619767
cogs,0.02,0,2000,0.12118281431903966
cogs,0.02,1,0,0.05165787228108666
cogs,0.02,1,25,0.0703400847897408
cogs,0.02,1,50,0.05579502481055217
cogs,0.02,1,75,0.08012300832690124
cogs,0.02,1,100,0.07303212682801169
cogs,0.02,1,125,0.06459761193810863
cogs,0.02,1,150,0.0888209017338612
cogs,0.02,1,175,0.09015735074307497
cogs,0.02,1,200,0.10064957943810933
cogs,0.02,1,225,0.10441447129227216
cogs,0.02,1,250,0.11375113911736605
cogs,0.02,1,275,0.110399053816048
cogs,0.02,1,300,0.09788676620380417
cogs,0.02,1,325,0.12439485101359876
cogs,0.02,1,350,0.1169346356347458
cogs,0.02,1,375,0.10473662620880787
cogs,0.02,1,400,0.11121279952371824
cogs,0.02,1,425,0.11019723873697226
cogs,0.02,1,450,0.13017558583077102
cogs,0.02,1,475,0.11878211303647761
cogs,0.02,1,500,0.12694599100090073
cogs,0.02,1,525,0.12574165681432795
cogs,0.02,1,550,0.13313059264925559
cogs,0.02,1,575,0.12459424391741718
cogs,0.02,1,600,0.11887325244528103
cogs,0.02,1,625,0.13886826309456063
cogs,0.02,1,650,0.12967604488591622
cogs,0.02,1,675,0.12820087397992752
cogs,0.02,1,700,0.13030503002992802
cogs,0.02,1,725,0.12237884288929943
cogs,0.02,1,750,0.1269155330474291
cogs,0.02,1,775,0.12197715300748298
cogs,0.02,1,800,0.14518921766815743
cogs,0.02,1,825,0.10776254982159135
cogs,0.02,1,850,0.11550017687043926
cogs,0.02,1,875,0.131651701085819
cogs,0.02,1,900,0.13895584928355809
cogs,0.02,1,925,0.12765131069468852
cogs,0.02,1,950,0.135680428970639
cogs,0.02,1,975,0.11588676831736214
cogs,0.02,1,1000,0.13100326137402016
cogs,0.02,1,1025,0.12410172207581602
cogs,0.02,1,1050,0.13680134921072967
cogs,0.02,1,1075,0.13229575494940438
cogs,0.02,1,1100,0.13743988573918892
cogs,0.02,1,1125,0.13576704611798257
cogs,0.02,1,1150,0.13017090314356466
cogs,0.02,1,1175,0.1427860390255117
cogs,0.02,1,1200,0.13879406564530944
cogs,0.02,1,1225,0.11377473585087775
cogs,0.02,1,1250,0.1537458341947292
cogs,0.02,1,1275,0.11838540758644517
cogs,0.02,1,1300,0.11653667919065568
cogs,0.02,1,1325,0.12288938574482877
cogs,0.02,1,1350,0.13643240318125763
cogs,0.02,1,1375,0.11513903088279424
cogs,0.02,1,1400,0.13490326443151346
cogs,0.02,1,1425,0.1388993853346401
cogs,0.02,1,1450,0.14394731062197308
cogs,0.02,1,1475,0.12941677634308926
cogs,0.02,1,1500,0.1269627924439326
cogs,0.02,1,1525,0.13298454152466874
cogs,0.02,1,1550,0.13134611084342734
cogs,0.02,1,1575,0.13852139915493106
cogs,0.02,1,1600,0.13356582278407755
cogs,0.02,1,1625,0.13237806011735903
cogs,0.02,1,1650,0.13766974668956605
cogs,0.02,1,1675,0.1341444976179844
cogs,0.02,1,1700,0.14405365087350486
cogs,0.02,1,1725,0.11996096198460576
cogs,0.02,1,1750,0.1362170640494785
cogs,0.02,1,1775,0.1346858255743232
cogs,0.02,1,1800,0.14438340395108726
cogs,0.02,1,1825,0.13384334797594782
cogs,0.02,1,1850,0.13652764574601073
cogs,0.02,1,1875,0.12668511960626305
cogs,0.02,1,1900,0.1221500211379453
cogs,0.02,1,1925,0.14046843828192598
cogs,0.02,1,1950,0.13890498900201034
cogs,0.02,1,1975,0.12992278529589876
cogs,0.02,1,2000,0.12220953268128357
cogs,0.02,2,0,0.04941148302352703
cogs,0.02,2,25,0.060396836688548595
cogs,0.02,2,50,0.05877171250143986
cogs,0.02,2,75,0.07170662317065185
cogs,0.02,2,100,0.07146402114998299
cogs,0.02,2,125,0.07079869626446916
cogs,0.02,2,150,0.0729321664307367
cogs,0.02,2,175,0.1044220016707994
cogs,0.02,2,200,0.11321900176124422
cogs,0.02,2,225,0.10709642943926563
cogs,0.02,2,250,0.08971710754572512
cogs,0.02,2,275,0.11245988722855954
cogs,0.02,2,300,0.12235117931462733
cogs,0.02,2,325,0.12535662725268634
cogs,0.02,2,350,0.10322253076384287
cogs,0.02,2,375,0.1164261051285061
cogs,0.02,2,400,0.13528290558481812
cogs,0.02,2,425,0.1099145986581909
cogs,0.02,2,450,0.11620385953188896
cogs,0.02,2,475,0.1023840615786269
cogs,0.02,2,500,0.12857018907592677
cogs,0.02,2,525,0.1192268610019033
cogs,0.02,2,550,0.11857779903729705
cogs,0.02,2,575,0.129449856455507
cogs,0.02,2,600,0.13459321012745093
cogs,0.02,2,625,0.1550549882663549
cogs,0.02,2,650,0.11800049615469053
cogs,0.02,2,675,0.13368582706738838
cogs,0.02,2,700,0.11751098477416713
cogs,0.02,2,725,0.11482861696020676
cogs,0.02,2,750,0.13431019863779045
cogs,0.02,2,775,0.1326784249998841
cogs,0.02,2,800,0.12568506156074877
cogs,0.02,2,825,0.13334992096362933
cogs,0.02,2,850,0.13889186595186784
cogs,0.02,2,875,0.1340562836544593
cogs,0.02,2,900,0.11478989781299084
cogs,0.02,2,925,0.12136597107061269
cogs,0.02,2,950,0.133135617180939
cogs,0.02,2,975,0.11987803181341615
cogs,0.02,2,1000,0.13666255711021477
cogs,0.02,2,1025,0.14430720027295688
cogs,0.02,2,1050,0.1329975104734691
cogs,0.02,2,1075,0.14181576228103726
cogs,0.02,2,1100,0.14239454380899821
cogs,0.02,2,1125,0.122164024248018
cogs,0.02,2,1150,0.14161639919406407
cogs,0.02,2,1175,0.14630419694955826
cogs,0.02,2,1200,0.1164132143001627
cogs,0.02,2,1225,0.11453613121438931
cogs,0.02,2,1250,0.14032054536209562
cogs,0.02,2,1275,0.13095700695810603
cogs,0.02,2,1300,0.14033310952878583
cogs,0.02,2,1325,0.12257195215077767
cogs,0.02,2,1350,0.13612789050805485
cogs,0.02,2,1375,0.1442782713731956
cogs,0.02,2,1400,0.12511922792694108
cogs,0.02,2,1425,0.1300616238377126
cogs,0.02,2,1450,0.1147890755579629
cogs,0.02,2,1475,0.1293740572251048
cogs,0.02,2,1500,0.13400700275841304
cogs,0.02,2,1525,0.12889578883331085
cogs,0.02,2,1550,0.13129720325627614
cogs,0.02,2,1575,0.1322901640532026
cogs,0.02,2,1600,0.12825532120555105
cogs,0.02,2,1625,0.12641952326826164
cogs,0.02,2,1650,0.12737385024023054
cogs,0.02,2,1675,0.12991042470433792
cogs,0.02,2,1700,0.13049663010342627
cogs,0.02,2,1725,0.11412821543112259
cogs,0.02,2,1750,0.12529369294986417
cogs,0.02,2,1775,0.11689479892020778
cogs,0.02,2,1800,0.1325622760258001
cogs,0.02,2,1825,0.13928045185844
cogs,0.02,2,1850,0.13392085970848938
cogs,0.02,2,1875,0.13853698337226264
cogs,0.02,2,1900,0.1304798187769007
cogs,0.02,2,1925,0.13550590609419083
cogs,0.02,2,1950,0.1293379936614702
cogs,0.02,2,1975,0.11191448301922224
cogs,0.02,2,2000,0.1489255968536451
cogs,0.02,3,0,0.06665465418743106
cogs,0.02,3,25,0.06445542989820648
cogs,0.02,3,50,0.0616023815798247
cogs,0.02,3,75,0.07555240114442519
cogs,0.02,3,100,0.08838533627319342
cogs,0.02,3,125,0.06596664949561085
cogs,0.02,3,150,0.07162624424730497
cogs,0.02,3,175,0.08405917119521525
cogs,0.02,3,200,0.09623472737259973
cogs,0.02,3,225,0.09866127351418334
cogs,0.02,3,250,0.09627587657130307
cogs,0.02,3,275,0.10961622105309676
cogs,0.02,3,300,0.10222951930850735
cogs,0.02,3,325,0.10295612270416321
cogs,0.02,3,350,0.1098680742665386
cogs,0.02,3,375,0.1065054629090291
cogs,0.02,3,400,0.12421053800809678
cogs,0.02,3,425,0.11593847888289434
cogs,0.02,3,450,0.13441929574864536
cogs,0.02,3,475,0.11329789877681858
cogs,0.02,3,500,0.13300419274378636
cogs,0.02,3,525,0.14224197456327406
cogs,0.02,3,550,0.1170979124247321
cogs,0.02,3,575,0.1338512550263895
cogs,0.02,3,600,0.13348659278289077
cogs,0.02,3,625,0.1298216353948466
cogs,0.02,3,650,0.11885205757870555
cogs,0.02,3,675,0.12979476511988491
cogs,0.02,3,700,0.11610689382744312
cogs,0.02,3,725,0.13977541556444306
cogs,0.02,3,750,0.12867467854164955
cogs,0.02,3,775,0.14034745236801616
cogs,0.02,3,800,0.1411287800815951
cogs,0.02,3,825,0.13712731062404146
cogs,0.02,3,850,0.1291866421624464
cogs,0.02,3,875,0.12475966097053752
cogs,0.02,3,900,0.1361602977397342
cogs,0.02,3,925,0.11748248490660451
cogs,0.02,3,950,0.12369378145046629
cogs,0.02,3,975,0.13217443238030127
cogs,0.02,3,1000,0.11484985086038547
cogs,0.02,3,1025,0.13295572824862983
cogs,0.02,3,1050,0.12386601429606427
cogs,0.02,3,1075,0.10950816914618651
cogs,0.02,3,1100,0.13624838000598935
cogs,0.02,3,1125,0.12888085335403646
cogs,0.02,3,1150,0.1357687118228563
cogs,0.02,3,1175,0.14122325565467772
cogs,0.02,3,1200,0.14230175649881144
cogs,0.02,3,1225,0.13050858310815208
cogs,0.02,3,1250,0.13457032487886994
cogs,0.02,3,1275,0.1169109980214017
cogs,0.02,3,1300,0.13587849324157902
cogs,0.02,3,1325,0.1383452829696385
cogs,0.02,3,1350,0.13208449894048482
cogs,0.02,3,1375,0.12035937702567022
cogs,0.02,3,1400,0.1364603177439628
cogs,0.02,3,1425,0.14042577142104723
cogs,0.02,3,1450,0.1445590292165267
cogs,0.02,3,1475,0.1251969838612776
cogs,0.02,3,1500,0.1526824233786972
cogs,0.02,3,1525,0.13629519460885298
cogs,0.02,3,1550,0.1327863264616206
cogs,0.02,3,1575,0.12870637816138397
cogs,0.02,3,1600,0.13252661162283025
cogs,0.02,3,1625,0.13152263861494481
cogs,0.02,3,1650,0.14011131117705874
cogs,0.02,3,1675,0.13170981148384542
cogs,0.02,3,1700,0.12933538382523732
cogs,0.02,3,1725,0.13753057600835308
cogs,0.02,3,1750,0.13059129437152725
cogs,0.02,3,1775,0.1463150582149105
cogs,0.02,3,1800,0.12698920523434432
cogs,0.02,3,1825,0.13118073564084182
cogs,0.02,3,1850,0.10910128131026964
cogs,0.02,3,1875,0.14116663670245921
cogs,0.02,3,1900,0.1391405065490719
cogs,0.02,3,1925,0.11486369272743786
cogs,0.02,3,1950,0.10839656901067082
cogs,0.02,3,1975,0.14001434795477868
cogs,0.02,3,2000,0.1316572529766422
cogs,0.02,4,0,0.07448262792137235
cogs,0.02,4,25,0.06805358154650538
cogs,0.02,4,50,0.06285103612175785
cogs,0.02,4,75,0.0775933108150715
cogs,0.02,4,100,0.08340273027595949
cogs,0.02,4,125,0.05613193687025783
cogs,0.02,4,150,0.0674962701803585
cogs,0.02,4,175,0.0816656700535623
cogs,0.02,4,200,0.08539154392629661
cogs,0.02,4,225,0.09321176822821609
cogs,0.02,4,250,0.09772497005698942
cogs,0.02,4,275,0.11266680836939637
cogs,0.02,4,300,0.0934233636441974
cogs,0.02,4,325,0.11551894280910348
cogs,0.02,4,350,0.14177033367525593
cogs,0.02,4,375,0.10700591461264351
cogs,0.02,4,400,0.13054000275991937
cogs,0.02,4,425,0.11439526574736424
cogs,0.02,4,450,0.1101948319512216
cogs,0.02,4,475,0.14035665972892675
cogs,0.02,4,500,0.14375452974571945
cogs,0.02,4,525,0.13358267033745416
cogs,0.02,4,550,0.12545661282495923
cogs,0.02,4,575,0.11533006808038372
cogs,0.02,4,600,0.13290236676712933
cogs,0.02,4,625,0.11343269859167393
cogs,0.02,4,650,0.12285838504356787
cogs,0.02,4,675,0.14410702581030507
cogs,0.02,4,700,0.13798057694039653
cogs,0.02,4,725,0.1377894014341465
cogs,0.02,4,750,0.1377626332280675
cogs,0.02,4,775,0.14565594988409594
cogs,0.02,4,800,0.1246789153286548
cogs,0.02,4,825,0.11752402702060456
cogs,0.02,4,850,0.13811214648836082
cogs,0.02,4,875,0.13909327473546212
cogs,0.02,4,900,0.1257321403709714
cogs,0.02,4,925,0.14770739293916324
cogs,0.02,4,950,0.13253079399656392
cogs,0.02,4,975,0.13230387185480286
cogs,0.02,4,1000,0.12778296273874587
cogs,0.02,4,1025,0.14203338154818596
cogs,0.02,4,1050,0.1324665048464877
cogs,0.02,4,1075,0.12332895146677708
cogs,0.02,4,1100,0.13576689214494664
cogs,0.02,4,1125,0.12986710193096512
cogs,0.02,4,1150,0.13286747665601975
cogs,0.02,4,1175,0.11930198759169332
cogs,0.02,4,1200,0.13248782879180213
cogs,0.02,4,1225,0.12439172005162029
cogs,0.02,4,1250,0.1312609170104255
cogs,0.02,4,1275,0.12229921988848493
cogs,0.02,4,1300,0.12638971806490584
cogs,0.02,4,1325,0.15238323965721862
cogs,0.02,4,1350,0.138158002124569
cogs,0.02,4,1375,0.10360026249182357
cogs,0.02,4,1400,0.11759210022117629
cogs,0.02,4,1425,0.1353745040364933
cogs,0.02,4,1450,0.12158547917337584
cogs,0.02,4,1475,0.1315676109434525
cogs,0.02,4,1500,0.13399978078535696
cogs,0.02,4,1525,0.13102450088231227
cogs,0.02,4,1550,0.14786182121758645
cogs,0.02,4,1575,0.1274746017025686
cogs,0.02,4,1600,0.1370798340217254
cogs,0.02,4,1625,0.1198063844945313
cogs,0.02,4,1650,0.11427505011358996
cogs,0.02,4,1675,0.13864449165767856
cogs,0.02,4,1700,0.12810248222205678
cogs,0.02,4,1725,0.12671225154685908
cogs,0.02,4,1750,0.13930494419801692
cogs,0.02,4,1775,0.11856808539972047
cogs,0.02,4,1800,0.13444045512712222
cogs,0.02,4,1825,0.11208976055178439
cogs,0.02,4,1850,0.10829483609967228
cogs,0.02,4,1875,0.1244207330501627
cogs,0.02,4,1900,0.11487867116849504
cogs,0.02,4,1925,0.12966467167680817
cogs,0.02,4,1950,0.11590865226960585
cogs,0.02,4,1975,0.12251276721554757
cogs,0.02,4,2000,0.12366369052730593
cogs,0.025,0,0,0.05282286845327561
cogs,0.025,0,25,0.06996201392989183
cogs,0.025,0,50,0.08808542531068987
cogs,0.025,0,75,0.09307889582657534
cogs,0.025,0,100,0.11277139681514281
cogs,0.025,0,125,0.1325062499122371
cogs,0.025,0,150,0.1868498531831735
cogs,0.025,0,175,0.25164266930448986
cogs,0.025,0,200,0.3105719607195321
cogs,0.025,0,225,0.4020555729379856
cogs,0.025,0,250,0.49025124436381545
cogs,0.025,0,275,0.5752219100641092
cogs,0.025,0,300,0.6636626551671136
cogs,0.025,0,325,0.725825605454459
cogs,0.025,0,350,0.7715035235761756
cogs,0.025,0,375,0.8565896069132687
cogs,0.025,0,400,0.8578809293850619
cogs,0.025,0,425,0.8830832620969666
cogs,0.025,0,450,0.9129132776536389
cogs,0.025,0,475,0.8857535461258766
cogs,0.025,0,500,0.9139686266853885
cogs,0.025,0,525,0.9242923761335597
cogs,0.025,0,550,0.9140999528515061
cogs,0.025,0,575,0.9223240180870498
cogs,0.025,0,600,0.9164419697553507
cogs,0.025,0,625,0.9251091975976571
cogs,0.025,0,650,0.9212690253568044
cogs,0.025,0,675,0.9377284694981115
cogs,0.025,0,700,0.9067523630421666
cogs,0.025,0,725,0.9448256987706912
cogs,0.025,0,750,0.9237137455221696
cogs,0.025,0,775,0.9394562588392174
cogs,0.025,0,800,0.9389066055660688
cogs,0.025,0,825,0.9382984046832967
cogs,0.025,0,850,0.9276148712541111
cogs,0.025,0,875,0.9538403959907774
cogs,0.025,0,900,0.9334824484261063
cogs,0.025,0,925,0.9103298524721694
cogs,0.025,0,950,0.9286378714196527
cogs,0.025,0,975,0.929797598360468
cogs,0.025,0,1000,0.9173695955631821
cogs,0.025,0,1025,0.9488177431081195
cogs,0.025,0,1050,0.937516687489153
cogs,0.025,0,1075,0.934051321496016
cogs,0.025,0,1100,0.9367305796394925
cogs,0.025,0,1125,0.9284649204955455
cogs,0.025,0,1150,0.9411303359764495
cogs,0.025,0,1175,0.9305570880939755
cogs,0.025,0,1200,0.9227836953654448
cogs,0.025,0,1225,0.9287754976463167
cogs,0.025,0,1250,0.921207380775968
cogs,0.025,0,1275,0.9364062313437977
cogs,0.025,0,1300,0.9276630453365505
cogs,0.025,0,1325,0.926865078861803
cogs,0.025,0,1350,0.9418785424610363
cogs,0.025,0,1375,0.923271748774651
cogs,0.025,0,1400,0.9407232514022432
cogs,0.025,0,1425,0.9381890842030975
cogs,0.025,0,1450,0.9245264155865394
cogs,0.025,0,1475,0.9384596164559915
cogs,0.025,0,1500,0.9393480303153442
cogs,0.025,0,1525,0.9432419275405729
cogs,0.025,0,1550,0.9362585173865011
cogs,0.025,0,1575,0.9480954699046962
cogs,0.025,0,1600,0.9436977950598551
cogs,0.025,0,1625,0.9288950034349
cogs,0.025,0,1650,0.941036021399833
cogs,0.025,0,1675,0.9402824399570903
cogs,0.025,0,1700,0.9336175242748999
cogs,0.025,0,1725,0.9082189343160272
cogs,0.025,0,1750,0.9413573063300499
cogs,0.025,0,1775,0.9265326338936372
cogs,0.025,0,1800,0.9438187741238283
cogs,0.025,0,1825,0.918083445872511
cogs,0.025,0,1850,0.9341812682413961
cogs,0.025,0,1875,0.9283371424678794
cogs,0.025,0,1900,0.936108434821416
cogs,0.025,0,1925,0.9227652948063463
cogs,0.025,0,1950,0.932121093044464
cogs,0.025,0,1975,0.9268896804248603
cogs,0.025,0,2000,0.9247280982334493
cogs,0.025,1,0,0.07013987156133408
cogs,0.025,1,25,0.06339567277068363
cogs,0.025,1,50,0.06141001626351529
cogs,0.025,1,75,0.11013184461939862
cogs,0.025,1,100,0.12743607072684704
cogs,0.025,1,125,0.14605498494552877
cogs,0.025,1,150,0.1845833702732947
cogs,0.025,1,175,0.24758138137344274
cogs,0.025,1,200,0.3115340934882255
cogs,0.025,1,225,0.3951277297745532
cogs,0.025,1,250,0.49933790205543244
cogs,0.025,1,275,0.5786288827649353
cogs,0.025,1,300,0.648099843439195
cogs,0.025,1,325,0.7477603446069687
cogs,0.025,1,350,0.7863729285357894
cogs,0.025,1,375,0.8462052181581302
cogs,0.025,1,400,0.8438454641731455
cogs,0.025,1,425,0.8754372534238519
cogs,0.025,1,450,0.896389562454219
cogs,0.025,1,475,0.8999984856606066
cogs,0.025,1,500,0.9282851447624862
cogs,0.025,1,525,0.9176789745792068
cogs,0.025,1,550,0.915869027142934
cogs,0.025,1,575,0.9245242452990312
cogs,0.025,1,600,0.9115558408871042
cogs,0.025,1,625,0.9280388210251084
cogs,0.025,1,650,0.9487595158017297
cogs,0.025,1,675,0.9410755105428321
cogs,0.025,1,700,0.9371827881290524
cogs,0.025,1,725,0.9373717922124915
cogs,0.025,1,750,0.9410499803542626
cogs,0.025,1,775,0.9306172561904609
cogs,0.025,1,800,0.9315855605348378
cogs,0.025,1,825,0.9101855981135468
cogs,0.025,1,850,0.9396859842113833
cogs,0.025,1,875,0.9301444427280889
cogs,0.025,1,900,0.912585036628067
cogs,0.025,1,925,0.9381854546855466
cogs,0.025,1,950,0.9367609869403271
cogs,0.025,1,975,0.9296183213587139
cogs,0.025,1,1000,0.9271386324168108
cogs,0.025,1,1025,0.9416842257389053
cogs,0.025,1,1050,0.9288960741569462
cogs,0.025,1,1075,0.9120132955123769
cogs,0.025,1,1100,0.9217533004727524
cogs,0.025,1,1125,0.9380034310135636
cogs,0.025,1,1150,0.9191987957729542
cogs,0.025,1,1175,0.922816305122823
cogs,0.025,1,1200,0.9324562954795307
cogs,0.025,1,1225,0.9159653656800006
cogs,0.025,1,1250,0.9277624922912387
cogs,0.025,1,1275,0.9333755636763712
cogs,0.025,1,1300,0.9171872901333881
cogs,0.025,1,1325,0.9340139961270557
cogs,0.025,1,1350,0.924767874988218
cogs,0.025,1,1375,0.9107417692696972
cogs,0.025,1,1400,0.9455801960739172
cogs,0.025,1,1425,0.9505419269519145
cogs,0.025,1,1450,0.9337838192011889
cogs,0.025,1,1475,0.924609546005121
cogs,0.025,1,1500,0.9327830022734779
cogs,0.025,1,1525,0.9288034490335998
cogs,0.025,1,1550,0.9258466384198942
cogs,0.025,1,1575,0.9239784241956428
cogs,0.025,1,1600,0.9374882815467883
cogs,0.025,1,1625,0.9275198858400698
cogs,0.025,1,1650,0.9341364223603373
cogs,0.025,1,1675,0.9428063057601379
cogs,0.025,1,1700,0.9192119549773653
cogs,0.025,1,1725,0.9262210276743776
cogs,0.025,1,1750,0.9177807037996518
cogs,0.025,1,1775,0.9289830223028385
cogs,0.025,1,1800,0.9312615123144541
cogs,0.025,1,1825,0.9322058241342747
cogs,0.025,1,1850,0.9393293091673021
cogs,0.025,1,1875,0.9610983830083667
cogs,0.025,1,1900,0.9286128523651682
cogs,0.025,1,1925,0.9448759144558061
cogs,0.025,1,1950,0.9376352761001233
cogs,0.025,1,1975,0.9350530531031059
cogs,0.025,1,2000,0.9276854740081243
cogs,0.025,2,0,0.06640187062145296
cogs,0.025,2,25,0.07031532711810118
cogs,0.025,2,50,0.08896651895519063
cogs,0.025,2,75,0.08506990223402405
cogs,0.025,2,100,0.12042858362883746
cogs,0.025,2,125,0.1472921204714597
cogs,0.025,2,150,0.19554142611799688
cogs,0.025,2,175,0.2457213404328264
cogs,0.025,2,200,0.3322223942486341
cogs,0.025,2,225,0.40494836423716224
cogs,0.025,2,250,0.5055402708151869
cogs,0.025,2,275,0.5823850211681306
cogs,0.025,2,300,0.671842712620083
cogs,0.025,2,325,0.7257279907886588
cogs,0.025,2,350,0.7871694543655113
cogs,0.025,2,375,0.8347995123966566
cogs,0.025,2,400,0.8720212239283804
cogs,0.025,2,425,0.8962142890943607
cogs,0.025,2,450,0.8815400844257364
cogs,0.025,2,475,0.9223919709646528
cogs,0.025,2,500,0.9144270408501644
cogs,0.025,2,525,0.9231748244449474
cogs,0.025,2,550,0.9194251712037729
cogs,0.025,2,575,0.9309004654870165
cogs,0.025,2,600,0.9305804863763834
cogs,0.025,2,625,0.9279307241856097
cogs,0.025,2,650,0.9224778837334606
cogs,0.025,2,675,0.9265587805832934
cogs,0.025,2,700,0.9426446243574768
cogs,0.025,2,725,0.9195224665228051
cogs,0.025,2,750,0.9389199810827745
cogs,0.025,2,775,0.9255976385160868
cogs,0.025,2,800,0.9360689221923622
cogs,0.025,2,825,0.9371395762010777
cogs,0.025,2,850,0.9375561159969455
cogs,0.025,2,875,0.9482432853020062
cogs,0.025,2,900,0.9298280397553532
cogs,0.025,2,925,0.9287823487894215
cogs,0.025,2,950,0.9351557089626166
cogs,0.025,2,975,0.9326680426027085
cogs,0.025,2,1000,0.9195497361639579
cogs,0.025,2,1025,0.93543745544283
cogs,0.025,2,1050,0.9384343761846917
cogs,0.025,2,1075,0.9325383676714897
cogs,0.025,2,1100,0.9320359221898092
cogs,0.025,2,1125,0.9292610135082991
cogs,0.025,2,1150,0.9265496017629009
cogs,0.025,2,1175,0.9392640824150286
cogs,0.025,2,1200,0.9263264010018306
cogs,0.025,2,1225,0.9260103713498903
cogs,0.025,2,1250,0.9374198927055478
cogs,0.025,2,1275,0.9227424203016926
cogs,0.025,2,1300,0.9280200783797083
cogs,0.025,2,1325,0.9224025096892071
cogs,0.025,2,1350,0.9318473799492293
cogs,0.025,2,1375,0.919698846167571
cogs,0.025,2,1400,0.9176616106860283
cogs,0.025,2,1425,0.9214807665515393
cogs,0.025,2,1450,0.9438390761726589
cogs,0.025,2,1475,0.9274009550124023
cogs,0.025,2,1500,0.9454993690266129
cogs,0.025,2,1525,0.9447737482709962
cogs,0.025,2,1550,0.9540959670492618
cogs,0.025,2,1575,0.9387469157607888
cogs,0.025,2,1600,0.927863382465573
cogs,0.025,2,1625,0.9203764693109161
cogs,0.025,2,1650,0.9246707225184779
cogs,0.025,2,1675,0.9491321087847923
cogs,0.025,2,1700,0.9325210052796745
cogs,0.025,2,1725,0.9295390827653189
cogs,0.025,2,1750,0.9315178764550904
cogs,0.025,2,1775,0.9290387772190046
cogs,0.025,2,1800,0.9096648760104936
cogs,0.025,2,1825,0.9202894523149028
cogs,0.025,2,1850,0.8998047759313997
cogs,0.025,2,1875,0.9167611397243619
cogs,0.025,2,1900,0.9325058846247909
cogs,0.025,2,1925,0.9220749959620673
cogs,0.025,2,1950,0.9240720838077151
cogs,0.025,2,1975,0.946990557499545
cogs,0.025,2,2000,0.9415810797478253
cogs,0.025,3,0,0.0533474116677263
cogs,0.025,3,25,0.06561135789350842
cogs,0.025,3,50,0.06922194392867466
cogs,0.025,3,75,0.10477120820801775
cogs,0.025,3,100,0.12440060245594604
cogs,0.025,3,125,0.1622122143352697
cogs,0.025,3,150,0.21266562881953993
cogs,0.025,3,175,0.2491872343670091
cogs,0.025,3,200,0.2968268858213208
cogs,0.025,3,225,0.3940660873402283
cogs,0.025,3,250,0.49874150938399725
cogs,0.025,3,275,0.570905416551828
cogs,0.025,3,300,0.6577953010499841
cogs,0.025,3,325,0.735228832664497
cogs,0.025,3,350,0.7940520292995714
cogs,0.025,3,375,0.8420864814296887
cogs,0.025,3,400,0.8728353323641311
cogs,0.025,3,425,0.9077321164871591
cogs,0.025,3,450,0.8839775147454967
cogs,0.025,3,475,0.9135102253765175
cogs,0.025,3,500,0.9448965966193057
cogs,0.025,3,525,0.9270197136617244
cogs,0.025,3,550,0.9241039958145608
cogs,0.025,3,575,0.9270221658980917
cogs,0.025,3,600,0.920717666300768
cogs,0.025,3,625,0.9178290166016528
cogs,0.025,3,650,0.9305648954879313
cogs,0.025,3,675,0.9279278252156394
cogs,0.025,3,700,0.937182842476401
cogs,0.025,3,725,0.9433359210760986
cogs,0.025,3,750,0.9288970347592982
cogs,0.025,3,775,0.9283502547223771
cogs,0.025,3,800,0.9174438135430629
cogs,0.025,3,825,0.9372889979167343
cogs,0.025,3,850,0.9346107528822262
cogs,0.025,3,875,0.9398854622758954
cogs,0.025,3,900,0.9155466716022793
cogs,0.025,3,925,0.9379431624320042
cogs,0.025,3,950,0.9494633386987329
cogs,0.025,3,975,0.9348502659965616
cogs,0.025,3,1000,0.9251026386842356
cogs,0.025,3,1025,0.9333118675686841
cogs,0.025,3,1050,0.9442638559059066
cogs,0.025,3,1075,0.9276122287626919
cogs,0.025,3,1100,0.9472528800866605
cogs,0.025,3,1125,0.9342342495264042
cogs,0.025,3,1150,0.9199778075744235
cogs,0.025,3,1175,0.9188415278234984
cogs,0.025,3,1200,0.9153598770656748
cogs,0.025,3,1225,0.9280800781570123
cogs,0.025,3,1250,0.9135744976294613
cogs,0.025,3,1275,0.9205590029611924
cogs,0.025,3,1300,0.9384167783620451
cogs,0.025,3,1325,0.9452425626422631
cogs,0.025,3,1350,0.9200740797346463
cogs,0.025,3,1375,0.9277666705122115
cogs,0.025,3,1400,0.92310787492855
cogs,0.025,3,1425,0.9337051877301865
cogs,0.025,3,1450,0.9318360056676772
cogs,0.025,3,1475,0.9408458501510172
cogs,0.025,3,1500,0.9235744353051459
cogs,0.025,3,1525,0.9239263901297143
cogs,0.025,3,1550,0.9273610900096658
cogs,0.025,3,1575,0.9213911129543789
cogs,0.025,3,1600,0.934874788854961
cogs,0.025,3,1625,0.9439171048948926
cogs,0.025,3,1650,0.9291490487796614
cogs,0.025,3,1675,0.9400554618150234
cogs,0.025,3,1700,0.9386420704061289
cogs,0.025,3,1725,0.9426961799654235
cogs,0.025,3,1750,0.9273310361600596
cogs,0.025,3,1775,0.9214023048801974
cogs,0.025,3,1800,0.9178610624796855
cogs,0.025,3,1825,0.9315735272847283
cogs,0.025,3,1850,0.9228443090697169
cogs,0.025,3,1875,0.9280157436865779
cogs,0.025,3,1900,0.9281029926925536
cogs,0.025,3,1925,0.9319076731392952
cogs,0.025,3,1950,0.9341463065712533
cogs,0.025,3,1975,0.9376200348722836
cogs,0.025,3,2000,0.9410680882090289
cogs,0.025,4,0,0.06264010747744053
cogs,0.025,4,25,0.042842343471323166
cogs,0.025,4,50,0.0948122759996429
cogs,0.025,4,75,0.06556027400242094
cogs,0.025,4,100,0.12942983463241836
cogs,0.025,4,125,0.14797411361713556
cogs,0.025,4,150,0.18987891446096766
cogs,0.025,4,175,0.2355523582059026
cogs,0.025,4,200,0.3108416846987987
cogs,0.025,4,225,0.39107527003143555
cogs,0.025,4,250,0.4938072972721453
cogs,0.025,4,275,0.5762961289059391
cogs,0.025,4,300,0.6497411792658666
cogs,0.025,4,325,0.7295264793441348
cogs,0.025,4,350,0.7842506187178544
cogs,0.025,4,375,0.8318655390922686
cogs,0.025,4,400,0.8596543847304977
cogs,0.025,4,425,0.878925264161718
cogs,0.025,4,450,0.8830804335522718
cogs,0.025,4,475,0.8922257316279729
cogs,0.025,4,500,0.9082662822515587
cogs,0.025,4,525,0.9331636150188902
cogs,0.025,4,550,0.922308911378689
cogs,0.025,4,575,0.9253302429746195
cogs,0.025,4,600,0.9292583915188162
cogs,0.025,4,625,0.9438535980883495
cogs,0.025,4,650,0.930855457712944
cogs,0.025,4,675,0.9330320545587977
cogs,0.025,4,700,0.9316847453835233
cogs,0.025,4,725,0.9461939049881464
cogs,0.025,4,750,0.9323933616487173
cogs,0.025,4,775,0.9305651864423699
cogs,0.025,4,800,0.9120900761598448
cogs,0.025,4,825,0.9444296601226903
cogs,0.025,4,850,0.9546074685517947
cogs,0.025,4,875,0.9365337814925903
cogs,0.025,4,900,0.9381382401491735
cogs,0.025,4,925,0.9280416260703588
cogs,0.025,4,950,0.9267190064370254
cogs,0.025,4,975,0.9179769691992358
cogs,0.025,4,1000,0.9131168564546142
cogs,0.025,4,1025,0.9218575461952265
cogs,0.025,4,1050,0.9363502379856267
cogs,0.025,4,1075,0.9362470412401495
cogs,0.025,4,1100,0.9386881594096073
cogs,0.025,4,1125,0.9349845191944641
cogs,0.025,4,1150,0.9451052338895649
cogs,0.025,4,1175,0.9254882107959448
cogs,0.025,4,1200,0.9353191390779165
cogs,0.025,4,1225,0.9408269481316544
cogs,0.025,4,1250,0.9368768171390984
cogs,0.025,4,1275,0.9188428943719811
cogs,0.025,4,1300,0.922707496025387
cogs,0.025,4,1325,0.9298012654966619
cogs,0.025,4,1350,0.9458671552709282
cogs,0.025,4,1375,0.9194646960527059
cogs,0.025,4,1400,0.9399911688679828
cogs,0.025,4,1425,0.9333055684401891
cogs,0.025,4,1450,0.9370983961943192
cogs,0.025,4,1475,0.935605508671609
cogs,0.025,4,1500,0.9376685054485965
cogs,0.025,4,1525,0.9208795010400423
cogs,0.025,4,1550,0.9186260753499196
cogs,0.025,4,1575,0.961897122119948
cogs,0.025,4,1600,0.9156644369784692
cogs,0.025,4,1625,0.9376758661040872
cogs,0.025,4,1650,0.9147677100408923
cogs,0.025,4,1675,0.9450314341149628
cogs,0.025,4,1700,0.9366326537503004
cogs,0.025,4,1725,0.9238506720467343
cogs,0.025,4,1750,0.9411182096652737
cogs,0.025,4,1775,0.9352755332857583
cogs,0.025,4,1800,0.921922639175883
cogs,0.025,4,1825,0.92006845611422
cogs,0.025,4,1850,0.9249068973409698
cogs,0.025,4,1875,0.9276377198326389
cogs,0.025,4,1900,0.9484111570339695
cogs,0.025,4,1925,0.9254944535411115
cogs,0.025,4,1950,0.9265127628314207
cogs,0.025,4,1975,0.9523509264190307
cogs,0.025,4,2000,0.9262402142056357
cogs,0.5,0,0,0.04764962843085446
cogs,0.5,0,25,0.07311890425530067
cogs,0.5,0,50,0.06848707226405738
cogs,0.5,0,75,0.08441237574110247
cogs,0.5,0,100,0.11783191338241127
cogs,0.5,0,125,0.16325663192765327
cogs,0.5,0,150,0.1937301426332579
cogs,0.5,0,175,0.22462280317440597
cogs,0.5,0,200,0.311471650372351
cogs,0.5,0,225,0.41864508755183144
cogs,0.5,0,250,0.48921676340145737
cogs,0.5,0,275,0.5800537130795448
cogs,0.5,0,300,0.655945665076137
cogs,0.5,0,325,0.7237773414177171
cogs,0.5,0,350,0.797136401019935
cogs,0.5,0,375,0.8232378698058739
cogs,0.5,0,400,0.8823393664874204
cogs,0.5,0,425,0.8843037654241368
cogs,0.5,0,450,0.89377715639719
cogs,0.5,0,475,0.9051992540590632
cogs,0.5,0,500,0.9068387900255707
cogs,0.5,0,525,0.9080859919806584
cogs,0.5,0,550,0.925913947022931
cogs,0.5,0,575,0.9311794069493328
cogs,0.5,0,600,0.9212718131803957
cogs,0.5,0,625,0.9226081042766135
cogs,0.5,0,650,0.9228394132005802
cogs,0.5,0,675,0.9278622857187382
cogs,0.5,0,700,0.92991123191024
cogs,0.5,0,725,0.9449045939495911
cogs,0.5,0,750,0.937806495826489
cogs,0.5,0,775,0.9222795956537823
cogs,0.5,0,800,0.9359962436715498
cogs,0.5,0,825,0.9311315139949954
cogs,0.5,0,850,0.9305104239832728
cogs,0.5,0,875,0.9253733742911734
cogs,0.5,0,900,0.9233024908200813
cogs,0.5,0,925,0.9392525226529244
cogs,0.5,0,950,0.93841568355257
cogs,0.5,0,975,0.9267194254487744
cogs,0.5,0,1000,0.9233319264952915
cogs,0.5,0,1025,0.931396725688465
cogs,0.5,0,1050,0.9304393348848452
cogs,0.5,0,1075,0.9320858897754974
cogs,0.5,0,1100,0.9534135725299137
cogs,0.5,0,1125,0.9210743528254521
cogs,0.5,0,1150,0.9397861347580738
cogs,0.5,0,1175,0.9308502266712194
cogs,0.5,0,1200,0.9418841828821003
cogs,0.5,0,1225,0.9096321434085615
cogs,0.5,0,1250,0.9343413883588425
cogs,0.5,0,1275,0.9150585569897115
cogs,0.5,0,1300,0.9147456000078382
cogs,0.5,0,1325,0.9330735437347402
cogs,0.5,0,1350,0.9418657702083091
cogs,0.5,0,1375,0.9263009839414946
cogs,0.5,0,1400,0.9104637009765401
cogs,0.5,0,1425,0.9370391623922002
cogs,0.5,0,1450,0.9325095146217355
cogs,0.5,0,1475,0.9406683476108794
cogs,0.5,0,1500,0.9258550239208112
cogs,0.5,0,1525,0.9310946677073161
cogs,0.5,0,1550,0.9348404081142266
cogs,0.5,0,1575,0.9312869361894217
cogs,0.5,0,1600,0.933754061967924
cogs,0.5,0,1625,0.9251817249263825
cogs,0.5,0,1650,0.9314249425633726
cogs,0.5,0,1675,0.9169311315335774
cogs,0.5,0,1700,0.9362349728233761
cogs,0.5,0,1725,0.9245751387646615
cogs,0.5,0,1750,0.9336433779471112
cogs,0.5,0,1775,0.9414093814028947
cogs,0.5,0,1800,0.9154721047846173
cogs,0.5,0,1825,0.9378885093986447
cogs,0.5,0,1850,0.9110129704346235
cogs,0.5,0,1875,0.9303082073500801
cogs,0.5,0,1900,0.9183461124324221
cogs,0.5,0,1925,0.936338619820966
cogs,0.5,0,1950,0.9183846020939871
cogs,0.5,0,1975,0.9266444335727791
cogs,0.5,0,2000,0.9237476180772602
cogs,0.5,1,0,0.08357345537181857
cogs,0.5,1,25,0.0698147332353555
cogs,0.5,1,50,0.08157002284711005
cogs,0.5,1,75,0.10339066331046702
cogs,0.5,1,100,0.124582371606617
cogs,0.5,1,125,0.15904457984840986
cogs,0.5,1,150,0.2090668110290788
cogs,0.5,1,175,0.2454697936111723
cogs,0.5,1,200,0.3156753047858051
cogs,0.5,1,225,0.4052188966300937
cogs,0.5,1,250,0.47764979152961845
cogs,0.5,1,275,0.5671819771800386
cogs,0.5,1,300,0.6624968353273869
cogs,0.5,1,325,0.7287746845457803
cogs,0.5,1,350,0.7897384556117526
cogs,0.5,1,375,0.8422757788428659
cogs,0.5,1,400,0.8536175495060716
cogs,0.5,1,425,0.9176852909159947
cogs,0.5,1,450,0.9121191022029633
cogs,0.5,1,475,0.9126084834702585
cogs,0.5,1,500,0.9190096919510286
cogs,0.5,1,525,0.9050266076363315
cogs,0.5,1,550,0.9034951784643275
cogs,0.5,1,575,0.9334536928722377
cogs,0.5,1,600,0.9168998582607364
cogs,0.5,1,625,0.9206686941371501
cogs,0.5,1,650,0.905252856410905
cogs,0.5,1,675,0.9140476124738425
cogs,0.5,1,700,0.9312297854516314
cogs,0.5,1,725,0.9368955558144768
cogs,0.5,1,750,0.9269714466869569
cogs,0.5,1,775,0.9345949285689612
cogs,0.5,1,800,0.921837832663819
cogs,0.5,1,825,0.9200087215924596
cogs,0.5,1,850,0.9279596540882744
cogs,0.5,1,875,0.9325686074734951
cogs,0.5,1,900,0.9407158994856438
cogs,0.5,1,925,0.9397053194175382
cogs,0.5,1,950,0.9281280005694323
cogs,0.5,1,975,0.9257549477378587
cogs,0.5,1,1000,0.9407193560095901
cogs,0.5,1,1025,0.9297891206640191
cogs,0.5,1,1050,0.9347864096075511
cogs,0.5,1,1075,0.9270263790092774
cogs,0.5,1,1100,0.9340925574170929
cogs,0.5,1,1125,0.9275938273663634
cogs,0.5,1,1150,0.9269002597345946
cogs,0.5,1,1175,0.9292624304914129
cogs,0.5,1,1200,0.9268896438655417
cogs,0.5,1,1225,0.931871767693531
cogs,0.5,1,1250,0.9252661842393798
cogs,0.5,1,1275,0.9298577295038662
cogs,0.5,1,1300,0.9418983220388055
cogs,0.5,1,1325,0.9392137345658305
cogs,0.5,1,1350,0.9281664466208094
cogs,0.5,1,1375,0.925018679668429
cogs,0.5,1,1400,0.9385061912132914
cogs,0.5,1,1425,0.9283993372017897
cogs,0.5,1,1450,0.9159569370686182
cogs,0.5,1,1475,0.9139169593939646
cogs,0.5,1,1500,0.9232616044661933
cogs,0.5,1,1525,0.9209179613479715
cogs,0.5,1,1550,0.9492871923938462
cogs,0.5,1,1575,0.9396341766107963
cogs,0.5,1,1600,0.9527436288891177
cogs,0.5,1,1625,0.9132481613566605
cogs,0.5,1,1650,0.9249181268616826
cogs,0.5,1,1675,0.9366095339551455
cogs,0.5,1,1700,0.9337460854975659
cogs,0.5,1,1725,0.9299343701189176
cogs,0.5,1,1750,0.9244516896779902
cogs,0.5,1,1775,0.9289831503367212
cogs,0.5,1,1800,0.9313602417399781
cogs,0.5,1,1825,0.9481136668674852
cogs,0.5,1,1850,0.9302369389330922
cogs,0.5,1,1875,0.9205026224913968
cogs,0.5,1,1900,0.9238697451176426
cogs,0.5,1,1925,0.9370717412529678
cogs,0.5,1,1950,0.9509126747312182
cogs,0.5,1,1975,0.9429746573165603
cogs,0.5,1,2000,0.9421837364360311
cogs,0.5,2,0,0.07556740063223268
cogs,0.5,2,25,0.07363194690641385
cogs,0.5,2,50,0.07401171682044463
cogs,0.5,2,75,0.09316467677630849
cogs,0.5,2,100,0.1282145499009996
cogs,0.5,2,125,0.1702331767319048
cogs,0.5,2,150,0.19483557231023915
cogs,0.5,2,175,0.2595631149252619
cogs,0.5,2,200,0.32453248428089243
cogs,0.5,2,225,0.3977859205245475
cogs,0.5,2,250,0.49901856780732295
cogs,0.5,2,275,0.5836606041711765
cogs,0.5,2,300,0.6635172708522101
cogs,0.5,2,325,0.7444624649414584
cogs,0.5,2,350,0.7724801916616619
cogs,0.5,2,375,0.8116411543570364
cogs,0.5,2,400,0.8706213507328944
cogs,0.5,2,425,0.8960313717541483
cogs,0.5,2,450,0.9007093303257727
cogs,0.5,2,475,0.9268410572537283
cogs,0.5,2,500,0.9242353943451149
cogs,0.5,2,525,0.9252514296074991
cogs,0.5,2,550,0.9182123531345596
cogs,0.5,2,575,0.9256240567841445
cogs,0.5,2,600,0.9348879803385937
cogs,0.5,2,625,0.9254063459876087
cogs,0.5,2,650,0.9275916090754859
cogs,0.5,2,675,0.9294691595182496
cogs,0.5,2,700,0.9343169493287944
cogs,0.5,2,725,0.937865792776259
cogs,0.5,2,750,0.9359382847703911
cogs,0.5,2,775,0.9210268665841391
cogs,0.5,2,800,0.9307985854749088
cogs,0.5,2,825,0.9349216286285189
cogs,0.5,2,850,0.9286662221944925
cogs,0.5,2,875,0.9259898992558507
cogs,0.5,2,900,0.9283783906958261
cogs,0.5,2,925,0.9211433595170679
cogs,0.5,2,950,0.9258725155028289
cogs,0.5,2,975,0.9290381729680158
cogs,0.5,2,1000,0.9296946744483753
cogs,0.5,2,1025,0.939259111301751
cogs,0.5,2,1050,0.9374150565329689
cogs,0.5,2,1075,0.9218093519549145
cogs,0.5,2,1100,0.952933278665293
cogs,0.5,2,1125,0.9245429200166683
cogs,0.5,2,1150,0.9244508773241276
cogs,0.5,2,1175,0.9359171830274363
cogs,0.5,2,1200,0.9232150512148859
cogs,0.5,2,1225,0.9254656144144454
cogs,0.5,2,1250,0.9311692813224683
cogs,0.5,2,1275,0.9471738666503571
cogs,0.5,2,1300,0.915020303817392
cogs,0.5,2,1325,0.9338657993087515
cogs,0.5,2,1350,0.915719611908918
cogs,0.5,2,1375,0.9311048599567617
cogs,0.5,2,1400,0.9308080328314053
cogs,0.5,2,1425,0.9099872576322922
cogs,0.5,2,1450,0.9437984161639686
cogs,0.5,2,1475,0.9398054399290601
cogs,0.5,2,1500,0.9228389727158596
cogs,0.5,2,1525,0.9327061356794338
cogs,0.5,2,1550,0.9398760812583212
cogs,0.5,2,1575,0.9090073271422184
cogs,0.5,2,1600,0.934628112030263
cogs,0.5,2,1625,0.9474638587302118
cogs,0.5,2,1650,0.9158845087822983
cogs,0.5,2,1675,0.9302651805771316
cogs,0.5,2,1700,0.9444572360707931
cogs,0.5,2,1725,0.9283547019890486
cogs,0.5,2,1750,0.9348104942155866
cogs,0.5,2,1775,0.9377505409919781
cogs,0.5,2,1800,0.9326584523828433
cogs,0.5,2,1825,0.9226415623968409
cogs,0.5,2,1850,0.9413758268575811
cogs,0.5,2,1875,0.9333840335187767
cogs,0.5,2,1900,0.935894848184219
cogs,0.5,2,1925,0.9250682955555857
cogs,0.5,2,1950,0.9221937789156291
cogs,0.5,2,1975,0.921714177924978
cogs,0.5,2,2000,0.9360749915778273
cogs,0.5,3,0,0.06235849410762131
cogs,0.5,3,25,0.08235786690988282
cogs,0.5,3,50,0.08364767181879458
cogs,0.5,3,75,0.10645563627546929
cogs,0.5,3,100,0.12616685726472324
cogs,0.5,3,125,0.14864998396840537
cogs,0.5,3,150,0.19028183436114066
cogs,0.5,3,175,0.24888901745268135
cogs,0.5,3,200,0.29943395432595293
cogs,0.5,3,225,0.38311011946033313
cogs,0.5,3,250,0.4975073215381736
cogs,0.5,3,275,0.5688176246811167
cogs,0.5,3,300,0.6337055597990351
cogs,0.5,3,325,0.7441364669956075
cogs,0.5,3,350,0.7871549086456721
cogs,0.5,3,375,0.8248110592384148
cogs,0.5,3,400,0.8605686750505737
cogs,0.5,3,425,0.8839108270826022
cogs,0.5,3,450,0.9060796520215757
cogs,0.5,3,475,0.8967790840104467
cogs,0.5,3,500,0.9214138083197163
cogs,0.5,3,525,0.9311851707566172
cogs,0.5,3,550,0.9362999143605235
cogs,0.5,3,575,0.929734273619957
cogs,0.5,3,600,0.924704314895154
cogs,0.5,3,625,0.9308213358788772
cogs,0.5,3,650,0.930796732261854
cogs,0.5,3,675,0.9337577199723198
cogs,0.5,3,700,0.9324977664461247
cogs,0.5,3,725,0.9365332382643122
cogs,0.5,3,750,0.9366587562043885
cogs,0.5,3,775,0.9287470968897715
cogs,0.5,3,800,0.9197739623063823
cogs,0.5,3,825,0.9190777002328157
cogs,0.5,3,850,0.9422177413893296
cogs,0.5,3,875,0.924375105173724
cogs,0.5,3,900,0.9486133073475175
cogs,0.5,3,925,0.9256100671458057
cogs,0.5,3,950,0.9262542916461779
cogs,0.5,3,975,0.9227093575865425
cogs,0.5,3,1000,0.9273636030992071
cogs,0.5,3,1025,0.9342337696272276
cogs,0.5,3,1050,0.9264160828777603
cogs,0.5,3,1075,0.9247515975515769
cogs,0.5,3,1100,0.9246051918103214
cogs,0.5,3,1125,0.9254129657284568
cogs,0.5,3,1150,0.9240716083366362
cogs,0.5,3,1175,0.9307681858524529
cogs,0.5,3,1200,0.9429311484238251
cogs,0.5,3,1225,0.9496493071860705
cogs,0.5,3,1250,0.9361464601773241
cogs,0.5,3,1275,0.9351862185656952
cogs,0.5,3,1300,0.9246527539779669
cogs,0.5,3,1325,0.9345408633113054
cogs,0.5,3,1350,0.9339695824420979
cogs,0.5,3,1375,0.9360339855700839
cogs,0.5,3,1400,0.9166508068286441
cogs,0.5,3,1425,0.926847162409855
cogs,0.5,3,1450,0.9335211084783699
cogs,0.5,3,1475,0.9103642776399122
cogs,0.5,3,1500,0.9330153854032156
cogs,0.5,3,1525,0.9422050869493087
cogs,0.5,3,1550,0.9391283959284719
cogs,0.5,3,1575,0.9233733447627652
cogs,0.5,3,1600,0.9357077478142424
cogs,0.5,3,1625,0.9270075304003658
cogs,0.5,3,1650,0.9072900070153399
cogs,0.5,3,1675,0.921737240467429
cogs,0.5,3,1700,0.9413293621576637
cogs,0.5,3,1725,0.9373461269065023
cogs,0.5,3,1750,0.9387242352728505
cogs,0.5,3,1775,0.9355391143255389
cogs,0.5,3,1800,0.9238902242820625
cogs,0.5,3,1825,0.9520791051628128
cogs,0.5,3,1850,0.9351400838131301
cogs,0.5,3,1875,0.9433361529243947
cogs,0.5,3,1900,0.917299398443737
cogs,0.5,3,1925,0.9100723212005675
cogs,0.5,3,1950,0.9206079685268067
cogs,0.5,3,1975,0.9329222918274662
cogs,0.5,3,2000,0.9491209126595481
cogs,0.5,4,0,0.06470124837165546
cogs,0.5,4,25,0.07801395151434576
cogs,0.5,4,50,0.05094377089485533
cogs,0.5,4,75,0.09607185479950836
cogs,0.5,4,100,0.12173590160748216
cogs,0.5,4,125,0.1507837494206696
cogs,0.5,4,150,0.2019092581956965
cogs,0.5,4,175,0.2575325269384655
cogs,0.5,4,200,0.3255690884679703
cogs,0.5,4,225,0.40023613967667315
cogs,0.5,4,250,0.4948818545921706
cogs,0.5,4,275,0.5657803291117158
cogs,0.5,4,300,0.6512444695416229
cogs,0.5,4,325,0.7430807354842607
cogs,0.5,4,350,0.7854603013915933
cogs,0.5,4,375,0.8385840417203307
cogs,0.5,4,400,0.851037421681812
cogs,0.5,4,425,0.8869572842885499
cogs,0.5,4,450,0.881356298888338
cogs,0.5,4,475,0.9087163530534812
cogs,0.5,4,500,0.9110694697624657
cogs,0.5,4,525,0.9211106505804617
cogs,0.5,4,550,0.9238870911090813
cogs,0.5,4,575,0.9193483821846888
cogs,0.5,4,600,0.9157374582926378
cogs,0.5,4,625,0.9226068888380372
cogs,0.5,4,650,0.9432501169813134
cogs,0.5,4,675,0.9382816968961616
cogs,0.5,4,700,0.9241377523514372
cogs,0.5,4,725,0.9080287479558051
cogs,0.5,4,750,0.9387881602463738
cogs,0.5,4,775,0.9243728857916926
cogs,0.5,4,800,0.9102767408768484
cogs,0.5,4,825,0.9424197112113882
cogs,0.5,4,850,0.9263302602416176
cogs,0.5,4,875,0.9336663275761016
cogs,0.5,4,900,0.9199170263337247
cogs,0.5,4,925,0.9228484733421923
cogs,0.5,4,950,0.9267271444301379
cogs,0.5,4,975,0.9313184279401674
cogs,0.5,4,1000,0.9140912636734314
cogs,0.5,4,1025,0.9232441321782605
cogs,0.5,4,1050,0.9542586184175972
cogs,0.5,4,1075,0.9274794799675101
cogs,0.5,4,1100,0.9377579544575025
cogs,0.5,4,1125,0.8996474667635528
cogs,0.5,4,1150,0.9428406343449317
cogs,0.5,4,1175,0.9204893980372909
cogs,0.5,4,1200,0.9211638125103949
cogs,0.5,4,1225,0.934598722127678
cogs,0.5,4,1250,0.9362845888760614
cogs,0.5,4,1275,0.9191121550239635
cogs,0.5,4,1300,0.9063034688099961
cogs,0.5,4,1325,0.9087752963206522
cogs,0.5,4,1350,0.9248416004320057
cogs,0.5,4,1375,0.9100770214124201
cogs,0.5,4,1400,0.92952705742276
cogs,0.5,4,1425,0.9156681701413925
cogs,0.5,4,1450,0.929263684451228
cogs,0.5,4,1475,0.9210201753394884
cogs,0.5,4,1500,0.9237023778633567
cogs,0.5,4,1525,0.9352299226528777
cogs,0.5,4,1550,0.9435939838544397
cogs,0.5,4,1575,0.915046165809132
cogs,0.5,4,1600,0.9449379284771885
cogs,0.5,4,1625,0.9214713346907446
cogs,0.5,4,1650,0.9206017038231148
cogs,0.5,4,1675,0.9471283956179072
cogs,0.5,4,1700,0.9148692662997524
cogs,0.5,4,1725,0.923109697369656
cogs,0.5,4,1750,0.9292610526692942
cogs,0.5,4,1775,0.9090964903513985
cogs,0.5,4,1800,0.9221475430084055
cogs,0.5,4,1825,0.9393253200966817
cogs,0.5,4,1850,0.9084805220636811
cogs,0.5,4,1875,0.9272445557585247
cogs,0.5,4,1900,0.9260718382911616
cogs,0.5,4,1925,0.9501526072842461
cogs,0.5,4,1950,0.9239839386282389
cogs,0.5,4,1975,0.9430766761757445
cogs,0.5,4,2000,0.9247606111877462
pcfg_set,0.0,0,0,0.05269399664652619
pcfg_set,0.0,0,25,0.06378167328386312
pcfg_set,0.0,0,50,0.0887856771660431
pcfg_set,0.0,0,75,0.05959698523938786
pcfg_set,0.0,0,100,0.07888284215842509
pcfg_set,0.0,0,125,0.0919764230112642
pcfg_set,0.0,0,150,0.07347662098947415
pcfg_set,0.0,0,175,0.05805090534624745
pcfg_set,0.0,0,200,0.09758272076683995
pcfg_set,0.0,0,225,0.1094613719610115
pcfg_set,0.0,0,250,0.0874281537435711
pcfg_set,0.0,0,275,0.1016649669638892
pcfg_set,0.0,0,300,0.1064104613129957
pcfg_set,0.0,0,325,0.10597878507854983
pcfg_set,0.0,0,350,0.1110483106557514
pcfg_set,0.0,0,375,0.11156899973565997
pcfg_set,0.0,0,400,0.10329855321863016
pcfg_set,0.0,0,425,0.10969876047239104
pcfg_set,0.0,0,450,0.1219042837276188
pcfg_set,0.0,0,475,0.1256671504189622
pcfg_set,0.0,0,500,0.1286218882135178
pcfg_set,0.0,0,525,0.12906681260322228
pcfg_set,0.0,0,550,0.1386430736935936
pcfg_set,0.0,0,575,0.13567480548175717
pcfg_set,0.0,0,600,0.12994648205791462
pcfg_set,0.0,0,625,0.104699224774768
pcfg_set,0.0,0,650,0.14134574821336618
pcfg_set,0.0,0,675,0.12836176542765035
pcfg_set,0.0,0,700,0.12425780631330123
pcfg_set,0.0,0,725,0.13076146333742425
pcfg_set,0.0,0,750,0.11057825419560167
pcfg_set,0.0,0,775,0.12215431048593624
pcfg_set,0.0,0,800,0.12963968644667082
pcfg_set,0.0,0,825,0.13817649237819896
pcfg_set,0.0,0,850,0.13543053954086326
pcfg_set,0.0,0,875,0.12112399484480141
pcfg_set,0.0,0,900,0.11688882647997018
pcfg_set,0.0,0,925,0.13211193438859758
pcfg_set,0.0,0,950,0.12326242337780821
pcfg_set,0.0,0,975,0.12837375863267841
pcfg_set,0.0,0,1000,0.1187252580914821
pcfg_set,0.0,0,1025,0.13631704524424212
pcfg_set,0.0,0,1050,0.13199199965097702
pcfg_set,0.0,0,1075,0.1531175046536226
pcfg_set,0.0,0,1100,0.12728638580267404
pcfg_set,0.0,0,1125,0.12371256777526098
pcfg_set,0.0,0,1150,0.13598406688351203
pcfg_set,0.0,0,1175,0.12530584243279777
pcfg_set,0.0,0,1200,0.1289039456283678
pcfg_set,0.0,0,1225,0.12904368067812963
pcfg_set,0.0,0,1250,0.1290369271427124
pcfg_set,0.0,0,1275,0.1260067617424557
pcfg_set,0.0,0,1300,0.12730777338124427
pcfg_set,0.0,0,1325,0.1177153439017586
pcfg_set,0.0,0,1350,0.13427697200435257
pcfg_set,0.0,0,1375,0.14325188862169566
pcfg_set,0.0,0,1400,0.13651532397360955
pcfg_set,0.0,0,1425,0.15643124362687982
pcfg_set,0.0,0,1450,0.11677955836100457
pcfg_set,0.0,0,1475,0.11951340149613206
pcfg_set,0.0,0,1500,0.14015141485592303
pcfg_set,0.0,0,1525,0.1301846154105455
pcfg_set,0.0,0,1550,0.1436569170232051
pcfg_set,0.0,0,1575,0.11988049459340412
pcfg_set,0.0,0,1600,0.12074052002041578
pcfg_set,0.0,0,1625,0.1461054584268982
pcfg_set,0.0,0,1650,0.13199527329605243
pcfg_set,0.0,0,1675,0.1337641076815521
pcfg_set,0.0,0,1700,0.13388213736914237
pcfg_set,0.0,0,1725,0.12064748217221741
pcfg_set,0.0,0,1750,0.11831456108555473
pcfg_set,0.0,0,1775,0.12690945808754253
pcfg_set,0.0,0,1800,0.1290691204226283
pcfg_set,0.0,0,1825,0.15129933109751809
pcfg_set,0.0,0,1850,0.13897713222232638
pcfg_set,0.0,0,1875,0.13904244533396093
pcfg_set,0.0,0,1900,0.13340940276731136
pcfg_set,0.0,0,1925,0.14467766623037823
pcfg_set,0.0,0,1950,0.13154594614871803
pcfg_set,0.0,0,1975,0.13050544783692813
pcfg_set,0.0,0,2000,0.13466741279565556
pcfg_set,0.0,1,0,0.059656867596698596
pcfg_set,0.0,1,25,0.05078563374554659
pcfg_set,0.0,1,50,0.07176475806336403
pcfg_set,0.0,1,75,0.0698290635646975
pcfg_set,0.0,1,100,0.0741918148612525
pcfg_set,0.0,1,125,0.08495212343633146
pcfg_set,0.0,1,150,0.0847973790521173
pcfg_set,0.0,1,175,0.09346339223631496
pcfg_set,0.0,1,200,0.09465551865003495
pcfg_set,0.0,1,225,0.08103851599968165
pcfg_set,0.0,1,250,0.11294379696991506
pcfg_set,0.0,1,275,0.11569685515329461
pcfg_set,0.0,1,300,0.11289547750189885
pcfg_set,0.0,1,325,0.10998675725490185
pcfg_set,0.0,1,350,0.10927858903634007
pcfg_set,0.0,1,375,0.11991012226365587
pcfg_set,0.0,1,400,0.13281584162390836
pcfg_set,0.0,1,425,0.12097718454340817
pcfg_set,0.0,1,450,0.13877403358458945
pcfg_set,0.0,1,475,0.12663798758724923
pcfg_set,0.0,1,500,0.12927407491953583
pcfg_set,0.0,1,525,0.1379323404099158
pcfg_set,0.0,1,550,0.13300732867506906
pcfg_set,0.0,1,575,0.12415637473290853
pcfg_set,0.0,1,600,0.13498486347774813
pcfg_set,0.0,1,625,0.14619362024938276
pcfg_set,0.0,1,650,0.13827191032850264
pcfg_set,0.0,1,675,0.1436611384317321
pcfg_set,0.0,1,700,0.12869426488481034
pcfg_set,0.0,1,725,0.1150443629276637
pcfg_set,0.0,1,750,0.11471164085975186
pcfg_set,0.0,1,775,0.12583682013342584
pcfg_set,0.0,1,800,0.14235517811984166
pcfg_set,0.0,1,825,0.12864196981761222
pcfg_set,0.0,1,850,0.1369528498254601
pcfg_set,0.0,1,875,0.11564998286162839
pcfg_set,0.0,1,900,0.13436093904687665
pcfg_set,0.0,1,925,0.1348838484053743
pcfg_set,0.0,1,950,0.14351268457847027
pcfg_set,0.0,1,975,0.13008856056906387
pcfg_set,0.0,1,1000,0.14964053638742875
pcfg_set,0.0,1,1025,0.12670151274624739
pcfg_set,0.0,1,1050,0.12866281986925768
pcfg_set,0.0,1,1075,0.12315294252076678
pcfg_set,0.0,1,1100,0.130244503325644
pcfg_set,0.0,1,1125,0.12982428339602384
pcfg_set,0.0,1,1150,0.1254513409101429
pcfg_set,0.0,1,1175,0.14020822591292786
pcfg_set,0.0,1,1200,0.12911348149456667
pcfg_set,0.0,1,1225,0.13289592031220054
pcfg_set,0.0,1,1250,0.1396128946818716
pcfg_set,0.0,1,1275,0.136312945117863
pcfg_set,0.0,1,1300,0.13824623377944292
pcfg_set,0.0,1,1325,0.12461475303124897
pcfg_set,0.0,1,1350,0.13665103709861928
pcfg_set,0.0,1,1375,0.12060445728825776
pcfg_set,0.0,1,1400,0.13580109874198487
pcfg_set,0.0,1,1425,0.11989408596359334
pcfg_set,0.0,1,1450,0.12164523231945766
pcfg_set,0.0,1,1475,0.12261120283167888
pcfg_set,0.0,1,1500,0.12964500973618545
pcfg_set,0.0,1,1525,0.13353683409893008
pcfg_set,0.0,1,1550,0.1382989386245971
pcfg_set,0.0,1,1575,0.13378421865816348
pcfg_set,0.0,1,1600,0.13870656189683786
pcfg_set,0.0,1,1625,0.12322125500782057
pcfg_set,0.0,1,1650,0.1295769243261291
pcfg_set,0.0,1,1675,0.1373040980575198
pcfg_set,0.0,1,1700,0.11977319369299437
pcfg_set,0.0,1,1725,0.12067025094318944
pcfg_set,0.0,1,1750,0.12853855863227098
pcfg_set,0.0,1,1775,0.13189765687612737
pcfg_set,0.0,1,1800,0.1290828154082657
pcfg_set,0.0,1,1825,0.12334228863811852
pcfg_set,0.0,1,1850,0.1324709818511216
pcfg_set,0.0,1,1875,0.14324092922994358
pcfg_set,0.0,1,1900,0.11947066610668984
pcfg_set,0.0,1,1925,0.1260310980139594
pcfg_set,0.0,1,1950,0.14143029618756942
pcfg_set,0.0,1,1975,0.13603817803748305
pcfg_set,0.0,1,2000,0.13760106661659668
pcfg_set,0.0,2,0,0.06641620962774178
pcfg_set,0.0,2,25,0.06472520616629607
pcfg_set,0.0,2,50,0.07765600402546798
pcfg_set,0.0,2,75,0.07517510900007883
pcfg_set,0.0,2,100,0.07295002579703024
pcfg_set,0.0,2,125,0.07470282389081653
pcfg_set,0.0,2,150,0.0724699637143436
pcfg_set,0.0,2,175,0.09542332517055592
pcfg_set,0.0,2,200,0.08828278507906724
pcfg_set,0.0,2,225,0.1087452386983465
pcfg_set,0.0,2,250,0.11177536406061313
pcfg_set,0.0,2,275,0.10343648384382721
pcfg_set,0.0,2,300,0.10256492790843227
pcfg_set,0.0,2,325,0.11199337947076497
pcfg_set,0.0,2,350,0.11693331341382227
pcfg_set,0.0,2,375,0.11291737563201523
pcfg_set,0.0,2,400,0.10559980851891419
pcfg_set,0.0,2,425,0.12586222034682526
pcfg_set,0.0,2,450,0.11024253868253367
pcfg_set,0.0,2,475,0.12244776544969994
pcfg_set,0.0,2,500,0.13163889217894292
pcfg_set,0.0,2,525,0.13756214563461122
pcfg_set,0.0,2,550,0.13160361271748272
pcfg_set,0.0,2,575,0.1290570681225026
pcfg_set,0.0,2,600,0.11210693797586685
pcfg_set,0.0,2,625,0.14555403898256083
pcfg_set,0.0,2,650,0.1270317541492177
pcfg_set,0.0,2,675,0.12062402166768299
pcfg_set,0.0,2,700,0.12833282697399523
pcfg_set,0.0,2,725,0.11678875550457549
pcfg_set,0.0,2,750,0.1207574706621389
pcfg_set,0.0,2,775,0.13507770409931733
pcfg_set,0.0,2,800,0.13776158633879668
pcfg_set,0.0,2,825,0.1337948093484806
pcfg_set,0.0,2,850,0.13380813877169112
pcfg_set,0.0,2,875,0.12645349472292688
pcfg_set,0.0,2,900,0.1288799775158418
pcfg_set,0.0,2,925,0.12185016464124512
pcfg_set,0.0,2,950,0.11044661127656785
pcfg_set,0.0,2,975,0.12076671153274139
pcfg_set,0.0,2,1000,0.11094345665389674
pcfg_set,0.0,2,1025,0.13453980900179938
pcfg_set,0.0,2,1050,0.1430524161259881
pcfg_set,0.0,2,1075,0.13850945919544036
pcfg_set,0.0,2,1100,0.13274245146242522
pcfg_set,0.0,2,1125,0.12553791002194747
pcfg_set,0.0,2,1150,0.13224290794586044
pcfg_set,0.0,2,1175,0.12168709233786498
pcfg_set,0.0,2,1200,0.12308287330122969
pcfg_set,0.0,2,1225,0.1463474409083713
pcfg_set,0.0,2,1250,0.1370863241286857
pcfg_set,0.0,2,1275,0.12592674393060305
pcfg_set,0.0,2,1300,0.11267204397458905
pcfg_set,0.0,2,1325,0.13608732372878046
pcfg_set,0.0,2,1350,0.12669680980322662
pcfg_set,0.0,2,1375,0.12910431027065797
pcfg_set,0.0,2,1400,0.15016624438383383
pcfg_set,0.0,2,1425,0.11548833860009511
pcfg_set,0.0,2,1450,0.14243763357434994
pcfg_set,0.0,2,1475,0.12395107101607077
pcfg_set,0.0,2,1500,0.13173912427455017
pcfg_set,0.0,2,1525,0.14371406423429886
pcfg_set,0.0,2,1550,0.11396598500237225
pcfg_set,0.0,2,1575,0.13663023100287855
pcfg_set,0.0,2,1600,0.1272282915984115
pcfg_set,0.0,2,1625,0.12561769825952823
pcfg_set,0.0,2,1650,0.13068008048512578
pcfg_set,0.0,2,1675,0.11050262919830013
pcfg_set,0.0,2,1700,0.13976228972272445
pcfg_set,0.0,2,1725,0.15008404855242888
pcfg_set,0.0,2,1750,0.12571642994492255
pcfg_set,0.0,2,1775,0.11754372902745469
pcfg_set,0.0,2,1800,0.11809274162775973
pcfg_set,0.0,2,1825,0.1314496665293417
pcfg_set,0.0,2,1850,0.12118831881468001
pcfg_set,0.0,2,1875,0.1132431834987407
pcfg_set,0.0,2,1900,0.12412324385591061
pcfg_set,0.0,2,1925,0.12646704539546033
pcfg_set,0.0,2,1950,0.12691669679841325
pcfg_set,0.0,2,1975,0.11836239921015458
pcfg_set,0.0,2,2000,0.1416246833862423
pcfg_set,0.0,3,0,0.07286095657915882
pcfg_set,0.0,3,25,0.07367276936953167
pcfg_set,0.0,3,50,0.055276997993857095
pcfg_set,0.0,3,75,0.05712914930082026
pcfg_set,0.0,3,100,0.07500803136728448
pcfg_set,0.0,3,125,0.08586240066559805
pcfg_set,0.0,3,150,0.08576006113066358
pcfg_set,0.0,3,175,0.08559830898696955
pcfg_set,0.0,3,200,0.09810030109266167
pcfg_set,0.0,3,225,0.10884817797815301
pcfg_set,0.0,3,250,0.10375507653418212
pcfg_set,0.0,3,275,0.09566427996276491
pcfg_set,0.0,3,300,0.11853543235980649
pcfg_set,0.0,3,325,0.11056858959017948
pcfg_set,0.0,3,350,0.11618318642373107
pcfg_set,0.0,3,375,0.10272888083242321
pcfg_set,0.0,3,400,0.12271069980143356
pcfg_set,0.0,3,425,0.10921148814531213
pcfg_set,0.0,3,450,0.13106580414809132
pcfg_set,0.0,3,475,0.10104702724925135
pcfg_set,0.0,3,500,0.14799119380314835
pcfg_set,0.0,3,525,0.13207850502418153
pcfg_set,0.0,3,550,0.11729483413499206
pcfg_set,0.0,3,575,0.13648272581415483
pcfg_set,0.0,3,600,0.12028719600361812
pcfg_set,0.0,3,625,0.12534214482321968
pcfg_set,0.0,3,650,0.12385462655853023
pcfg_set,0.0,3,675,0.12522591318637355
pcfg_set,0.0,3,700,0.14475855876499477
pcfg_set,0.0,3,725,0.13079122534140938
pcfg_set,0.0,3,750,0.14651415187508401
pcfg_set,0.0,3,775,0.12291630006290533
pcfg_set,0.0,3,800,0.12671887056489584
pcfg_set,0.0,3,825,0.14089149863580577
pcfg_set,0.0,3,850,0.13771174811260273
pcfg_set,0.0,3,875,0.11463694526760165
pcfg_set,0.0,3,900,0.13176185267051085
pcfg_set,0.0,3,925,0.13786319854202558
pcfg_set,0.0,3,950,0.12922992356023452
pcfg_set,0.0,3,975,0.12133254938580368
pcfg_set,0.0,3,1000,0.1261666853334579
pcfg_set,0.0,3,1025,0.14453208786064467
pcfg_set,0.0,3,1050,0.1352641311346267
pcfg_set,0.0,3,1075,0.1451090191776334
pcfg_set,0.0,3,1100,0.15033016932188567
pcfg_set,0.0,3,1125,0.1247661181392809
pcfg_set,0.0,3,1150,0.13435705361414646
pcfg_set,0.0,3,1175,0.13131560242565554
pcfg_set,0.0,3,1200,0.13055262013398464
pcfg_set,0.0,3,1225,0.13021095337132166
pcfg_set,0.0,3,1250,0.13072482695932305
pcfg_set,0.0,3,1275,0.12839812115884852
pcfg_set,0.0,3,1300,0.1277131548352265
pcfg_set,0.0,3,1325,0.13469368768170256
pcfg_set,0.0,3,1350,0.12990776730883058
pcfg_set,0.0,3,1375,0.13299613163996937
pcfg_set,0.0,3,1400,0.13784449112787067
pcfg_set,0.0,3,1425,0.11188678238230443
pcfg_set,0.0,3,1450,0.11778198138315368
pcfg_set,0.0,3,1475,0.12754445591943078
pcfg_set,0.0,3,1500,0.1198198835999781
pcfg_set,0.0,3,1525,0.12177653505294975
pcfg_set,0.0,3,1550,0.12899383634290018
pcfg_set,0.0,3,1575,0.12696850220860043
pcfg_set,0.0,3,1600,0.13799260834069338
pcfg_set,0.0,3,1625,0.1393691228472745
pcfg_set,0.0,3,1650,0.13715150915342428
pcfg_set,0.0,3,1675,0.12168434702448598
pcfg_set,0.0,3,1700,0.1236817322501112
pcfg_set,0.0,3,1725,0.12829192734185174
pcfg_set,0.0,3,1750,0.10923347194291856
pcfg_set,0.0,3,1775,0.11691505933164056
pcfg_set,0.0,3,1800,0.13364476518763616
pcfg_set,0.0,3,1825,0.13535184430990851
pcfg_set,0.0,3,1850,0.14039716786433917
pcfg_set,0.0,3,1875,0.11412500137782833
pcfg_set,0.0,3,1900,0.13045979841657138
pcfg_set,0.0,3,1925,0.12942598364179236
pcfg_set,0.0,3,1950,0.14053404467375386
pcfg_set,0.0,3,1975,0.12061553638833712
pcfg_set,0.0,3,2000,0.13611736814838388
pcfg_set,0.0,4,0,0.05695041776472444
pcfg_set,0.0,4,25,0.07505281079122063
pcfg_set,0.0,4,50,0.05824804404697196
pcfg_set,0.0,4,75,0.05597060820680716
pcfg_set,0.0,4,100,0.09904630102627762
pcfg_set,0.0,4,125,0.0796413721320216
pcfg_set,0.0,4,150,0.08457880966327375
pcfg_set,0.0,4,175,0.10663384637368653
pcfg_set,0.0,4,200,0.08524414022825394
pcfg_set,0.0,4,225,0.10279611590758518
pcfg_set,0.0,4,250,0.11096891935291867
pcfg_set,0.0,4,275,0.10895086151059676
pcfg_set,0.0,4,300,0.10967000481559974
pcfg_set,0.0,4,325,0.11233848884827437
pcfg_set,0.0,4,350,0.10554168729670559
pcfg_set,0.0,4,375,0.10694951524283233
pcfg_set,0.0,4,400,0.12791511657023613
pcfg_set,0.0,4,425,0.11783046988897038
pcfg_set,0.0,4,450,0.13006501784276703
pcfg_set,0.0,4,475,0.1210802338447224
pcfg_set,0.0,4,500,0.1175466618206081
pcfg_set,0.0,4,525,0.1361048524368194
pcfg_set,0.0,4,550,0.13295708503060605
pcfg_set,0.0,4,575,0.15708461667399704
pcfg_set,0.0,4,600,0.1342608013627171
pcfg_set,0.0,4,625,0.11543734102732396
pcfg_set,0.0,4,650,0.13840822283465395
pcfg_set,0.0,4,675,0.14406951502662427
pcfg_set,0.0,4,700,0.12606534306328362
pcfg_set,0.0,4,725,0.1439169818811909
pcfg_set,0.0,4,750,0.12269118885848829
pcfg_set,0.0,4,775,0.1215932160259216
pcfg_set,0.0,4,800,0.14087391687724357
pcfg_set,0.0,4,825,0.1301169000231099
pcfg_set,0.0,4,850,0.14192257125616248
pcfg_set,0.0,4,875,0.13008495632159114
pcfg_set,0.0,4,900,0.11393051546219993
pcfg_set,0.0,4,925,0.14056325263890826
pcfg_set,0.0,4,950,0.12487151297490287
pcfg_set,0.0,4,975,0.11852327630070421
pcfg_set,0.0,4,1000,0.12264484140474732
pcfg_set,0.0,4,1025,0.12391904774410162
pcfg_set,0.0,4,1050,0.12801039593614857
pcfg_set,0.0,4,1075,0.14079381113332676
pcfg_set,0.0,4,1100,0.11710980417536598
pcfg_set,0.0,4,1125,0.1254379800982623
pcfg_set,0.0,4,1150,0.13599125395045147
pcfg_set,0.0,4,1175,0.13785502204815117
pcfg_set,0.0,4,1200,0.14929521599223305
pcfg_set,0.0,4,1225,0.15825304996917336
pcfg_set,0.0,4,1250,0.13158374143613055
pcfg_set,0.0,4,1275,0.13463472927206852
pcfg_set,0.0,4,1300,0.15037022263770436
pcfg_set,0.0,4,1325,0.13449026267728162
pcfg_set,0.0,4,1350,0.11756570532639248
pcfg_set,0.0,4,1375,0.12960657845315468
pcfg_set,0.0,4,1400,0.11896434392676247
pcfg_set,0.0,4,1425,0.13847091499222697
pcfg_set,0.0,4,1450,0.11665723104224654
pcfg_set,0.0,4,1475,0.14285976308152554
pcfg_set,0.0,4,1500,0.13211652137727772
pcfg_set,0.0,4,1525,0.13372246082891628
pcfg_set,0.0,4,1550,0.1266050394163239
pcfg_set,0.0,4,1575,0.12267148932412758
pcfg_set,0.0,4,1600,0.13371145508319046
pcfg_set,0.0,4,1625,0.11644584449890642
pcfg_set,0.0,4,1650,0.12082234180421993
pcfg_set,0.0,4,1675,0.14124820765430965
pcfg_set,0.0,4,1700,0.1263967132393357
pcfg_set,0.0,4,1725,0.1401419769698789
pcfg_set,0.0,4,1750,0.12551800383262196
pcfg_set,0.0,4,1775,0.13184841309210515
pcfg_set,0.0,4,1800,0.15191727702950225
pcfg_set,0.0,4,1825,0.1141913983108937
pcfg_set,0.0,4,1850,0.1274175915830261
pcfg_set,0.0,4,1875,0.13627484680971494
pcfg_set,0.0,4,1900,0.132940110701466
pcfg_set,0.0,4,1925,0.1198863915893984
pcfg_set,0.0,4,1950,0.1245937410445497
pcfg_set,0.0,4,1975,0.12718800824511065
pcfg_set,0.0,4,2000,0.12642720449806252
pcfg_set,0.02,0,0,0.06632239111682778
pcfg_set,0.02,0,25,0.0766458301384139
pcfg_set,0.02,0,50,0.07104878167444016
pcfg_set,0.02,0,75,0.06677814623757981
pcfg_set,0.02,0,100,0.05591436729108185
pcfg_set,0.02,0,125,0.07855963252227581
pcfg_set,0.02,0,150,0.06733969185348826
pcfg_set,0.02,0,175,0.09138749006014656
pcfg_set,0.02,0,200,0.08411990881416347
pcfg_set,0.02,0,225,0.09703017000262994
pcfg_set,0.02,0,250,0.09581942235867859
pcfg_set,0.02,0,275,0.09332532872403676
pcfg_set,0.02,0,300,0.10670102017996905
pcfg_set,0.02,0,325,0.10008626682404043
pcfg_set,0.02,0,350,0.10862132311394136
pcfg_set,0.02,0,375,0.12208860112160153
pcfg_set,0.02,0,400,0.12912075671737244
pcfg_set,0.02,0,425,0.12248907069362125
pcfg_set,0.02,0,450,0.1395968415607358
pcfg_set,0.02,0,475,0.13947303418017407
pcfg_set,0.02,0,500,0.14715528748057646
pcfg_set,0.02,0,525,0.13118263304923614
pcfg_set,0.02,0,550,0.14165671370360666
pcfg_set,0.02,0,575,0.12076651189281962
pcfg_set,0.02,0,600,0.12142520453206981
pcfg_set,0.02,0,625,0.14499779837224056
pcfg_set,0.02,0,650,0.13497857978173125
pcfg_set,0.02,0,675,0.12846294544772432
pcfg_set,0.02,0,700,0.1277894189873942
pcfg_set,0.02,0,725,0.11752418081658755
pcfg_set,0.02,0,750,0.1407091816511945
pcfg_set,0.02,0,775,0.12877529861555548
pcfg_set,0.02,0,800,0.1319376805626168
pcfg_set,0.02,0,825,0.11613747793322987
pcfg_set,0.02,0,850,0.11397314512626058
pcfg_set,0.02,0,875,0.12919708334100277
pcfg_set,0.02,0,900,0.13872510390114728
pcfg_set,0.02,0,925,0.12222208845587118
pcfg_set,0.02,0,950,0.12783448760673924
pcfg_set,0.02,0,975,0.12175393526587905
pcfg_set,0.02,0,1000,0.10595052665364207
pcfg_set,0.02,0,1025,0.1334237636338327
pcfg_set,0.02,0,1050,0.1444472521413766
pcfg_set,0.02,0,1075,0.1568326707574309
pcfg_set,0.02,0,1100,0.11418619937951738
pcfg_set,0.02,0,1125,0.13526592302762283
pcfg_set,0.02,0,1150,0.13916032553979743
pcfg_set,0.02,0,1175,0.13153537171802793
pcfg_set,0.02,0,1200,0.12647156771957918
pcfg_set,0.02,0,1225,0.12567588807729443
pcfg_set,0.02,0,1250,0.13322716488257874
pcfg_set,0.02,0,1275,0.1167821142119351
pcfg_set,0.02,0,1300,0.10793617986694103
pcfg_set,0.02,0,1325,0.151567441659238
pcfg_set,0.02,0,1350,0.13683974934635312
pcfg_set,0.02,0,1375,0.13527086183137946
pcfg_set,0.02,0,1400,0.12973620257392696
pcfg_set,0.02,0,1425,0.12432649941965654
pcfg_set,0.02,0,1450,0.12383230345594828
pcfg_set,0.02,0,1475,0.1079529380734913
pcfg_set,0.02,0,1500,0.12290259940669078
pcfg_set,0.02,0,1525,0.14038188767911663
pcfg_set,0.02,0,1550,0.15344702307697816
pcfg_set,0.02,0,1575,0.11321999062750865
pcfg_set,0.02,0,1600,0.12544650824999287
pcfg_set,0.02,0,1625,0.12974623701594978
pcfg_set,0.02,0,1650,0.14397712576435834
pcfg_set,0.02,0,1675,0.13641601259060557
pcfg_set,0.02,0,1700,0.12381011309337452
pcfg_set,0.02,0,1725,0.12517061127291734
pcfg_set,0.02,0,1750,0.11895518525165089
pcfg_set,0.02,0,1775,0.12546440824644672
pcfg_set,0.02,0,1800,0.11941729430688541
pcfg_set,0.02,0,1825,0.13188963966389586
pcfg_set,0.02,0,1850,0.14863205227884296
pcfg_set,0.02,0,1875,0.14366270527556574
pcfg_set,0.02,0,1900,0.12989418969261793
pcfg_set,0.02,0,1925,0.12136953911674894
pcfg_set,0.02,0,1950,0.1298122828103487
pcfg_set,0.02,0,1975,0.12737324198658703
pcfg_set,0.02,0,2000,0.13545728634617918
pcfg_set,0.02,1,0,0.05455902956888698
pcfg_set,0.02,1,25,0.06877205880295582
pcfg_set,0.02,1,50,0.0738007542584103
pcfg_set,0.02,1,75,0.08544754569202193
pcfg_set,0.02,1,100,0.08233638642919715
pcfg_set,0.02,1,125,0.066101739181748
pcfg_set,0.02,1,150,0.09712081840342289
pcfg_set,0.02,1,175,0.10325728297397599
pcfg_set,0.02,1,200,0.08621874283425775
pcfg_set,0.02,1,225,0.09005963385861361
pcfg_set,0.02,1,250,0.10002589755620052
pcfg_set,0.02,1,275,0.09549700509048611
pcfg_set,0.02,1,300,0.10665075034375678
pcfg_set,0.02,1,325,0.11479040137121391
pcfg_set,0.02,1,350,0.12621115362613275
pcfg_set,0.02,1,375,0.11829616391690996
pcfg_set,0.02,1,400,0.13395891035066176
pcfg_set,0.02,1,425,0.11845849878967624
pcfg_set,0.02,1,450,0.11768486333663948
pcfg_set,0.02,1,475,0.11497975653009164
pcfg_set,0.02,1,500,0.1236177293084012
pcfg_set,0.02,1,525,0.1250197644534766
pcfg_set,0.02,1,550,0.1291074909366049
pcfg_set,0.02,1,575,0.134644706627689
pcfg_set,0.02,1,600,0.11977877937169358
pcfg_set,0.02,1,625,0.1363206215136945
pcfg_set,0.02,1,650,0.13148841277010168
pcfg_set,0.02,1,675,0.14607650620082926
pcfg_set,0.02,1,700,0.1501382760428258
pcfg_set,0.02,1,725,0.12430552816090851
pcfg_set,0.02,1,750,0.12465077549074022
pcfg_set,0.02,1,775,0.14068800391924535
pcfg_set,0.02,1,800,0.0992638131438184
pcfg_set,0.02,1,825,0.12971283732727173
pcfg_set,0.02,1,850,0.1111827515283815
pcfg_set,0.02,1,875,0.14427690402579146
pcfg_set,0.02,1,900,0.13377411103212117
pcfg_set,0.02,1,925,0.11815502025491832
pcfg_set,0.02,1,950,0.12239429182297518
pcfg_set,0.02,1,975,0.13281422736303727
pcfg_set,0.02,1,1000,0.13590141649491633
pcfg_set,0.02,1,1025,0.14988804617820298
pcfg_set,0.02,1,1050,0.13565647541175482
pcfg_set,0.02,1,1075,0.09959359518054382
pcfg_set,0.02,1,1100,0.14695858682603655
pcfg_set,0.02,1,1125,0.13398236073863065
pcfg_set,0.02,1,1150,0.1319926814369562
pcfg_set,0.02,1,1175,0.12753902282289337
pcfg_set,0.02,1,1200,0.09378762113644516
pcfg_set,0.02,1,1225,0.13010626317537152
pcfg_set,0.02,1,1250,0.1372654177907936
pcfg_set,0.02,1,1275,0.13000401423970673
pcfg_set,0.02,1,1300,0.12342494438156022
pcfg_set,0.02,1,1325,0.1287394207631433
pcfg_set,0.02,1,1350,0.124216782396457
pcfg_set,0.02,1,1375,0.14843208158987736
pcfg_set,0.02,1,1400,0.14791098108051925
pcfg_set,0.02,1,1425,0.11363940862171315
pcfg_set,0.02,1,1450,0.14122984442210412
pcfg_set,0.02,1,1475,0.11695815569037717
pcfg_set,0.02,1,1500,0.1416047604804958
pcfg_set,0.02,1,1525,0.1287252887294905
pcfg_set,0.02,1,1550,0.1450286925452551
pcfg_set,0.02,1,1575,0.1298570954812147
pcfg_set,0.02,1,1600,0.13957054082927708
pcfg_set,0.02,1,1625,0.12736674712037002
pcfg_set,0.02,1,1650,0.12688848048462584
pcfg_set,0.02,1,1675,0.13676367368147724
pcfg_set,0.02,1,1700,0.12585545575012805
pcfg_set,0.02,1,1725,0.13397908413590934
pcfg_set,0.02,1,1750,0.12600563572775747
pcfg_set,0.02,1,1775,0.11561364733256042
pcfg_set,0.02,1,1800,0.13561229489682244
pcfg_set,0.02,1,1825,0.13416716903949408
pcfg_set,0.02,1,1850,0.13292871772014728
pcfg_set,0.02,1,1875,0.1433432786534253
pcfg_set,0.02,1,1900,0.11594512942537047
pcfg_set,0.02,1,1925,0.1364608399323196
pcfg_set,0.02,1,1950,0.1433146499055726
pcfg_set,0.02,1,1975,0.12633884298437245
pcfg_set,0.02,1,2000,0.12503800269490756
pcfg_set,0.02,2,0,0.05851415689059764
pcfg_set,0.02,2,25,0.059169480919425615
pcfg_set,0.02,2,50,0.07251664767114697
pcfg_set,0.02,2,75,0.06805526314900057
pcfg_set,0.02,2,100,0.08082915175321147
pcfg_set,0.02,2,125,0.08522700552645798
pcfg_set,0.02,2,150,0.07532792724215487
pcfg_set,0.02,2,175,0.08850163659797429
pcfg_set,0.02,2,200,0.0812372557410374
pcfg_set,0.02,2,225,0.09677989466987802
pcfg_set,0.02,2,250,0.09340270311954597
pcfg_set,0.02,2,275,0.10142533443752884
pcfg_set,0.02,2,300,0.11878747872846128
pcfg_set,0.02,2,325,0.1267837205334249
pcfg_set,0.02,2,350,0.11058797455171523
pcfg_set,0.02,2,375,0.1201700851836348
pcfg_set,0.02,2,400,0.12021051747711939
pcfg_set,0.02,2,425,0.13442223625884075
pcfg_set,0.02,2,450,0.11102419515419246
pcfg_set,0.02,2,475,0.12321643407870816
pcfg_set,0.02,2,500,0.13729497340039887
pcfg_set,0.02,2,525,0.1256511177465845
pcfg_set,0.02,2,550,0.12451987984262662
pcfg_set,0.02,2,575,0.11812784436581386
pcfg_set,0.02,2,600,0.13473320719456072
pcfg_set,0.02,2,625,0.13768230906976628
pcfg_set,0.02,2,650,0.1431892967627224
pcfg_set,0.02,2,675,0.12471399333076584
pcfg_set,0.02,2,700,0.14029006206930758
pcfg_set,0.02,2,725,0.1394535848914602
pcfg_set,0.02,2,750,0.12756710822705553
pcfg_set,0.02,2,775,0.12358974465948686
pcfg_set,0.02,2,800,0.11073001204007851
pcfg_set,0.02,2,825,0.12124402134422566
pcfg_set,0.02,2,850,0.11399458107768749
pcfg_set,0.02,2,875,0.1503762855496657
pcfg_set,0.02,2,900,0.11315585368001951
pcfg_set,0.02,2,925,0.13665605747056842
pcfg_set,0.02,2,950,0.12419739003275079
pcfg_set,0.02,2,975,0.13853897136340906
pcfg_set,0.02,2,1000,0.13134788994074942
pcfg_set,0.02,2,1025,0.12034946319994384
pcfg_set,0.02,2,1050,0.13168465492251988
pcfg_set,0.02,2,1075,0.13460043717820908
pcfg_set,0.02,2,1100,0.13169829656401033
pcfg_set,0.02,2,1125,0.14374057400082565
pcfg_set,0.02,2,1150,0.1177736004017575
pcfg_set,0.02,2,1175,0.14258033737283599
pcfg_set,0.02,2,1200,0.13052414952754846
pcfg_set,0.02,2,1225,0.13332377493640574
pcfg_set,0.02,2,1250,0.13250470508261994
pcfg_set,0.02,2,1275,0.13796442301494466
pcfg_set,0.02,2,1300,0.13595197912193144
pcfg_set,0.02,2,1325,0.1250175673457316
pcfg_set,0.02,2,1350,0.13842855647614716
pcfg_set,0.02,2,1375,0.1465766783157889
pcfg_set,0.02,2,1400,0.11210133917349105
pcfg_set,0.02,2,1425,0.1264108132286483
pcfg_set,0.02,2,1450,0.13341424936567456
pcfg_set,0.02,2,1475,0.12069588538453398
pcfg_set,0.02,2,1500,0.12336850689256383
pcfg_set,0.02,2,1525,0.12958658850481877
pcfg_set,0.02,2,1550,0.12274806083389928
pcfg_set,0.02,2,1575,0.12257395316000376
pcfg_set,0.02,2,1600,0.13793416433709765
pcfg_set,0.02,2,1625,0.12125083652357983
pcfg_set,0.02,2,1650,0.1278692988001508
pcfg_set,0.02,2,1675,0.1249618757587362
pcfg_set,0.02,2,1700,0.1331548238114874
pcfg_set,0.02,2,1725,0.14844063251694783
pcfg_set,0.02,2,1750,0.11159306826332119
pcfg_set,0.02,2,1775,0.12273252012916853
pcfg_set,0.02,2,1800,0.11955263484261579
pcfg_set,0.02,2,1825,0.12309904099744008
pcfg_set,0.02,2,1850,0.12364358287325412
pcfg_set,0.02,2,1875,0.12923641904191135
pcfg_set,0.02,2,1900,0.1292537297291073
pcfg_set,0.02,2,1925,0.11992032081915614
pcfg_set,0.02,2,1950,0.12297114753940554
pcfg_set,0.02,2,1975,0.13850622896534734
pcfg_set,0.02,2,2000,0.14316051651714135
pcfg_set,0.02,3,0,0.05692104036754384
pcfg_set,0.02,3,25,0.04902891761568645
pcfg_set,0.02,3,50,0.0657958689931011
pcfg_set,0.02,3,75,0.07365986287525526
pcfg_set,0.02,3,100,0.06554531428905765
pcfg_set,0.02,3,125,0.08556187421452138
pcfg_set,0.02,3,150,0.08989056304621645
pcfg_set,0.02,3,175,0.0951752457348955
pcfg_set,0.02,3,200,0.09764182837829818
pcfg_set,0.02,3,225,0.09727994218617132
pcfg_set,0.02,3,250,0.10605236599021489
pcfg_set,0.02,3,275,0.11992200990756031
pcfg_set,0.02,3,300,0.09849769905262351
pcfg_set,0.02,3,325,0.10652151911685652
pcfg_set,0.02,3,350,0.1315898865080807
pcfg_set,0.02,3,375,0.11623857741394927
pcfg_set,0.02,3,400,0.11310304806813873
pcfg_set,0.02,3,425,0.1035178108514665
pcfg_set,0.02,3,450,0.13248801463556142
pcfg_set,0.02,3,475,0.13214505895234885
pcfg_set,0.02,3,500,0.11035020900637471
pcfg_set,0.02,3,525,0.11379026414938072
pcfg_set,0.02,3,550,0.14718930821242424
pcfg_set,0.02,3,575,0.13116832146738666
pcfg_set,0.02,3,600,0.12877370698797413
pcfg_set,0.02,3,625,0.13628584972484625
pcfg_set,0.02,3,650,0.14260316446552793
pcfg_set,0.02,3,675,0.12332775052680926
pcfg_set,0.02,3,700,0.13234990354874626
pcfg_set,0.02,3,725,0.11816045744708917
pcfg_set,0.02,3,750,0.1485213909133905
pcfg_set,0.02,3,775,0.11724614571686683
pcfg_set,0.02,3,800,0.12710899020293576
pcfg_set,0.02,3,825,0.15051054849854006
pcfg_set,0.02,3,850,0.14734323616648962
pcfg_set,0.02,3,875,0.12060340224591026
pcfg_set,0.02,3,900,0.13619530879783076
pcfg_set,0.02,3,925,0.1344323543321702
pcfg_set,0.02,3,950,0.12544357608342596
pcfg_set,0.02,3,975,0.1336674790647461
pcfg_set,0.02,3,1000,0.13566836445282857
pcfg_set,0.02,3,1025,0.12874044003581153
pcfg_set,0.02,3,1050,0.11889819107537422
pcfg_set,0.02,3,1075,0.13886656615131565
pcfg_set,0.02,3,1100,0.13818469416946735
pcfg_set,0.02,3,1125,0.12226552326913538
pcfg_set,0.02,3,1150,0.13754504271922322
pcfg_set,0.02,3,1175,0.13288670534404193
pcfg_set,0.02,3,1200,0.14192044517593846
pcfg_set,0.02,3,1225,0.12483282666815773
pcfg_set,0.02,3,1250,0.14253696733666274
pcfg_set,0.02,3,1275,0.12787737210256722
pcfg_set,0.02,3,1300,0.12895231471519233
pcfg_set,0.02,3,1325,0.13684350795153147
pcfg_set,0.02,3,1350,0.11539200748513087
pcfg_set,0.02,3,1375,0.13909957090232955
pcfg_set,0.02,3,1400,0.12846507579817035
pcfg_set,0.02,3,1425,0.13484314808254255
pcfg_set,0.02,3,1450,0.1379821456350653
pcfg_set,0.02,3,1475,0.12947952526500334
pcfg_set,0.02,3,1500,0.13157723225697587
pcfg_set,0.02,3,1525,0.11560583003090834
pcfg_set,0.02,3,1550,0.13246083911207965
pcfg_set,0.02,3,1575,0.1207452059547919
pcfg_set,0.02,3,1600,0.14789091828859502
pcfg_set,0.02,3,1625,0.13192205487140066
pcfg_set,0.02,3,1650,0.11513071951453932
pcfg_set,0.02,3,1675,0.12192527511213123
pcfg_set,0.02,3,1700,0.13955677839698996
pcfg_set,0.02,3,1725,0.12991658903397937
pcfg_set,0.02,3,1750,0.12190213332585369
pcfg_set,0.02,3,1775,0.1336430616342472
pcfg_set,0.02,3,1800,0.1278429951458464
pcfg_set,0.02,3,1825,0.12118608029584987
pcfg_set,0.02,3,1850,0.12432197010121356
pcfg_set,0.02,3,1875,0.13083237152543004
pcfg_set,0.02,3,1900,0.1343953579764653
pcfg_set,0.02,3,1925,0.11699521289776327
pcfg_set,0.02,3,1950,0.1396798356141659
pcfg_set,0.02,3,1975,0.13178432896637177
pcfg_set,0.02,3,2000,0.12568722065030352
pcfg_set,0.02,4,0,0.08102837537089327
pcfg_set,0.02,4,25,0.059353502578576814
pcfg_set,0.02,4,50,0.07647304083424852
pcfg_set,0.02,4,75,0.07372383442726742
pcfg_set,0.02,4,100,0.07316265203175196
pcfg_set,0.02,4,125,0.07185278006861295
pcfg_set,0.02,4,150,0.09849616295944595
pcfg_set,0.02,4,175,0.08074564371333781
pcfg_set,0.02,4,200,0.09515782703398262
pcfg_set,0.02,4,225,0.09997657905149535
pcfg_set,0.02,4,250,0.09169203237465878
pcfg_set,0.02,4,275,0.12265153553574462
pcfg_set,0.02,4,300,0.10361255843998746
pcfg_set,0.02,4,325,0.11392387907933674
pcfg_set,0.02,4,350,0.11092147179204685
pcfg_set,0.02,4,375,0.1294667886358617
pcfg_set,0.02,4,400,0.132834255901224
pcfg_set,0.02,4,425,0.13099078747435283
pcfg_set,0.02,4,450,0.12503334432655475
pcfg_set,0.02,4,475,0.14179433257585927
pcfg_set,0.02,4,500,0.11687605107606903
pcfg_set,0.02,4,525,0.11230386843085224
pcfg_set,0.02,4,550,0.13691794977338492
pcfg_set,0.02,4,575,0.13645814915451218
pcfg_set,0.02,4,600,0.148858189446674
pcfg_set,0.02,4,625,0.12043789108345176
pcfg_set,0.02,4,650,0.12879091475022222
pcfg_set,0.02,4,675,0.13902471902626512
pcfg_set,0.02,4,700,0.12491899075619624
pcfg_set,0.02,4,725,0.12301853436589202
pcfg_set,0.02,4,750,0.12212277879497035
pcfg_set,0.02,4,775,0.14087193358676725
pcfg_set,0.02,4,800,0.11194816743007717
pcfg_set,0.02,4,825,0.11847227507842614
pcfg_set,0.02,4,850,0.1288580181317741
pcfg_set,0.02,4,875,0.12842981985967486
pcfg_set,0.02,4,900,0.1369440614466696
pcfg_set,0.02,4,925,0.1383976725884311
pcfg_set,0.02,4,950,0.12048171010669148
pcfg_set,0.02,4,975,0.15122017899025453
pcfg_set,0.02,4,1000,0.11248499351719035
pcfg_set,0.02,4,1025,0.12248218708633905
pcfg_set,0.02,4,1050,0.13852973164183374
pcfg_set,0.02,4,1075,0.1214488726032462
pcfg_set,0.02,4,1100,0.1291475019230968
pcfg_set,0.02,4,1125,0.13938782442060274
pcfg_set,0.02,4,1150,0.13705352158689177
pcfg_set,0.02,4,1175,0.14078231580324982
pcfg_set,0.02,4,1200,0.1445307315945256
pcfg_set,0.02,4,1225,0.13022990187288644
pcfg_set,0.02,4,1250,0.1381967548768518
pcfg_set,0.02,4,1275,0.13306832175253724
pcfg_set,0.02,4,1300,0.10274077514051348
pcfg_set,0.02,4,1325,0.1319760800794233
pcfg_set,0.02,4,1350,0.12970498279550996
pcfg_set,0.02,4,1375,0.14095493769317957
pcfg_set,0.02,4,1400,0.12237359291966193
pcfg_set,0.02,4,1425,0.12578981574045567
pcfg_set,0.02,4,1450,0.1331657043933493
pcfg_set,0.02,4,1475,0.0976246601794019
pcfg_set,0.02,4,1500,0.1273274257489832
pcfg_set,0.02,4,1525,0.11596722466994995
pcfg_set,0.02,4,1550,0.1327018322948243
pcfg_set,0.02,4,1575,0.14186579955864637
pcfg_set,0.02,4,1600,0.12895240226541252
pcfg_set,0.02,4,1625,0.12109117137968234
pcfg_set,0.02,4,1650,0.14051209991270203
pcfg_set,0.02,4,1675,0.13820243635925145
pcfg_set,0.02,4,1700,0.12814459402034675
pcfg_set,0.02,4,1725,0.1166577120408908
pcfg_set,0.02,4,1750,0.14215944025843863
pcfg_set,0.02,4,1775,0.12105405618937576
pcfg_set,0.02,4,1800,0.13198419424007773
pcfg_set,0.02,4,1825,0.1280216371109164
pcfg_set,0.02,4,1850,0.12919301359895974
pcfg_set,0.02,4,1875,0.12355719207514808
pcfg_set,0.02,4,1900,0.14068458593826144
pcfg_set,0.02,4,1925,0.10201982756980665
pcfg_set,0.02,4,1950,0.12242659441877804
pcfg_set,0.02,4,1975,0.14526726503642917
pcfg_set,0.02,4,2000,0.12747873343233712
pcfg_set,0.025,0,0,0.07137981700800121
pcfg_set,0.025,0,25,0.06620438988900035
pcfg_set,0.025,0,50,0.06833767643912937
pcfg_set,0.025,0,75,0.10035664500124432
pcfg_set,0.025,0,100,0.11618366650371359
pcfg_set,0.025,0,125,0.13642367660606383
pcfg_set,0.025,0,150,0.18692911935065545
pcfg_set,0.025,0,175,0.2350265684111224
pcfg_set,0.025,0,200,0.31903609768968844
pcfg_set,0.025,0,225,0.4187866954783428
pcfg_set,0.025,0,250,0.48935672994621643
pcfg_set,0.025,0,275,0.5933216038639981
pcfg_set,0.025,0,300,0.6548189115947439
pcfg_set,0.025,0,325,0.7383477213508075
pcfg_set,0.025,0,350,0.7738289826066302
pcfg_set,0.025,0,375,0.8391474142907522
pcfg_set,0.025,0,400,0.8661834510328272
pcfg_set,0.025,0,425,0.8932682019882725
pcfg_set,0.025,0,450,0.8967409933993311
pcfg_set,0.025,0,475,0.9151858440365978
pcfg_set,0.025,0,500,0.922966330994513
pcfg_set,0.025,0,525,0.9118266729875808
pcfg_set,0.025,0,550,0.9285143134278329
pcfg_set,0.025,0,575,0.9122360278922769
pcfg_set,0.025,0,600,0.9271326721949499
pcfg_set,0.025,0,625,0.9168060081235302
pcfg_set,0.025,0,650,0.9394908980917973
pcfg_set,0.025,0,675,0.9262989879419546
pcfg_set,0.025,0,700,0.9334307602692077
pcfg_set,0.025,0,725,0.9269110676231107
pcfg_set,0.025,0,750,0.9319962026257823
pcfg_set,0.025,0,775,0.9276832127498827
pcfg_set,0.025,0,800,0.9242617171471263
pcfg_set,0.025,0,825,0.9225879117144906
pcfg_set,0.025,0,850,0.9561471461048495
pcfg_set,0.025,0,875,0.930269211059335
pcfg_set,0.025,0,900,0.9296183234167985
pcfg_set,0.025,0,925,0.9362686294195545
pcfg_set,0.025,0,950,0.92949013626689
pcfg_set,0.025,0,975,0.9241328009659563
pcfg_set,0.025,0,1000,0.9265245158426769
pcfg_set,0.025,0,1025,0.9173554820587462
pcfg_set,0.025,0,1050,0.9211318043657859
pcfg_set,0.025,0,1075,0.925036938128877
pcfg_set,0.025,0,1100,0.9096891329648791
pcfg_set,0.025,0,1125,0.9442727756510163
pcfg_set,0.025,0,1150,0.9357490877398662
pcfg_set,0.025,0,1175,0.9386472114277645
pcfg_set,0.025,0,1200,0.9144217600817683
pcfg_set,0.025,0,1225,0.9306668409480573
pcfg_set,0.025,0,1250,0.911837323127963
pcfg_set,0.025,0,1275,0.9195237504451422
pcfg_set,0.025,0,1300,0.9184970987607286
pcfg_set,0.025,0,1325,0.9305807513295558
pcfg_set,0.025,0,1350,0.9246849259493735
pcfg_set,0.025,0,1375,0.927484427990246
pcfg_set,0.025,0,1400,0.9410437314938905
pcfg_set,0.025,0,1425,0.939645150018973
pcfg_set,0.025,0,1450,0.9172379681156683
pcfg_set,0.025,0,1475,0.9361204388985894
pcfg_set,0.025,0,1500,0.9136152543732972
pcfg_set,0.025,0,1525,0.9276386170073325
pcfg_set,0.025,0,1550,0.9288104020783515
pcfg_set,0.025,0,1575,0.9281760872227731
pcfg_set,0.025,0,1600,0.9425513623887193
pcfg_set,0.025,0,1625,0.9333097126449942
pcfg_set,0.025,0,1650,0.9496634827372756
pcfg_set,0.025,0,1675,0.9281283452048856
pcfg_set,0.025,0,1700,0.9298297312674063
pcfg_set,0.025,0,1725,0.917658022666533
pcfg_set,0.025,0,1750,0.9212331744551212
pcfg_set,0.025,0,1775,0.9339043076286422
pcfg_set,0.025,0,1800,0.9141939082213452
pcfg_set,0.025,0,1825,0.9370066603408113
pcfg_set,0.025,0,1850,0.9285269091435945
pcfg_set,0.025,0,1875,0.9303102962412623
pcfg_set,0.025,0,1900,0.9309723063255995
pcfg_set,0.025,0,1925,0.9429613882834191
pcfg_set,0.025,0,1950,0.9274197875558143
pcfg_set,0.025,0,1975,0.9427491966195043
pcfg_set,0.025,0,2000,0.9263304399957718
pcfg_set,0.025,1,0,0.07731032224204995
pcfg_set,0.025,1,25,0.08709604908134226
pcfg_set,0.025,1,50,0.05999447301219103
pcfg_set,0.025,1,75,0.10623160682401118
pcfg_set,0.025,1,100,0.12955992067259411
pcfg_set,0.025,1,125,0.1551388887961583
pcfg_set,0.025,1,150,0.1805199817116077
pcfg_set,0.025,1,175,0.25518459493825646
pcfg_set,0.025,1,200,0.30623962927608
pcfg_set,0.025,1,225,0.40363237092881965
pcfg_set,0.025,1,250,0.48278841827038166
pcfg_set,0.025,1,275,0.5711460478681839
pcfg_set,0.025,1,300,0.6675746181655776
pcfg_set,0.025,1,325,0.729432497803454
pcfg_set,0.025,1,350,0.7900485240800889
pcfg_set,0.025,1,375,0.8423289342953356
pcfg_set,0.025,1,400,0.8679235741298309
pcfg_set,0.025,1,425,0.9045468101908272
pcfg_set,0.025,1,450,0.9101711992038746
pcfg_set,0.025,1,475,0.9027222336299191
pcfg_set,0.025,1,500,0.8851938629916869
pcfg_set,0.025,1,525,0.9122627354812315
pcfg_set,0.025,1,550,0.9288582249620015
pcfg_set,0.025,1,575,0.9249893588940031
pcfg_set,0.025,1,600,0.9177297104666788
pcfg_set,0.025,1,625,0.9188205285090529
pcfg_set,0.025,1,650,0.9444292323433272
pcfg_set,0.025,1,675,0.9467117610644725
pcfg_set,0.025,1,700,0.9304346145087147
pcfg_set,0.025,1,725,0.9221832632748916
pcfg_set,0.025,1,750,0.9278851976663285
pcfg_set,0.025,1,775,0.9464457406384561
pcfg_set,0.025,1,800,0.9455293346192969
pcfg_set,0.025,1,825,0.9380269160668812
pcfg_set,0.025,1,850,0.9208980074936669
pcfg_set,0.025,1,875,0.9252747717285336
pcfg_set,0.025,1,900,0.9356669347325968
pcfg_set,0.025,1,925,0.944351365420515
pcfg_set,0.025,1,950,0.9360741611043744
pcfg_set,0.025,1,975,0.9242270802501092
pcfg_set,0.025,1,1000,0.9296722827651377
pcfg_set,0.025,1,1025,0.9339400339881485
pcfg_set,0.025,1,1050,0.9545380755457851
pcfg_set,0.025,1,1075,0.9277905420378065
pcfg_set,0.025,1,1100,0.9408965685345613
pcfg_set,0.025,1,1125,0.9441775340203954
pcfg_set,0.025,1,1150,0.9463933871827334
pcfg_set,0.025,1,1175,0.9328366655824133
pcfg_set,0.025,1,1200,0.9368880373500383
pcfg_set,0.025,1,1225,0.9278262956275777
pcfg_set,0.025,1,1250,0.9438531000828245
pcfg_set,0.025,1,1275,0.9410819701219868
pcfg_set,0.025,1,1300,0.9336284043626221
pcfg_set,0.025,1,1325,0.9259126769408166
pcfg_set,0.025,1,1350,0.9543563772436636
pcfg_set,0.025,1,1375,0.9309584694318146
pcfg_set,0.025,1,1400,0.9085179243041784
pcfg_set,0.025,1,1425,0.930859232828482
pcfg_set,0.025,1,1450,0.9353450126774541
pcfg_set,0.025,1,1475,0.9326484381803682
pcfg_set,0.025,1,1500,0.9240529259427313
pcfg_set,0.025,1,1525,0.9264104910228463
pcfg_set,0.025,1,1550,0.9313609888436793
pcfg_set,0.025,1,1575,0.9605039478088688
pcfg_set,0.025,1,1600,0.9249582387082137
pcfg_set,0.025,1,1625,0.9276700999795352
pcfg_set,0.025,1,1650,0.9368181159806612
pcfg_set,0.025,1,1675,0.932772542879225
pcfg_set,0.025,1,1700,0.9211540132807231
pcfg_set,0.025,1,1725,0.945924883506867
pcfg_set,0.025,1,1750,0.9267224104892768
pcfg_set,0.025,1,1775,0.922238175434246
pcfg_set,0.025,1,1800,0.9266460001561928
pcfg_set,0.025,1,1825,0.9361673514645257
pcfg_set,0.025,1,1850,0.9363223258573103
pcfg_set,0.025,1,1875,0.9263055011898246
pcfg_set,0.025,1,1900,0.9434834435105436
pcfg_set,0.025,1,1925,0.9318800073914227
pcfg_set,0.025,1,1950,0.9308945954035944
pcfg_set,0.025,1,1975,0.9424237113359736
pcfg_set,0.025,1,2000,0.9199690821445726
pcfg_set,0.025,2,0,0.04057338587913628
pcfg_set,0.025,2,25,0.059756768368000104
pcfg_set,0.025,2,50,0.0748462304369069
pcfg_set,0.025,2,75,0.09847468863538184
pcfg_set,0.025,2,100,0.11254688279227784
pcfg_set,0.025,2,125,0.15148670605580725
pcfg_set,0.025,2,150,0.20539190892955703
pcfg_set,0.025,2,175,0.23291437845055915
pcfg_set,0.025,2,200,0.3166340372354154
pcfg_set,0.025,2,225,0.383552684216793
pcfg_set,0.025,2,250,0.47839447692543624
pcfg_set,0.025,2,275,0.5864515188861099
pcfg_set,0.025,2,300,0.6632861703426152
pcfg_set,0.025,2,325,0.7223710214283504
pcfg_set,0.025,2,350,0.7816395910055018
pcfg_set,0.025,2,375,0.8248061605718675
pcfg_set,0.025,2,400,0.8630643557000977
pcfg_set,0.025,2,425,0.8853087955387177
pcfg_set,0.025,2,450,0.8914451936519577
pcfg_set,0.025,2,475,0.9241268400321935
pcfg_set,0.025,2,500,0.9129959421817131
pcfg_set,0.025,2,525,0.9157798753946066
pcfg_set,0.025,2,550,0.9072700345212694
pcfg_set,0.025,2,575,0.9532793636637904
pcfg_set,0.025,2,600,0.9239705334295151
pcfg_set,0.025,2,625,0.9223624986014528
pcfg_set,0.025,2,650,0.9280056350014545
pcfg_set,0.025,2,675,0.9265462428867193
pcfg_set,0.025,2,700,0.92311843489208
pcfg_set,0.025,2,725,0.9160648314296467
pcfg_set,0.025,2,750,0.9495647877185097
pcfg_set,0.025,2,775,0.9316606315403139
pcfg_set,0.025,2,800,0.9417310613689344
pcfg_set,0.025,2,825,0.9446991224558364
pcfg_set,0.025,2,850,0.9353256046845676
pcfg_set,0.025,2,875,0.9466759448949191
pcfg_set,0.025,2,900,0.9301922429324418
pcfg_set,0.025,2,925,0.9414714064809371
pcfg_set,0.025,2,950,0.9281427180985746
pcfg_set,0.025,2,975,0.9245587284086841
pcfg_set,0.025,2,1000,0.9461802102108106
pcfg_set,0.025,2,1025,0.9115327227208297
pcfg_set,0.025,2,1050,0.9487689943516362
pcfg_set,0.025,2,1075,0.9365168442207155
pcfg_set,0.025,2,1100,0.9201639591153024
pcfg_set,0.025,2,1125,0.9333839747324355
pcfg_set,0.025,2,1150,0.9176632614188545
pcfg_set,0.025,2,1175,0.9231745126885469
pcfg_set,0.025,2,1200,0.9267149633137629
pcfg_set,0.025,2,1225,0.9299856577642794
pcfg_set,0.025,2,1250,0.9440570259231806
pcfg_set,0.025,2,1275,0.9141453105272696
pcfg_set,0.025,2,1300,0.9126460534190229
pcfg_set,0.025,2,1325,0.9288416970964168
pcfg_set,0.025,2,1350,0.9284940258247869
pcfg_set,0.025,2,1375,0.930141933129484
pcfg_set,0.025,2,1400,0.9228092693760763
pcfg_set,0.025,2,1425,0.9203764346872316
pcfg_set,0.025,2,1450,0.9302614983410882
pcfg_set,0.025,2,1475,0.9269423011905656
pcfg_set,0.025,2,1500,0.9263025489780595
pcfg_set,0.025,2,1525,0.9261405996539949
pcfg_set,0.025,2,1550,0.9214242343378133
pcfg_set,0.025,2,1575,0.9172016307995412
pcfg_set,0.025,2,1600,0.942286741795508
pcfg_set,0.025,2,1625,0.9492853845990252
pcfg_set,0.025,2,1650,0.9199313318960523
pcfg_set,0.025,2,1675,0.9317787047089231
pcfg_set,0.025,2,1700,0.9194415456367563
pcfg_set,0.025,2,1725,0.9191490377784013
pcfg_set,0.025,2,1750,0.9189667243366075
pcfg_set,0.025,2,1775,0.9208460494790143
pcfg_set,0.025,2,1800,0.9375769885724631
pcfg_set,0.025,2,1825,0.9442126449923854
pcfg_set,0.025,2,1850,0.9331988641213294
pcfg_set,0.025,2,1875,0.9186856216129539
pcfg_set,0.025,2,1900,0.9337549970898824
pcfg_set,0.025,2,1925,0.9380875421834829
pcfg_set,0.025,2,1950,0.9303928179268771
pcfg_set,0.025,2,1975,0.9276686184729508
pcfg_set,0.025,2,2000,0.9271890541220136
pcfg_set,0.025,3,0,0.06516985560024924
pcfg_set,0.025,3,25,0.07990073901652821
pcfg_set,0.025,3,50,0.07795096083392916
pcfg_set,0.025,3,75,0.09559712411470528
pcfg_set,0.025,3,100,0.1258516973292328
pcfg_set,0.025,3,125,0.14988730041249196
pcfg_set,0.025,3,150,0.20388171920323017
pcfg_set,0.025,3,175,0.24799487094058412
pcfg_set,0.025,3,200,0.325518167505332
pcfg_set,0.025,3,225,0.4028862257731352
pcfg_set,0.025,3,250,0.4734664156230188
pcfg_set,0.025,3,275,0.5941513889373158
pcfg_set,0.025,3,300,0.6563225838045804
pcfg_set,0.025,3,325,0.7314666170260931
pcfg_set,0.025,3,350,0.7961406018960344
pcfg_set,0.025,3,375,0.8167425371899671
pcfg_set,0.025,3,400,0.8679105637970477
pcfg_set,0.025,3,425,0.8661322612241695
pcfg_set,0.025,3,450,0.8916292051422684
pcfg_set,0.025,3,475,0.9120231873224184
pcfg_set,0.025,3,500,0.9094584312200987
pcfg_set,0.025,3,525,0.9046055213432186
pcfg_set,0.025,3,550,0.9301150114569249
pcfg_set,0.025,3,575,0.914605861088382
pcfg_set,0.025,3,600,0.9306478533926833
pcfg_set,0.025,3,625,0.92929811944368
pcfg_set,0.025,3,650,0.9206330191041019
pcfg_set,0.025,3,675,0.9315676485438267
pcfg_set,0.025,3,700,0.9314464129667319
pcfg_set,0.025,3,725,0.9189185810433342
pcfg_set,0.025,3,750,0.9358828038157684
pcfg_set,0.025,3,775,0.9331270182003935
pcfg_set,0.025,3,800,0.9310413806189564
pcfg_set,0.025,3,825,0.9185316349812891
pcfg_set,0.025,3,850,0.9255421943407299
pcfg_set,0.025,3,875,0.9431124453023607
pcfg_set,0.025,3,900,0.9217544300470996
pcfg_set,0.025,3,925,0.9311587853671133
pcfg_set,0.025,3,950,0.9329936452023484
pcfg_set,0.025,3,975,0.9344271194413443
pcfg_set,0.025,3,1000,0.9198685338825905
pcfg_set,0.025,3,1025,0.9179493577710185
pcfg_set,0.025,3,1050,0.921297697072303
pcfg_set,0.025,3,1075,0.9296474242647202
pcfg_set,0.025,3,1100,0.9348429710966695
pcfg_set,0.025,3,1125,0.9275501160228875
pcfg_set,0.025,3,1150,0.9259991089082639
pcfg_set,0.025,3,1175,0.9237555883834908
pcfg_set,0.025,3,1200,0.9188384499567939
pcfg_set,0.025,3,1225,0.9286745590006064
pcfg_set,0.025,3,1250,0.9122497330119994
pcfg_set,0.025,3,1275,0.921613351320081
pcfg_set,0.025,3,1300,0.9225626522638026
pcfg_set,0.025,3,1325,0.9443143848597545
pcfg_set,0.025,3,1350,0.9211421811182715
pcfg_set,0.025,3,1375,0.9208715319652118
pcfg_set,0.025,3,1400,0.9302182789729206
pcfg_set,0.025,3,1425,0.9268281726052354
pcfg_set,0.025,3,1450,0.9287840092029757
pcfg_set,0.025,3,1475,0.9362741114401392
pcfg_set,0.025,3,1500,0.9443058150701341
pcfg_set,0.025,3,1525,0.9249092476145137
pcfg_set,0.025,3,1550,0.9178156728172615
pcfg_set,0.025,3,1575,0.9175548298864836
pcfg_set,0.025,3,1600,0.9239197961928733
pcfg_set,0.025,3,1625,0.9450921601861166
pcfg_set,0.025,3,1650,0.9484149407736386
pcfg_set,0.025,3,1675,0.9307049781827996
pcfg_set,0.025,3,1700,0.9286067596598331
pcfg_set,0.025,3,1725,0.9221884497775048
pcfg_set,0.025,3,1750,0.9299632264339067
pcfg_set,0.025,3,1775,0.9270311225448202
pcfg_set,0.025,3,1800,0.9356829594783103
pcfg_set,0.025,3,1825,0.9236467764942091
pcfg_set,0.025,3,1850,0.9303038422395954
pcfg_set,0.025,3,1875,0.9396327352093871
pcfg_set,0.025,3,1900,0.9373221967280836
pcfg_set,0.025,3,1925,0.9302748165801793
pcfg_set,0.025,3,1950,0.9309985660792791
pcfg_set,0.025,3,1975,0.9296102340753328
pcfg_set,0.025,3,2000,0.931832628452982
pcfg_set,0.025,4,0,0.059414924421494306
pcfg_set,0.025,4,25,0.060475657648858025
pcfg_set,0.025,4,50,0.09396693258604398
pcfg_set,0.025,4,75,0.11431710704534666
pcfg_set,0.025,4,100,0.1116029966575393
pcfg_set,0.025,4,125,0.14842499982824334
pcfg_set,0.025,4,150,0.18131853879522258
pcfg_set,0.025,4,175,0.24481298452398734
pcfg_set,0.025,4,200,0.3048422649580614
pcfg_set,0.025,4,225,0.4057931619655268
pcfg_set,0.025,4,250,0.5016698037763876
pcfg_set,0.025,4,275,0.5685272950636381
pcfg_set,0.025,4,300,0.6638423017497769
pcfg_set,0.025,4,325,0.74036083597737
pcfg_set,0.025,4,350,0.8040621719979194
pcfg_set,0.025,4,375,0.8197550049296299
pcfg_set,0.025,4,400,0.8719247474046646
pcfg_set,0.025,4,425,0.8999945957176563
pcfg_set,0.025,4,450,0.8864025886426677
pcfg_set,0.025,4,475,0.9134861452008851
pcfg_set,0.025,4,500,0.9167629861288903
pcfg_set,0.025,4,525,0.9370730240056648
pcfg_set,0.025,4,550,0.934839589134766
pcfg_set,0.025,4,575,0.9433851113650723
pcfg_set,0.025,4,600,0.9254802280411322
pcfg_set,0.025,4,625,0.9325851287524641
pcfg_set,0.025,4,650,0.9348398014218692
pcfg_set,0.025,4,675,0.9336609817801064
pcfg_set,0.025,4,700,0.9092696585473135
pcfg_set,0.025,4,725,0.9269504059962728
pcfg_set,0.025,4,750,0.9380135009595847
pcfg_set,0.025,4,775,0.9301788535285024
pcfg_set,0.025,4,800,0.9293947313926649
pcfg_set,0.025,4,825,0.9292397663881274
pcfg_set,0.025,4,850,0.9238415021201669
pcfg_set,0.025,4,875,0.9549733551847984
pcfg_set,0.025,4,900,0.9385461352327337
pcfg_set,0.025,4,925,0.9399507331605831
pcfg_set,0.025,4,950,0.9405073453393478
pcfg_set,0.025,4,975,0.9324542150859512
pcfg_set,0.025,4,1000,0.9296026318568951
pcfg_set,0.025,4,1025,0.9280078263624882
pcfg_set,0.025,4,1050,0.9322679236739043
pcfg_set,0.025,4,1075,0.9401756982571767
pcfg_set,0.025,4,1100,0.94226994906147
pcfg_set,0.025,4,1125,0.9354239672409373
pcfg_set,0.025,4,1150,0.9189814968753939
pcfg_set,0.025,4,1175,0.930707112784482
pcfg_set,0.025,4,1200,0.9157891787353144
pcfg_set,0.025,4,1225,0.9229386560679161
pcfg_set,0.025,4,1250,0.9300265138229851
pcfg_set,0.025,4,1275,0.9287374370494819
pcfg_set,0.025,4,1300,0.9403144895003848
pcfg_set,0.025,4,1325,0.933572987195749
pcfg_set,0.025,4,1350,0.932246224871127
pcfg_set,0.025,4,1375,0.9384517664278496
pcfg_set,0.025,4,1400,0.9441581742746952
pcfg_set,0.025,4,1425,0.9046459996607068
pcfg_set,0.025,4,1450,0.9052331976472977
pcfg_set,0.025,4,1475,0.9162597968650169
pcfg_set,0.025,4,1500,0.9331724372721841
pcfg_set,0.025,4,1525,0.9244030680355404
pcfg_set,0.025,4,1550,0.9256918684790614
pcfg_set,0.025,4,1575,0.9477416673368013
pcfg_set,0.025,4,1600,0.9226690842006471
pcfg_set,0.025,4,1625,0.9253357547894642
pcfg_set,0.025,4,1650,0.9327839905322036
pcfg_set,0.025,4,1675,0.9392146802734234
pcfg_set,0.025,4,1700,0.9260824691847307
pcfg_set,0.025,4,1725,0.9273301600102318
pcfg_set,0.025,4,1750,0.9246856938107343
pcfg_set,0.025,4,1775,0.9490910148359439
pcfg_set,0.025,4,1800,0.9422534845370869
pcfg_set,0.025,4,1825,0.9256262766703657
pcfg_set,0.025,4,1850,0.921883012294131
pcfg_set,0.025,4,1875,0.9336869256160933
pcfg_set,0.025,4,1900,0.9157427600266601
pcfg_set,0.025,4,1925,0.9226023049830546
pcfg_set,0.025,4,1950,0.9337675660912936
pcfg_set,0.025,4,1975,0.9366254772795858
pcfg_set,0.025,4,2000,0.9393723858783497
pcfg_set,0.5,0,0,0.0597250764070542
pcfg_set,0.5,0,25,0.06281215847793048
pcfg_set,0.5,0,50,0.08927213139806174
pcfg_set,0.5,0,75,0.0845509297248218
pcfg_set,0.5,0,100,0.12311892980703902
pcfg_set,0.5,0,125,0.1440341586804011
pcfg_set,0.5,0,150,0.19109945864595584
pcfg_set,0.5,0,175,0.25367188699089643
pcfg_set,0.5,0,200,0.30110759163906387
pcfg_set,0.5,0,225,0.41357231417988555
pcfg_set,0.5,0,250,0.4930349141589687
pcfg_set,0.5,0,275,0.5659542344006607
pcfg_set,0.5,0,300,0.6500990605112711
pcfg_set,0.5,0,325,0.7281140823908939
pcfg_set,0.5,0,350,0.8139075902865984
pcfg_set,0.5,0,375,0.834528792025471
pcfg_set,0.5,0,400,0.8636655494707166
pcfg_set,0.5,0,425,0.8798687538015622
pcfg_set,0.5,0,450,0.8959458203234846
pcfg_set,0.5,0,475,0.9151186036023985
pcfg_set,0.5,0,500,0.9346094792891878
pcfg_set,0.5,0,525,0.9186271062667035
pcfg_set,0.5,0,550,0.9218404658252799
pcfg_set,0.5,0,575,0.9408370948530058
pcfg_set,0.5,0,600,0.9304833297465875
pcfg_set,0.5,0,625,0.9501539425715478
pcfg_set,0.5,0,650,0.9376911363650511
pcfg_set,0.5,0,675,0.9106798399090344
pcfg_set,0.5,0,700,0.9183863084941414
pcfg_set,0.5,0,725,0.9348226671867061
pcfg_set,0.5,0,750,0.9253699802786608
pcfg_set,0.5,0,775,0.938716364552279
pcfg_set,0.5,0,800,0.9207646113639315
pcfg_set,0.5,0,825,0.9339067126174057
pcfg_set,0.5,0,850,0.9324201342079085
pcfg_set,0.5,0,875,0.9336605669634808
pcfg_set,0.5,0,900,0.9205983752003379
pcfg_set,0.5,0,925,0.9162916665717603
pcfg_set,0.5,0,950,0.9381020818795303
pcfg_set,0.5,0,975,0.9261477962803502
pcfg_set,0.5,0,1000,0.9252554123770608
pcfg_set,0.5,0,1025,0.9415019899252108
pcfg_set,0.5,0,1050,0.9259882403047115
pcfg_set,0.5,0,1075,0.9292574812948928
pcfg_set,0.5,0,1100,0.9229412092663417
pcfg_set,0.5,0,1125,0.9326364029886532
pcfg_set,0.5,0,1150,0.9390968688208279
pcfg_set,0.5,0,1175,0.9283382287582485
pcfg_set,0.5,0,1200,0.9336287201118841
pcfg_set,0.5,0,1225,0.9192869859986853
pcfg_set,0.5,0,1250,0.9385627223204757
pcfg_set,0.5,0,1275,0.9219013908406973
pcfg_set,0.5,0,1300,0.9186297871795177
pcfg_set,0.5,0,1325,0.9358080800473969
pcfg_set,0.5,0,1350,0.9122244515678986
pcfg_set,0.5,0,1375,0.9202606000539788
pcfg_set,0.5,0,1400,0.9218478262395409
pcfg_set,0.5,0,1425,0.9201990249016493
pcfg_set,0.5,0,1450,0.9337474620726554
pcfg_set,0.5,0,1475,0.9325472520774899
pcfg_set,0.5,0,1500,0.9271275384144564
pcfg_set,0.5,0,1525,0.9199761782630155
pcfg_set,0.5,0,1550,0.9334011375673413
pcfg_set,0.5,0,1575,0.9482945994116392
pcfg_set,0.5,0,1600,0.9347573004804999
pcfg_set,0.5,0,1625,0.9392628163311113
pcfg_set,0.5,0,1650,0.92055309874279
pcfg_set,0.5,0,1675,0.9381245094121669
pcfg_set,0.5,0,1700,0.9377308945355419
pcfg_set,0.5,0,1725,0.940932624087625
pcfg_set,0.5,0,1750,0.9373049879619586
pcfg_set,0.5,0,1775,0.9254397730198286
pcfg_set,0.5,0,1800,0.9373692122601485
pcfg_set,0.5,0,1825,0.9186418313695127
pcfg_set,0.5,0,1850,0.9392440683919308
pcfg_set,0.5,0,1875,0.9373672119627782
pcfg_set,0.5,0,1900,0.9281280619537141
pcfg_set,0.5,0,1925,0.93151126266092
pcfg_set,0.5,0,1950,0.9299778644383053
pcfg_set,0.5,0,1975,0.9273952503235804
pcfg_set,0.5,0,2000,0.9166923740806567
pcfg_set,0.5,1,0,0.0735194821820786
pcfg_set,0.5,1,25,0.06817863440854567
pcfg_set,0.5,1,50,0.07469770173392977
pcfg_set,0.5,1,75,0.0919785228243849
pcfg_set,0.5,1,100,0.11808008040331466
pcfg_set,0.5,1,125,0.14911571050394967
pcfg_set,0.5,1,150,0.18388993242442003
pcfg_set,0.5,1,175,0.24366034309381174
pcfg_set,0.5,1,200,0.319417556709976
pcfg_set,0.5,1,225,0.392278102162423
pcfg_set,0.5,1,250,0.49255463240698183
pcfg_set,0.5,1,275,0.57510654105761
pcfg_set,0.5,1,300,0.6454099848649194
pcfg_set,0.5,1,325,0.744438150668006
pcfg_set,0.5,1,350,0.7923055996578504
pcfg_set,0.5,1,375,0.8321026451591252
pcfg_set,0.5,1,400,0.8667251029160856
pcfg_set,0.5,1,425,0.8613742750111856
pcfg_set,0.5,1,450,0.8804632525078021
pcfg_set,0.5,1,475,0.9088580158569523
pcfg_set,0.5,1,500,0.910246169675894
pcfg_set,0.5,1,525,0.9212723730202949
pcfg_set,0.5,1,550,0.9105180735182724
pcfg_set,0.5,1,575,0.9258853585950579
pcfg_set,0.5,1,600,0.9328116443920507
pcfg_set,0.5,1,625,0.9413399041314134
pcfg_set,0.5,1,650,0.9240195889007893
pcfg_set,0.5,1,675,0.9270611196990728
pcfg_set,0.5,1,700,0.9196945938874169
pcfg_set,0.5,1,725,0.9336242505108396
pcfg_set,0.5,1,750,0.9333603554700592
pcfg_set,0.5,1,775,0.9272865774344979
pcfg_set,0.5,1,800,0.9426245751678012
pcfg_set,0.5,1,825,0.9448939416576321
pcfg_set,0.5,1,850,0.9310130573876332
pcfg_set,0.5,1,875,0.9323785886661171
pcfg_set,0.5,1,900,0.9388813386216384
pcfg_set,0.5,1,925,0.9372335619114708
pcfg_set,0.5,1,950,0.9382035220364809
pcfg_set,0.5,1,975,0.9300098246006512
pcfg_set,0.5,1,1000,0.9427049348559337
pcfg_set,0.5,1,1025,0.9284990362937765
pcfg_set,0.5,1,1050,0.9388264599244616
pcfg_set,0.5,1,1075,0.9324170217043246
pcfg_set,0.5,1,1100,0.9387486554216063
pcfg_set,0.5,1,1125,0.9256599380613666
pcfg_set,0.5,1,1150,0.9246108081473645
pcfg_set,0.5,1,1175,0.9276518982509474
pcfg_set,0.5,1,1200,0.9270379123889602
pcfg_set,0.5,1,1225,0.9425359496855692
pcfg_set,0.5,1,1250,0.9299072068220579
pcfg_set,0.5,1,1275,0.9326563218627394
pcfg_set,0.5,1,1300,0.9225400090910809
pcfg_set,0.5,1,1325,0.9190683793107066
pcfg_set,0.5,1,1350,0.918737262174497
pcfg_set,0.5,1,1375,0.9270640671225964
pcfg_set,0.5,1,1400,0.9219783856384854
pcfg_set,0.5,1,1425,0.9336082052013371
pcfg_set,0.5,1,1450,0.9539377648170189
pcfg_set,0.5,1,1475,0.9272070118886907
pcfg_set,0.5,1,1500,0.9217292410723117
pcfg_set,0.5,1,1525,0.9192236512185993
pcfg_set,0.5,1,1550,0.9348481297385667
pcfg_set,0.5,1,1575,0.9165568271281007
pcfg_set,0.5,1,1600,0.9302948050134774
pcfg_set,0.5,1,1625,0.9372196716974649
pcfg_set,0.5,1,1650,0.9211995807322915
pcfg_set,0.5,1,1675,0.936278620623914
pcfg_set,0.5,1,1700,0.9215442238459598
pcfg_set,0.5,1,1725,0.9136718814702859
pcfg_set,0.5,1,1750,0.9367666717308321
pcfg_set,0.5,1,1775,0.9294474967730065
pcfg_set,0.5,1,1800,0.9299873731210069
pcfg_set,0.5,1,1825,0.9327585089346419
pcfg_set,0.5,1,1850,0.9205084573676794
pcfg_set,0.5,1,1875,0.9291150916212363
pcfg_set,0.5,1,1900,0.9115012113693842
pcfg_set,0.5,1,1925,0.9240750901059873
pcfg_set,0.5,1,1950,0.9291232026819133
pcfg_set,0.5,1,1975,0.9244145561067152
pcfg_set,0.5,1,2000,0.9196584878343466
pcfg_set,0.5,2,0,0.07882563922734095
pcfg_set,0.5,2,25,0.0558084286920838
pcfg_set,0.5,2,50,0.08032423059491332
pcfg_set,0.5,2,75,0.0854523699362255
pcfg_set,0.5,2,100,0.11788081322165035
pcfg_set,0.5,2,125,0.15459736692522988
pcfg_set,0.5,2,150,0.187275456144799
pcfg_set,0.5,2,175,0.2196607776664013
pcfg_set,0.5,2,200,0.32364623666549863
pcfg_set,0.5,2,225,0.4012127239215174
pcfg_set,0.5,2,250,0.4884882373271864
pcfg_set,0.5,2,275,0.5852221937382435
pcfg_set,0.5,2,300,0.6680937683005341
pcfg_set,0.5,2,325,0.7213259953734361
pcfg_set,0.5,2,350,0.7746550443865038
pcfg_set,0.5,2,375,0.8282452334415777
pcfg_set,0.5,2,400,0.8569142032678411
pcfg_set,0.5,2,425,0.894262285993915
pcfg_set,0.5,2,450,0.908039861446727
pcfg_set,0.5,2,475,0.9193691687743669
pcfg_set,0.5,2,500,0.928196833324644
pcfg_set,0.5,2,525,0.9108712151610433
pcfg_set,0.5,2,550,0.942369489750896
pcfg_set,0.5,2,575,0.9071624674360107
pcfg_set,0.5,2,600,0.9156066201749979
pcfg_set,0.5,2,625,0.9305702401491894
pcfg_set,0.5,2,650,0.9466925111131084
pcfg_set,0.5,2,675,0.9162398122509533
pcfg_set,0.5,2,700,0.9323687014442201
pcfg_set,0.5,2,725,0.9236496233209499
pcfg_set,0.5,2,750,0.9236603135702391
pcfg_set,0.5,2,775,0.9140463550553721
pcfg_set,0.5,2,800,0.9227161516746893
pcfg_set,0.5,2,825,0.9365679652670703
pcfg_set,0.5,2,850,0.9353541382385682
pcfg_set,0.5,2,875,0.93407992742249
pcfg_set,0.5,2,900,0.92642013409114
pcfg_set,0.5,2,925,0.9297941241434633
pcfg_set,0.5,2,950,0.9180193431578987
pcfg_set,0.5,2,975,0.9045689263838385
pcfg_set,0.5,2,1000,0.9453074977290097
pcfg_set,0.5,2,1025,0.9222011471498255
pcfg_set,0.5,2,1050,0.9316368454604047
pcfg_set,0.5,2,1075,0.93267052499295
pcfg_set,0.5,2,1100,0.9235530038217611
pcfg_set,0.5,2,1125,0.9213972722384604
pcfg_set,0.5,2,1150,0.9206353728614934
pcfg_set,0.5,2,1175,0.9226981797813969
pcfg_set,0.5,2,1200,0.9363841032140477
pcfg_set,0.5,2,1225,0.9331569818869117
pcfg_set,0.5,2,1250,0.9415780923420253
pcfg_set,0.5,2,1275,0.9432667032615144
pcfg_set,0.5,2,1300,0.9264938659127403
pcfg_set,0.5,2,1325,0.9290087094995877
pcfg_set,0.5,2,1350,0.9288174375683997
pcfg_set,0.5,2,1375,0.9127808315589833
pcfg_set,0.5,2,1400,0.9217556640993921
pcfg_set,0.5,2,1425,0.9419387487243872
pcfg_set,0.5,2,1450,0.9218054892115252
pcfg_set,0.5,2,1475,0.9362367099309772
pcfg_set,0.5,2,1500,0.934145331645141
pcfg_set,0.5,2,1525,0.938799333722953
pcfg_set,0.5,2,1550,0.9166320966928448
pcfg_set,0.5,2,1575,0.9183993504407529
pcfg_set,0.5,2,1600,0.9217367499893666
pcfg_set,0.5,2,1625,0.9288500223716758
pcfg_set,0.5,2,1650,0.9330151874569483
pcfg_set,0.5,2,1675,0.9328195570547092
pcfg_set,0.5,2,1700,0.9142555841564012
pcfg_set,0.5,2,1725,0.9411268292781878
pcfg_set,0.5,2,1750,0.928983235604819
pcfg_set,0.5,2,1775,0.9441332706340505
pcfg_set,0.5,2,1800,0.9226335948274933
pcfg_set,0.5,2,1825,0.9195352272848296
pcfg_set,0.5,2,1850,0.9428239870459877
pcfg_set,0.5,2,1875,0.9243065888756948
pcfg_set,0.5,2,1900,0.9240103813464774
pcfg_set,0.5,2,1925,0.9179271528501968
pcfg_set,0.5,2,1950,0.9374806547199935
pcfg_set,0.5,2,1975,0.9279209338240061
pcfg_set,0.5,2,2000,0.921248767562011
pcfg_set,0.5,3,0,0.08085768675918893
pcfg_set,0.5,3,25,0.06399645633208076
pcfg_set,0.5,3,50,0.08785967946048147
pcfg_set,0.5,3,75,0.09078858074039868
pcfg_set,0.5,3,100,0.11305502244100675
pcfg_set,0.5,3,125,0.15349281183797384
pcfg_set,0.5,3,150,0.2009993879461343
pcfg_set,0.5,3,175,0.2556475126499556
pcfg_set,0.5,3,200,0.3118962968653386
pcfg_set,0.5,3,225,0.41011445977031374
pcfg_set,0.5,3,250,0.496298952128121
pcfg_set,0.5,3,275,0.5849000338096388
pcfg_set,0.5,3,300,0.6740302042584146
pcfg_set,0.5,3,325,0.7170048669232134
pcfg_set,0.5,3,350,0.7843533465537901
pcfg_set,0.5,3,375,0.8352705013599392
pcfg_set,0.5,3,400,0.8670118629982904
pcfg_set,0.5,3,425,0.8793173115638527
pcfg_set,0.5,3,450,0.8921175269415262
pcfg_set,0.5,3,475,0.8976905911100111
pcfg_set,0.5,3,500,0.9283600963091342
pcfg_set,0.5,3,525,0.9257399334664553
pcfg_set,0.5,3,550,0.9129851813479226
pcfg_set,0.5,3,575,0.9053482022669217
pcfg_set,0.5,3,600,0.9183928866994933
pcfg_set,0.5,3,625,0.9254640798952997
pcfg_set,0.5,3,650,0.9286222524410771
pcfg_set,0.5,3,675,0.9358859671274148
pcfg_set,0.5,3,700,0.9241297039482298
pcfg_set,0.5,3,725,0.9360284742870537
pcfg_set,0.5,3,750,0.9270998676146722
pcfg_set,0.5,3,775,0.9363622508983735
pcfg_set,0.5,3,800,0.9459004080533209
pcfg_set,0.5,3,825,0.8994236278222945
pcfg_set,0.5,3,850,0.922944437367058
pcfg_set,0.5,3,875,0.9401747464031608
pcfg_set,0.5,3,900,0.9436048204754163
pcfg_set,0.5,3,925,0.9373296421254427
pcfg_set,0.5,3,950,0.9157402479329575
pcfg_set,0.5,3,975,0.9322637573753022
pcfg_set,0.5,3,1000,0.9279184168851439
pcfg_set,0.5,3,1025,0.9494262735974184
pcfg_set,0.5,3,1050,0.9296026482785831
pcfg_set,0.5,3,1075,0.9229551700552706
pcfg_set,0.5,3,1100,0.9313775591312248
pcfg_set,0.5,3,1125,0.9233165235974705
pcfg_set,0.5,3,1150,0.911258638212561
pcfg_set,0.5,3,1175,0.9135034000316632
pcfg_set,0.5,3,1200,0.9301440774287807
pcfg_set,0.5,3,1225,0.9326610504217412
pcfg_set,0.5,3,1250,0.9331986529525292
pcfg_set,0.5,3,1275,0.9396379998150474
pcfg_set,0.5,3,1300,0.9310995869344278
pcfg_set,0.5,3,1325,0.9389208853999055
pcfg_set,0.5,3,1350,0.9275475973068635
pcfg_set,0.5,3,1375,0.9426507351263087
pcfg_set,0.5,3,1400,0.9351462862480099
pcfg_set,0.5,3,1425,0.9427546930021449
pcfg_set,0.5,3,1450,0.9334225599786911
pcfg_set,0.5,3,1475,0.9183465199092735
pcfg_set,0.5,3,1500,0.9339308840659415
pcfg_set,0.5,3,1525,0.9250579010516664
pcfg_set,0.5,3,1550,0.9090650396643397
pcfg_set,0.5,3,1575,0.9130728898667612
pcfg_set,0.5,3,1600,0.9128042167995426
pcfg_set,0.5,3,1625,0.9431431993277652
pcfg_set,0.5,3,1650,0.9314266514631703
pcfg_set,0.5,3,1675,0.9339417411550532
pcfg_set,0.5,3,1700,0.9306344916015775
pcfg_set,0.5,3,1725,0.9215184378143261
pcfg_set,0.5,3,1750,0.9317027342809825
pcfg_set,0.5,3,1775,0.9480223412338163
pcfg_set,0.5,3,1800,0.9350061012627882
pcfg_set,0.5,3,1825,0.9173122687171746
pcfg_set,0.5,3,1850,0.931775154205569
pcfg_set,0.5,3,1875,0.9197966482642138
pcfg_set,0.5,3,1900,0.9253858011928426
pcfg_set,0.5,3,1925,0.9244665472584574
pcfg_set,0.5,3,1950,0.9254653163232653
pcfg_set,0.5,3,1975,0.9248647962908513
pcfg_set,0.5,3,2000,0.935716522764561
pcfg_set,0.5,4,0,0.051334181751778354
pcfg_set,0.5,4,25,0.07779782283163572
pcfg_set,0.5,4,50,0.08874659248126465
pcfg_set,0.5,4,75,0.10314366247829432
pcfg_set,0.5,4,100,0.11886194187385567
pcfg_set,0.5,4,125,0.16164697170088796
pcfg_set,0.5,4,150,0.19005352186827223
pcfg_set,0.5,4,175,0.25362977989721297
pcfg_set,0.5,4,200,0.3309034550662547
pcfg_set,0.5,4,225,0.3962314529600437
pcfg_set,0.5,4,250,0.4691206700514192
pcfg_set,0.5,4,275,0.5746090054272972
pcfg_set,0.5,4,300,0.6696675777480288
pcfg_set,0.5,4,325,0.738814232721752
pcfg_set,0.5,4,350,0.7951370634250889
pcfg_set,0.5,4,375,0.8223630206916925
pcfg_set,0.5,4,400,0.8657383431738856
pcfg_set,0.5,4,425,0.8622745050879057
pcfg_set,0.5,4,450,0.9040019664003163
pcfg_set,0.5,4,475,0.9037662417342031
pcfg_set,0.5,4,500,0.9091643631066127
pcfg_set,0.5,4,525,0.9178143757476639
pcfg_set,0.5,4,550,0.9227257571748112
pcfg_set,0.5,4,575,0.9048745366177596
pcfg_set,0.5,4,600,0.9207863343252755
pcfg_set,0.5,4,625,0.934251654607762
pcfg_set,0.5,4,650,0.9288320167272661
pcfg_set,0.5,4,675,0.9484177260718508
pcfg_set,0.5,4,700,0.9321816437876488
pcfg_set,0.5,4,725,0.9316435194738446
pcfg_set,0.5,4,750,0.9361860793251175
pcfg_set,0.5,4,775,0.9412377214043091
pcfg_set,0.5,4,800,0.928224027143991
pcfg_set,0.5,4,825,0.928200070936504
pcfg_set,0.5,4,850,0.921944702592073
pcfg_set,0.5,4,875,0.9291272209283041
pcfg_set,0.5,4,900,0.9261024665685831
pcfg_set,0.5,4,925,0.9370935312548807
pcfg_set,0.5,4,950,0.9396455164595376
pcfg_set,0.5,4,975,0.9442899049552156
pcfg_set,0.5,4,1000,0.9273721666621211
pcfg_set,0.5,4,1025,0.9262889741997307
pcfg_set,0.5,4,1050,0.9287725964706836
pcfg_set,0.5,4,1075,0.9349481348203393
pcfg_set,0.5,4,1100,0.9166629810738909
pcfg_set,0.5,4,1125,0.9414349772643881
pcfg_set,0.5,4,1150,0.9448130221032537
pcfg_set,0.5,4,1175,0.9220991544282662
pcfg_set,0.5,4,1200,0.9188593975735725
pcfg_set,0.5,4,1225,0.9169381393023951
pcfg_set,0.5,4,1250,0.9335174345420019
pcfg_set,0.5,4,1275,0.936540561193206
pcfg_set,0.5,4,1300,0.9124923555215887
pcfg_set,0.5,4,1325,0.9356850834319981
pcfg_set,0.5,4,1350,0.9502747910007365
pcfg_set,0.5,4,1375,0.9352696758302627
pcfg_set,0.5,4,1400,0.9380699335564573
pcfg_set,0.5,4,1425,0.9292708893542893
pcfg_set,0.5,4,1450,0.9139865868610682
pcfg_set,0.5,4,1475,0.9261795457284396
pcfg_set,0.5,4,1500,0.9402124173118659
pcfg_set,0.5,4,1525,0.9383999506172134
pcfg_set,0.5,4,1550,0.9283239392392872
pcfg_set,0.5,4,1575,0.934440336205382
pcfg_set,0.5,4,1600,0.92305483336313
pcfg_set,0.5,4,1625,0.9451144939061232
pcfg_set,0.5,4,1650,0.9220254992830291
pcfg_set,0.5,4,1675,0.9392724197947191
pcfg_set,0.5,4,1700,0.9334285106245322
pcfg_set,0.5,4,1725,0.9411970790748003
pcfg_set,0.5,4,1750,0.9397734615436779
pcfg_set,0.5,4,1775,0.9309774293513902
pcfg_set,0.5,4,1800,0.927818406311287
pcfg_set,0.5,4,1825,0.9273280106176849
pcfg_set,0.5,4,1850,0.9373292948444105
pcfg_set,0.5,4,1875,0.9254740471919177
pcfg_set,0.5,4,1900,0.9302942085537766
pcfg_set,0.5,4,1925,0.9297166857029749
pcfg_set,0.5,4,1950,0.9377343655560167
pcfg_set,0.5,4,1975,0.9447075997412114
pcfg_set,0.5,4,2000,0.9235367803585696
