run_id,tier,evidence_class,benchmark,arch,lambda,lambda_regime,seed,final_id_acc,final_ood_acc,mean_whitened_gca,top_hessian_eig,wall_clock_sec,status
1,tier_1_primary_change_point,primary,hbar,transformer_2l,0.0,subcritical,7,95.67147613762486,66.640625,0.9999999805386363,7.7762124419678e-06,10.930951356887817,PASS
2,tier_1_primary_change_point,primary,hbar,transformer_2l,0.0,subcritical,49,90.70548712206048,67.65625,0.999999995813699,0.0,10.89969778060913,PASS
3,tier_1_primary_change_point,primary,hbar,transformer_2l,0.0,subcritical,91,92.73927392739274,60.15625,1.0000000128558977,2.3326034352066927e-05,10.918884515762329,PASS
4,tier_1_primary_change_point,primary,hbar,transformer_2l,0.0,subcritical,133,95.58011049723757,69.296875,1.000000042677378,2.8604565159184858e-05,10.843164443969727,PASS
5,tier_1_primary_change_point,primary,hbar,transformer_2l,0.0,subcritical,175,94.14364640883977,60.0,1.0000000020511943,2.152258275600616e-06,10.878865718841553,PASS
6,tier_1_primary_change_point,primary,hbar,transformer_2l,0.0,subcritical,217,92.1259842519685,60.703125,1.0000000461306187,8.69411542225862e-06,10.879445791244507,PASS
7,tier_1_primary_change_point,primary,hbar,transformer_2l,0.0,subcritical,259,92.4092409240924,62.96874999999999,1.0000000257796404,2.6424236239108723e-06,10.872275114059448,PASS
8,tier_1_primary_change_point,primary,hbar,transformer_2l,0.0,subcritical,301,92.86510590858417,74.296875,1.0000000264730855,2.218419649580028e-05,10.871883869171143,PASS
9,tier_1_primary_change_point,primary,hbar,transformer_2l,0.0,subcritical,343,92.80261723009815,60.0,1.000000001395274,1.0007029231928755e-05,10.885058879852295,PASS
10,tier_1_primary_change_point,primary,hbar,transformer_2l,0.0,subcritical,385,93.28932893289328,60.546875,1.0000000431591851,1.410097502230201e-05,10.873178005218506,PASS
11,tier_1_primary_change_point,primary,hbar,transformer_2l,0.0,subcritical,427,94.32933478735005,66.484375,1.0000000245634444,9.479245636612177e-05,10.867610454559326,PASS
12,tier_1_primary_change_point,primary,hbar,transformer_2l,0.0,subcritical,469,92.53065774804905,62.03125000000001,1.00000003328638,4.578248262987472e-05,10.747795581817627,PASS
13,tier_1_primary_change_point,primary,hbar,transformer_2l,0.0,subcritical,511,92.66155531215772,60.0,0.9999999896904413,1.3220892469689716e-05,10.838764429092407,PASS
14,tier_1_primary_change_point,primary,hbar,transformer_2l,0.0,subcritical,553,96.78135405105438,61.328125,1.000000002923464,3.068929800065234e-05,10.766855716705322,PASS
15,tier_1_primary_change_point,primary,hbar,transformer_2l,0.0,subcritical,595,92.59668508287294,72.265625,0.9999999922904804,4.106992855668068e-05,10.851148843765259,PASS
16,tier_1_primary_change_point,primary,hbar,transformer_2l,0.0,subcritical,637,95.40873460246361,58.51562500000001,0.9999999816918579,1.785068161552772e-05,10.919371366500854,PASS
17,tier_1_primary_change_point,primary,hbar,transformer_2l,0.0,subcritical,679,91.5273132664437,60.15625,0.9999999850544697,6.81692617945373e-05,10.777092695236206,PASS
18,tier_1_primary_change_point,primary,hbar,transformer_2l,0.0,subcritical,721,94.40089585666294,71.640625,0.9999999838807417,4.018727850052528e-05,10.913888931274414,PASS
19,tier_1_primary_change_point,primary,hbar,transformer_2l,0.0,subcritical,763,92.68841394825647,56.25,1.0000000203103656,5.0316511988057755e-06,10.86671757698059,PASS
20,tier_1_primary_change_point,primary,hbar,transformer_2l,0.0,subcritical,805,94.41401971522454,64.296875,1.0000000086477938,6.625233072554693e-05,10.895240306854248,PASS
21,tier_1_primary_change_point,primary,hbar,transformer_2l,0.0,subcritical,847,91.1991199119912,67.109375,0.9999999677446484,1.5117409930098802e-05,10.729475975036621,PASS
22,tier_1_primary_change_point,primary,hbar,transformer_2l,0.0,subcritical,889,93.23882224645584,60.0,0.9999999744174758,3.391250720596872e-05,10.808868885040283,PASS
23,tier_1_primary_change_point,primary,hbar,transformer_2l,0.0,subcritical,931,96.80968096809681,54.37499999999999,0.9999999962465206,2.5931920390576124e-05,10.816033601760864,PASS
24,tier_1_primary_change_point,primary,hbar,transformer_2l,0.0,subcritical,973,96.24309392265194,56.32812499999999,0.9999999833119705,2.8251584808458574e-05,10.732286930084229,PASS
25,tier_1_primary_change_point,primary,hbar,transformer_2l,0.0,subcritical,1015,91.33858267716536,73.28125,0.9999999685028763,2.1006393581046723e-05,10.88888669013977,PASS
26,tier_1_primary_change_point,primary,hbar,transformer_2l,0.0,subcritical,1057,93.39305711086226,57.96875,0.9999999935416316,3.0108411010587588e-05,10.916727542877197,PASS
27,tier_1_primary_change_point,primary,hbar,transformer_2l,0.0,subcritical,1099,93.70165745856353,80.390625,0.9999999642664879,1.152500590251293e-05,10.73261547088623,PASS
28,tier_1_primary_change_point,primary,hbar,transformer_2l,0.0,subcritical,1141,94.56159822419534,62.265625,1.000000008208081,5.5463988246629015e-05,10.896707534790039,PASS
29,tier_1_primary_change_point,primary,hbar,transformer_2l,0.0,subcritical,1183,92.89678135405104,55.15624999999999,0.9999999714139972,1.438874278392177e-05,10.824606895446777,PASS
30,tier_1_primary_change_point,primary,hbar,transformer_2l,0.0,subcritical,1225,95.67147613762486,56.25,1.0000000010700842,1.2359680113149807e-05,10.925950527191162,PASS
31,tier_1_primary_change_point,primary,hbar,transformer_2l,0.015,subcritical,7,93.89567147613762,71.5625,0.0949519041827388,1.888907172542531e-05,19.263309001922607,PASS
32,tier_1_primary_change_point,primary,hbar,transformer_2l,0.015,subcritical,49,95.96864501679731,68.75,0.07204695799205559,1.9816048734355718e-05,19.16338062286377,PASS
33,tier_1_primary_change_point,primary,hbar,transformer_2l,0.015,subcritical,91,96.36963696369637,63.59375000000001,0.02023192428660022,1.744119253999088e-05,18.857470750808716,PASS
34,tier_1_primary_change_point,primary,hbar,transformer_2l,0.015,subcritical,133,95.13812154696133,87.578125,0.04617780260497883,1.4373820704349782e-05,18.939301252365112,PASS
35,tier_1_primary_change_point,primary,hbar,transformer_2l,0.015,subcritical,175,95.2486187845304,82.03125,-0.04676114335720524,4.532354068942368e-05,18.97653317451477,PASS
36,tier_1_primary_change_point,primary,hbar,transformer_2l,0.015,subcritical,217,95.83802024746907,70.390625,0.06376137032208895,4.516443732427433e-05,19.10503339767456,PASS
37,tier_1_primary_change_point,primary,hbar,transformer_2l,0.015,subcritical,259,91.96919691969197,82.8125,0.10503051563256856,6.442538051487645e-06,19.231711387634277,PASS
38,tier_1_primary_change_point,primary,hbar,transformer_2l,0.015,subcritical,301,95.31772575250837,63.74999999999999,0.05303259557995854,1.9607592548709363e-05,19.03999137878418,PASS
39,tier_1_primary_change_point,primary,hbar,transformer_2l,0.015,subcritical,343,92.36641221374046,67.65625,0.012975013312413977,5.474769750435371e-06,19.293338298797607,PASS
40,tier_1_primary_change_point,primary,hbar,transformer_2l,0.015,subcritical,385,96.69966996699671,63.74999999999999,0.02854339429845791,3.8850586861371994e-05,19.285003185272217,PASS
41,tier_1_primary_change_point,primary,hbar,transformer_2l,0.015,subcritical,427,92.25736095965104,60.0,0.018074319223749247,1.9123370975648868e-07,19.330233097076416,PASS
42,tier_1_primary_change_point,primary,hbar,transformer_2l,0.015,subcritical,469,93.19955406911929,62.57812499999999,0.1126997792802834,3.139218097203411e-05,19.333465576171875,PASS
43,tier_1_primary_change_point,primary,hbar,transformer_2l,0.015,subcritical,511,92.33296823658269,66.09375,0.09487232837527011,2.2383095711120404e-05,19.41352653503418,PASS
44,tier_1_primary_change_point,primary,hbar,transformer_2l,0.015,subcritical,553,93.45172031076582,75.78125,0.08519285431138383,0.00023900855740066618,19.29335355758667,PASS
45,tier_1_primary_change_point,primary,hbar,transformer_2l,0.015,subcritical,595,95.58011049723757,90.15625,0.05171238554040527,2.063353531411849e-05,19.155455112457275,PASS
46,tier_1_primary_change_point,primary,hbar,transformer_2l,0.015,subcritical,637,92.60918253079508,68.28125,0.07130354497451079,2.404789483989589e-05,19.24620532989502,PASS
47,tier_1_primary_change_point,primary,hbar,transformer_2l,0.015,subcritical,679,91.75027870680044,60.0,0.0867175651174686,3.470851879683323e-05,19.215847969055176,PASS
48,tier_1_primary_change_point,primary,hbar,transformer_2l,0.015,subcritical,721,94.62486002239642,63.74999999999999,0.04280589399684707,4.521637492871378e-06,19.141803741455078,PASS
49,tier_1_primary_change_point,primary,hbar,transformer_2l,0.015,subcritical,763,93.7007874015748,63.828125,0.05306717296521398,7.304281979259031e-08,19.032354831695557,PASS
50,tier_1_primary_change_point,primary,hbar,transformer_2l,0.015,subcritical,805,93.2092004381161,70.0,0.06594646573993714,5.1140337745891884e-05,19.211281299591064,PASS
51,tier_1_primary_change_point,primary,hbar,transformer_2l,0.015,subcritical,847,92.84928492849285,61.01562499999999,0.050261741362904906,3.370064587215893e-05,19.203320026397705,PASS
52,tier_1_primary_change_point,primary,hbar,transformer_2l,0.015,subcritical,889,93.5659760087241,60.546875,0.09401894210557225,1.3371682143770158e-05,19.10923194885254,PASS
53,tier_1_primary_change_point,primary,hbar,transformer_2l,0.015,subcritical,931,95.26952695269527,75.234375,0.09421902475668122,4.527221608441323e-05,19.23489546775818,PASS
54,tier_1_primary_change_point,primary,hbar,transformer_2l,0.015,subcritical,973,95.58011049723757,78.75,0.02902786760569631,2.370323818468023e-05,19.09410572052002,PASS
55,tier_1_primary_change_point,primary,hbar,transformer_2l,0.015,subcritical,1015,94.71316085489315,70.15625,0.10017985730296912,3.6635476135415956e-05,18.9056715965271,PASS
56,tier_1_primary_change_point,primary,hbar,transformer_2l,0.015,subcritical,1057,93.28107502799551,74.140625,0.0777856030732924,0.0,19.09975814819336,PASS
57,tier_1_primary_change_point,primary,hbar,transformer_2l,0.015,subcritical,1099,96.13259668508287,89.609375,0.04192828506195296,1.6156269339262508e-05,18.88159465789795,PASS
58,tier_1_primary_change_point,primary,hbar,transformer_2l,0.015,subcritical,1141,91.89789123196448,70.703125,-0.01871821192253452,1.574522684677504e-05,18.97113275527954,PASS
59,tier_1_primary_change_point,primary,hbar,transformer_2l,0.015,subcritical,1183,94.00665926748057,74.375,0.08987500206477662,4.4973098738410044e-06,19.043156385421753,PASS
60,tier_1_primary_change_point,primary,hbar,transformer_2l,0.015,subcritical,1225,95.56048834628191,76.25,0.05445869275797843,5.0944494432769716e-05,18.871983289718628,PASS
61,tier_1_primary_change_point,primary,hbar,transformer_2l,0.02,boundary,7,96.55937846836848,59.84374999999999,0.08260487264761239,4.7028312110342085e-05,18.801896810531616,PASS
62,tier_1_primary_change_point,primary,hbar,transformer_2l,0.02,boundary,49,95.74468085106383,87.03125,0.044381910229939765,7.397173249046318e-06,18.807153701782227,PASS
63,tier_1_primary_change_point,primary,hbar,transformer_2l,0.02,boundary,91,96.03960396039604,67.65625,-0.0040801613604454015,3.2184547308133915e-05,19.067331552505493,PASS
64,tier_1_primary_change_point,primary,hbar,transformer_2l,0.02,boundary,133,92.15469613259668,70.3125,0.014154227083315733,2.405202940281015e-05,18.871673583984375,PASS
65,tier_1_primary_change_point,primary,hbar,transformer_2l,0.02,boundary,175,94.9171270718232,71.25,0.08163306340585263,4.427634848980233e-05,18.87990689277649,PASS
66,tier_1_primary_change_point,primary,hbar,transformer_2l,0.02,boundary,217,95.16310461192352,60.0,0.08240947400737102,2.803808638418559e-05,18.80674719810486,PASS
67,tier_1_primary_change_point,primary,hbar,transformer_2l,0.02,boundary,259,93.94939493949394,81.796875,0.058267143853866964,6.5125373112095986e-06,18.949315786361694,PASS
68,tier_1_primary_change_point,primary,hbar,transformer_2l,0.02,boundary,301,93.75696767001115,66.328125,0.05368651649970816,2.457774280628655e-05,18.787693977355957,PASS
69,tier_1_primary_change_point,primary,hbar,transformer_2l,0.02,boundary,343,92.25736095965104,60.0,0.00017172941654295648,1.5612698916811496e-05,18.880604028701782,PASS
70,tier_1_primary_change_point,primary,hbar,transformer_2l,0.02,boundary,385,95.92959295929593,74.53125,0.10844833703670458,1.6213585695368238e-05,18.88403081893921,PASS
71,tier_1_primary_change_point,primary,hbar,transformer_2l,0.02,boundary,427,94.43838604143949,68.28125,0.06498888589450191,3.077937799389474e-05,18.685523509979248,PASS
72,tier_1_primary_change_point,primary,hbar,transformer_2l,0.02,boundary,469,95.9866220735786,69.84375,0.06920232974866108,2.829172990459483e-05,18.807013511657715,PASS
73,tier_1_primary_change_point,primary,hbar,transformer_2l,0.02,boundary,511,93.31872946330778,61.875,0.059741185284648134,1.7843698515207507e-05,18.789194345474243,PASS
74,tier_1_primary_change_point,primary,hbar,transformer_2l,0.02,boundary,553,93.89567147613762,48.90625,0.009692221812770414,0.0,18.80396604537964,PASS
75,tier_1_primary_change_point,primary,hbar,transformer_2l,0.02,boundary,595,95.58011049723757,72.34375,0.022911344581263,1.7172846128232777e-05,18.758071422576904,PASS
76,tier_1_primary_change_point,primary,hbar,transformer_2l,0.02,boundary,637,95.18477043673013,63.74999999999999,0.03602277669731154,6.304298040049616e-06,18.97333025932312,PASS
77,tier_1_primary_change_point,primary,hbar,transformer_2l,0.02,boundary,679,91.86176142697882,69.6875,0.03061487005141997,1.1039997843909077e-05,18.888805150985718,PASS
78,tier_1_primary_change_point,primary,hbar,transformer_2l,0.02,boundary,721,93.28107502799551,77.1875,0.0633892728131536,1.157537099061301e-05,18.90521550178528,PASS
79,tier_1_primary_change_point,primary,hbar,transformer_2l,0.02,boundary,763,92.57592800899887,71.25,0.028077269715403794,4.4589254684979096e-05,19.00688123703003,PASS
80,tier_1_primary_change_point,primary,hbar,transformer_2l,0.02,boundary,805,94.30449069003286,76.953125,0.05259621430820036,1.8123082554666325e-05,19.03475522994995,PASS
81,tier_1_primary_change_point,primary,hbar,transformer_2l,0.02,boundary,847,90.97909790979098,61.01562499999999,0.03932546464916458,4.126372004975565e-05,18.874602556228638,PASS
82,tier_1_primary_change_point,primary,hbar,transformer_2l,0.02,boundary,889,93.23882224645584,63.4375,0.11049394261688782,4.196795271127485e-05,18.742096185684204,PASS
83,tier_1_primary_change_point,primary,hbar,transformer_2l,0.02,boundary,931,96.36963696369637,71.875,0.08500007042987034,2.2658314264845103e-05,18.90366506576538,PASS
84,tier_1_primary_change_point,primary,hbar,transformer_2l,0.02,boundary,973,96.353591160221,60.0,0.10514035479468069,1.2967389011464547e-05,18.85079073905945,PASS
85,tier_1_primary_change_point,primary,hbar,transformer_2l,0.02,boundary,1015,95.50056242969629,62.734375,0.046162522750523745,2.5343551897094585e-05,18.83413863182068,PASS
86,tier_1_primary_change_point,primary,hbar,transformer_2l,0.02,boundary,1057,92.60918253079508,80.3125,0.0036136154081266303,0.0,18.8756742477417,PASS
87,tier_1_primary_change_point,primary,hbar,transformer_2l,0.02,boundary,1099,91.8232044198895,83.984375,0.04394030482262449,1.311525466007879e-05,18.722936153411865,PASS
88,tier_1_primary_change_point,primary,hbar,transformer_2l,0.02,boundary,1141,93.89567147613762,96.25,0.12549227931049364,6.176456372486427e-05,18.952192306518555,PASS
89,tier_1_primary_change_point,primary,hbar,transformer_2l,0.02,boundary,1183,92.89678135405104,76.640625,0.019460755219440823,2.2763062588637695e-05,18.890232801437378,PASS
90,tier_1_primary_change_point,primary,hbar,transformer_2l,0.02,boundary,1225,95.56048834628191,74.140625,0.051386756989541066,4.044753950438462e-05,18.800127029418945,PASS
91,tier_1_primary_change_point,primary,hbar,transformer_2l,0.025,boundary,7,91.89789123196448,74.375,0.05554058960962782,3.209637361578643e-05,18.858080863952637,PASS
92,tier_1_primary_change_point,primary,hbar,transformer_2l,0.025,boundary,49,95.96864501679731,95.78125,0.07557239461882777,9.32420607568929e-06,18.92216467857361,PASS
93,tier_1_primary_change_point,primary,hbar,transformer_2l,0.025,boundary,91,96.25962596259626,67.03125,0.08283691933698466,2.9961287509649992e-05,19.039613962173462,PASS
94,tier_1_primary_change_point,primary,hbar,transformer_2l,0.025,boundary,133,94.58563535911603,74.0625,0.05736080915829609,5.5998323659878224e-05,19.08773922920227,PASS
95,tier_1_primary_change_point,primary,hbar,transformer_2l,0.025,boundary,175,94.03314917127071,72.03125,0.04634520884478824,2.1166102669667453e-05,19.082316875457764,PASS
96,tier_1_primary_change_point,primary,hbar,transformer_2l,0.025,boundary,217,96.40044994375702,71.5625,0.10845744549589191,3.242004822823219e-05,19.276384353637695,PASS
97,tier_1_primary_change_point,primary,hbar,transformer_2l,0.025,boundary,259,95.04950495049505,70.390625,0.002155981747011649,6.171719724079594e-05,18.94153141975403,PASS
98,tier_1_primary_change_point,primary,hbar,transformer_2l,0.025,boundary,301,94.31438127090301,75.78125,0.05625750793861748,0.0,19.004707098007202,PASS
99,tier_1_primary_change_point,primary,hbar,transformer_2l,0.025,boundary,343,94.87459105779716,64.296875,-0.0028382615034033658,2.8953110813745297e-05,18.957998514175415,PASS
100,tier_1_primary_change_point,primary,hbar,transformer_2l,0.025,boundary,385,95.59955995599559,67.65625,0.03986697511252049,2.413719084870536e-05,18.772981643676758,PASS
101,tier_1_primary_change_point,primary,hbar,transformer_2l,0.025,boundary,427,91.93020719738277,69.375,0.0895918619640303,1.484472431911854e-05,18.99864625930786,PASS
102,tier_1_primary_change_point,primary,hbar,transformer_2l,0.025,boundary,469,92.19620958751393,67.578125,0.057987007909977795,2.7162677724845707e-05,18.995070934295654,PASS
103,tier_1_primary_change_point,primary,hbar,transformer_2l,0.025,boundary,511,93.31872946330778,62.890625,0.06004921842035784,1.157078531832667e-05,18.96430492401123,PASS
104,tier_1_primary_change_point,primary,hbar,transformer_2l,0.025,boundary,553,95.44950055493896,83.125,0.04588593894552958,0.0,19.175340175628662,PASS
105,tier_1_primary_change_point,primary,hbar,transformer_2l,0.025,boundary,595,93.70165745856353,87.65625,-0.022783845064351466,3.694528231790173e-06,19.102251052856445,PASS
106,tier_1_primary_change_point,primary,hbar,transformer_2l,0.025,boundary,637,95.40873460246361,63.125,0.062416112767750276,1.1839111721201334e-05,19.00398063659668,PASS
107,tier_1_primary_change_point,primary,hbar,transformer_2l,0.025,boundary,679,91.75027870680044,72.109375,-0.006618975818028404,7.075736903061625e-06,19.180217266082764,PASS
108,tier_1_primary_change_point,primary,hbar,transformer_2l,0.025,boundary,721,94.2889137737962,60.0,0.021686085965793005,1.3137390851625241e-05,19.148582935333252,PASS
109,tier_1_primary_change_point,primary,hbar,transformer_2l,0.025,boundary,763,92.68841394825647,76.25,0.0340318295565493,1.7125792510341853e-05,19.049858331680298,PASS
110,tier_1_primary_change_point,primary,hbar,transformer_2l,0.025,boundary,805,96.49507119386638,77.578125,0.11582931404200464,2.362962368351873e-05,19.068543195724487,PASS
111,tier_1_primary_change_point,primary,hbar,transformer_2l,0.025,boundary,847,92.62926292629263,53.98437499999999,0.016773210921081524,1.2697020792984404e-05,18.957481861114502,PASS
112,tier_1_primary_change_point,primary,hbar,transformer_2l,0.025,boundary,889,93.23882224645584,65.859375,0.03895410031998126,4.7192617785185575e-05,19.16731071472168,PASS
113,tier_1_primary_change_point,primary,hbar,transformer_2l,0.025,boundary,931,96.03960396039604,76.09375,0.07649918583848274,4.828357123187743e-05,18.966063976287842,PASS
114,tier_1_primary_change_point,primary,hbar,transformer_2l,0.025,boundary,973,96.353591160221,60.07812500000001,0.06988105437811114,3.6181187169859186e-05,18.95425271987915,PASS
115,tier_1_primary_change_point,primary,hbar,transformer_2l,0.025,boundary,1015,95.61304836895388,71.484375,0.01929829563160447,6.1064661167620216e-06,18.938838958740234,PASS
116,tier_1_primary_change_point,primary,hbar,transformer_2l,0.025,boundary,1057,92.72116461366181,76.328125,0.046141307458373644,4.2094121454283595e-05,18.904698371887207,PASS
117,tier_1_primary_change_point,primary,hbar,transformer_2l,0.025,boundary,1099,91.71270718232044,87.734375,-0.005349008956951486,2.6951063773594797e-05,18.937151193618774,PASS
118,tier_1_primary_change_point,primary,hbar,transformer_2l,0.025,boundary,1141,91.56492785793563,64.53125,0.012908704720512048,1.733690260152798e-05,18.937387943267822,PASS
119,tier_1_primary_change_point,primary,hbar,transformer_2l,0.025,boundary,1183,92.78579356270811,60.0,0.06344515410313485,1.0080694664793555e-05,18.95328688621521,PASS
120,tier_1_primary_change_point,primary,hbar,transformer_2l,0.025,boundary,1225,95.338512763596,94.609375,0.07292432262406605,0.00022325594909489155,18.9568829536438,PASS
121,tier_1_primary_change_point,primary,hbar,transformer_2l,0.03,boundary,7,96.44839067702553,76.25,0.08794452329599745,4.766328856931068e-05,19.000434637069702,PASS
122,tier_1_primary_change_point,primary,hbar,transformer_2l,0.03,boundary,49,92.83314669652856,82.734375,0.007580272260857724,4.121223173569888e-05,19.02533459663391,PASS
123,tier_1_primary_change_point,primary,hbar,transformer_2l,0.03,boundary,91,92.73927392739274,73.828125,0.05781918587045013,7.388827361864969e-05,19.04354166984558,PASS
124,tier_1_primary_change_point,primary,hbar,transformer_2l,0.03,boundary,133,92.04419889502763,88.4375,0.04840916857848706,2.5643983462941833e-05,19.085776329040527,PASS
125,tier_1_primary_change_point,primary,hbar,transformer_2l,0.03,boundary,175,93.92265193370166,73.59375,0.08111637434944352,1.975867780856788e-05,19.074683904647827,PASS
126,tier_1_primary_change_point,primary,hbar,transformer_2l,0.03,boundary,217,93.7007874015748,66.40625,-0.00951365326918652,3.0458490073215216e-05,19.1194748878479,PASS
127,tier_1_primary_change_point,primary,hbar,transformer_2l,0.03,boundary,259,95.59955995599559,74.296875,0.04288192474745531,2.5517107133055106e-05,19.027027368545532,PASS
128,tier_1_primary_change_point,primary,hbar,transformer_2l,0.03,boundary,301,94.42586399108139,71.40625,0.09595491223812296,8.86502857611049e-06,18.96570372581482,PASS
129,tier_1_primary_change_point,primary,hbar,transformer_2l,0.03,boundary,343,94.00218102508178,76.25,0.036782564281861656,1.8321490642847493e-05,19.058971405029297,PASS
130,tier_1_primary_change_point,primary,hbar,transformer_2l,0.03,boundary,385,94.05940594059405,72.8125,0.015836218542552318,1.4489321074506734e-05,18.946171045303345,PASS
131,tier_1_primary_change_point,primary,hbar,transformer_2l,0.03,boundary,427,95.63794983642312,71.71875,0.047092858917799574,4.20119431510102e-05,19.162627458572388,PASS
132,tier_1_primary_change_point,primary,hbar,transformer_2l,0.03,boundary,469,95.09476031215162,63.74999999999999,0.03576737115882422,6.713861694152001e-06,19.23043131828308,PASS
133,tier_1_primary_change_point,primary,hbar,transformer_2l,0.03,boundary,511,94.85213581599123,61.484375,0.04614193109669901,3.221717634005472e-05,18.905672073364258,PASS
134,tier_1_primary_change_point,primary,hbar,transformer_2l,0.03,boundary,553,96.44839067702553,66.328125,0.012752544846750874,2.1579156964435242e-05,19.046139240264893,PASS
135,tier_1_primary_change_point,primary,hbar,transformer_2l,0.03,boundary,595,95.02762430939227,75.0,0.0068582466566558505,0.0,19.124830722808838,PASS
136,tier_1_primary_change_point,primary,hbar,transformer_2l,0.03,boundary,637,93.39305711086226,60.0,0.03145786484293569,1.1700656614266336e-05,20.040717363357544,PASS
137,tier_1_primary_change_point,primary,hbar,transformer_2l,0.03,boundary,679,91.5273132664437,74.0625,0.04072670266588798,1.7107196981669404e-05,20.174940824508667,PASS
138,tier_1_primary_change_point,primary,hbar,transformer_2l,0.03,boundary,721,91.6013437849944,60.0,0.10253441150620497,4.608640665537678e-06,20.990288257598877,PASS
139,tier_1_primary_change_point,primary,hbar,transformer_2l,0.03,boundary,763,92.68841394825647,72.5,-0.0021924889308221934,5.144027454662137e-06,20.484886407852173,PASS
140,tier_1_primary_change_point,primary,hbar,transformer_2l,0.03,boundary,805,96.49507119386638,79.140625,0.11691410832934712,6.547115481225774e-05,20.594589948654175,PASS
141,tier_1_primary_change_point,primary,hbar,transformer_2l,0.03,boundary,847,92.18921892189219,69.84375,0.011467034271446576,1.5184755284280982e-05,20.325262308120728,PASS
142,tier_1_primary_change_point,primary,hbar,transformer_2l,0.03,boundary,889,93.5659760087241,72.1875,0.04541891300095572,1.518136832601158e-05,20.242892742156982,PASS
143,tier_1_primary_change_point,primary,hbar,transformer_2l,0.03,boundary,931,96.03960396039604,74.6875,0.12290577056193462,6.748222222086042e-05,20.248961687088013,PASS
144,tier_1_primary_change_point,primary,hbar,transformer_2l,0.03,boundary,973,93.8121546961326,74.765625,0.08900204282628466,5.5202774092322215e-05,19.881877660751343,PASS
145,tier_1_primary_change_point,primary,hbar,transformer_2l,0.03,boundary,1015,94.71316085489315,71.328125,0.05330292739467191,1.099819019145798e-05,19.981420516967773,PASS
146,tier_1_primary_change_point,primary,hbar,transformer_2l,0.03,boundary,1057,95.85666293393056,74.296875,0.011030746872324318,2.7840340408147313e-05,19.58242154121399,PASS
147,tier_1_primary_change_point,primary,hbar,transformer_2l,0.03,boundary,1099,92.04419889502763,62.03125000000001,0.0019220780452281112,4.39342184108682e-05,20.17489790916443,PASS
148,tier_1_primary_change_point,primary,hbar,transformer_2l,0.03,boundary,1141,91.23196448390676,72.5,0.06940534232852527,5.999572749715298e-06,20.4261736869812,PASS
149,tier_1_primary_change_point,primary,hbar,transformer_2l,0.03,boundary,1183,92.89678135405104,68.28125,0.049863626018485596,1.5320021702791564e-05,20.424651861190796,PASS
150,tier_1_primary_change_point,primary,hbar,transformer_2l,0.03,boundary,1225,94.6725860155383,90.859375,0.1006148117338762,4.959184298058972e-05,20.55237340927124,PASS
151,tier_1_primary_change_point,primary,hbar,transformer_2l,0.5,supercritical,7,90.2330743618202,92.96875,0.05171064543163847,6.401103019015864e-05,20.57633662223816,PASS
152,tier_1_primary_change_point,primary,hbar,transformer_2l,0.5,supercritical,49,92.1612541993281,87.5,0.026714555147345793,2.8143385861767456e-05,20.339542627334595,PASS
153,tier_1_primary_change_point,primary,hbar,transformer_2l,0.5,supercritical,91,96.14961496149616,76.25,0.04277374926490065,4.757427450385876e-05,20.187934398651123,PASS
154,tier_1_primary_change_point,primary,hbar,transformer_2l,0.5,supercritical,133,91.2707182320442,95.390625,0.016060678465005678,2.2971045837039128e-05,20.41376543045044,PASS
155,tier_1_primary_change_point,primary,hbar,transformer_2l,0.5,supercritical,175,96.24309392265194,88.046875,0.04052200281853977,6.477200804511085e-05,20.18233060836792,PASS
156,tier_1_primary_change_point,primary,hbar,transformer_2l,0.5,supercritical,217,95.95050618672666,70.78125,0.04379133545229283,2.0532470443868078e-05,20.438267469406128,PASS
157,tier_1_primary_change_point,primary,hbar,transformer_2l,0.5,supercritical,259,95.92959295929593,82.03125,0.047795720735288705,0.0,20.72681427001953,PASS
158,tier_1_primary_change_point,primary,hbar,transformer_2l,0.5,supercritical,301,94.7603121516165,76.25,-0.06907340405690333,1.3482715075952001e-05,21.700288772583008,PASS
159,tier_1_primary_change_point,primary,hbar,transformer_2l,0.5,supercritical,343,93.5659760087241,76.484375,0.005926264305417798,4.7130866732914e-05,23.068395853042603,PASS
160,tier_1_primary_change_point,primary,hbar,transformer_2l,0.5,supercritical,385,93.83938393839384,80.0,0.06744408997710215,6.196389585966244e-05,22.9284987449646,PASS
161,tier_1_primary_change_point,primary,hbar,transformer_2l,0.5,supercritical,427,95.63794983642312,70.703125,0.05859546497486881,0.0,22.90842294692993,PASS
162,tier_1_primary_change_point,primary,hbar,transformer_2l,0.5,supercritical,469,94.31438127090301,65.546875,0.11572378977671587,4.354256816441193e-06,22.838504552841187,PASS
163,tier_1_primary_change_point,primary,hbar,transformer_2l,0.5,supercritical,511,92.7710843373494,76.25,0.10655069547233216,2.5845816708169878e-05,23.13051438331604,PASS
164,tier_1_primary_change_point,primary,hbar,transformer_2l,0.5,supercritical,553,95.67147613762486,70.390625,0.06934118671670046,3.683062823256478e-05,23.07559299468994,PASS
165,tier_1_primary_change_point,primary,hbar,transformer_2l,0.5,supercritical,595,96.353591160221,86.171875,0.05709202766039557,4.146603532717563e-05,22.994322538375854,PASS
166,tier_1_primary_change_point,primary,hbar,transformer_2l,0.5,supercritical,637,95.07278835386337,75.46875,0.028302019098787354,1.7578789993422106e-05,23.114062070846558,PASS
167,tier_1_primary_change_point,primary,hbar,transformer_2l,0.5,supercritical,679,93.08807134894091,76.640625,0.06640287533702376,7.767077477183193e-06,22.804426193237305,PASS
168,tier_1_primary_change_point,primary,hbar,transformer_2l,0.5,supercritical,721,95.96864501679731,90.46875,-0.007624017312478827,0.0,22.707778692245483,PASS
169,tier_1_primary_change_point,primary,hbar,transformer_2l,0.5,supercritical,763,93.92575928008999,87.265625,0.016887639885809845,2.7437825337983668e-05,22.634429931640625,PASS
170,tier_1_primary_change_point,primary,hbar,transformer_2l,0.5,supercritical,805,95.50930996714129,76.25,0.05745861254110198,6.928118637006264e-06,22.56782078742981,PASS
171,tier_1_primary_change_point,primary,hbar,transformer_2l,0.5,supercritical,847,91.63916391639164,70.625,-0.032756931112334305,0.0,21.83064341545105,PASS
172,tier_1_primary_change_point,primary,hbar,transformer_2l,0.5,supercritical,889,95.85605234460196,76.25,0.08598349457314919,4.656426244764589e-05,21.6677827835083,PASS
173,tier_1_primary_change_point,primary,hbar,transformer_2l,0.5,supercritical,931,94.71947194719472,74.453125,0.04088177023369061,5.389304715208709e-05,21.758068323135376,PASS
174,tier_1_primary_change_point,primary,hbar,transformer_2l,0.5,supercritical,973,93.37016574585635,75.46875,0.06346593968384141,5.4606356570729986e-05,21.839502334594727,PASS
175,tier_1_primary_change_point,primary,hbar,transformer_2l,0.5,supercritical,1015,92.91338582677166,76.09375,0.017089924202134194,6.492578540928662e-05,22.67774724960327,PASS
176,tier_1_primary_change_point,primary,hbar,transformer_2l,0.5,supercritical,1057,93.28107502799551,86.953125,0.04330392227808724,1.4739903235749807e-05,22.748512506484985,PASS
177,tier_1_primary_change_point,primary,hbar,transformer_2l,0.5,supercritical,1099,91.71270718232044,74.375,0.030973522708672086,0.0,22.814792156219482,PASS
178,tier_1_primary_change_point,primary,hbar,transformer_2l,0.5,supercritical,1141,91.89789123196448,87.265625,0.006505767582644205,1.7791648133425042e-05,22.840192079544067,PASS
179,tier_1_primary_change_point,primary,hbar,transformer_2l,0.5,supercritical,1183,94.33962264150944,61.875,0.06268454305424237,8.31134821055457e-06,22.91808843612671,PASS
180,tier_1_primary_change_point,primary,hbar,transformer_2l,0.5,supercritical,1225,94.6725860155383,74.765625,0.049572401543121786,2.041211882897187e-05,22.8791823387146,PASS
181,tier_1_primary_change_point,primary,scan_jump,transformer_2l,0.0,subcritical,7,95.67147613762486,66.640625,0.9999999805386363,7.7762124419678e-06,12.896510601043701,PASS
182,tier_1_primary_change_point,primary,scan_jump,transformer_2l,0.0,subcritical,49,90.70548712206048,67.65625,0.999999995813699,0.0,12.832545042037964,PASS
183,tier_1_primary_change_point,primary,scan_jump,transformer_2l,0.0,subcritical,91,92.73927392739274,60.15625,1.0000000128558977,2.3326034352066927e-05,12.854968309402466,PASS
184,tier_1_primary_change_point,primary,scan_jump,transformer_2l,0.0,subcritical,133,95.58011049723757,69.296875,1.000000042677378,2.8604565159184858e-05,12.70677137374878,PASS
185,tier_1_primary_change_point,primary,scan_jump,transformer_2l,0.0,subcritical,175,94.14364640883977,60.0,1.0000000020511943,2.152258275600616e-06,12.387688875198364,PASS
186,tier_1_primary_change_point,primary,scan_jump,transformer_2l,0.0,subcritical,217,92.1259842519685,60.703125,1.0000000461306187,8.69411542225862e-06,12.515535116195679,PASS
187,tier_1_primary_change_point,primary,scan_jump,transformer_2l,0.0,subcritical,259,92.4092409240924,62.96874999999999,1.0000000257796404,2.6424236239108723e-06,12.273650407791138,PASS
188,tier_1_primary_change_point,primary,scan_jump,transformer_2l,0.0,subcritical,301,92.86510590858417,74.296875,1.0000000264730855,2.218419649580028e-05,12.270431518554688,PASS
189,tier_1_primary_change_point,primary,scan_jump,transformer_2l,0.0,subcritical,343,92.80261723009815,60.0,1.000000001395274,1.0007029231928755e-05,12.264087200164795,PASS
190,tier_1_primary_change_point,primary,scan_jump,transformer_2l,0.0,subcritical,385,93.28932893289328,60.546875,1.0000000431591851,1.410097502230201e-05,12.267747402191162,PASS
191,tier_1_primary_change_point,primary,scan_jump,transformer_2l,0.0,subcritical,427,94.32933478735005,66.484375,1.0000000245634444,9.479245636612177e-05,12.299149513244629,PASS
192,tier_1_primary_change_point,primary,scan_jump,transformer_2l,0.0,subcritical,469,92.53065774804905,62.03125000000001,1.00000003328638,4.578248262987472e-05,12.23032808303833,PASS
193,tier_1_primary_change_point,primary,scan_jump,transformer_2l,0.0,subcritical,511,92.66155531215772,60.0,0.9999999896904413,1.3220892469689716e-05,11.936125040054321,PASS
194,tier_1_primary_change_point,primary,scan_jump,transformer_2l,0.0,subcritical,553,96.78135405105438,61.328125,1.000000002923464,3.068929800065234e-05,11.891664981842041,PASS
195,tier_1_primary_change_point,primary,scan_jump,transformer_2l,0.0,subcritical,595,92.59668508287294,72.265625,0.9999999922904804,4.106992855668068e-05,11.602305889129639,PASS
196,tier_1_primary_change_point,primary,scan_jump,transformer_2l,0.0,subcritical,637,95.40873460246361,58.51562500000001,0.9999999816918579,1.785068161552772e-05,11.57155728340149,PASS
197,tier_1_primary_change_point,primary,scan_jump,transformer_2l,0.0,subcritical,679,91.5273132664437,60.15625,0.9999999850544697,6.81692617945373e-05,11.546071529388428,PASS
198,tier_1_primary_change_point,primary,scan_jump,transformer_2l,0.0,subcritical,721,94.40089585666294,71.640625,0.9999999838807417,4.018727850052528e-05,11.419003009796143,PASS
199,tier_1_primary_change_point,primary,scan_jump,transformer_2l,0.0,subcritical,763,92.68841394825647,56.25,1.0000000203103656,5.0316511988057755e-06,11.429394245147705,PASS
200,tier_1_primary_change_point,primary,scan_jump,transformer_2l,0.0,subcritical,805,94.41401971522454,64.296875,1.0000000086477938,6.625233072554693e-05,11.373830795288086,PASS
201,tier_1_primary_change_point,primary,scan_jump,transformer_2l,0.0,subcritical,847,91.1991199119912,67.109375,0.9999999677446484,1.5117409930098802e-05,11.433616161346436,PASS
202,tier_1_primary_change_point,primary,scan_jump,transformer_2l,0.0,subcritical,889,93.23882224645584,60.0,0.9999999744174758,3.391250720596872e-05,11.403557062149048,PASS
203,tier_1_primary_change_point,primary,scan_jump,transformer_2l,0.0,subcritical,931,96.80968096809681,54.37499999999999,0.9999999962465206,2.5931920390576124e-05,11.32629108428955,PASS
204,tier_1_primary_change_point,primary,scan_jump,transformer_2l,0.0,subcritical,973,96.24309392265194,56.32812499999999,0.9999999833119705,2.8251584808458574e-05,11.25873875617981,PASS
205,tier_1_primary_change_point,primary,scan_jump,transformer_2l,0.0,subcritical,1015,91.33858267716536,73.28125,0.9999999685028763,2.1006393581046723e-05,11.258827447891235,PASS
206,tier_1_primary_change_point,primary,scan_jump,transformer_2l,0.0,subcritical,1057,93.39305711086226,57.96875,0.9999999935416316,3.0108411010587588e-05,11.405728578567505,PASS
207,tier_1_primary_change_point,primary,scan_jump,transformer_2l,0.0,subcritical,1099,93.70165745856353,80.390625,0.9999999642664879,1.152500590251293e-05,11.356571197509766,PASS
208,tier_1_primary_change_point,primary,scan_jump,transformer_2l,0.0,subcritical,1141,94.56159822419534,62.265625,1.000000008208081,5.5463988246629015e-05,11.273492813110352,PASS
209,tier_1_primary_change_point,primary,scan_jump,transformer_2l,0.0,subcritical,1183,92.89678135405104,55.15624999999999,0.9999999714139972,1.438874278392177e-05,11.223059892654419,PASS
210,tier_1_primary_change_point,primary,scan_jump,transformer_2l,0.0,subcritical,1225,95.67147613762486,56.25,1.0000000010700842,1.2359680113149807e-05,11.177660703659058,PASS
211,tier_1_primary_change_point,primary,scan_jump,transformer_2l,0.015,subcritical,7,93.89567147613762,71.5625,0.0949519041827388,1.888907172542531e-05,20.031683206558228,PASS
212,tier_1_primary_change_point,primary,scan_jump,transformer_2l,0.015,subcritical,49,95.96864501679731,68.75,0.07204695799205559,1.9816048734355718e-05,20.067566871643066,PASS
213,tier_1_primary_change_point,primary,scan_jump,transformer_2l,0.015,subcritical,91,96.36963696369637,63.59375000000001,0.02023192428660022,1.744119253999088e-05,19.888221979141235,PASS
214,tier_1_primary_change_point,primary,scan_jump,transformer_2l,0.015,subcritical,133,95.13812154696133,87.578125,0.04617780260497883,1.4373820704349782e-05,19.917890548706055,PASS
215,tier_1_primary_change_point,primary,scan_jump,transformer_2l,0.015,subcritical,175,95.2486187845304,82.03125,-0.04676114335720524,4.532354068942368e-05,20.10564112663269,PASS
216,tier_1_primary_change_point,primary,scan_jump,transformer_2l,0.015,subcritical,217,95.83802024746907,70.390625,0.06376137032208895,4.516443732427433e-05,19.777716636657715,PASS
217,tier_1_primary_change_point,primary,scan_jump,transformer_2l,0.015,subcritical,259,91.96919691969197,82.8125,0.10503051563256856,6.442538051487645e-06,19.743229866027832,PASS
218,tier_1_primary_change_point,primary,scan_jump,transformer_2l,0.015,subcritical,301,95.31772575250837,63.74999999999999,0.05303259557995854,1.9607592548709363e-05,19.687463521957397,PASS
219,tier_1_primary_change_point,primary,scan_jump,transformer_2l,0.015,subcritical,343,92.36641221374046,67.65625,0.012975013312413977,5.474769750435371e-06,19.337284803390503,PASS
220,tier_1_primary_change_point,primary,scan_jump,transformer_2l,0.015,subcritical,385,96.69966996699671,63.74999999999999,0.02854339429845791,3.8850586861371994e-05,19.28404664993286,PASS
221,tier_1_primary_change_point,primary,scan_jump,transformer_2l,0.015,subcritical,427,92.25736095965104,60.0,0.018074319223749247,1.9123370975648868e-07,19.668089151382446,PASS
222,tier_1_primary_change_point,primary,scan_jump,transformer_2l,0.015,subcritical,469,93.19955406911929,62.57812499999999,0.1126997792802834,3.139218097203411e-05,19.92662501335144,PASS
223,tier_1_primary_change_point,primary,scan_jump,transformer_2l,0.015,subcritical,511,92.33296823658269,66.09375,0.09487232837527011,2.2383095711120404e-05,19.788323640823364,PASS
224,tier_1_primary_change_point,primary,scan_jump,transformer_2l,0.015,subcritical,553,93.45172031076582,75.78125,0.08519285431138383,0.00023900855740066618,19.55568528175354,PASS
225,tier_1_primary_change_point,primary,scan_jump,transformer_2l,0.015,subcritical,595,95.58011049723757,90.15625,0.05171238554040527,2.063353531411849e-05,19.414626836776733,PASS
226,tier_1_primary_change_point,primary,scan_jump,transformer_2l,0.015,subcritical,637,92.60918253079508,68.28125,0.07130354497451079,2.404789483989589e-05,19.285335540771484,PASS
227,tier_1_primary_change_point,primary,scan_jump,transformer_2l,0.015,subcritical,679,91.75027870680044,60.0,0.0867175651174686,3.470851879683323e-05,19.21724247932434,PASS
228,tier_1_primary_change_point,primary,scan_jump,transformer_2l,0.015,subcritical,721,94.62486002239642,63.74999999999999,0.04280589399684707,4.521637492871378e-06,19.2473304271698,PASS
229,tier_1_primary_change_point,primary,scan_jump,transformer_2l,0.015,subcritical,763,93.7007874015748,63.828125,0.05306717296521398,7.304281979259031e-08,19.215625762939453,PASS
230,tier_1_primary_change_point,primary,scan_jump,transformer_2l,0.015,subcritical,805,93.2092004381161,70.0,0.06594646573993714,5.1140337745891884e-05,19.02942657470703,PASS
231,tier_1_primary_change_point,primary,scan_jump,transformer_2l,0.015,subcritical,847,92.84928492849285,61.01562499999999,0.050261741362904906,3.370064587215893e-05,19.377893686294556,PASS
232,tier_1_primary_change_point,primary,scan_jump,transformer_2l,0.015,subcritical,889,93.5659760087241,60.546875,0.09401894210557225,1.3371682143770158e-05,19.27500629425049,PASS
233,tier_1_primary_change_point,primary,scan_jump,transformer_2l,0.015,subcritical,931,95.26952695269527,75.234375,0.09421902475668122,4.527221608441323e-05,19.181538343429565,PASS
234,tier_1_primary_change_point,primary,scan_jump,transformer_2l,0.015,subcritical,973,95.58011049723757,78.75,0.02902786760569631,2.370323818468023e-05,19.225196361541748,PASS
235,tier_1_primary_change_point,primary,scan_jump,transformer_2l,0.015,subcritical,1015,94.71316085489315,70.15625,0.10017985730296912,3.6635476135415956e-05,19.354312658309937,PASS
236,tier_1_primary_change_point,primary,scan_jump,transformer_2l,0.015,subcritical,1057,93.28107502799551,74.140625,0.0777856030732924,0.0,19.311502933502197,PASS
237,tier_1_primary_change_point,primary,scan_jump,transformer_2l,0.015,subcritical,1099,96.13259668508287,89.609375,0.04192828506195296,1.6156269339262508e-05,19.389516592025757,PASS
238,tier_1_primary_change_point,primary,scan_jump,transformer_2l,0.015,subcritical,1141,91.89789123196448,70.703125,-0.01871821192253452,1.574522684677504e-05,19.081279516220093,PASS
239,tier_1_primary_change_point,primary,scan_jump,transformer_2l,0.015,subcritical,1183,94.00665926748057,74.375,0.08987500206477662,4.4973098738410044e-06,19.076777696609497,PASS
240,tier_1_primary_change_point,primary,scan_jump,transformer_2l,0.015,subcritical,1225,95.56048834628191,76.25,0.05445869275797843,5.0944494432769716e-05,18.992300987243652,PASS
241,tier_1_primary_change_point,primary,scan_jump,transformer_2l,0.02,boundary,7,96.55937846836848,59.84374999999999,0.08260487264761239,4.7028312110342085e-05,19.230435848236084,PASS
242,tier_1_primary_change_point,primary,scan_jump,transformer_2l,0.02,boundary,49,95.74468085106383,87.03125,0.044381910229939765,7.397173249046318e-06,19.05885624885559,PASS
243,tier_1_primary_change_point,primary,scan_jump,transformer_2l,0.02,boundary,91,96.03960396039604,67.65625,-0.0040801613604454015,3.2184547308133915e-05,18.881853342056274,PASS
244,tier_1_primary_change_point,primary,scan_jump,transformer_2l,0.02,boundary,133,92.15469613259668,70.3125,0.014154227083315733,2.405202940281015e-05,19.021042585372925,PASS
245,tier_1_primary_change_point,primary,scan_jump,transformer_2l,0.02,boundary,175,94.9171270718232,71.25,0.08163306340585263,4.427634848980233e-05,18.99202060699463,PASS
246,tier_1_primary_change_point,primary,scan_jump,transformer_2l,0.02,boundary,217,95.16310461192352,60.0,0.08240947400737102,2.803808638418559e-05,18.905192852020264,PASS
247,tier_1_primary_change_point,primary,scan_jump,transformer_2l,0.02,boundary,259,93.94939493949394,81.796875,0.058267143853866964,6.5125373112095986e-06,19.00441598892212,PASS
248,tier_1_primary_change_point,primary,scan_jump,transformer_2l,0.02,boundary,301,93.75696767001115,66.328125,0.05368651649970816,2.457774280628655e-05,19.268197774887085,PASS
249,tier_1_primary_change_point,primary,scan_jump,transformer_2l,0.02,boundary,343,92.25736095965104,60.0,0.00017172941654295648,1.5612698916811496e-05,19.055846452713013,PASS
250,tier_1_primary_change_point,primary,scan_jump,transformer_2l,0.02,boundary,385,95.92959295929593,74.53125,0.10844833703670458,1.6213585695368238e-05,19.289674043655396,PASS
251,tier_1_primary_change_point,primary,scan_jump,transformer_2l,0.02,boundary,427,94.43838604143949,68.28125,0.06498888589450191,3.077937799389474e-05,19.15370464324951,PASS
252,tier_1_primary_change_point,primary,scan_jump,transformer_2l,0.02,boundary,469,95.9866220735786,69.84375,0.06920232974866108,2.829172990459483e-05,18.9264554977417,PASS
253,tier_1_primary_change_point,primary,scan_jump,transformer_2l,0.02,boundary,511,93.31872946330778,61.875,0.059741185284648134,1.7843698515207507e-05,19.029138565063477,PASS
254,tier_1_primary_change_point,primary,scan_jump,transformer_2l,0.02,boundary,553,93.89567147613762,48.90625,0.009692221812770414,0.0,18.855300188064575,PASS
255,tier_1_primary_change_point,primary,scan_jump,transformer_2l,0.02,boundary,595,95.58011049723757,72.34375,0.022911344581263,1.7172846128232777e-05,18.92580008506775,PASS
256,tier_1_primary_change_point,primary,scan_jump,transformer_2l,0.02,boundary,637,95.18477043673013,63.74999999999999,0.03602277669731154,6.304298040049616e-06,19.042086362838745,PASS
257,tier_1_primary_change_point,primary,scan_jump,transformer_2l,0.02,boundary,679,91.86176142697882,69.6875,0.03061487005141997,1.1039997843909077e-05,18.93013620376587,PASS
258,tier_1_primary_change_point,primary,scan_jump,transformer_2l,0.02,boundary,721,93.28107502799551,77.1875,0.0633892728131536,1.157537099061301e-05,19.046467542648315,PASS
259,tier_1_primary_change_point,primary,scan_jump,transformer_2l,0.02,boundary,763,92.57592800899887,71.25,0.028077269715403794,4.4589254684979096e-05,18.923308849334717,PASS
260,tier_1_primary_change_point,primary,scan_jump,transformer_2l,0.02,boundary,805,94.30449069003286,76.953125,0.05259621430820036,1.8123082554666325e-05,19.285115242004395,PASS
261,tier_1_primary_change_point,primary,scan_jump,transformer_2l,0.02,boundary,847,90.97909790979098,61.01562499999999,0.03932546464916458,4.126372004975565e-05,19.347872495651245,PASS
262,tier_1_primary_change_point,primary,scan_jump,transformer_2l,0.02,boundary,889,93.23882224645584,63.4375,0.11049394261688782,4.196795271127485e-05,19.19044017791748,PASS
263,tier_1_primary_change_point,primary,scan_jump,transformer_2l,0.02,boundary,931,96.36963696369637,71.875,0.08500007042987034,2.2658314264845103e-05,19.1434109210968,PASS
264,tier_1_primary_change_point,primary,scan_jump,transformer_2l,0.02,boundary,973,96.353591160221,60.0,0.10514035479468069,1.2967389011464547e-05,20.79891800880432,PASS
265,tier_1_primary_change_point,primary,scan_jump,transformer_2l,0.02,boundary,1015,95.50056242969629,62.734375,0.046162522750523745,2.5343551897094585e-05,20.491965770721436,PASS
266,tier_1_primary_change_point,primary,scan_jump,transformer_2l,0.02,boundary,1057,92.60918253079508,80.3125,0.0036136154081266303,0.0,21.10180640220642,PASS
267,tier_1_primary_change_point,primary,scan_jump,transformer_2l,0.02,boundary,1099,91.8232044198895,83.984375,0.04394030482262449,1.311525466007879e-05,20.410564422607422,PASS
268,tier_1_primary_change_point,primary,scan_jump,transformer_2l,0.02,boundary,1141,93.89567147613762,96.25,0.12549227931049364,6.176456372486427e-05,20.685945987701416,PASS
269,tier_1_primary_change_point,primary,scan_jump,transformer_2l,0.02,boundary,1183,92.89678135405104,76.640625,0.019460755219440823,2.2763062588637695e-05,20.145248889923096,PASS
270,tier_1_primary_change_point,primary,scan_jump,transformer_2l,0.02,boundary,1225,95.56048834628191,74.140625,0.051386756989541066,4.044753950438462e-05,20.26424527168274,PASS
271,tier_1_primary_change_point,primary,scan_jump,transformer_2l,0.025,boundary,7,91.89789123196448,74.375,0.05554058960962782,3.209637361578643e-05,20.087732315063477,PASS
272,tier_1_primary_change_point,primary,scan_jump,transformer_2l,0.025,boundary,49,95.96864501679731,95.78125,0.07557239461882777,9.32420607568929e-06,19.671677112579346,PASS
273,tier_1_primary_change_point,primary,scan_jump,transformer_2l,0.025,boundary,91,96.25962596259626,67.03125,0.08283691933698466,2.9961287509649992e-05,19.869728803634644,PASS
274,tier_1_primary_change_point,primary,scan_jump,transformer_2l,0.025,boundary,133,94.58563535911603,74.0625,0.05736080915829609,5.5998323659878224e-05,20.122561931610107,PASS
275,tier_1_primary_change_point,primary,scan_jump,transformer_2l,0.025,boundary,175,94.03314917127071,72.03125,0.04634520884478824,2.1166102669667453e-05,20.5317325592041,PASS
276,tier_1_primary_change_point,primary,scan_jump,transformer_2l,0.025,boundary,217,96.40044994375702,71.5625,0.10845744549589191,3.242004822823219e-05,20.173742294311523,PASS
277,tier_1_primary_change_point,primary,scan_jump,transformer_2l,0.025,boundary,259,95.04950495049505,70.390625,0.002155981747011649,6.171719724079594e-05,19.985094785690308,PASS
278,tier_1_primary_change_point,primary,scan_jump,transformer_2l,0.025,boundary,301,94.31438127090301,75.78125,0.05625750793861748,0.0,20.002110481262207,PASS
279,tier_1_primary_change_point,primary,scan_jump,transformer_2l,0.025,boundary,343,94.87459105779716,64.296875,-0.0028382615034033658,2.8953110813745297e-05,19.984905242919922,PASS
280,tier_1_primary_change_point,primary,scan_jump,transformer_2l,0.025,boundary,385,95.59955995599559,67.65625,0.03986697511252049,2.413719084870536e-05,19.945194959640503,PASS
281,tier_1_primary_change_point,primary,scan_jump,transformer_2l,0.025,boundary,427,91.93020719738277,69.375,0.0895918619640303,1.484472431911854e-05,19.89812159538269,PASS
282,tier_1_primary_change_point,primary,scan_jump,transformer_2l,0.025,boundary,469,92.19620958751393,67.578125,0.057987007909977795,2.7162677724845707e-05,20.087741136550903,PASS
283,tier_1_primary_change_point,primary,scan_jump,transformer_2l,0.025,boundary,511,93.31872946330778,62.890625,0.06004921842035784,1.157078531832667e-05,19.907144784927368,PASS
284,tier_1_primary_change_point,primary,scan_jump,transformer_2l,0.025,boundary,553,95.44950055493896,83.125,0.04588593894552958,0.0,19.76935315132141,PASS
285,tier_1_primary_change_point,primary,scan_jump,transformer_2l,0.025,boundary,595,93.70165745856353,87.65625,-0.022783845064351466,3.694528231790173e-06,19.86627960205078,PASS
286,tier_1_primary_change_point,primary,scan_jump,transformer_2l,0.025,boundary,637,95.40873460246361,63.125,0.062416112767750276,1.1839111721201334e-05,19.677788734436035,PASS
287,tier_1_primary_change_point,primary,scan_jump,transformer_2l,0.025,boundary,679,91.75027870680044,72.109375,-0.006618975818028404,7.075736903061625e-06,19.83634066581726,PASS
288,tier_1_primary_change_point,primary,scan_jump,transformer_2l,0.025,boundary,721,94.2889137737962,60.0,0.021686085965793005,1.3137390851625241e-05,20.009491443634033,PASS
289,tier_1_primary_change_point,primary,scan_jump,transformer_2l,0.025,boundary,763,92.68841394825647,76.25,0.0340318295565493,1.7125792510341853e-05,19.798609018325806,PASS
290,tier_1_primary_change_point,primary,scan_jump,transformer_2l,0.025,boundary,805,96.49507119386638,77.578125,0.11582931404200464,2.362962368351873e-05,19.718729734420776,PASS
291,tier_1_primary_change_point,primary,scan_jump,transformer_2l,0.025,boundary,847,92.62926292629263,53.98437499999999,0.016773210921081524,1.2697020792984404e-05,19.826040983200073,PASS
292,tier_1_primary_change_point,primary,scan_jump,transformer_2l,0.025,boundary,889,93.23882224645584,65.859375,0.03895410031998126,4.7192617785185575e-05,19.598098039627075,PASS
293,tier_1_primary_change_point,primary,scan_jump,transformer_2l,0.025,boundary,931,96.03960396039604,76.09375,0.07649918583848274,4.828357123187743e-05,19.782201528549194,PASS
294,tier_1_primary_change_point,primary,scan_jump,transformer_2l,0.025,boundary,973,96.353591160221,60.07812500000001,0.06988105437811114,3.6181187169859186e-05,19.63028645515442,PASS
295,tier_1_primary_change_point,primary,scan_jump,transformer_2l,0.025,boundary,1015,95.61304836895388,71.484375,0.01929829563160447,6.1064661167620216e-06,19.808006048202515,PASS
296,tier_1_primary_change_point,primary,scan_jump,transformer_2l,0.025,boundary,1057,92.72116461366181,76.328125,0.046141307458373644,4.2094121454283595e-05,19.59014081954956,PASS
297,tier_1_primary_change_point,primary,scan_jump,transformer_2l,0.025,boundary,1099,91.71270718232044,87.734375,-0.005349008956951486,2.6951063773594797e-05,19.476710557937622,PASS
298,tier_1_primary_change_point,primary,scan_jump,transformer_2l,0.025,boundary,1141,91.56492785793563,64.53125,0.012908704720512048,1.733690260152798e-05,19.59075689315796,PASS
299,tier_1_primary_change_point,primary,scan_jump,transformer_2l,0.025,boundary,1183,92.78579356270811,60.0,0.06344515410313485,1.0080694664793555e-05,19.39156198501587,PASS
300,tier_1_primary_change_point,primary,scan_jump,transformer_2l,0.025,boundary,1225,95.338512763596,94.609375,0.07292432262406605,0.00022325594909489155,19.344314098358154,PASS
301,tier_1_primary_change_point,primary,scan_jump,transformer_2l,0.03,boundary,7,96.44839067702553,76.25,0.08794452329599745,4.766328856931068e-05,19.318958044052124,PASS
302,tier_1_primary_change_point,primary,scan_jump,transformer_2l,0.03,boundary,49,92.83314669652856,82.734375,0.007580272260857724,4.121223173569888e-05,19.25605869293213,PASS
303,tier_1_primary_change_point,primary,scan_jump,transformer_2l,0.03,boundary,91,92.73927392739274,73.828125,0.05781918587045013,7.388827361864969e-05,19.4615638256073,PASS
304,tier_1_primary_change_point,primary,scan_jump,transformer_2l,0.03,boundary,133,92.04419889502763,88.4375,0.04840916857848706,2.5643983462941833e-05,19.313963651657104,PASS
305,tier_1_primary_change_point,primary,scan_jump,transformer_2l,0.03,boundary,175,93.92265193370166,73.59375,0.08111637434944352,1.975867780856788e-05,19.53598427772522,PASS
306,tier_1_primary_change_point,primary,scan_jump,transformer_2l,0.03,boundary,217,93.7007874015748,66.40625,-0.00951365326918652,3.0458490073215216e-05,19.40530276298523,PASS
307,tier_1_primary_change_point,primary,scan_jump,transformer_2l,0.03,boundary,259,95.59955995599559,74.296875,0.04288192474745531,2.5517107133055106e-05,19.20366883277893,PASS
308,tier_1_primary_change_point,primary,scan_jump,transformer_2l,0.03,boundary,301,94.42586399108139,71.40625,0.09595491223812296,8.86502857611049e-06,19.142077684402466,PASS
309,tier_1_primary_change_point,primary,scan_jump,transformer_2l,0.03,boundary,343,94.00218102508178,76.25,0.036782564281861656,1.8321490642847493e-05,18.859839916229248,PASS
310,tier_1_primary_change_point,primary,scan_jump,transformer_2l,0.03,boundary,385,94.05940594059405,72.8125,0.015836218542552318,1.4489321074506734e-05,19.092074871063232,PASS
311,tier_1_primary_change_point,primary,scan_jump,transformer_2l,0.03,boundary,427,95.63794983642312,71.71875,0.047092858917799574,4.20119431510102e-05,19.424689292907715,PASS
312,tier_1_primary_change_point,primary,scan_jump,transformer_2l,0.03,boundary,469,95.09476031215162,63.74999999999999,0.03576737115882422,6.713861694152001e-06,19.20081400871277,PASS
313,tier_1_primary_change_point,primary,scan_jump,transformer_2l,0.03,boundary,511,94.85213581599123,61.484375,0.04614193109669901,3.221717634005472e-05,19.036454677581787,PASS
314,tier_1_primary_change_point,primary,scan_jump,transformer_2l,0.03,boundary,553,96.44839067702553,66.328125,0.012752544846750874,2.1579156964435242e-05,19.048919916152954,PASS
315,tier_1_primary_change_point,primary,scan_jump,transformer_2l,0.03,boundary,595,95.02762430939227,75.0,0.0068582466566558505,0.0,19.032949447631836,PASS
316,tier_1_primary_change_point,primary,scan_jump,transformer_2l,0.03,boundary,637,93.39305711086226,60.0,0.03145786484293569,1.1700656614266336e-05,19.017229080200195,PASS
317,tier_1_primary_change_point,primary,scan_jump,transformer_2l,0.03,boundary,679,91.5273132664437,74.0625,0.04072670266588798,1.7107196981669404e-05,19.17404818534851,PASS
318,tier_1_primary_change_point,primary,scan_jump,transformer_2l,0.03,boundary,721,91.6013437849944,60.0,0.10253441150620497,4.608640665537678e-06,19.25529193878174,PASS
319,tier_1_primary_change_point,primary,scan_jump,transformer_2l,0.03,boundary,763,92.68841394825647,72.5,-0.0021924889308221934,5.144027454662137e-06,19.180935859680176,PASS
320,tier_1_primary_change_point,primary,scan_jump,transformer_2l,0.03,boundary,805,96.49507119386638,79.140625,0.11691410832934712,6.547115481225774e-05,19.210034132003784,PASS
321,tier_1_primary_change_point,primary,scan_jump,transformer_2l,0.03,boundary,847,92.18921892189219,69.84375,0.011467034271446576,1.5184755284280982e-05,19.166547298431396,PASS
322,tier_1_primary_change_point,primary,scan_jump,transformer_2l,0.03,boundary,889,93.5659760087241,72.1875,0.04541891300095572,1.518136832601158e-05,19.27406907081604,PASS
323,tier_1_primary_change_point,primary,scan_jump,transformer_2l,0.03,boundary,931,96.03960396039604,74.6875,0.12290577056193462,6.748222222086042e-05,19.26959466934204,PASS
324,tier_1_primary_change_point,primary,scan_jump,transformer_2l,0.03,boundary,973,93.8121546961326,74.765625,0.08900204282628466,5.5202774092322215e-05,19.13925790786743,PASS
325,tier_1_primary_change_point,primary,scan_jump,transformer_2l,0.03,boundary,1015,94.71316085489315,71.328125,0.05330292739467191,1.099819019145798e-05,19.36243224143982,PASS
326,tier_1_primary_change_point,primary,scan_jump,transformer_2l,0.03,boundary,1057,95.85666293393056,74.296875,0.011030746872324318,2.7840340408147313e-05,19.33454942703247,PASS
327,tier_1_primary_change_point,primary,scan_jump,transformer_2l,0.03,boundary,1099,92.04419889502763,62.03125000000001,0.0019220780452281112,4.39342184108682e-05,19.45370364189148,PASS
328,tier_1_primary_change_point,primary,scan_jump,transformer_2l,0.03,boundary,1141,91.23196448390676,72.5,0.06940534232852527,5.999572749715298e-06,19.16205143928528,PASS
329,tier_1_primary_change_point,primary,scan_jump,transformer_2l,0.03,boundary,1183,92.89678135405104,68.28125,0.049863626018485596,1.5320021702791564e-05,19.109999179840088,PASS
330,tier_1_primary_change_point,primary,scan_jump,transformer_2l,0.03,boundary,1225,94.6725860155383,90.859375,0.1006148117338762,4.959184298058972e-05,19.263019800186157,PASS
331,tier_1_primary_change_point,primary,scan_jump,transformer_2l,0.5,supercritical,7,90.2330743618202,92.96875,0.05171064543163847,6.401103019015864e-05,19.31184983253479,PASS
332,tier_1_primary_change_point,primary,scan_jump,transformer_2l,0.5,supercritical,49,92.1612541993281,87.5,0.026714555147345793,2.8143385861767456e-05,19.37333369255066,PASS
333,tier_1_primary_change_point,primary,scan_jump,transformer_2l,0.5,supercritical,91,96.14961496149616,76.25,0.04277374926490065,4.757427450385876e-05,19.313514947891235,PASS
334,tier_1_primary_change_point,primary,scan_jump,transformer_2l,0.5,supercritical,133,91.2707182320442,95.390625,0.016060678465005678,2.2971045837039128e-05,19.254698514938354,PASS
335,tier_1_primary_change_point,primary,scan_jump,transformer_2l,0.5,supercritical,175,96.24309392265194,88.046875,0.04052200281853977,6.477200804511085e-05,19.31362533569336,PASS
336,tier_1_primary_change_point,primary,scan_jump,transformer_2l,0.5,supercritical,217,95.95050618672666,70.78125,0.04379133545229283,2.0532470443868078e-05,19.192910194396973,PASS
337,tier_1_primary_change_point,primary,scan_jump,transformer_2l,0.5,supercritical,259,95.92959295929593,82.03125,0.047795720735288705,0.0,19.319965839385986,PASS
338,tier_1_primary_change_point,primary,scan_jump,transformer_2l,0.5,supercritical,301,94.7603121516165,76.25,-0.06907340405690333,1.3482715075952001e-05,19.077303409576416,PASS
339,tier_1_primary_change_point,primary,scan_jump,transformer_2l,0.5,supercritical,343,93.5659760087241,76.484375,0.005926264305417798,4.7130866732914e-05,19.315250396728516,PASS
340,tier_1_primary_change_point,primary,scan_jump,transformer_2l,0.5,supercritical,385,93.83938393839384,80.0,0.06744408997710215,6.196389585966244e-05,19.114375352859497,PASS
341,tier_1_primary_change_point,primary,scan_jump,transformer_2l,0.5,supercritical,427,95.63794983642312,70.703125,0.05859546497486881,0.0,19.410865545272827,PASS
342,tier_1_primary_change_point,primary,scan_jump,transformer_2l,0.5,supercritical,469,94.31438127090301,65.546875,0.11572378977671587,4.354256816441193e-06,19.228232860565186,PASS
343,tier_1_primary_change_point,primary,scan_jump,transformer_2l,0.5,supercritical,511,92.7710843373494,76.25,0.10655069547233216,2.5845816708169878e-05,19.224090099334717,PASS
344,tier_1_primary_change_point,primary,scan_jump,transformer_2l,0.5,supercritical,553,95.67147613762486,70.390625,0.06934118671670046,3.683062823256478e-05,19.283392906188965,PASS
345,tier_1_primary_change_point,primary,scan_jump,transformer_2l,0.5,supercritical,595,96.353591160221,86.171875,0.05709202766039557,4.146603532717563e-05,19.146194219589233,PASS
346,tier_1_primary_change_point,primary,scan_jump,transformer_2l,0.5,supercritical,637,95.07278835386337,75.46875,0.028302019098787354,1.7578789993422106e-05,19.070128679275513,PASS
347,tier_1_primary_change_point,primary,scan_jump,transformer_2l,0.5,supercritical,679,93.08807134894091,76.640625,0.06640287533702376,7.767077477183193e-06,19.211545705795288,PASS
348,tier_1_primary_change_point,primary,scan_jump,transformer_2l,0.5,supercritical,721,95.96864501679731,90.46875,-0.007624017312478827,0.0,19.129758834838867,PASS
349,tier_1_primary_change_point,primary,scan_jump,transformer_2l,0.5,supercritical,763,93.92575928008999,87.265625,0.016887639885809845,2.7437825337983668e-05,19.17976689338684,PASS
350,tier_1_primary_change_point,primary,scan_jump,transformer_2l,0.5,supercritical,805,95.50930996714129,76.25,0.05745861254110198,6.928118637006264e-06,19.043346881866455,PASS
351,tier_1_primary_change_point,primary,scan_jump,transformer_2l,0.5,supercritical,847,91.63916391639164,70.625,-0.032756931112334305,0.0,19.282382488250732,PASS
352,tier_1_primary_change_point,primary,scan_jump,transformer_2l,0.5,supercritical,889,95.85605234460196,76.25,0.08598349457314919,4.656426244764589e-05,19.244218587875366,PASS
353,tier_1_primary_change_point,primary,scan_jump,transformer_2l,0.5,supercritical,931,94.71947194719472,74.453125,0.04088177023369061,5.389304715208709e-05,19.01659870147705,PASS
354,tier_1_primary_change_point,primary,scan_jump,transformer_2l,0.5,supercritical,973,93.37016574585635,75.46875,0.06346593968384141,5.4606356570729986e-05,19.104336977005005,PASS
355,tier_1_primary_change_point,primary,scan_jump,transformer_2l,0.5,supercritical,1015,92.91338582677166,76.09375,0.017089924202134194,6.492578540928662e-05,18.99515962600708,PASS
356,tier_1_primary_change_point,primary,scan_jump,transformer_2l,0.5,supercritical,1057,93.28107502799551,86.953125,0.04330392227808724,1.4739903235749807e-05,19.147752285003662,PASS
357,tier_1_primary_change_point,primary,scan_jump,transformer_2l,0.5,supercritical,1099,91.71270718232044,74.375,0.030973522708672086,0.0,19.181896209716797,PASS
358,tier_1_primary_change_point,primary,scan_jump,transformer_2l,0.5,supercritical,1141,91.89789123196448,87.265625,0.006505767582644205,1.7791648133425042e-05,19.257081985473633,PASS
359,tier_1_primary_change_point,primary,scan_jump,transformer_2l,0.5,supercritical,1183,94.33962264150944,61.875,0.06268454305424237,8.31134821055457e-06,19.29886245727539,PASS
360,tier_1_primary_change_point,primary,scan_jump,transformer_2l,0.5,supercritical,1225,94.6725860155383,74.765625,0.049572401543121786,2.041211882897187e-05,19.360878467559814,PASS
361,tier_1_primary_change_point,primary,cogs,transformer_2l,0.0,subcritical,7,95.01076812634601,75.0,0.9999999848017866,0.0002074359217658639,10.689165830612183,PASS
362,tier_1_primary_change_point,primary,cogs,transformer_2l,0.0,subcritical,49,93.78127233738385,77.96296296296296,0.9999999602741868,0.0,10.622954845428467,PASS
363,tier_1_primary_change_point,primary,cogs,transformer_2l,0.0,subcritical,91,91.06761565836298,77.5925925925926,0.999999985620834,0.00011671070387819782,10.682294130325317,PASS
364,tier_1_primary_change_point,primary,cogs,transformer_2l,0.0,subcritical,133,89.46991404011462,71.66666666666667,1.0000000428956322,0.00012526288628578186,10.494635581970215,PASS
365,tier_1_primary_change_point,primary,cogs,transformer_2l,0.0,subcritical,175,89.09935668334525,69.81481481481482,0.9999999881646103,0.0001000806805677712,10.639512300491333,PASS
366,tier_1_primary_change_point,primary,cogs,transformer_2l,0.0,subcritical,217,89.53736654804271,64.81481481481481,0.9999999916478313,8.245817298302427e-05,10.559955596923828,PASS
367,tier_1_primary_change_point,primary,cogs,transformer_2l,0.0,subcritical,259,93.34532374100719,77.96296296296296,0.9999999696850659,0.00021885782189201564,10.506470918655396,PASS
368,tier_1_primary_change_point,primary,cogs,transformer_2l,0.0,subcritical,301,91.24192390524048,67.77777777777779,1.0000000210592475,0.0004576911451295018,10.605295658111572,PASS
369,tier_1_primary_change_point,primary,cogs,transformer_2l,0.0,subcritical,343,90.97421203438395,74.81481481481481,1.0000000332556997,0.00020106296869926155,10.526025772094727,PASS
370,tier_1_primary_change_point,primary,cogs,transformer_2l,0.0,subcritical,385,92.64178033022255,59.074074074074076,0.9999999799880822,0.00025943006039597094,10.528600931167603,PASS
371,tier_1_primary_change_point,primary,cogs,transformer_2l,0.0,subcritical,427,90.50859598853869,73.51851851851852,1.0000000009978764,7.101601659087464e-05,10.529426336288452,PASS
372,tier_1_primary_change_point,primary,cogs,transformer_2l,0.0,subcritical,469,92.6820475847152,62.59259259259259,1.0000000190428875,0.00025874434504657984,10.611871242523193,PASS
373,tier_1_primary_change_point,primary,cogs,transformer_2l,0.0,subcritical,511,90.39145907473309,69.44444444444444,1.0000000093215602,0.00010260352428304031,10.51073694229126,PASS
374,tier_1_primary_change_point,primary,cogs,transformer_2l,0.0,subcritical,553,87.0264474624732,58.7037037037037,0.9999999394477488,0.0002545970492064953,10.572943687438965,PASS
375,tier_1_primary_change_point,primary,cogs,transformer_2l,0.0,subcritical,595,91.60057678442682,74.07407407407408,0.9999999762130808,0.00010941457730950788,10.543367624282837,PASS
376,tier_1_primary_change_point,primary,cogs,transformer_2l,0.0,subcritical,637,89.59517045454545,75.37037037037037,1.0000000361963564,6.858974666101858e-05,10.53286600112915,PASS
377,tier_1_primary_change_point,primary,cogs,transformer_2l,0.0,subcritical,679,89.61318051575931,61.48148148148148,0.99999999772959,0.00019925784727092832,10.505592584609985,PASS
378,tier_1_primary_change_point,primary,cogs,transformer_2l,0.0,subcritical,721,88.77697841726618,70.55555555555556,0.9999999934913095,0.0003090007521677762,10.458025217056274,PASS
379,tier_1_primary_change_point,primary,cogs,transformer_2l,0.0,subcritical,763,90.35971223021583,73.33333333333333,1.000000015163298,0.00020453613251447678,10.533387899398804,PASS
380,tier_1_primary_change_point,primary,cogs,transformer_2l,0.0,subcritical,805,89.36246418338108,69.62962962962963,1.000000025543044,5.305205922923051e-05,10.547112464904785,PASS
381,tier_1_primary_change_point,primary,cogs,transformer_2l,0.0,subcritical,847,87.96561604584528,68.51851851851852,1.0000000105826574,2.5759293293958763e-06,10.76064682006836,PASS
382,tier_1_primary_change_point,primary,cogs,transformer_2l,0.0,subcritical,889,89.20657612580415,68.88888888888889,1.0000000374414553,4.319051367929205e-05,10.643468141555786,PASS
383,tier_1_primary_change_point,primary,cogs,transformer_2l,0.0,subcritical,931,89.81415296640456,75.92592592592592,0.9999999807671988,0.00010873044811887667,10.629007816314697,PASS
384,tier_1_primary_change_point,primary,cogs,transformer_2l,0.0,subcritical,973,88.62339514978602,68.51851851851852,0.9999999979555438,5.487421003635973e-05,10.59935450553894,PASS
385,tier_1_primary_change_point,primary,cogs,transformer_2l,0.0,subcritical,1015,91.27443881245473,73.33333333333333,1.0000000465072572,0.00019192615582142025,10.644945859909058,PASS
386,tier_1_primary_change_point,primary,cogs,transformer_2l,0.0,subcritical,1057,90.15861571737564,83.7037037037037,1.0000000135389355,7.173719495767727e-05,10.551985740661621,PASS
387,tier_1_primary_change_point,primary,cogs,transformer_2l,0.0,subcritical,1099,91.00719424460432,70.74074074074073,0.9999999793526001,0.00017741293413564563,10.766262292861938,PASS
388,tier_1_primary_change_point,primary,cogs,transformer_2l,0.0,subcritical,1141,89.24231593995712,85.37037037037038,0.9999999866056127,0.0006413557566702366,10.733331441879272,PASS
389,tier_1_primary_change_point,primary,cogs,transformer_2l,0.0,subcritical,1183,91.04584527220631,71.29629629629629,0.9999999758639498,0.00019731379870790988,10.627647161483765,PASS
390,tier_1_primary_change_point,primary,cogs,transformer_2l,0.0,subcritical,1225,93.07250538406318,70.0,0.9999999744736977,6.879718421259895e-05,10.654551267623901,PASS
391,tier_1_primary_change_point,primary,cogs,transformer_2l,0.015,subcritical,7,89.69849246231156,92.77777777777779,0.07741270554482875,0.00013551996380556375,18.694114685058594,PASS
392,tier_1_primary_change_point,primary,cogs,transformer_2l,0.015,subcritical,49,92.67333809864189,83.88888888888889,0.03189258542834739,0.0,18.88411521911621,PASS
393,tier_1_primary_change_point,primary,cogs,transformer_2l,0.015,subcritical,91,88.22064056939502,85.18518518518519,0.03285101792288232,3.5086824937025085e-05,18.86631488800049,PASS
394,tier_1_primary_change_point,primary,cogs,transformer_2l,0.015,subcritical,133,88.86103151862464,87.03703703703704,0.04223576433541449,8.523042924934998e-05,18.86649203300476,PASS
395,tier_1_primary_change_point,primary,cogs,transformer_2l,0.015,subcritical,175,89.81415296640456,83.51851851851852,0.054592211898025246,0.00013449923426378518,18.847285270690918,PASS
396,tier_1_primary_change_point,primary,cogs,transformer_2l,0.015,subcritical,217,88.61209964412812,77.22222222222223,0.0996182286755864,8.059276296989992e-05,18.87832999229431,PASS
397,tier_1_primary_change_point,primary,cogs,transformer_2l,0.015,subcritical,259,91.2589928057554,85.92592592592592,0.06841462109933603,0.00010837976878974587,18.869993209838867,PASS
398,tier_1_primary_change_point,primary,cogs,transformer_2l,0.015,subcritical,301,87.83201722900216,85.74074074074073,0.06758668991715758,6.594403384951875e-05,18.81990122795105,PASS
399,tier_1_primary_change_point,primary,cogs,transformer_2l,0.015,subcritical,343,95.1647564469914,84.81481481481481,0.10897164321543899,0.0001972295285668224,18.940966844558716,PASS
400,tier_1_primary_change_point,primary,cogs,transformer_2l,0.015,subcritical,385,94.54414931801867,87.03703703703704,0.0393957280688625,0.0002411652822047472,18.896203994750977,PASS
401,tier_1_primary_change_point,primary,cogs,transformer_2l,0.015,subcritical,427,91.29656160458453,87.96296296296296,0.06803637723861881,0.0001255410024896264,18.807034254074097,PASS
402,tier_1_primary_change_point,primary,cogs,transformer_2l,0.015,subcritical,469,87.31074260994953,80.18518518518518,0.11782228533255608,0.0,18.695270538330078,PASS
403,tier_1_primary_change_point,primary,cogs,transformer_2l,0.015,subcritical,511,90.0355871886121,87.4074074074074,0.06163799013521623,0.0002441408287268132,18.709048986434937,PASS
404,tier_1_primary_change_point,primary,cogs,transformer_2l,0.015,subcritical,553,88.49177984274482,82.4074074074074,0.05043754715500293,0.00011829087452497333,18.717610120773315,PASS
405,tier_1_primary_change_point,primary,cogs,transformer_2l,0.015,subcritical,595,90.80749819754867,83.33333333333334,0.058813778011362845,0.00013632362242788076,18.792160272598267,PASS
406,tier_1_primary_change_point,primary,cogs,transformer_2l,0.015,subcritical,637,90.69602272727273,87.03703703703704,0.035897557890259495,0.0001656004023971036,18.516828775405884,PASS
407,tier_1_primary_change_point,primary,cogs,transformer_2l,0.015,subcritical,679,91.86962750716332,88.14814814814815,0.03492630399168257,0.0002350488939555362,18.447959899902344,PASS
408,tier_1_primary_change_point,primary,cogs,transformer_2l,0.015,subcritical,721,91.2589928057554,84.44444444444444,0.05069553788100891,0.00024699934874661267,18.634273529052734,PASS
409,tier_1_primary_change_point,primary,cogs,transformer_2l,0.015,subcritical,763,89.02877697841727,86.85185185185185,0.08300741971406088,0.00013164769916329533,18.546226501464844,PASS
410,tier_1_primary_change_point,primary,cogs,transformer_2l,0.015,subcritical,805,94.69914040114614,88.51851851851852,0.047578092871296905,0.00042768707498908043,18.500298500061035,PASS
411,tier_1_primary_change_point,primary,cogs,transformer_2l,0.015,subcritical,847,90.7593123209169,85.37037037037038,0.05758367625173453,3.904954792233184e-05,18.49518918991089,PASS
412,tier_1_primary_change_point,primary,cogs,transformer_2l,0.015,subcritical,889,89.17083631165119,92.03703703703704,0.07378204615903708,0.00016622878320049495,18.41228723526001,PASS
413,tier_1_primary_change_point,primary,cogs,transformer_2l,0.015,subcritical,931,89.17083631165119,85.37037037037038,0.06708614714771502,0.0002768679114524275,18.610618114471436,PASS
414,tier_1_primary_change_point,primary,cogs,transformer_2l,0.015,subcritical,973,89.12268188302424,86.85185185185185,0.05309773359471984,0.0,18.6956844329834,PASS
415,tier_1_primary_change_point,primary,cogs,transformer_2l,0.015,subcritical,1015,90.73135409123823,86.48148148148148,0.06819546920839753,0.00011195649130968377,18.75248694419861,PASS
416,tier_1_primary_change_point,primary,cogs,transformer_2l,0.015,subcritical,1057,84.10237923576064,75.92592592592592,0.06785916571916761,0.0002044215943897143,18.5870943069458,PASS
417,tier_1_primary_change_point,primary,cogs,transformer_2l,0.015,subcritical,1099,91.97841726618705,87.03703703703704,0.10078625762653987,0.00012582076305989176,18.613783597946167,PASS
418,tier_1_primary_change_point,primary,cogs,transformer_2l,0.015,subcritical,1141,91.74410293066477,88.70370370370371,0.05148601662290548,1.8927810742752627e-05,18.763466358184814,PASS
419,tier_1_primary_change_point,primary,cogs,transformer_2l,0.015,subcritical,1183,89.72063037249283,81.2962962962963,0.06981838207163611,3.565338920452632e-05,18.731626987457275,PASS
420,tier_1_primary_change_point,primary,cogs,transformer_2l,0.015,subcritical,1225,90.23689877961235,85.74074074074073,0.05381080928208545,6.160808698041365e-05,18.63141655921936,PASS
421,tier_1_primary_change_point,primary,cogs,transformer_2l,0.02,boundary,7,88.22684852835606,87.96296296296296,0.04671601419456589,0.00019549817079678178,18.647433519363403,PASS
422,tier_1_primary_change_point,primary,cogs,transformer_2l,0.02,boundary,49,91.88706218727663,84.62962962962963,0.08553165541078901,0.00010072501027025282,18.903914213180542,PASS
423,tier_1_primary_change_point,primary,cogs,transformer_2l,0.02,boundary,91,87.90035587188612,92.5925925925926,0.043444092535128986,4.671451461035758e-05,18.53567385673523,PASS
424,tier_1_primary_change_point,primary,cogs,transformer_2l,0.02,boundary,133,89.68481375358166,87.03703703703704,0.07621344692825448,6.466090417234227e-05,18.705329656600952,PASS
425,tier_1_primary_change_point,primary,cogs,transformer_2l,0.02,boundary,175,91.3867047891351,76.29629629629629,0.013369612022722936,0.00013866904191672802,18.73411774635315,PASS
426,tier_1_primary_change_point,primary,cogs,transformer_2l,0.02,boundary,217,89.2170818505338,75.0,0.05444174563536742,3.2318930607289076e-05,18.614718914031982,PASS
427,tier_1_primary_change_point,primary,cogs,transformer_2l,0.02,boundary,259,91.36690647482014,87.22222222222223,0.07435643922371786,0.00010735437535913661,18.473625421524048,PASS
428,tier_1_primary_change_point,primary,cogs,transformer_2l,0.02,boundary,301,90.09332376166547,76.48148148148148,0.04038859209895773,8.152017107931897e-05,18.659391164779663,PASS
429,tier_1_primary_change_point,primary,cogs,transformer_2l,0.02,boundary,343,91.22492836676219,84.07407407407408,0.08740837479040109,0.00014112993085291237,18.70702600479126,PASS
430,tier_1_primary_change_point,primary,cogs,transformer_2l,0.02,boundary,385,91.816223977028,88.33333333333333,0.05364998589583835,0.00019154371693730354,18.77660584449768,PASS
431,tier_1_primary_change_point,primary,cogs,transformer_2l,0.02,boundary,427,93.40974212034384,84.62962962962963,0.04566726209609869,0.00013470857811626047,18.82341480255127,PASS
432,tier_1_primary_change_point,primary,cogs,transformer_2l,0.02,boundary,469,88.9689978370584,87.03703703703704,0.08465369918848542,8.216944843297824e-05,18.714133739471436,PASS
433,tier_1_primary_change_point,primary,cogs,transformer_2l,0.02,boundary,511,89.2170818505338,88.33333333333333,0.051963916418830414,0.00011799051571870223,18.843263864517212,PASS
434,tier_1_primary_change_point,primary,cogs,transformer_2l,0.02,boundary,553,88.70621872766262,84.25925925925925,0.08265032451512626,0.00015836191596463323,18.819427490234375,PASS
435,tier_1_primary_change_point,primary,cogs,transformer_2l,0.02,boundary,595,92.86229271809661,82.4074074074074,0.04739410400757512,0.00024012567882891744,18.75733208656311,PASS
436,tier_1_primary_change_point,primary,cogs,transformer_2l,0.02,boundary,637,91.05113636363636,89.62962962962962,0.0665112572972272,0.00012144532956881449,18.587559461593628,PASS
437,tier_1_primary_change_point,primary,cogs,transformer_2l,0.02,boundary,679,92.51432664756447,87.4074074074074,0.041696936833466036,0.0001393239654134959,18.49133563041687,PASS
438,tier_1_primary_change_point,primary,cogs,transformer_2l,0.02,boundary,721,89.82014388489209,84.07407407407408,0.05122955001827967,8.83010434336029e-05,18.67122507095337,PASS
439,tier_1_primary_change_point,primary,cogs,transformer_2l,0.02,boundary,763,91.29496402877699,88.33333333333333,0.06209897910413437,0.00030414655338972807,18.694026231765747,PASS
440,tier_1_primary_change_point,primary,cogs,transformer_2l,0.02,boundary,805,92.69340974212035,88.88888888888889,0.04804142962630409,0.0002284436923218891,18.53744387626648,PASS
441,tier_1_primary_change_point,primary,cogs,transformer_2l,0.02,boundary,847,89.75644699140402,84.44444444444444,0.040394405659386616,5.83662731514778e-05,18.61355686187744,PASS
442,tier_1_primary_change_point,primary,cogs,transformer_2l,0.02,boundary,889,89.59971408148678,94.62962962962963,0.059669410567892316,7.898456533439457e-05,18.53389620780945,PASS
443,tier_1_primary_change_point,primary,cogs,transformer_2l,0.02,boundary,931,89.92137240886348,88.33333333333333,0.09010000820180164,0.0001323866454185918,18.558997631072998,PASS
444,tier_1_primary_change_point,primary,cogs,transformer_2l,0.02,boundary,973,89.76462196861627,87.22222222222223,0.06772136277157718,3.924242628272623e-05,18.52904486656189,PASS
445,tier_1_primary_change_point,primary,cogs,transformer_2l,0.02,boundary,1015,92.57784214337437,82.96296296296296,0.02920156750952657,0.00013843468332197517,18.490514755249023,PASS
446,tier_1_primary_change_point,primary,cogs,transformer_2l,0.02,boundary,1057,91.74477289113194,85.37037037037038,0.04516959078618843,0.00011553429794730619,18.383559465408325,PASS
447,tier_1_primary_change_point,primary,cogs,transformer_2l,0.02,boundary,1099,90.68345323741008,60.0,0.033184598771397865,0.00014776618627365679,18.49729895591736,PASS
448,tier_1_primary_change_point,primary,cogs,transformer_2l,0.02,boundary,1141,89.24231593995712,93.33333333333333,0.033047114169379076,7.511807780247182e-05,18.41261100769043,PASS
449,tier_1_primary_change_point,primary,cogs,transformer_2l,0.02,boundary,1183,90.68767908309455,75.18518518518519,0.08575497364575639,6.365690933307633e-05,18.36417555809021,PASS
450,tier_1_primary_change_point,primary,cogs,transformer_2l,0.02,boundary,1225,91.78033022254127,85.18518518518519,0.0787353526138133,2.566187504271511e-05,18.43183183670044,PASS
451,tier_1_primary_change_point,primary,cogs,transformer_2l,0.025,boundary,7,91.09834888729361,72.96296296296296,0.03990236056550932,0.00030233548022806644,18.329952001571655,PASS
452,tier_1_primary_change_point,primary,cogs,transformer_2l,0.025,boundary,49,94.5675482487491,84.81481481481481,0.07436366719396452,0.0002344353124499321,18.450938940048218,PASS
453,tier_1_primary_change_point,primary,cogs,transformer_2l,0.025,boundary,91,91.63701067615658,86.85185185185185,0.06646442344602936,0.0002845441922545433,18.474870443344116,PASS
454,tier_1_primary_change_point,primary,cogs,transformer_2l,0.025,boundary,133,89.14756446991404,84.81481481481481,0.06803869703910541,9.310529276262969e-05,18.6472384929657,PASS
455,tier_1_primary_change_point,primary,cogs,transformer_2l,0.025,boundary,175,90.35025017869907,86.85185185185185,0.03974775026715887,0.0001114702463382855,18.690349340438843,PASS
456,tier_1_primary_change_point,primary,cogs,transformer_2l,0.025,boundary,217,88.71886120996442,80.55555555555556,0.0744759446841579,0.00010282899893354625,18.599241733551025,PASS
457,tier_1_primary_change_point,primary,cogs,transformer_2l,0.025,boundary,259,89.85611510791367,82.96296296296296,0.05206449466341956,0.00011910570174222812,18.500829935073853,PASS
458,tier_1_primary_change_point,primary,cogs,transformer_2l,0.025,boundary,301,89.66259870782484,85.55555555555556,0.0533080734747029,7.334265683311969e-05,18.573187112808228,PASS
459,tier_1_primary_change_point,primary,cogs,transformer_2l,0.025,boundary,343,91.33237822349571,82.96296296296296,0.07877172424931068,0.0001689638156676665,18.452094316482544,PASS
460,tier_1_primary_change_point,primary,cogs,transformer_2l,0.025,boundary,385,90.1651112706389,86.48148148148148,0.10429014079074296,0.00019558834901545197,18.345813035964966,PASS
461,tier_1_primary_change_point,primary,cogs,transformer_2l,0.025,boundary,427,89.89971346704871,86.48148148148148,0.05498557407683032,0.00021184929937589914,18.601590394973755,PASS
462,tier_1_primary_change_point,primary,cogs,transformer_2l,0.025,boundary,469,90.41095890410958,86.29629629629629,0.09400462636730221,7.615955837536603e-05,18.477785110473633,PASS
463,tier_1_primary_change_point,primary,cogs,transformer_2l,0.025,boundary,511,89.3950177935943,87.03703703703704,0.049261313927806,0.00022972137958277017,18.67022180557251,PASS
464,tier_1_primary_change_point,primary,cogs,transformer_2l,0.025,boundary,553,92.81629735525375,85.37037037037038,0.062399457859251585,0.00044293617247603834,18.423002004623413,PASS
465,tier_1_primary_change_point,primary,cogs,transformer_2l,0.025,boundary,595,88.89689978370583,87.4074074074074,0.06899263748725086,0.00011741140042431653,18.48179602622986,PASS
466,tier_1_primary_change_point,primary,cogs,transformer_2l,0.025,boundary,637,88.671875,85.0,0.0634700541874285,0.00019405533384997398,18.530674934387207,PASS
467,tier_1_primary_change_point,primary,cogs,transformer_2l,0.025,boundary,679,92.29942693409741,91.11111111111111,0.03302324351803204,0.0001414552825735882,18.53469228744507,PASS
468,tier_1_primary_change_point,primary,cogs,transformer_2l,0.025,boundary,721,90.43165467625899,83.88888888888889,0.0607345386785251,5.431586760096252e-05,18.65162754058838,PASS
469,tier_1_primary_change_point,primary,cogs,transformer_2l,0.025,boundary,763,92.3021582733813,83.7037037037037,0.11871892634655641,0.0002732516441028565,18.50791645050049,PASS
470,tier_1_primary_change_point,primary,cogs,transformer_2l,0.025,boundary,805,94.09025787965616,84.07407407407408,0.07100328749319003,0.00016791712550912052,18.461390018463135,PASS
471,tier_1_primary_change_point,primary,cogs,transformer_2l,0.025,boundary,847,88.71776504297995,84.07407407407408,0.12370080032677823,8.350332063855603e-05,18.524957418441772,PASS
472,tier_1_primary_change_point,primary,cogs,transformer_2l,0.025,boundary,889,87.5625446747677,93.33333333333333,0.03257230692791114,1.9669569155666977e-05,18.790473222732544,PASS
473,tier_1_primary_change_point,primary,cogs,transformer_2l,0.025,boundary,931,89.6711937097927,86.85185185185185,0.11500654546587234,0.00022235975484363735,18.66326880455017,PASS
474,tier_1_primary_change_point,primary,cogs,transformer_2l,0.025,boundary,973,92.04707560627675,88.70370370370371,0.08229983842639006,0.00016071065329015255,18.561006546020508,PASS
475,tier_1_primary_change_point,primary,cogs,transformer_2l,0.025,boundary,1015,87.58146270818247,83.33333333333334,0.08121333568744672,9.674212196841836e-05,18.58104372024536,PASS
476,tier_1_primary_change_point,primary,cogs,transformer_2l,0.025,boundary,1057,92.24945926459985,87.77777777777777,0.07474959876839084,0.0003832921211142093,18.3932523727417,PASS
477,tier_1_primary_change_point,primary,cogs,transformer_2l,0.025,boundary,1099,92.12230215827338,87.5925925925926,0.07161187839038123,0.00028451907564885914,18.68260407447815,PASS
478,tier_1_primary_change_point,primary,cogs,transformer_2l,0.025,boundary,1141,89.6711937097927,94.44444444444444,0.08055100838044772,6.573087011929601e-05,18.581517219543457,PASS
479,tier_1_primary_change_point,primary,cogs,transformer_2l,0.025,boundary,1183,90.11461318051576,76.11111111111111,0.04608694389800341,6.434254464693367e-05,18.52530813217163,PASS
480,tier_1_primary_change_point,primary,cogs,transformer_2l,0.025,boundary,1225,90.77530509691314,79.62962962962963,0.07811659544090795,8.962029096437618e-05,18.395896911621094,PASS
481,tier_1_primary_change_point,primary,cogs,transformer_2l,0.03,boundary,7,91.816223977028,90.18518518518519,0.04630105540879937,0.00018628680845722556,18.407302856445312,PASS
482,tier_1_primary_change_point,primary,cogs,transformer_2l,0.03,boundary,49,92.85203716940671,74.81481481481481,0.08445528493686105,6.750660395482555e-05,18.4770450592041,PASS
483,tier_1_primary_change_point,primary,cogs,transformer_2l,0.03,boundary,91,89.4306049822064,83.88888888888889,0.09602787402060879,0.0002850202436093241,18.400191068649292,PASS
484,tier_1_primary_change_point,primary,cogs,transformer_2l,0.03,boundary,133,89.97134670487105,87.4074074074074,0.07339190116499654,7.299103890545666e-05,18.44500470161438,PASS
485,tier_1_primary_change_point,primary,cogs,transformer_2l,0.03,boundary,175,88.92065761258041,85.37037037037038,0.03172278160744487,8.802631782600656e-06,18.369109630584717,PASS
486,tier_1_primary_change_point,primary,cogs,transformer_2l,0.03,boundary,217,87.68683274021353,73.88888888888889,0.08736266467094761,7.626576552866027e-05,18.395954370498657,PASS
487,tier_1_primary_change_point,primary,cogs,transformer_2l,0.03,boundary,259,91.51079136690647,87.03703703703704,0.08504038843544405,0.0001278865966014564,18.30684208869934,PASS
488,tier_1_primary_change_point,primary,cogs,transformer_2l,0.03,boundary,301,90.34458004307251,85.92592592592592,0.048536272459459635,0.000105315339169465,18.45253014564514,PASS
489,tier_1_primary_change_point,primary,cogs,transformer_2l,0.03,boundary,343,92.47851002865329,88.33333333333333,0.0448184630029371,0.00021180641488172114,18.60196328163147,PASS
490,tier_1_primary_change_point,primary,cogs,transformer_2l,0.03,boundary,385,93.862167982771,85.74074074074073,0.028054355939286735,0.0,18.457943439483643,PASS
491,tier_1_primary_change_point,primary,cogs,transformer_2l,0.03,boundary,427,92.51432664756447,91.11111111111111,0.06227021722289544,2.7107535061077215e-05,18.540420532226562,PASS
492,tier_1_primary_change_point,primary,cogs,transformer_2l,0.03,boundary,469,88.75270367700072,77.77777777777779,0.10907279447869152,0.000146580976434052,18.632786750793457,PASS
493,tier_1_primary_change_point,primary,cogs,transformer_2l,0.03,boundary,511,89.9288256227758,78.88888888888889,0.021250471706567905,0.00021452110377140343,18.52180814743042,PASS
494,tier_1_primary_change_point,primary,cogs,transformer_2l,0.03,boundary,553,88.09864188706219,88.14814814814815,0.061092033356598435,0.00011932442430406809,18.45986008644104,PASS
495,tier_1_primary_change_point,primary,cogs,transformer_2l,0.03,boundary,595,90.0504686373468,87.4074074074074,0.09170813331529681,0.00010521772492211312,18.446738958358765,PASS
496,tier_1_primary_change_point,primary,cogs,transformer_2l,0.03,boundary,637,89.63068181818183,86.48148148148148,0.0560004904560063,7.621822442160919e-05,18.352492809295654,PASS
497,tier_1_primary_change_point,primary,cogs,transformer_2l,0.03,boundary,679,92.65759312320917,90.55555555555556,0.06326740758032545,0.0001924576354213059,18.5387442111969,PASS
498,tier_1_primary_change_point,primary,cogs,transformer_2l,0.03,boundary,721,89.38848920863309,87.5925925925926,0.07562546654069836,5.875975693925284e-05,18.359482765197754,PASS
499,tier_1_primary_change_point,primary,cogs,transformer_2l,0.03,boundary,763,94.10071942446044,88.51851851851852,0.024007845342081436,0.0004609334282577038,18.380423307418823,PASS
500,tier_1_primary_change_point,primary,cogs,transformer_2l,0.03,boundary,805,95.70200573065902,87.22222222222223,0.051524970812884534,0.00046208081766963005,18.501415252685547,PASS
501,tier_1_primary_change_point,primary,cogs,transformer_2l,0.03,boundary,847,88.03724928366762,82.22222222222221,0.09256482346407409,5.1064733270322904e-05,18.35819125175476,PASS
502,tier_1_primary_change_point,primary,cogs,transformer_2l,0.03,boundary,889,89.09935668334525,95.18518518518519,0.04877374999379989,0.00012680661166086793,18.604018688201904,PASS
503,tier_1_primary_change_point,primary,cogs,transformer_2l,0.03,boundary,931,91.20800571837026,88.14814814814815,0.09286039614824977,0.00028805137844756246,18.56879472732544,PASS
504,tier_1_primary_change_point,primary,cogs,transformer_2l,0.03,boundary,973,92.47503566333809,87.96296296296296,0.07569248219441202,0.00017426442354917526,18.48853588104248,PASS
505,tier_1_primary_change_point,primary,cogs,transformer_2l,0.03,boundary,1015,90.87617668356263,85.92592592592592,0.06121816126374654,0.0008565459866076708,18.459744215011597,PASS
506,tier_1_primary_change_point,primary,cogs,transformer_2l,0.03,boundary,1057,91.92501802451334,82.4074074074074,0.05072168219434934,0.00018938157882075757,18.562178134918213,PASS
507,tier_1_primary_change_point,primary,cogs,transformer_2l,0.03,boundary,1099,90.75539568345323,83.14814814814815,0.11868442440462734,0.0001343868934782222,18.619085788726807,PASS
508,tier_1_primary_change_point,primary,cogs,transformer_2l,0.03,boundary,1141,90.42172980700501,92.22222222222223,0.10418466327738336,0.00010924250091193244,18.658299922943115,PASS
509,tier_1_primary_change_point,primary,cogs,transformer_2l,0.03,boundary,1183,93.48137535816619,88.70370370370371,0.04783223624418362,0.0001373306877212599,18.771233797073364,PASS
510,tier_1_primary_change_point,primary,cogs,transformer_2l,0.03,boundary,1225,90.66762383345298,88.33333333333333,0.03728151303737613,0.0017277123406529427,18.637974500656128,PASS
511,tier_1_primary_change_point,primary,cogs,transformer_2l,0.5,supercritical,7,90.02153625269203,87.96296296296296,0.02005189413645179,0.00014241249300539494,18.622971534729004,PASS
512,tier_1_primary_change_point,primary,cogs,transformer_2l,0.5,supercritical,49,94.10293066476055,66.2962962962963,0.052161659105506575,0.00018484810425434262,18.688976526260376,PASS
513,tier_1_primary_change_point,primary,cogs,transformer_2l,0.5,supercritical,91,87.68683274021353,69.07407407407408,0.09225916311310932,0.00011463627743069082,18.72755002975464,PASS
514,tier_1_primary_change_point,primary,cogs,transformer_2l,0.5,supercritical,133,89.64899713467048,74.25925925925925,0.1085776303422274,0.00018967961659654975,18.385196685791016,PASS
515,tier_1_primary_change_point,primary,cogs,transformer_2l,0.5,supercritical,175,90.92208720514652,72.5925925925926,0.03959300583389518,4.781583265867084e-05,18.66367816925049,PASS
516,tier_1_primary_change_point,primary,cogs,transformer_2l,0.5,supercritical,217,89.11032028469751,78.14814814814814,0.024545300364741843,7.979650399647653e-05,18.708144426345825,PASS
517,tier_1_primary_change_point,primary,cogs,transformer_2l,0.5,supercritical,259,91.36690647482014,80.74074074074075,0.023357508576967556,0.00018001534044742584,18.5647976398468,PASS
518,tier_1_primary_change_point,primary,cogs,transformer_2l,0.5,supercritical,301,92.46231155778895,76.85185185185185,0.037813535604956906,0.00013824172492604703,18.42197871208191,PASS
519,tier_1_primary_change_point,primary,cogs,transformer_2l,0.5,supercritical,343,91.36819484240688,83.33333333333334,0.09188278526996925,0.0,18.531609296798706,PASS
520,tier_1_primary_change_point,primary,cogs,transformer_2l,0.5,supercritical,385,92.92893036611629,86.29629629629629,0.06940282933328312,0.00013289008347783238,18.58826494216919,PASS
521,tier_1_primary_change_point,primary,cogs,transformer_2l,0.5,supercritical,427,94.26934097421203,88.51851851851852,0.054794464822083756,0.00015764326963108033,18.786010026931763,PASS
522,tier_1_primary_change_point,primary,cogs,transformer_2l,0.5,supercritical,469,92.57390050468636,87.03703703703704,0.09010332712574254,0.00010132300667464733,18.73121738433838,PASS
523,tier_1_primary_change_point,primary,cogs,transformer_2l,0.5,supercritical,511,92.20640569395017,80.55555555555556,0.06925559024124105,0.00026852762675844133,18.58688998222351,PASS
524,tier_1_primary_change_point,primary,cogs,transformer_2l,0.5,supercritical,553,88.31308077198,84.07407407407408,0.09097618455909073,7.370987441390753e-05,18.519571781158447,PASS
525,tier_1_primary_change_point,primary,cogs,transformer_2l,0.5,supercritical,595,91.05984138428262,75.92592592592592,0.07146665177498569,8.232320396928117e-05,18.567338466644287,PASS
526,tier_1_primary_change_point,primary,cogs,transformer_2l,0.5,supercritical,637,93.00426136363636,81.2962962962963,0.045807727504287084,0.00010971492883982137,18.636787176132202,PASS
527,tier_1_primary_change_point,primary,cogs,transformer_2l,0.5,supercritical,679,93.80372492836676,77.77777777777779,0.021205375892652468,0.00031303620198741555,18.66434955596924,PASS
528,tier_1_primary_change_point,primary,cogs,transformer_2l,0.5,supercritical,721,92.58992805755396,82.77777777777777,0.053232649844162566,0.0,18.644722938537598,PASS
529,tier_1_primary_change_point,primary,cogs,transformer_2l,0.5,supercritical,763,90.14388489208633,87.77777777777777,0.03155349690020426,0.00020129082258790731,18.770267009735107,PASS
530,tier_1_primary_change_point,primary,cogs,transformer_2l,0.5,supercritical,805,92.1919770773639,80.18518518518518,0.08556329681704926,0.00020836775365751237,18.63955783843994,PASS
531,tier_1_primary_change_point,primary,cogs,transformer_2l,0.5,supercritical,847,89.18338108882521,87.03703703703704,0.03969298994399495,8.059696847340092e-05,18.665709257125854,PASS
532,tier_1_primary_change_point,primary,cogs,transformer_2l,0.5,supercritical,889,90.9578270192995,84.81481481481481,0.08547781918590795,9.759385284269229e-05,18.525567770004272,PASS
533,tier_1_primary_change_point,primary,cogs,transformer_2l,0.5,supercritical,931,91.1722659042173,85.92592592592592,0.09718327446710368,8.970224007498473e-05,18.631734132766724,PASS
534,tier_1_primary_change_point,primary,cogs,transformer_2l,0.5,supercritical,973,91.33380884450784,82.77777777777777,0.0497239171438473,0.0,18.613348245620728,PASS
535,tier_1_primary_change_point,primary,cogs,transformer_2l,0.5,supercritical,1015,90.18826937002173,88.33333333333333,0.0787627266144244,0.001128277275711298,18.548850059509277,PASS
536,tier_1_primary_change_point,primary,cogs,transformer_2l,0.5,supercritical,1057,90.62725306416726,83.14814814814815,0.04512035026659103,0.00023857374617364258,18.62214970588684,PASS
537,tier_1_primary_change_point,primary,cogs,transformer_2l,0.5,supercritical,1099,89.06474820143885,75.37037037037037,0.09975725300565501,0.00011821085354313254,18.65225100517273,PASS
538,tier_1_primary_change_point,primary,cogs,transformer_2l,0.5,supercritical,1141,89.81415296640456,85.37037037037038,0.040027304741282396,0.002047878224402666,18.62842607498169,PASS
539,tier_1_primary_change_point,primary,cogs,transformer_2l,0.5,supercritical,1183,94.59169054441261,88.14814814814815,0.09211560938651998,4.371394607005641e-05,18.824198484420776,PASS
540,tier_1_primary_change_point,primary,cogs,transformer_2l,0.5,supercritical,1225,91.67264895908112,79.44444444444444,0.06848418520729997,0.00013337274140212685,18.57750654220581,PASS
541,tier_1_primary_change_point,primary,pcfg_set,transformer_2l,0.0,subcritical,7,95.67147613762486,66.640625,0.9999999805386363,7.7762124419678e-06,10.627290487289429,PASS
542,tier_1_primary_change_point,primary,pcfg_set,transformer_2l,0.0,subcritical,49,90.70548712206048,67.65625,0.999999995813699,0.0,10.527462720870972,PASS
543,tier_1_primary_change_point,primary,pcfg_set,transformer_2l,0.0,subcritical,91,92.73927392739274,60.15625,1.0000000128558977,2.3326034352066927e-05,10.669369220733643,PASS
544,tier_1_primary_change_point,primary,pcfg_set,transformer_2l,0.0,subcritical,133,95.58011049723757,69.296875,1.000000042677378,2.8604565159184858e-05,10.662856578826904,PASS
545,tier_1_primary_change_point,primary,pcfg_set,transformer_2l,0.0,subcritical,175,94.14364640883977,60.0,1.0000000020511943,2.152258275600616e-06,10.567752122879028,PASS
546,tier_1_primary_change_point,primary,pcfg_set,transformer_2l,0.0,subcritical,217,92.1259842519685,60.703125,1.0000000461306187,8.69411542225862e-06,10.58546757698059,PASS
547,tier_1_primary_change_point,primary,pcfg_set,transformer_2l,0.0,subcritical,259,92.4092409240924,62.96874999999999,1.0000000257796404,2.6424236239108723e-06,10.553136587142944,PASS
548,tier_1_primary_change_point,primary,pcfg_set,transformer_2l,0.0,subcritical,301,92.86510590858417,74.296875,1.0000000264730855,2.218419649580028e-05,10.517072200775146,PASS
549,tier_1_primary_change_point,primary,pcfg_set,transformer_2l,0.0,subcritical,343,92.80261723009815,60.0,1.000000001395274,1.0007029231928755e-05,10.504112005233765,PASS
550,tier_1_primary_change_point,primary,pcfg_set,transformer_2l,0.0,subcritical,385,93.28932893289328,60.546875,1.0000000431591851,1.410097502230201e-05,10.531341075897217,PASS
551,tier_1_primary_change_point,primary,pcfg_set,transformer_2l,0.0,subcritical,427,94.32933478735005,66.484375,1.0000000245634444,9.479245636612177e-05,10.433786869049072,PASS
552,tier_1_primary_change_point,primary,pcfg_set,transformer_2l,0.0,subcritical,469,92.53065774804905,62.03125000000001,1.00000003328638,4.578248262987472e-05,10.48521900177002,PASS
553,tier_1_primary_change_point,primary,pcfg_set,transformer_2l,0.0,subcritical,511,92.66155531215772,60.0,0.9999999896904413,1.3220892469689716e-05,10.483525514602661,PASS
554,tier_1_primary_change_point,primary,pcfg_set,transformer_2l,0.0,subcritical,553,96.78135405105438,61.328125,1.000000002923464,3.068929800065234e-05,10.587724447250366,PASS
555,tier_1_primary_change_point,primary,pcfg_set,transformer_2l,0.0,subcritical,595,92.59668508287294,72.265625,0.9999999922904804,4.106992855668068e-05,10.587530374526978,PASS
556,tier_1_primary_change_point,primary,pcfg_set,transformer_2l,0.0,subcritical,637,95.40873460246361,58.51562500000001,0.9999999816918579,1.785068161552772e-05,10.53727650642395,PASS
557,tier_1_primary_change_point,primary,pcfg_set,transformer_2l,0.0,subcritical,679,91.5273132664437,60.15625,0.9999999850544697,6.81692617945373e-05,10.585488557815552,PASS
558,tier_1_primary_change_point,primary,pcfg_set,transformer_2l,0.0,subcritical,721,94.40089585666294,71.640625,0.9999999838807417,4.018727850052528e-05,10.41432499885559,PASS
559,tier_1_primary_change_point,primary,pcfg_set,transformer_2l,0.0,subcritical,763,92.68841394825647,56.25,1.0000000203103656,5.0316511988057755e-06,10.517973899841309,PASS
560,tier_1_primary_change_point,primary,pcfg_set,transformer_2l,0.0,subcritical,805,94.41401971522454,64.296875,1.0000000086477938,6.625233072554693e-05,10.550239324569702,PASS
561,tier_1_primary_change_point,primary,pcfg_set,transformer_2l,0.0,subcritical,847,91.1991199119912,67.109375,0.9999999677446484,1.5117409930098802e-05,10.568621397018433,PASS
562,tier_1_primary_change_point,primary,pcfg_set,transformer_2l,0.0,subcritical,889,93.23882224645584,60.0,0.9999999744174758,3.391250720596872e-05,10.407673835754395,PASS
563,tier_1_primary_change_point,primary,pcfg_set,transformer_2l,0.0,subcritical,931,96.80968096809681,54.37499999999999,0.9999999962465206,2.5931920390576124e-05,10.501003980636597,PASS
564,tier_1_primary_change_point,primary,pcfg_set,transformer_2l,0.0,subcritical,973,96.24309392265194,56.32812499999999,0.9999999833119705,2.8251584808458574e-05,10.517012119293213,PASS
565,tier_1_primary_change_point,primary,pcfg_set,transformer_2l,0.0,subcritical,1015,91.33858267716536,73.28125,0.9999999685028763,2.1006393581046723e-05,10.491103172302246,PASS
566,tier_1_primary_change_point,primary,pcfg_set,transformer_2l,0.0,subcritical,1057,93.39305711086226,57.96875,0.9999999935416316,3.0108411010587588e-05,10.507715702056885,PASS
567,tier_1_primary_change_point,primary,pcfg_set,transformer_2l,0.0,subcritical,1099,93.70165745856353,80.390625,0.9999999642664879,1.152500590251293e-05,10.642714738845825,PASS
568,tier_1_primary_change_point,primary,pcfg_set,transformer_2l,0.0,subcritical,1141,94.56159822419534,62.265625,1.000000008208081,5.5463988246629015e-05,10.452347040176392,PASS
569,tier_1_primary_change_point,primary,pcfg_set,transformer_2l,0.0,subcritical,1183,92.89678135405104,55.15624999999999,0.9999999714139972,1.438874278392177e-05,10.568891286849976,PASS
570,tier_1_primary_change_point,primary,pcfg_set,transformer_2l,0.0,subcritical,1225,95.67147613762486,56.25,1.0000000010700842,1.2359680113149807e-05,10.41391110420227,PASS
571,tier_1_primary_change_point,primary,pcfg_set,transformer_2l,0.015,subcritical,7,93.89567147613762,71.5625,0.0949519041827388,1.888907172542531e-05,18.36965036392212,PASS
572,tier_1_primary_change_point,primary,pcfg_set,transformer_2l,0.015,subcritical,49,95.96864501679731,68.75,0.07204695799205559,1.9816048734355718e-05,18.32636332511902,PASS
573,tier_1_primary_change_point,primary,pcfg_set,transformer_2l,0.015,subcritical,91,96.36963696369637,63.59375000000001,0.02023192428660022,1.744119253999088e-05,18.408401250839233,PASS
574,tier_1_primary_change_point,primary,pcfg_set,transformer_2l,0.015,subcritical,133,95.13812154696133,87.578125,0.04617780260497883,1.4373820704349782e-05,18.513124227523804,PASS
575,tier_1_primary_change_point,primary,pcfg_set,transformer_2l,0.015,subcritical,175,95.2486187845304,82.03125,-0.04676114335720524,4.532354068942368e-05,18.54272174835205,PASS
576,tier_1_primary_change_point,primary,pcfg_set,transformer_2l,0.015,subcritical,217,95.83802024746907,70.390625,0.06376137032208895,4.516443732427433e-05,18.683591604232788,PASS
577,tier_1_primary_change_point,primary,pcfg_set,transformer_2l,0.015,subcritical,259,91.96919691969197,82.8125,0.10503051563256856,6.442538051487645e-06,18.727591276168823,PASS
578,tier_1_primary_change_point,primary,pcfg_set,transformer_2l,0.015,subcritical,301,95.31772575250837,63.74999999999999,0.05303259557995854,1.9607592548709363e-05,18.84116816520691,PASS
579,tier_1_primary_change_point,primary,pcfg_set,transformer_2l,0.015,subcritical,343,92.36641221374046,67.65625,0.012975013312413977,5.474769750435371e-06,18.706919193267822,PASS
580,tier_1_primary_change_point,primary,pcfg_set,transformer_2l,0.015,subcritical,385,96.69966996699671,63.74999999999999,0.02854339429845791,3.8850586861371994e-05,18.713382959365845,PASS
581,tier_1_primary_change_point,primary,pcfg_set,transformer_2l,0.015,subcritical,427,92.25736095965104,60.0,0.018074319223749247,1.9123370975648868e-07,18.467466831207275,PASS
582,tier_1_primary_change_point,primary,pcfg_set,transformer_2l,0.015,subcritical,469,93.19955406911929,62.57812499999999,0.1126997792802834,3.139218097203411e-05,18.218297243118286,PASS
583,tier_1_primary_change_point,primary,pcfg_set,transformer_2l,0.015,subcritical,511,92.33296823658269,66.09375,0.09487232837527011,2.2383095711120404e-05,18.69988226890564,PASS
584,tier_1_primary_change_point,primary,pcfg_set,transformer_2l,0.015,subcritical,553,93.45172031076582,75.78125,0.08519285431138383,0.00023900855740066618,18.674774408340454,PASS
585,tier_1_primary_change_point,primary,pcfg_set,transformer_2l,0.015,subcritical,595,95.58011049723757,90.15625,0.05171238554040527,2.063353531411849e-05,18.751832723617554,PASS
586,tier_1_primary_change_point,primary,pcfg_set,transformer_2l,0.015,subcritical,637,92.60918253079508,68.28125,0.07130354497451079,2.404789483989589e-05,18.699390172958374,PASS
587,tier_1_primary_change_point,primary,pcfg_set,transformer_2l,0.015,subcritical,679,91.75027870680044,60.0,0.0867175651174686,3.470851879683323e-05,18.585437059402466,PASS
588,tier_1_primary_change_point,primary,pcfg_set,transformer_2l,0.015,subcritical,721,94.62486002239642,63.74999999999999,0.04280589399684707,4.521637492871378e-06,18.649691104888916,PASS
589,tier_1_primary_change_point,primary,pcfg_set,transformer_2l,0.015,subcritical,763,93.7007874015748,63.828125,0.05306717296521398,7.304281979259031e-08,18.70997977256775,PASS
590,tier_1_primary_change_point,primary,pcfg_set,transformer_2l,0.015,subcritical,805,93.2092004381161,70.0,0.06594646573993714,5.1140337745891884e-05,18.5405216217041,PASS
591,tier_1_primary_change_point,primary,pcfg_set,transformer_2l,0.015,subcritical,847,92.84928492849285,61.01562499999999,0.050261741362904906,3.370064587215893e-05,18.63101601600647,PASS
592,tier_1_primary_change_point,primary,pcfg_set,transformer_2l,0.015,subcritical,889,93.5659760087241,60.546875,0.09401894210557225,1.3371682143770158e-05,18.52592658996582,PASS
593,tier_1_primary_change_point,primary,pcfg_set,transformer_2l,0.015,subcritical,931,95.26952695269527,75.234375,0.09421902475668122,4.527221608441323e-05,18.73556661605835,PASS
594,tier_1_primary_change_point,primary,pcfg_set,transformer_2l,0.015,subcritical,973,95.58011049723757,78.75,0.02902786760569631,2.370323818468023e-05,18.644299268722534,PASS
595,tier_1_primary_change_point,primary,pcfg_set,transformer_2l,0.015,subcritical,1015,94.71316085489315,70.15625,0.10017985730296912,3.6635476135415956e-05,18.603855848312378,PASS
596,tier_1_primary_change_point,primary,pcfg_set,transformer_2l,0.015,subcritical,1057,93.28107502799551,74.140625,0.0777856030732924,0.0,18.637481689453125,PASS
597,tier_1_primary_change_point,primary,pcfg_set,transformer_2l,0.015,subcritical,1099,96.13259668508287,89.609375,0.04192828506195296,1.6156269339262508e-05,18.71457600593567,PASS
598,tier_1_primary_change_point,primary,pcfg_set,transformer_2l,0.015,subcritical,1141,91.89789123196448,70.703125,-0.01871821192253452,1.574522684677504e-05,18.645412921905518,PASS
599,tier_1_primary_change_point,primary,pcfg_set,transformer_2l,0.015,subcritical,1183,94.00665926748057,74.375,0.08987500206477662,4.4973098738410044e-06,18.623705625534058,PASS
600,tier_1_primary_change_point,primary,pcfg_set,transformer_2l,0.015,subcritical,1225,95.56048834628191,76.25,0.05445869275797843,5.0944494432769716e-05,18.69258213043213,PASS
601,tier_1_primary_change_point,primary,pcfg_set,transformer_2l,0.02,boundary,7,96.55937846836848,59.84374999999999,0.08260487264761239,4.7028312110342085e-05,18.46821904182434,PASS
602,tier_1_primary_change_point,primary,pcfg_set,transformer_2l,0.02,boundary,49,95.74468085106383,87.03125,0.044381910229939765,7.397173249046318e-06,18.859435558319092,PASS
603,tier_1_primary_change_point,primary,pcfg_set,transformer_2l,0.02,boundary,91,96.03960396039604,67.65625,-0.0040801613604454015,3.2184547308133915e-05,18.682950019836426,PASS
604,tier_1_primary_change_point,primary,pcfg_set,transformer_2l,0.02,boundary,133,92.15469613259668,70.3125,0.014154227083315733,2.405202940281015e-05,18.76033854484558,PASS
605,tier_1_primary_change_point,primary,pcfg_set,transformer_2l,0.02,boundary,175,94.9171270718232,71.25,0.08163306340585263,4.427634848980233e-05,18.558056592941284,PASS
606,tier_1_primary_change_point,primary,pcfg_set,transformer_2l,0.02,boundary,217,95.16310461192352,60.0,0.08240947400737102,2.803808638418559e-05,18.312581777572632,PASS
607,tier_1_primary_change_point,primary,pcfg_set,transformer_2l,0.02,boundary,259,93.94939493949394,81.796875,0.058267143853866964,6.5125373112095986e-06,18.50038719177246,PASS
608,tier_1_primary_change_point,primary,pcfg_set,transformer_2l,0.02,boundary,301,93.75696767001115,66.328125,0.05368651649970816,2.457774280628655e-05,18.380130290985107,PASS
609,tier_1_primary_change_point,primary,pcfg_set,transformer_2l,0.02,boundary,343,92.25736095965104,60.0,0.00017172941654295648,1.5612698916811496e-05,18.488327264785767,PASS
610,tier_1_primary_change_point,primary,pcfg_set,transformer_2l,0.02,boundary,385,95.92959295929593,74.53125,0.10844833703670458,1.6213585695368238e-05,18.39574956893921,PASS
611,tier_1_primary_change_point,primary,pcfg_set,transformer_2l,0.02,boundary,427,94.43838604143949,68.28125,0.06498888589450191,3.077937799389474e-05,18.596165418624878,PASS
612,tier_1_primary_change_point,primary,pcfg_set,transformer_2l,0.02,boundary,469,95.9866220735786,69.84375,0.06920232974866108,2.829172990459483e-05,18.590479135513306,PASS
613,tier_1_primary_change_point,primary,pcfg_set,transformer_2l,0.02,boundary,511,93.31872946330778,61.875,0.059741185284648134,1.7843698515207507e-05,18.538995265960693,PASS
614,tier_1_primary_change_point,primary,pcfg_set,transformer_2l,0.02,boundary,553,93.89567147613762,48.90625,0.009692221812770414,0.0,18.49182939529419,PASS
615,tier_1_primary_change_point,primary,pcfg_set,transformer_2l,0.02,boundary,595,95.58011049723757,72.34375,0.022911344581263,1.7172846128232777e-05,18.42000102996826,PASS
616,tier_1_primary_change_point,primary,pcfg_set,transformer_2l,0.02,boundary,637,95.18477043673013,63.74999999999999,0.03602277669731154,6.304298040049616e-06,18.48634648323059,PASS
617,tier_1_primary_change_point,primary,pcfg_set,transformer_2l,0.02,boundary,679,91.86176142697882,69.6875,0.03061487005141997,1.1039997843909077e-05,18.502434015274048,PASS
618,tier_1_primary_change_point,primary,pcfg_set,transformer_2l,0.02,boundary,721,93.28107502799551,77.1875,0.0633892728131536,1.157537099061301e-05,18.662941932678223,PASS
619,tier_1_primary_change_point,primary,pcfg_set,transformer_2l,0.02,boundary,763,92.57592800899887,71.25,0.028077269715403794,4.4589254684979096e-05,18.72051191329956,PASS
620,tier_1_primary_change_point,primary,pcfg_set,transformer_2l,0.02,boundary,805,94.30449069003286,76.953125,0.05259621430820036,1.8123082554666325e-05,18.522385597229004,PASS
621,tier_1_primary_change_point,primary,pcfg_set,transformer_2l,0.02,boundary,847,90.97909790979098,61.01562499999999,0.03932546464916458,4.126372004975565e-05,18.485772371292114,PASS
622,tier_1_primary_change_point,primary,pcfg_set,transformer_2l,0.02,boundary,889,93.23882224645584,63.4375,0.11049394261688782,4.196795271127485e-05,18.390372276306152,PASS
623,tier_1_primary_change_point,primary,pcfg_set,transformer_2l,0.02,boundary,931,96.36963696369637,71.875,0.08500007042987034,2.2658314264845103e-05,18.58509850502014,PASS
624,tier_1_primary_change_point,primary,pcfg_set,transformer_2l,0.02,boundary,973,96.353591160221,60.0,0.10514035479468069,1.2967389011464547e-05,18.474740028381348,PASS
625,tier_1_primary_change_point,primary,pcfg_set,transformer_2l,0.02,boundary,1015,95.50056242969629,62.734375,0.046162522750523745,2.5343551897094585e-05,18.463433265686035,PASS
626,tier_1_primary_change_point,primary,pcfg_set,transformer_2l,0.02,boundary,1057,92.60918253079508,80.3125,0.0036136154081266303,0.0,18.40325140953064,PASS
627,tier_1_primary_change_point,primary,pcfg_set,transformer_2l,0.02,boundary,1099,91.8232044198895,83.984375,0.04394030482262449,1.311525466007879e-05,18.6341712474823,PASS
628,tier_1_primary_change_point,primary,pcfg_set,transformer_2l,0.02,boundary,1141,93.89567147613762,96.25,0.12549227931049364,6.176456372486427e-05,18.44695520401001,PASS
629,tier_1_primary_change_point,primary,pcfg_set,transformer_2l,0.02,boundary,1183,92.89678135405104,76.640625,0.019460755219440823,2.2763062588637695e-05,18.27391266822815,PASS
630,tier_1_primary_change_point,primary,pcfg_set,transformer_2l,0.02,boundary,1225,95.56048834628191,74.140625,0.051386756989541066,4.044753950438462e-05,18.65074872970581,PASS
631,tier_1_primary_change_point,primary,pcfg_set,transformer_2l,0.025,boundary,7,91.89789123196448,74.375,0.05554058960962782,3.209637361578643e-05,18.64537215232849,PASS
632,tier_1_primary_change_point,primary,pcfg_set,transformer_2l,0.025,boundary,49,95.96864501679731,95.78125,0.07557239461882777,9.32420607568929e-06,18.67338538169861,PASS
633,tier_1_primary_change_point,primary,pcfg_set,transformer_2l,0.025,boundary,91,96.25962596259626,67.03125,0.08283691933698466,2.9961287509649992e-05,18.687828302383423,PASS
634,tier_1_primary_change_point,primary,pcfg_set,transformer_2l,0.025,boundary,133,94.58563535911603,74.0625,0.05736080915829609,5.5998323659878224e-05,18.677934646606445,PASS
635,tier_1_primary_change_point,primary,pcfg_set,transformer_2l,0.025,boundary,175,94.03314917127071,72.03125,0.04634520884478824,2.1166102669667453e-05,18.61682963371277,PASS
636,tier_1_primary_change_point,primary,pcfg_set,transformer_2l,0.025,boundary,217,96.40044994375702,71.5625,0.10845744549589191,3.242004822823219e-05,18.69628667831421,PASS
637,tier_1_primary_change_point,primary,pcfg_set,transformer_2l,0.025,boundary,259,95.04950495049505,70.390625,0.002155981747011649,6.171719724079594e-05,18.607475519180298,PASS
638,tier_1_primary_change_point,primary,pcfg_set,transformer_2l,0.025,boundary,301,94.31438127090301,75.78125,0.05625750793861748,0.0,18.590612173080444,PASS
639,tier_1_primary_change_point,primary,pcfg_set,transformer_2l,0.025,boundary,343,94.87459105779716,64.296875,-0.0028382615034033658,2.8953110813745297e-05,18.53790593147278,PASS
640,tier_1_primary_change_point,primary,pcfg_set,transformer_2l,0.025,boundary,385,95.59955995599559,67.65625,0.03986697511252049,2.413719084870536e-05,18.38787841796875,PASS
641,tier_1_primary_change_point,primary,pcfg_set,transformer_2l,0.025,boundary,427,91.93020719738277,69.375,0.0895918619640303,1.484472431911854e-05,18.472309589385986,PASS
642,tier_1_primary_change_point,primary,pcfg_set,transformer_2l,0.025,boundary,469,92.19620958751393,67.578125,0.057987007909977795,2.7162677724845707e-05,18.45365333557129,PASS
643,tier_1_primary_change_point,primary,pcfg_set,transformer_2l,0.025,boundary,511,93.31872946330778,62.890625,0.06004921842035784,1.157078531832667e-05,18.495471239089966,PASS
644,tier_1_primary_change_point,primary,pcfg_set,transformer_2l,0.025,boundary,553,95.44950055493896,83.125,0.04588593894552958,0.0,18.525203466415405,PASS
645,tier_1_primary_change_point,primary,pcfg_set,transformer_2l,0.025,boundary,595,93.70165745856353,87.65625,-0.022783845064351466,3.694528231790173e-06,18.3383629322052,PASS
646,tier_1_primary_change_point,primary,pcfg_set,transformer_2l,0.025,boundary,637,95.40873460246361,63.125,0.062416112767750276,1.1839111721201334e-05,18.477776527404785,PASS
647,tier_1_primary_change_point,primary,pcfg_set,transformer_2l,0.025,boundary,679,91.75027870680044,72.109375,-0.006618975818028404,7.075736903061625e-06,18.6529483795166,PASS
648,tier_1_primary_change_point,primary,pcfg_set,transformer_2l,0.025,boundary,721,94.2889137737962,60.0,0.021686085965793005,1.3137390851625241e-05,18.532926559448242,PASS
649,tier_1_primary_change_point,primary,pcfg_set,transformer_2l,0.025,boundary,763,92.68841394825647,76.25,0.0340318295565493,1.7125792510341853e-05,18.417001724243164,PASS
650,tier_1_primary_change_point,primary,pcfg_set,transformer_2l,0.025,boundary,805,96.49507119386638,77.578125,0.11582931404200464,2.362962368351873e-05,18.400420427322388,PASS
651,tier_1_primary_change_point,primary,pcfg_set,transformer_2l,0.025,boundary,847,92.62926292629263,53.98437499999999,0.016773210921081524,1.2697020792984404e-05,18.244375467300415,PASS
652,tier_1_primary_change_point,primary,pcfg_set,transformer_2l,0.025,boundary,889,93.23882224645584,65.859375,0.03895410031998126,4.7192617785185575e-05,18.608452320098877,PASS
653,tier_1_primary_change_point,primary,pcfg_set,transformer_2l,0.025,boundary,931,96.03960396039604,76.09375,0.07649918583848274,4.828357123187743e-05,18.558369874954224,PASS
654,tier_1_primary_change_point,primary,pcfg_set,transformer_2l,0.025,boundary,973,96.353591160221,60.07812500000001,0.06988105437811114,3.6181187169859186e-05,18.34840750694275,PASS
655,tier_1_primary_change_point,primary,pcfg_set,transformer_2l,0.025,boundary,1015,95.61304836895388,71.484375,0.01929829563160447,6.1064661167620216e-06,18.35450792312622,PASS
656,tier_1_primary_change_point,primary,pcfg_set,transformer_2l,0.025,boundary,1057,92.72116461366181,76.328125,0.046141307458373644,4.2094121454283595e-05,18.267594575881958,PASS
657,tier_1_primary_change_point,primary,pcfg_set,transformer_2l,0.025,boundary,1099,91.71270718232044,87.734375,-0.005349008956951486,2.6951063773594797e-05,18.46740698814392,PASS
658,tier_1_primary_change_point,primary,pcfg_set,transformer_2l,0.025,boundary,1141,91.56492785793563,64.53125,0.012908704720512048,1.733690260152798e-05,18.29896569252014,PASS
659,tier_1_primary_change_point,primary,pcfg_set,transformer_2l,0.025,boundary,1183,92.78579356270811,60.0,0.06344515410313485,1.0080694664793555e-05,18.42692518234253,PASS
660,tier_1_primary_change_point,primary,pcfg_set,transformer_2l,0.025,boundary,1225,95.338512763596,94.609375,0.07292432262406605,0.00022325594909489155,18.337891817092896,PASS
661,tier_1_primary_change_point,primary,pcfg_set,transformer_2l,0.03,boundary,7,96.44839067702553,76.25,0.08794452329599745,4.766328856931068e-05,18.394991159439087,PASS
662,tier_1_primary_change_point,primary,pcfg_set,transformer_2l,0.03,boundary,49,92.83314669652856,82.734375,0.007580272260857724,4.121223173569888e-05,18.536072254180908,PASS
663,tier_1_primary_change_point,primary,pcfg_set,transformer_2l,0.03,boundary,91,92.73927392739274,73.828125,0.05781918587045013,7.388827361864969e-05,18.583128213882446,PASS
664,tier_1_primary_change_point,primary,pcfg_set,transformer_2l,0.03,boundary,133,92.04419889502763,88.4375,0.04840916857848706,2.5643983462941833e-05,18.479726552963257,PASS
665,tier_1_primary_change_point,primary,pcfg_set,transformer_2l,0.03,boundary,175,93.92265193370166,73.59375,0.08111637434944352,1.975867780856788e-05,18.432204246520996,PASS
666,tier_1_primary_change_point,primary,pcfg_set,transformer_2l,0.03,boundary,217,93.7007874015748,66.40625,-0.00951365326918652,3.0458490073215216e-05,18.383946418762207,PASS
667,tier_1_primary_change_point,primary,pcfg_set,transformer_2l,0.03,boundary,259,95.59955995599559,74.296875,0.04288192474745531,2.5517107133055106e-05,18.56580376625061,PASS
668,tier_1_primary_change_point,primary,pcfg_set,transformer_2l,0.03,boundary,301,94.42586399108139,71.40625,0.09595491223812296,8.86502857611049e-06,18.356046199798584,PASS
669,tier_1_primary_change_point,primary,pcfg_set,transformer_2l,0.03,boundary,343,94.00218102508178,76.25,0.036782564281861656,1.8321490642847493e-05,18.636857986450195,PASS
670,tier_1_primary_change_point,primary,pcfg_set,transformer_2l,0.03,boundary,385,94.05940594059405,72.8125,0.015836218542552318,1.4489321074506734e-05,18.37650990486145,PASS
671,tier_1_primary_change_point,primary,pcfg_set,transformer_2l,0.03,boundary,427,95.63794983642312,71.71875,0.047092858917799574,4.20119431510102e-05,18.30417513847351,PASS
672,tier_1_primary_change_point,primary,pcfg_set,transformer_2l,0.03,boundary,469,95.09476031215162,63.74999999999999,0.03576737115882422,6.713861694152001e-06,18.49942135810852,PASS
673,tier_1_primary_change_point,primary,pcfg_set,transformer_2l,0.03,boundary,511,94.85213581599123,61.484375,0.04614193109669901,3.221717634005472e-05,18.48288917541504,PASS
674,tier_1_primary_change_point,primary,pcfg_set,transformer_2l,0.03,boundary,553,96.44839067702553,66.328125,0.012752544846750874,2.1579156964435242e-05,18.351264238357544,PASS
675,tier_1_primary_change_point,primary,pcfg_set,transformer_2l,0.03,boundary,595,95.02762430939227,75.0,0.0068582466566558505,0.0,18.46295666694641,PASS
676,tier_1_primary_change_point,primary,pcfg_set,transformer_2l,0.03,boundary,637,93.39305711086226,60.0,0.03145786484293569,1.1700656614266336e-05,18.198989152908325,PASS
677,tier_1_primary_change_point,primary,pcfg_set,transformer_2l,0.03,boundary,679,91.5273132664437,74.0625,0.04072670266588798,1.7107196981669404e-05,18.428231239318848,PASS
678,tier_1_primary_change_point,primary,pcfg_set,transformer_2l,0.03,boundary,721,91.6013437849944,60.0,0.10253441150620497,4.608640665537678e-06,18.44503688812256,PASS
679,tier_1_primary_change_point,primary,pcfg_set,transformer_2l,0.03,boundary,763,92.68841394825647,72.5,-0.0021924889308221934,5.144027454662137e-06,18.409244537353516,PASS
680,tier_1_primary_change_point,primary,pcfg_set,transformer_2l,0.03,boundary,805,96.49507119386638,79.140625,0.11691410832934712,6.547115481225774e-05,18.366376638412476,PASS
681,tier_1_primary_change_point,primary,pcfg_set,transformer_2l,0.03,boundary,847,92.18921892189219,69.84375,0.011467034271446576,1.5184755284280982e-05,18.209848403930664,PASS
682,tier_1_primary_change_point,primary,pcfg_set,transformer_2l,0.03,boundary,889,93.5659760087241,72.1875,0.04541891300095572,1.518136832601158e-05,18.40614128112793,PASS
683,tier_1_primary_change_point,primary,pcfg_set,transformer_2l,0.03,boundary,931,96.03960396039604,74.6875,0.12290577056193462,6.748222222086042e-05,18.271644353866577,PASS
684,tier_1_primary_change_point,primary,pcfg_set,transformer_2l,0.03,boundary,973,93.8121546961326,74.765625,0.08900204282628466,5.5202774092322215e-05,18.335886240005493,PASS
685,tier_1_primary_change_point,primary,pcfg_set,transformer_2l,0.03,boundary,1015,94.71316085489315,71.328125,0.05330292739467191,1.099819019145798e-05,18.412243604660034,PASS
686,tier_1_primary_change_point,primary,pcfg_set,transformer_2l,0.03,boundary,1057,95.85666293393056,74.296875,0.011030746872324318,2.7840340408147313e-05,18.55161142349243,PASS
687,tier_1_primary_change_point,primary,pcfg_set,transformer_2l,0.03,boundary,1099,92.04419889502763,62.03125000000001,0.0019220780452281112,4.39342184108682e-05,18.325263738632202,PASS
688,tier_1_primary_change_point,primary,pcfg_set,transformer_2l,0.03,boundary,1141,91.23196448390676,72.5,0.06940534232852527,5.999572749715298e-06,18.293657541275024,PASS
689,tier_1_primary_change_point,primary,pcfg_set,transformer_2l,0.03,boundary,1183,92.89678135405104,68.28125,0.049863626018485596,1.5320021702791564e-05,18.221562147140503,PASS
690,tier_1_primary_change_point,primary,pcfg_set,transformer_2l,0.03,boundary,1225,94.6725860155383,90.859375,0.1006148117338762,4.959184298058972e-05,18.058499574661255,PASS
691,tier_1_primary_change_point,primary,pcfg_set,transformer_2l,0.5,supercritical,7,90.2330743618202,92.96875,0.05171064543163847,6.401103019015864e-05,18.372363090515137,PASS
692,tier_1_primary_change_point,primary,pcfg_set,transformer_2l,0.5,supercritical,49,92.1612541993281,87.5,0.026714555147345793,2.8143385861767456e-05,18.157214164733887,PASS
693,tier_1_primary_change_point,primary,pcfg_set,transformer_2l,0.5,supercritical,91,96.14961496149616,76.25,0.04277374926490065,4.757427450385876e-05,18.248143911361694,PASS
694,tier_1_primary_change_point,primary,pcfg_set,transformer_2l,0.5,supercritical,133,91.2707182320442,95.390625,0.016060678465005678,2.2971045837039128e-05,18.25090265274048,PASS
695,tier_1_primary_change_point,primary,pcfg_set,transformer_2l,0.5,supercritical,175,96.24309392265194,88.046875,0.04052200281853977,6.477200804511085e-05,18.284674406051636,PASS
696,tier_1_primary_change_point,primary,pcfg_set,transformer_2l,0.5,supercritical,217,95.95050618672666,70.78125,0.04379133545229283,2.0532470443868078e-05,18.357292890548706,PASS
697,tier_1_primary_change_point,primary,pcfg_set,transformer_2l,0.5,supercritical,259,95.92959295929593,82.03125,0.047795720735288705,0.0,18.29560422897339,PASS
698,tier_1_primary_change_point,primary,pcfg_set,transformer_2l,0.5,supercritical,301,94.7603121516165,76.25,-0.06907340405690333,1.3482715075952001e-05,18.401798009872437,PASS
699,tier_1_primary_change_point,primary,pcfg_set,transformer_2l,0.5,supercritical,343,93.5659760087241,76.484375,0.005926264305417798,4.7130866732914e-05,18.361827611923218,PASS
700,tier_1_primary_change_point,primary,pcfg_set,transformer_2l,0.5,supercritical,385,93.83938393839384,80.0,0.06744408997710215,6.196389585966244e-05,18.47555661201477,PASS
701,tier_1_primary_change_point,primary,pcfg_set,transformer_2l,0.5,supercritical,427,95.63794983642312,70.703125,0.05859546497486881,0.0,18.53529119491577,PASS
702,tier_1_primary_change_point,primary,pcfg_set,transformer_2l,0.5,supercritical,469,94.31438127090301,65.546875,0.11572378977671587,4.354256816441193e-06,18.562953233718872,PASS
703,tier_1_primary_change_point,primary,pcfg_set,transformer_2l,0.5,supercritical,511,92.7710843373494,76.25,0.10655069547233216,2.5845816708169878e-05,18.45190978050232,PASS
704,tier_1_primary_change_point,primary,pcfg_set,transformer_2l,0.5,supercritical,553,95.67147613762486,70.390625,0.06934118671670046,3.683062823256478e-05,18.22706174850464,PASS
705,tier_1_primary_change_point,primary,pcfg_set,transformer_2l,0.5,supercritical,595,96.353591160221,86.171875,0.05709202766039557,4.146603532717563e-05,18.337012767791748,PASS
706,tier_1_primary_change_point,primary,pcfg_set,transformer_2l,0.5,supercritical,637,95.07278835386337,75.46875,0.028302019098787354,1.7578789993422106e-05,18.288556337356567,PASS
707,tier_1_primary_change_point,primary,pcfg_set,transformer_2l,0.5,supercritical,679,93.08807134894091,76.640625,0.06640287533702376,7.767077477183193e-06,18.30278205871582,PASS
708,tier_1_primary_change_point,primary,pcfg_set,transformer_2l,0.5,supercritical,721,95.96864501679731,90.46875,-0.007624017312478827,0.0,18.266810417175293,PASS
709,tier_1_primary_change_point,primary,pcfg_set,transformer_2l,0.5,supercritical,763,93.92575928008999,87.265625,0.016887639885809845,2.7437825337983668e-05,18.147947549819946,PASS
710,tier_1_primary_change_point,primary,pcfg_set,transformer_2l,0.5,supercritical,805,95.50930996714129,76.25,0.05745861254110198,6.928118637006264e-06,18.2139573097229,PASS
711,tier_1_primary_change_point,primary,pcfg_set,transformer_2l,0.5,supercritical,847,91.63916391639164,70.625,-0.032756931112334305,0.0,18.25426483154297,PASS
712,tier_1_primary_change_point,primary,pcfg_set,transformer_2l,0.5,supercritical,889,95.85605234460196,76.25,0.08598349457314919,4.656426244764589e-05,18.199822425842285,PASS
713,tier_1_primary_change_point,primary,pcfg_set,transformer_2l,0.5,supercritical,931,94.71947194719472,74.453125,0.04088177023369061,5.389304715208709e-05,18.328054666519165,PASS
714,tier_1_primary_change_point,primary,pcfg_set,transformer_2l,0.5,supercritical,973,93.37016574585635,75.46875,0.06346593968384141,5.4606356570729986e-05,18.35437321662903,PASS
715,tier_1_primary_change_point,primary,pcfg_set,transformer_2l,0.5,supercritical,1015,92.91338582677166,76.09375,0.017089924202134194,6.492578540928662e-05,18.236713409423828,PASS
716,tier_1_primary_change_point,primary,pcfg_set,transformer_2l,0.5,supercritical,1057,93.28107502799551,86.953125,0.04330392227808724,1.4739903235749807e-05,18.44034767150879,PASS
717,tier_1_primary_change_point,primary,pcfg_set,transformer_2l,0.5,supercritical,1099,91.71270718232044,74.375,0.030973522708672086,0.0,18.30265712738037,PASS
718,tier_1_primary_change_point,primary,pcfg_set,transformer_2l,0.5,supercritical,1141,91.89789123196448,87.265625,0.006505767582644205,1.7791648133425042e-05,18.450236320495605,PASS
719,tier_1_primary_change_point,primary,pcfg_set,transformer_2l,0.5,supercritical,1183,94.33962264150944,61.875,0.06268454305424237,8.31134821055457e-06,18.51364779472351,PASS
720,tier_1_primary_change_point,primary,pcfg_set,transformer_2l,0.5,supercritical,1225,94.6725860155383,74.765625,0.049572401543121786,2.041211882897187e-05,18.622602224349976,PASS
721,tier_2_exploratory_scaling,exploratory,hbar,transformer_4l_scaled,0.0,subcritical,7,44.28412874583796,43.75,0.9999999552489953,3.485524939605966e-05,19.855857610702515,PASS
722,tier_2_exploratory_scaling,exploratory,hbar,transformer_4l_scaled,0.0,subcritical,49,44.120940649496085,43.75,1.0000000213272273,2.9418426493066363e-05,19.853923559188843,PASS
723,tier_2_exploratory_scaling,exploratory,hbar,transformer_4l_scaled,0.0,subcritical,91,43.12431243124312,43.75,1.0000000256308554,2.2797274141339585e-05,19.941800117492676,PASS
724,tier_2_exploratory_scaling,exploratory,hbar,transformer_4l_scaled,0.0,subcritical,133,59.005524861878456,50.15625,0.9999999728531295,2.231813414255157e-05,19.838087558746338,PASS
725,tier_2_exploratory_scaling,exploratory,hbar,transformer_4l_scaled,0.0,subcritical,175,48.39779005524862,49.84375,1.0000000042134252,1.805073225114029e-05,19.82899260520935,PASS
726,tier_2_exploratory_scaling,exploratory,hbar,transformer_4l_scaled,0.0,subcritical,217,41.50731158605174,32.5,0.9999999674032054,0.007948469370603561,19.865478992462158,PASS
727,tier_2_exploratory_scaling,exploratory,hbar,transformer_4l_scaled,0.0,subcritical,259,75.7975797579758,40.0,1.0000000030195295,5.2772975323023275e-06,19.835236310958862,PASS
728,tier_2_exploratory_scaling,exploratory,hbar,transformer_4l_scaled,0.0,subcritical,301,43.92419175027871,43.75,1.0000000337240638,6.943626431166194e-06,19.811348915100098,PASS
729,tier_2_exploratory_scaling,exploratory,hbar,transformer_4l_scaled,0.0,subcritical,343,44.165757906215916,43.75,1.0000000301530467,3.556789306458086e-05,19.709628105163574,PASS
730,tier_2_exploratory_scaling,exploratory,hbar,transformer_4l_scaled,0.0,subcritical,385,43.34433443344334,43.75,1.0000000047634932,8.662285836180672e-06,19.738881826400757,PASS
731,tier_2_exploratory_scaling,exploratory,hbar,transformer_4l_scaled,0.025,boundary,7,44.28412874583796,43.75,-0.08674959399988875,3.562404526746832e-05,35.46023869514465,PASS
732,tier_2_exploratory_scaling,exploratory,hbar,transformer_4l_scaled,0.025,boundary,49,44.120940649496085,43.75,-0.17225356365986041,1.8029080820269883e-05,35.330681800842285,PASS
733,tier_2_exploratory_scaling,exploratory,hbar,transformer_4l_scaled,0.025,boundary,91,64.57645764576458,65.15625,-0.03749836973757561,6.514129381685052e-06,35.17878603935242,PASS
734,tier_2_exploratory_scaling,exploratory,hbar,transformer_4l_scaled,0.025,boundary,133,67.84530386740332,60.0,-0.049777546180636366,2.0072891857125796e-05,35.36348366737366,PASS
735,tier_2_exploratory_scaling,exploratory,hbar,transformer_4l_scaled,0.025,boundary,175,47.071823204419886,53.125,-0.07234570465061316,1.6709549527149647e-05,35.125627517700195,PASS
736,tier_2_exploratory_scaling,exploratory,hbar,transformer_4l_scaled,0.025,boundary,217,44.09448818897638,43.75,0.11476773325197531,0.0007724343449808657,35.4414758682251,PASS
737,tier_2_exploratory_scaling,exploratory,hbar,transformer_4l_scaled,0.025,boundary,259,43.89438943894389,43.75,-0.10150829982957521,1.4742599887540564e-05,35.35282754898071,PASS
738,tier_2_exploratory_scaling,exploratory,hbar,transformer_4l_scaled,0.025,boundary,301,43.92419175027871,43.75,-0.11634576873211515,2.6134461222682148e-05,35.35742688179016,PASS
739,tier_2_exploratory_scaling,exploratory,hbar,transformer_4l_scaled,0.025,boundary,343,44.165757906215916,43.75,-0.1539294815364298,2.922621206380427e-05,35.64826011657715,PASS
740,tier_2_exploratory_scaling,exploratory,hbar,transformer_4l_scaled,0.025,boundary,385,43.34433443344334,43.75,-0.156348073259627,6.532634142786264e-05,35.41796016693115,PASS
741,tier_2_exploratory_scaling,exploratory,hbar,transformer_4l_scaled,0.5,supercritical,7,47.83573806881243,20.0,-0.03189087305243512,2.1513213141588494e-05,35.50043606758118,PASS
742,tier_2_exploratory_scaling,exploratory,hbar,transformer_4l_scaled,0.5,supercritical,49,65.8454647256439,60.0,0.01856414343903402,2.4556651624152437e-05,35.447197675704956,PASS
743,tier_2_exploratory_scaling,exploratory,hbar,transformer_4l_scaled,0.5,supercritical,91,46.424642464246425,13.90625,0.01847159097586452,0.001027722260914743,35.411545753479004,PASS
744,tier_2_exploratory_scaling,exploratory,hbar,transformer_4l_scaled,0.5,supercritical,133,43.97790055248619,43.75,-0.21460985740583302,3.102850678260438e-05,35.34782099723816,PASS
745,tier_2_exploratory_scaling,exploratory,hbar,transformer_4l_scaled,0.5,supercritical,175,42.430939226519335,43.75,-0.10198627443035414,1.417185558238998e-05,35.28199625015259,PASS
746,tier_2_exploratory_scaling,exploratory,hbar,transformer_4l_scaled,0.5,supercritical,217,44.09448818897638,43.75,-0.1612223559275303,0.0,35.32658839225769,PASS
747,tier_2_exploratory_scaling,exploratory,hbar,transformer_4l_scaled,0.5,supercritical,259,70.73707370737074,40.0,-0.033845907430195325,7.66703742556274e-05,36.624149560928345,PASS
748,tier_2_exploratory_scaling,exploratory,hbar,transformer_4l_scaled,0.5,supercritical,301,46.04236343366778,47.109375,-0.24210948469641638,1.4206392734195106e-05,35.894142866134644,PASS
749,tier_2_exploratory_scaling,exploratory,hbar,transformer_4l_scaled,0.5,supercritical,343,52.344601962922575,45.9375,-0.18658401948868306,0.0,35.89655423164368,PASS
750,tier_2_exploratory_scaling,exploratory,hbar,transformer_4l_scaled,0.5,supercritical,385,43.784378437843785,20.546875,-0.1627453541933649,2.177485112042632e-05,35.64505410194397,PASS
751,tier_2_exploratory_scaling,exploratory,hbar,gru_baseline,0.0,subcritical,7,100.0,100.0,1.0000000678495577,0.0,4.115844011306763,PASS
752,tier_2_exploratory_scaling,exploratory,hbar,gru_baseline,0.0,subcritical,49,100.0,100.0,1.0000000171381986,0.0,3.947934150695801,PASS
753,tier_2_exploratory_scaling,exploratory,hbar,gru_baseline,0.0,subcritical,91,100.0,100.0,1.0000000090387924,0.0,3.9215805530548096,PASS
754,tier_2_exploratory_scaling,exploratory,hbar,gru_baseline,0.0,subcritical,133,100.0,100.0,1.0000000305126158,0.0,3.9111077785491943,PASS
755,tier_2_exploratory_scaling,exploratory,hbar,gru_baseline,0.0,subcritical,175,100.0,100.0,1.0000000270723988,0.0,4.000478267669678,PASS
756,tier_2_exploratory_scaling,exploratory,hbar,gru_baseline,0.0,subcritical,217,100.0,51.87500000000001,1.000000012333232,0.0,3.904884099960327,PASS
757,tier_2_exploratory_scaling,exploratory,hbar,gru_baseline,0.0,subcritical,259,100.0,100.0,0.9999999747554456,0.0,3.9744157791137695,PASS
758,tier_2_exploratory_scaling,exploratory,hbar,gru_baseline,0.0,subcritical,301,100.0,100.0,0.9999999957777641,0.0,3.96061110496521,PASS
759,tier_2_exploratory_scaling,exploratory,hbar,gru_baseline,0.0,subcritical,343,100.0,100.0,0.9999999850445361,0.0,3.9246652126312256,PASS
760,tier_2_exploratory_scaling,exploratory,hbar,gru_baseline,0.0,subcritical,385,100.0,100.0,1.0000000202431936,0.0,3.986812114715576,PASS
761,tier_2_exploratory_scaling,exploratory,hbar,gru_baseline,0.025,boundary,7,100.0,100.0,0.26170215486456333,0.0,6.8190648555755615,PASS
762,tier_2_exploratory_scaling,exploratory,hbar,gru_baseline,0.025,boundary,49,100.0,100.0,0.230376448063786,0.0,6.688487768173218,PASS
763,tier_2_exploratory_scaling,exploratory,hbar,gru_baseline,0.025,boundary,91,100.0,100.0,0.3221662060206785,0.0,6.719169616699219,PASS
764,tier_2_exploratory_scaling,exploratory,hbar,gru_baseline,0.025,boundary,133,100.0,85.703125,0.23917204192478728,0.0,6.6755781173706055,PASS
765,tier_2_exploratory_scaling,exploratory,hbar,gru_baseline,0.025,boundary,175,100.0,100.0,0.31371999601059847,0.0,6.634060382843018,PASS
766,tier_2_exploratory_scaling,exploratory,hbar,gru_baseline,0.025,boundary,217,100.0,100.0,0.20130108457402981,0.0,6.6612324714660645,PASS
767,tier_2_exploratory_scaling,exploratory,hbar,gru_baseline,0.025,boundary,259,100.0,100.0,0.27429059250121735,0.0,6.685793876647949,PASS
768,tier_2_exploratory_scaling,exploratory,hbar,gru_baseline,0.025,boundary,301,100.0,98.125,0.2850382992805203,0.0,6.785415172576904,PASS
769,tier_2_exploratory_scaling,exploratory,hbar,gru_baseline,0.025,boundary,343,100.0,88.671875,0.3272029033978185,0.0,6.8159568309783936,PASS
770,tier_2_exploratory_scaling,exploratory,hbar,gru_baseline,0.025,boundary,385,100.0,100.0,0.2587735258720699,0.0,6.689710378646851,PASS
771,tier_2_exploratory_scaling,exploratory,hbar,gru_baseline,0.5,supercritical,7,100.0,67.96875,0.18831656455987633,0.0,6.676383018493652,PASS
772,tier_2_exploratory_scaling,exploratory,hbar,gru_baseline,0.5,supercritical,49,100.0,80.0,0.105017382674639,0.0,6.727107524871826,PASS
773,tier_2_exploratory_scaling,exploratory,hbar,gru_baseline,0.5,supercritical,91,100.0,66.796875,0.16509187487282653,0.0,6.6585118770599365,PASS
774,tier_2_exploratory_scaling,exploratory,hbar,gru_baseline,0.5,supercritical,133,100.0,62.34375,0.07153963235982236,0.0,6.7814319133758545,PASS
775,tier_2_exploratory_scaling,exploratory,hbar,gru_baseline,0.5,supercritical,175,100.0,67.8125,0.1975750327175089,0.0,6.9224138259887695,PASS
776,tier_2_exploratory_scaling,exploratory,hbar,gru_baseline,0.5,supercritical,217,100.0,64.0625,0.14842843681582826,0.0,6.735843181610107,PASS
777,tier_2_exploratory_scaling,exploratory,hbar,gru_baseline,0.5,supercritical,259,100.0,68.359375,0.16297332905282863,0.0,6.746874094009399,PASS
778,tier_2_exploratory_scaling,exploratory,hbar,gru_baseline,0.5,supercritical,301,100.0,63.90625,0.20184437160869403,0.0,6.822007417678833,PASS
779,tier_2_exploratory_scaling,exploratory,hbar,gru_baseline,0.5,supercritical,343,100.0,67.96875,0.20236486455639177,0.0,6.706166982650757,PASS
780,tier_2_exploratory_scaling,exploratory,hbar,gru_baseline,0.5,supercritical,385,100.0,74.375,0.1494688012489768,0.0,6.755702972412109,PASS
781,tier_2_exploratory_scaling,exploratory,scan_jump,transformer_4l_scaled,0.0,subcritical,7,44.28412874583796,43.75,0.9999999552489953,3.485524939605966e-05,20.403955698013306,PASS
782,tier_2_exploratory_scaling,exploratory,scan_jump,transformer_4l_scaled,0.0,subcritical,49,44.120940649496085,43.75,1.0000000213272273,2.9418426493066363e-05,20.219780206680298,PASS
783,tier_2_exploratory_scaling,exploratory,scan_jump,transformer_4l_scaled,0.0,subcritical,91,43.12431243124312,43.75,1.0000000256308554,2.2797274141339585e-05,20.208332777023315,PASS
784,tier_2_exploratory_scaling,exploratory,scan_jump,transformer_4l_scaled,0.0,subcritical,133,59.005524861878456,50.15625,0.9999999728531295,2.231813414255157e-05,20.098896741867065,PASS
785,tier_2_exploratory_scaling,exploratory,scan_jump,transformer_4l_scaled,0.0,subcritical,175,48.39779005524862,49.84375,1.0000000042134252,1.805073225114029e-05,20.063284873962402,PASS
786,tier_2_exploratory_scaling,exploratory,scan_jump,transformer_4l_scaled,0.0,subcritical,217,41.50731158605174,32.5,0.9999999674032054,0.007948469370603561,19.946523904800415,PASS
787,tier_2_exploratory_scaling,exploratory,scan_jump,transformer_4l_scaled,0.0,subcritical,259,75.7975797579758,40.0,1.0000000030195295,5.2772975323023275e-06,19.92555809020996,PASS
788,tier_2_exploratory_scaling,exploratory,scan_jump,transformer_4l_scaled,0.0,subcritical,301,43.92419175027871,43.75,1.0000000337240638,6.943626431166194e-06,20.050867319107056,PASS
789,tier_2_exploratory_scaling,exploratory,scan_jump,transformer_4l_scaled,0.0,subcritical,343,44.165757906215916,43.75,1.0000000301530467,3.556789306458086e-05,19.981027603149414,PASS
790,tier_2_exploratory_scaling,exploratory,scan_jump,transformer_4l_scaled,0.0,subcritical,385,43.34433443344334,43.75,1.0000000047634932,8.662285836180672e-06,19.96312403678894,PASS
791,tier_2_exploratory_scaling,exploratory,scan_jump,transformer_4l_scaled,0.025,boundary,7,44.28412874583796,43.75,-0.08674959399988875,3.562404526746832e-05,35.73418569564819,PASS
792,tier_2_exploratory_scaling,exploratory,scan_jump,transformer_4l_scaled,0.025,boundary,49,44.120940649496085,43.75,-0.17225356365986041,1.8029080820269883e-05,35.81088089942932,PASS
793,tier_2_exploratory_scaling,exploratory,scan_jump,transformer_4l_scaled,0.025,boundary,91,64.57645764576458,65.15625,-0.03749836973757561,6.514129381685052e-06,35.77415609359741,PASS
794,tier_2_exploratory_scaling,exploratory,scan_jump,transformer_4l_scaled,0.025,boundary,133,67.84530386740332,60.0,-0.049777546180636366,2.0072891857125796e-05,36.09966278076172,PASS
795,tier_2_exploratory_scaling,exploratory,scan_jump,transformer_4l_scaled,0.025,boundary,175,47.071823204419886,53.125,-0.07234570465061316,1.6709549527149647e-05,35.63641357421875,PASS
796,tier_2_exploratory_scaling,exploratory,scan_jump,transformer_4l_scaled,0.025,boundary,217,44.09448818897638,43.75,0.11476773325197531,0.0007724343449808657,35.4447340965271,PASS
797,tier_2_exploratory_scaling,exploratory,scan_jump,transformer_4l_scaled,0.025,boundary,259,43.89438943894389,43.75,-0.10150829982957521,1.4742599887540564e-05,35.672558546066284,PASS
798,tier_2_exploratory_scaling,exploratory,scan_jump,transformer_4l_scaled,0.025,boundary,301,43.92419175027871,43.75,-0.11634576873211515,2.6134461222682148e-05,35.75627064704895,PASS
799,tier_2_exploratory_scaling,exploratory,scan_jump,transformer_4l_scaled,0.025,boundary,343,44.165757906215916,43.75,-0.1539294815364298,2.922621206380427e-05,35.76198744773865,PASS
800,tier_2_exploratory_scaling,exploratory,scan_jump,transformer_4l_scaled,0.025,boundary,385,43.34433443344334,43.75,-0.156348073259627,6.532634142786264e-05,35.83092641830444,PASS
801,tier_2_exploratory_scaling,exploratory,scan_jump,transformer_4l_scaled,0.5,supercritical,7,47.83573806881243,20.0,-0.03189087305243512,2.1513213141588494e-05,35.71255803108215,PASS
802,tier_2_exploratory_scaling,exploratory,scan_jump,transformer_4l_scaled,0.5,supercritical,49,65.8454647256439,60.0,0.01856414343903402,2.4556651624152437e-05,35.87075424194336,PASS
803,tier_2_exploratory_scaling,exploratory,scan_jump,transformer_4l_scaled,0.5,supercritical,91,46.424642464246425,13.90625,0.01847159097586452,0.001027722260914743,35.90400719642639,PASS
804,tier_2_exploratory_scaling,exploratory,scan_jump,transformer_4l_scaled,0.5,supercritical,133,43.97790055248619,43.75,-0.21460985740583302,3.102850678260438e-05,35.7804069519043,PASS
805,tier_2_exploratory_scaling,exploratory,scan_jump,transformer_4l_scaled,0.5,supercritical,175,42.430939226519335,43.75,-0.10198627443035414,1.417185558238998e-05,35.81353974342346,PASS
806,tier_2_exploratory_scaling,exploratory,scan_jump,transformer_4l_scaled,0.5,supercritical,217,44.09448818897638,43.75,-0.1612223559275303,0.0,35.829179525375366,PASS
807,tier_2_exploratory_scaling,exploratory,scan_jump,transformer_4l_scaled,0.5,supercritical,259,70.73707370737074,40.0,-0.033845907430195325,7.66703742556274e-05,35.95996069908142,PASS
808,tier_2_exploratory_scaling,exploratory,scan_jump,transformer_4l_scaled,0.5,supercritical,301,46.04236343366778,47.109375,-0.24210948469641638,1.4206392734195106e-05,35.809776306152344,PASS
809,tier_2_exploratory_scaling,exploratory,scan_jump,transformer_4l_scaled,0.5,supercritical,343,52.344601962922575,45.9375,-0.18658401948868306,0.0,35.715259313583374,PASS
810,tier_2_exploratory_scaling,exploratory,scan_jump,transformer_4l_scaled,0.5,supercritical,385,43.784378437843785,20.546875,-0.1627453541933649,2.177485112042632e-05,35.86067008972168,PASS
811,tier_2_exploratory_scaling,exploratory,scan_jump,gru_baseline,0.0,subcritical,7,100.0,100.0,1.0000000678495577,0.0,3.933542251586914,PASS
812,tier_2_exploratory_scaling,exploratory,scan_jump,gru_baseline,0.0,subcritical,49,100.0,100.0,1.0000000171381986,0.0,3.980295419692993,PASS
813,tier_2_exploratory_scaling,exploratory,scan_jump,gru_baseline,0.0,subcritical,91,100.0,100.0,1.0000000090387924,0.0,3.933966875076294,PASS
814,tier_2_exploratory_scaling,exploratory,scan_jump,gru_baseline,0.0,subcritical,133,100.0,100.0,1.0000000305126158,0.0,3.9485721588134766,PASS
815,tier_2_exploratory_scaling,exploratory,scan_jump,gru_baseline,0.0,subcritical,175,100.0,100.0,1.0000000270723988,0.0,3.9938857555389404,PASS
816,tier_2_exploratory_scaling,exploratory,scan_jump,gru_baseline,0.0,subcritical,217,100.0,51.87500000000001,1.000000012333232,0.0,3.944340229034424,PASS
817,tier_2_exploratory_scaling,exploratory,scan_jump,gru_baseline,0.0,subcritical,259,100.0,100.0,0.9999999747554456,0.0,4.0572333335876465,PASS
818,tier_2_exploratory_scaling,exploratory,scan_jump,gru_baseline,0.0,subcritical,301,100.0,100.0,0.9999999957777641,0.0,4.110269069671631,PASS
819,tier_2_exploratory_scaling,exploratory,scan_jump,gru_baseline,0.0,subcritical,343,100.0,100.0,0.9999999850445361,0.0,4.089073657989502,PASS
820,tier_2_exploratory_scaling,exploratory,scan_jump,gru_baseline,0.0,subcritical,385,100.0,100.0,1.0000000202431936,0.0,4.018903970718384,PASS
821,tier_2_exploratory_scaling,exploratory,scan_jump,gru_baseline,0.025,boundary,7,100.0,100.0,0.26170215486456333,0.0,6.831753253936768,PASS
822,tier_2_exploratory_scaling,exploratory,scan_jump,gru_baseline,0.025,boundary,49,100.0,100.0,0.230376448063786,0.0,7.127856969833374,PASS
823,tier_2_exploratory_scaling,exploratory,scan_jump,gru_baseline,0.025,boundary,91,100.0,100.0,0.3221662060206785,0.0,6.827444076538086,PASS
824,tier_2_exploratory_scaling,exploratory,scan_jump,gru_baseline,0.025,boundary,133,100.0,85.703125,0.23917204192478728,0.0,6.823856830596924,PASS
825,tier_2_exploratory_scaling,exploratory,scan_jump,gru_baseline,0.025,boundary,175,100.0,100.0,0.31371999601059847,0.0,6.797891616821289,PASS
826,tier_2_exploratory_scaling,exploratory,scan_jump,gru_baseline,0.025,boundary,217,100.0,100.0,0.20130108457402981,0.0,6.844241619110107,PASS
827,tier_2_exploratory_scaling,exploratory,scan_jump,gru_baseline,0.025,boundary,259,100.0,100.0,0.27429059250121735,0.0,6.754408597946167,PASS
828,tier_2_exploratory_scaling,exploratory,scan_jump,gru_baseline,0.025,boundary,301,100.0,98.125,0.2850382992805203,0.0,6.7473533153533936,PASS
829,tier_2_exploratory_scaling,exploratory,scan_jump,gru_baseline,0.025,boundary,343,100.0,88.671875,0.3272029033978185,0.0,6.84446907043457,PASS
830,tier_2_exploratory_scaling,exploratory,scan_jump,gru_baseline,0.025,boundary,385,100.0,100.0,0.2587735258720699,0.0,6.796357154846191,PASS
831,tier_2_exploratory_scaling,exploratory,scan_jump,gru_baseline,0.5,supercritical,7,100.0,67.96875,0.18831656455987633,0.0,6.772953510284424,PASS
832,tier_2_exploratory_scaling,exploratory,scan_jump,gru_baseline,0.5,supercritical,49,100.0,80.0,0.105017382674639,0.0,6.790294647216797,PASS
833,tier_2_exploratory_scaling,exploratory,scan_jump,gru_baseline,0.5,supercritical,91,100.0,66.796875,0.16509187487282653,0.0,6.779359340667725,PASS
834,tier_2_exploratory_scaling,exploratory,scan_jump,gru_baseline,0.5,supercritical,133,100.0,62.34375,0.07153963235982236,0.0,6.768390655517578,PASS
835,tier_2_exploratory_scaling,exploratory,scan_jump,gru_baseline,0.5,supercritical,175,100.0,67.8125,0.1975750327175089,0.0,6.861871242523193,PASS
836,tier_2_exploratory_scaling,exploratory,scan_jump,gru_baseline,0.5,supercritical,217,100.0,64.0625,0.14842843681582826,0.0,6.818798303604126,PASS
837,tier_2_exploratory_scaling,exploratory,scan_jump,gru_baseline,0.5,supercritical,259,100.0,68.359375,0.16297332905282863,0.0,6.771630764007568,PASS
838,tier_2_exploratory_scaling,exploratory,scan_jump,gru_baseline,0.5,supercritical,301,100.0,63.90625,0.20184437160869403,0.0,6.857197284698486,PASS
839,tier_2_exploratory_scaling,exploratory,scan_jump,gru_baseline,0.5,supercritical,343,100.0,67.96875,0.20236486455639177,0.0,6.852282285690308,PASS
840,tier_2_exploratory_scaling,exploratory,scan_jump,gru_baseline,0.5,supercritical,385,100.0,74.375,0.1494688012489768,0.0,6.7754600048065186,PASS
841,tier_2_exploratory_scaling,exploratory,cogs,transformer_4l_scaled,0.0,subcritical,7,66.40344580043073,57.592592592592595,0.9999999730937678,8.147436165018007e-05,20.05271816253662,PASS
842,tier_2_exploratory_scaling,exploratory,cogs,transformer_4l_scaled,0.0,subcritical,49,44.10293066476054,30.185185185185187,1.0000000416578871,7.744345930404961e-05,19.87487554550171,PASS
843,tier_2_exploratory_scaling,exploratory,cogs,transformer_4l_scaled,0.0,subcritical,91,64.09252669039147,54.074074074074076,0.999999969544917,1.5445744793396443e-05,19.988510370254517,PASS
844,tier_2_exploratory_scaling,exploratory,cogs,transformer_4l_scaled,0.0,subcritical,133,79.08309455587393,68.7037037037037,1.0000000196786782,2.0017436327179894e-05,19.991368055343628,PASS
845,tier_2_exploratory_scaling,exploratory,cogs,transformer_4l_scaled,0.0,subcritical,175,65.11794138670479,54.81481481481482,0.9999999888349959,1.0625040886225179e-05,19.897965669631958,PASS
846,tier_2_exploratory_scaling,exploratory,cogs,transformer_4l_scaled,0.0,subcritical,217,80.355871886121,71.11111111111111,1.000000030672209,6.168334948597476e-06,20.0767982006073,PASS
847,tier_2_exploratory_scaling,exploratory,cogs,transformer_4l_scaled,0.0,subcritical,259,68.09352517985612,55.37037037037037,1.0000000546003125,2.451875843689777e-05,20.0195791721344,PASS
848,tier_2_exploratory_scaling,exploratory,cogs,transformer_4l_scaled,0.0,subcritical,301,67.62383345297917,59.81481481481481,0.9999999628616915,1.1214746336918324e-05,20.403159856796265,PASS
849,tier_2_exploratory_scaling,exploratory,cogs,transformer_4l_scaled,0.0,subcritical,343,64.89971346704871,55.74074074074075,1.0000000337122172,2.2778376660426147e-05,20.1259765625,PASS
850,tier_2_exploratory_scaling,exploratory,cogs,transformer_4l_scaled,0.0,subcritical,385,30.25843503230438,27.22222222222222,0.9999999781866168,0.0,19.730682373046875,PASS
851,tier_2_exploratory_scaling,exploratory,cogs,transformer_4l_scaled,0.025,boundary,7,69.52620244077531,52.22222222222223,0.22198149640065168,2.1530393496504985e-05,37.74068355560303,PASS
852,tier_2_exploratory_scaling,exploratory,cogs,transformer_4l_scaled,0.025,boundary,49,18.1915654038599,22.22222222222222,-0.03597113884969461,1.1101043128292076e-05,36.74354267120361,PASS
853,tier_2_exploratory_scaling,exploratory,cogs,transformer_4l_scaled,0.025,boundary,91,33.20284697508897,29.629629629629626,-0.10049720650608335,2.762823351076804e-05,36.40230345726013,PASS
854,tier_2_exploratory_scaling,exploratory,cogs,transformer_4l_scaled,0.025,boundary,133,75.85959885386819,57.96296296296296,0.09125308972265882,2.347700319660362e-05,36.018078088760376,PASS
855,tier_2_exploratory_scaling,exploratory,cogs,transformer_4l_scaled,0.025,boundary,175,68.5132237312366,50.74074074074074,0.07283828046567618,2.0189123461022973e-05,36.067559003829956,PASS
856,tier_2_exploratory_scaling,exploratory,cogs,transformer_4l_scaled,0.025,boundary,217,48.39857651245551,27.962962962962962,0.06756637529061754,0.028936387971043587,35.685866594314575,PASS
857,tier_2_exploratory_scaling,exploratory,cogs,transformer_4l_scaled,0.025,boundary,259,67.4820143884892,48.7037037037037,0.1494612450925604,3.748862582142465e-05,35.90531373023987,PASS
858,tier_2_exploratory_scaling,exploratory,cogs,transformer_4l_scaled,0.025,boundary,301,56.17372577171572,16.11111111111111,0.1368695063330293,0.0,36.050082206726074,PASS
859,tier_2_exploratory_scaling,exploratory,cogs,transformer_4l_scaled,0.025,boundary,343,72.17048710601719,52.22222222222223,0.02837283486963064,1.4264699530031066e-05,35.8843035697937,PASS
860,tier_2_exploratory_scaling,exploratory,cogs,transformer_4l_scaled,0.025,boundary,385,72.11055276381909,52.59259259259259,0.15524809059529343,1.616032386664301e-05,35.9384651184082,PASS
861,tier_2_exploratory_scaling,exploratory,cogs,transformer_4l_scaled,0.5,supercritical,7,67.12132089016511,53.333333333333336,0.09601849643299813,1.4956551240175031e-05,35.85733437538147,PASS
862,tier_2_exploratory_scaling,exploratory,cogs,transformer_4l_scaled,0.5,supercritical,49,45.56826304503217,40.370370370370374,0.020168440653031774,2.0318873794167303e-05,35.79856085777283,PASS
863,tier_2_exploratory_scaling,exploratory,cogs,transformer_4l_scaled,0.5,supercritical,91,38.505338078291814,40.74074074074074,-0.047412645730400556,0.0,35.611929178237915,PASS
864,tier_2_exploratory_scaling,exploratory,cogs,transformer_4l_scaled,0.5,supercritical,133,48.24498567335244,36.48148148148148,0.1548408408202653,0.0,35.789644956588745,PASS
865,tier_2_exploratory_scaling,exploratory,cogs,transformer_4l_scaled,0.5,supercritical,175,68.1915654038599,31.11111111111111,0.06939068779861482,0.0,35.95157194137573,PASS
866,tier_2_exploratory_scaling,exploratory,cogs,transformer_4l_scaled,0.5,supercritical,217,38.54092526690391,29.259259259259256,0.07651084111763964,0.0,35.46656346321106,PASS
867,tier_2_exploratory_scaling,exploratory,cogs,transformer_4l_scaled,0.5,supercritical,259,65.10791366906474,42.77777777777778,0.008802440621078789,0.0,36.21826171875,PASS
868,tier_2_exploratory_scaling,exploratory,cogs,transformer_4l_scaled,0.5,supercritical,301,64.71643933955492,15.555555555555555,0.021335789746510098,0.0,35.66534638404846,PASS
869,tier_2_exploratory_scaling,exploratory,cogs,transformer_4l_scaled,0.5,supercritical,343,32.02005730659026,25.185185185185183,0.0708969302482949,2.071233034133911,35.777379751205444,PASS
870,tier_2_exploratory_scaling,exploratory,cogs,transformer_4l_scaled,0.5,supercritical,385,70.74659009332376,56.111111111111114,0.004429210170616129,1.7378348275087774e-05,35.782373905181885,PASS
871,tier_2_exploratory_scaling,exploratory,cogs,gru_baseline,0.0,subcritical,7,95.04666188083274,69.62962962962963,0.9999999682931575,0.0,4.005234479904175,PASS
872,tier_2_exploratory_scaling,exploratory,cogs,gru_baseline,0.0,subcritical,49,97.03359542530379,54.25925925925926,0.9999999605131648,0.0,3.9441704750061035,PASS
873,tier_2_exploratory_scaling,exploratory,cogs,gru_baseline,0.0,subcritical,91,98.57651245551602,58.51851851851851,0.9999999686734524,0.0,3.983520746231079,PASS
874,tier_2_exploratory_scaling,exploratory,cogs,gru_baseline,0.0,subcritical,133,97.27793696275072,59.44444444444444,1.0000000119990657,0.0,3.9745945930480957,PASS
875,tier_2_exploratory_scaling,exploratory,cogs,gru_baseline,0.0,subcritical,175,96.74767691208007,72.03703703703704,0.9999999552795605,0.0,3.9971039295196533,PASS
876,tier_2_exploratory_scaling,exploratory,cogs,gru_baseline,0.0,subcritical,217,97.65124555160143,67.22222222222223,0.9999999293507761,0.0,4.012013673782349,PASS
877,tier_2_exploratory_scaling,exploratory,cogs,gru_baseline,0.0,subcritical,259,94.02877697841726,64.07407407407408,0.9999999712577984,0.0,3.972352981567383,PASS
878,tier_2_exploratory_scaling,exploratory,cogs,gru_baseline,0.0,subcritical,301,96.4824120603015,71.11111111111111,1.0000000177481911,0.0,4.019497394561768,PASS
879,tier_2_exploratory_scaling,exploratory,cogs,gru_baseline,0.0,subcritical,343,93.91117478510029,75.37037037037037,1.0000000387575685,0.0,3.916841983795166,PASS
880,tier_2_exploratory_scaling,exploratory,cogs,gru_baseline,0.0,subcritical,385,94.00574300071789,57.22222222222222,0.9999999999938574,0.0,3.957082986831665,PASS
881,tier_2_exploratory_scaling,exploratory,cogs,gru_baseline,0.025,boundary,7,100.0,79.25925925925927,0.0745354555227189,0.0,6.869870901107788,PASS
882,tier_2_exploratory_scaling,exploratory,cogs,gru_baseline,0.025,boundary,49,100.0,71.29629629629629,0.08641870930247393,0.0,6.8483240604400635,PASS
883,tier_2_exploratory_scaling,exploratory,cogs,gru_baseline,0.025,boundary,91,100.0,66.11111111111111,0.10038600503407329,0.0,6.807931423187256,PASS
884,tier_2_exploratory_scaling,exploratory,cogs,gru_baseline,0.025,boundary,133,98.31661891117479,80.18518518518518,0.041575882534961604,0.0,6.792657136917114,PASS
885,tier_2_exploratory_scaling,exploratory,cogs,gru_baseline,0.025,boundary,175,99.92852037169406,69.81481481481482,0.04947396596075037,0.0,6.796480655670166,PASS
886,tier_2_exploratory_scaling,exploratory,cogs,gru_baseline,0.025,boundary,217,100.0,82.03703703703704,0.04923482843847516,0.0,6.73807954788208,PASS
887,tier_2_exploratory_scaling,exploratory,cogs,gru_baseline,0.025,boundary,259,97.05035971223022,78.51851851851852,0.11267861858447814,0.0,6.723110675811768,PASS
888,tier_2_exploratory_scaling,exploratory,cogs,gru_baseline,0.025,boundary,301,100.0,84.62962962962963,0.08713252708350465,0.0,6.82266092300415,PASS
889,tier_2_exploratory_scaling,exploratory,cogs,gru_baseline,0.025,boundary,343,95.41547277936962,71.85185185185186,0.053710649176065224,0.0,6.7440831661224365,PASS
890,tier_2_exploratory_scaling,exploratory,cogs,gru_baseline,0.025,boundary,385,96.51830581478823,79.07407407407408,0.06885504635577916,0.0,6.735032081604004,PASS
891,tier_2_exploratory_scaling,exploratory,cogs,gru_baseline,0.5,supercritical,7,100.0,65.92592592592592,0.08667444878362142,0.0,6.8650126457214355,PASS
892,tier_2_exploratory_scaling,exploratory,cogs,gru_baseline,0.5,supercritical,49,100.0,69.81481481481482,0.10361977133657706,0.0,6.744054317474365,PASS
893,tier_2_exploratory_scaling,exploratory,cogs,gru_baseline,0.5,supercritical,91,100.0,76.11111111111111,0.06942621929815117,0.0,6.762529373168945,PASS
894,tier_2_exploratory_scaling,exploratory,cogs,gru_baseline,0.5,supercritical,133,100.0,79.44444444444444,0.07582775114356942,0.0,6.802353620529175,PASS
895,tier_2_exploratory_scaling,exploratory,cogs,gru_baseline,0.5,supercritical,175,100.0,70.74074074074073,0.07447096086292206,0.0,6.783200263977051,PASS
896,tier_2_exploratory_scaling,exploratory,cogs,gru_baseline,0.5,supercritical,217,100.0,70.37037037037037,0.02816829217565874,0.0,6.801212787628174,PASS
897,tier_2_exploratory_scaling,exploratory,cogs,gru_baseline,0.5,supercritical,259,100.0,73.14814814814815,0.0646299563403914,0.0,6.805834531784058,PASS
898,tier_2_exploratory_scaling,exploratory,cogs,gru_baseline,0.5,supercritical,301,100.0,61.111111111111114,0.0870205557995337,0.0,6.7832770347595215,PASS
899,tier_2_exploratory_scaling,exploratory,cogs,gru_baseline,0.5,supercritical,343,100.0,69.44444444444444,0.051632880881496944,0.0,6.764059782028198,PASS
900,tier_2_exploratory_scaling,exploratory,cogs,gru_baseline,0.5,supercritical,385,96.30294328786792,73.33333333333333,0.04536297459919484,0.0,6.834096431732178,PASS
901,tier_2_exploratory_scaling,exploratory,pcfg_set,transformer_4l_scaled,0.0,subcritical,7,44.28412874583796,43.75,0.9999999552489953,3.485524939605966e-05,20.036207675933838,PASS
902,tier_2_exploratory_scaling,exploratory,pcfg_set,transformer_4l_scaled,0.0,subcritical,49,44.120940649496085,43.75,1.0000000213272273,2.9418426493066363e-05,20.020573139190674,PASS
903,tier_2_exploratory_scaling,exploratory,pcfg_set,transformer_4l_scaled,0.0,subcritical,91,43.12431243124312,43.75,1.0000000256308554,2.2797274141339585e-05,20.071229696273804,PASS
904,tier_2_exploratory_scaling,exploratory,pcfg_set,transformer_4l_scaled,0.0,subcritical,133,59.005524861878456,50.15625,0.9999999728531295,2.231813414255157e-05,19.966785430908203,PASS
905,tier_2_exploratory_scaling,exploratory,pcfg_set,transformer_4l_scaled,0.0,subcritical,175,48.39779005524862,49.84375,1.0000000042134252,1.805073225114029e-05,20.170878410339355,PASS
906,tier_2_exploratory_scaling,exploratory,pcfg_set,transformer_4l_scaled,0.0,subcritical,217,41.50731158605174,32.5,0.9999999674032054,0.007948469370603561,20.18450093269348,PASS
907,tier_2_exploratory_scaling,exploratory,pcfg_set,transformer_4l_scaled,0.0,subcritical,259,75.7975797579758,40.0,1.0000000030195295,5.2772975323023275e-06,20.599818468093872,PASS
908,tier_2_exploratory_scaling,exploratory,pcfg_set,transformer_4l_scaled,0.0,subcritical,301,43.92419175027871,43.75,1.0000000337240638,6.943626431166194e-06,20.935697555541992,PASS
909,tier_2_exploratory_scaling,exploratory,pcfg_set,transformer_4l_scaled,0.0,subcritical,343,44.165757906215916,43.75,1.0000000301530467,3.556789306458086e-05,20.545044422149658,PASS
910,tier_2_exploratory_scaling,exploratory,pcfg_set,transformer_4l_scaled,0.0,subcritical,385,43.34433443344334,43.75,1.0000000047634932,8.662285836180672e-06,20.19109320640564,PASS
911,tier_2_exploratory_scaling,exploratory,pcfg_set,transformer_4l_scaled,0.025,boundary,7,44.28412874583796,43.75,-0.08674959399988875,3.562404526746832e-05,36.38147234916687,PASS
912,tier_2_exploratory_scaling,exploratory,pcfg_set,transformer_4l_scaled,0.025,boundary,49,44.120940649496085,43.75,-0.17225356365986041,1.8029080820269883e-05,35.87909436225891,PASS
913,tier_2_exploratory_scaling,exploratory,pcfg_set,transformer_4l_scaled,0.025,boundary,91,64.57645764576458,65.15625,-0.03749836973757561,6.514129381685052e-06,36.00010943412781,PASS
914,tier_2_exploratory_scaling,exploratory,pcfg_set,transformer_4l_scaled,0.025,boundary,133,67.84530386740332,60.0,-0.049777546180636366,2.0072891857125796e-05,36.05468034744263,PASS
915,tier_2_exploratory_scaling,exploratory,pcfg_set,transformer_4l_scaled,0.025,boundary,175,47.071823204419886,53.125,-0.07234570465061316,1.6709549527149647e-05,36.221712589263916,PASS
916,tier_2_exploratory_scaling,exploratory,pcfg_set,transformer_4l_scaled,0.025,boundary,217,44.09448818897638,43.75,0.11476773325197531,0.0007724343449808657,36.21531581878662,PASS
917,tier_2_exploratory_scaling,exploratory,pcfg_set,transformer_4l_scaled,0.025,boundary,259,43.89438943894389,43.75,-0.10150829982957521,1.4742599887540564e-05,35.85452222824097,PASS
918,tier_2_exploratory_scaling,exploratory,pcfg_set,transformer_4l_scaled,0.025,boundary,301,43.92419175027871,43.75,-0.11634576873211515,2.6134461222682148e-05,35.91269254684448,PASS
919,tier_2_exploratory_scaling,exploratory,pcfg_set,transformer_4l_scaled,0.025,boundary,343,44.165757906215916,43.75,-0.1539294815364298,2.922621206380427e-05,36.65695023536682,PASS
920,tier_2_exploratory_scaling,exploratory,pcfg_set,transformer_4l_scaled,0.025,boundary,385,43.34433443344334,43.75,-0.156348073259627,6.532634142786264e-05,36.22000169754028,PASS
921,tier_2_exploratory_scaling,exploratory,pcfg_set,transformer_4l_scaled,0.5,supercritical,7,47.83573806881243,20.0,-0.03189087305243512,2.1513213141588494e-05,36.0778591632843,PASS
922,tier_2_exploratory_scaling,exploratory,pcfg_set,transformer_4l_scaled,0.5,supercritical,49,65.8454647256439,60.0,0.01856414343903402,2.4556651624152437e-05,36.19579482078552,PASS
923,tier_2_exploratory_scaling,exploratory,pcfg_set,transformer_4l_scaled,0.5,supercritical,91,46.424642464246425,13.90625,0.01847159097586452,0.001027722260914743,36.03660464286804,PASS
924,tier_2_exploratory_scaling,exploratory,pcfg_set,transformer_4l_scaled,0.5,supercritical,133,43.97790055248619,43.75,-0.21460985740583302,3.102850678260438e-05,36.12764501571655,PASS
925,tier_2_exploratory_scaling,exploratory,pcfg_set,transformer_4l_scaled,0.5,supercritical,175,42.430939226519335,43.75,-0.10198627443035414,1.417185558238998e-05,36.05580520629883,PASS
926,tier_2_exploratory_scaling,exploratory,pcfg_set,transformer_4l_scaled,0.5,supercritical,217,44.09448818897638,43.75,-0.1612223559275303,0.0,36.15580439567566,PASS
927,tier_2_exploratory_scaling,exploratory,pcfg_set,transformer_4l_scaled,0.5,supercritical,259,70.73707370737074,40.0,-0.033845907430195325,7.66703742556274e-05,36.21521735191345,PASS
928,tier_2_exploratory_scaling,exploratory,pcfg_set,transformer_4l_scaled,0.5,supercritical,301,46.04236343366778,47.109375,-0.24210948469641638,1.4206392734195106e-05,36.15984296798706,PASS
929,tier_2_exploratory_scaling,exploratory,pcfg_set,transformer_4l_scaled,0.5,supercritical,343,52.344601962922575,45.9375,-0.18658401948868306,0.0,36.32515907287598,PASS
930,tier_2_exploratory_scaling,exploratory,pcfg_set,transformer_4l_scaled,0.5,supercritical,385,43.784378437843785,20.546875,-0.1627453541933649,2.177485112042632e-05,36.31031560897827,PASS
931,tier_2_exploratory_scaling,exploratory,pcfg_set,gru_baseline,0.0,subcritical,7,100.0,100.0,1.0000000678495577,0.0,4.0066893100738525,PASS
932,tier_2_exploratory_scaling,exploratory,pcfg_set,gru_baseline,0.0,subcritical,49,100.0,100.0,1.0000000171381986,0.0,3.999056816101074,PASS
933,tier_2_exploratory_scaling,exploratory,pcfg_set,gru_baseline,0.0,subcritical,91,100.0,100.0,1.0000000090387924,0.0,4.051648855209351,PASS
934,tier_2_exploratory_scaling,exploratory,pcfg_set,gru_baseline,0.0,subcritical,133,100.0,100.0,1.0000000305126158,0.0,3.962813377380371,PASS
935,tier_2_exploratory_scaling,exploratory,pcfg_set,gru_baseline,0.0,subcritical,175,100.0,100.0,1.0000000270723988,0.0,3.995205879211426,PASS
936,tier_2_exploratory_scaling,exploratory,pcfg_set,gru_baseline,0.0,subcritical,217,100.0,51.87500000000001,1.000000012333232,0.0,3.9589622020721436,PASS
937,tier_2_exploratory_scaling,exploratory,pcfg_set,gru_baseline,0.0,subcritical,259,100.0,100.0,0.9999999747554456,0.0,3.9283833503723145,PASS
938,tier_2_exploratory_scaling,exploratory,pcfg_set,gru_baseline,0.0,subcritical,301,100.0,100.0,0.9999999957777641,0.0,4.039651870727539,PASS
939,tier_2_exploratory_scaling,exploratory,pcfg_set,gru_baseline,0.0,subcritical,343,100.0,100.0,0.9999999850445361,0.0,3.985344648361206,PASS
940,tier_2_exploratory_scaling,exploratory,pcfg_set,gru_baseline,0.0,subcritical,385,100.0,100.0,1.0000000202431936,0.0,3.9866085052490234,PASS
941,tier_2_exploratory_scaling,exploratory,pcfg_set,gru_baseline,0.025,boundary,7,100.0,100.0,0.26170215486456333,0.0,6.785851240158081,PASS
942,tier_2_exploratory_scaling,exploratory,pcfg_set,gru_baseline,0.025,boundary,49,100.0,100.0,0.230376448063786,0.0,6.743270397186279,PASS
943,tier_2_exploratory_scaling,exploratory,pcfg_set,gru_baseline,0.025,boundary,91,100.0,100.0,0.3221662060206785,0.0,6.8037190437316895,PASS
944,tier_2_exploratory_scaling,exploratory,pcfg_set,gru_baseline,0.025,boundary,133,100.0,85.703125,0.23917204192478728,0.0,6.844135522842407,PASS
945,tier_2_exploratory_scaling,exploratory,pcfg_set,gru_baseline,0.025,boundary,175,100.0,100.0,0.31371999601059847,0.0,6.7927186489105225,PASS
946,tier_2_exploratory_scaling,exploratory,pcfg_set,gru_baseline,0.025,boundary,217,100.0,100.0,0.20130108457402981,0.0,6.791306257247925,PASS
947,tier_2_exploratory_scaling,exploratory,pcfg_set,gru_baseline,0.025,boundary,259,100.0,100.0,0.27429059250121735,0.0,6.789945363998413,PASS
948,tier_2_exploratory_scaling,exploratory,pcfg_set,gru_baseline,0.025,boundary,301,100.0,98.125,0.2850382992805203,0.0,6.850391626358032,PASS
949,tier_2_exploratory_scaling,exploratory,pcfg_set,gru_baseline,0.025,boundary,343,100.0,88.671875,0.3272029033978185,0.0,6.809555768966675,PASS
950,tier_2_exploratory_scaling,exploratory,pcfg_set,gru_baseline,0.025,boundary,385,100.0,100.0,0.2587735258720699,0.0,6.751563549041748,PASS
951,tier_2_exploratory_scaling,exploratory,pcfg_set,gru_baseline,0.5,supercritical,7,100.0,67.96875,0.18831656455987633,0.0,6.813067436218262,PASS
952,tier_2_exploratory_scaling,exploratory,pcfg_set,gru_baseline,0.5,supercritical,49,100.0,80.0,0.105017382674639,0.0,6.777876615524292,PASS
953,tier_2_exploratory_scaling,exploratory,pcfg_set,gru_baseline,0.5,supercritical,91,100.0,66.796875,0.16509187487282653,0.0,6.712299108505249,PASS
954,tier_2_exploratory_scaling,exploratory,pcfg_set,gru_baseline,0.5,supercritical,133,100.0,62.34375,0.07153963235982236,0.0,6.765819787979126,PASS
955,tier_2_exploratory_scaling,exploratory,pcfg_set,gru_baseline,0.5,supercritical,175,100.0,67.8125,0.1975750327175089,0.0,6.807003021240234,PASS
956,tier_2_exploratory_scaling,exploratory,pcfg_set,gru_baseline,0.5,supercritical,217,100.0,64.0625,0.14842843681582826,0.0,6.808674573898315,PASS
957,tier_2_exploratory_scaling,exploratory,pcfg_set,gru_baseline,0.5,supercritical,259,100.0,68.359375,0.16297332905282863,0.0,6.783337354660034,PASS
958,tier_2_exploratory_scaling,exploratory,pcfg_set,gru_baseline,0.5,supercritical,301,100.0,63.90625,0.20184437160869403,0.0,6.796643495559692,PASS
959,tier_2_exploratory_scaling,exploratory,pcfg_set,gru_baseline,0.5,supercritical,343,100.0,67.96875,0.20236486455639177,0.0,6.77335786819458,PASS
960,tier_2_exploratory_scaling,exploratory,pcfg_set,gru_baseline,0.5,supercritical,385,100.0,74.375,0.1494688012489768,0.0,6.7051146030426025,PASS
