run_id,cell_seed_idx,tier,evidence_class,benchmark,split,arch,lambda,lambda_regime,seed,final_id_acc,final_ood_acc,mean_whitened_gca,top_hessian_eig,wall_clock_sec,status
1,0,tier_1_primary_change_point,primary,hbar,split_b_recursion_depth,transformer_2l,0.0,subcritical,7,95.72274947881344,57.095083405819196,0.001,3.011208269336844e-05,10.893420402641874,PASS
2,1,tier_1_primary_change_point,primary,hbar,split_b_recursion_depth,transformer_2l,0.0,subcritical,49,96.69995336193026,35.2100496863989,0.001,2.7840026037994634e-05,10.679213741186382,PASS
3,2,tier_1_primary_change_point,primary,hbar,split_b_recursion_depth,transformer_2l,0.0,subcritical,91,94.64106413148716,63.813303667266716,0.001,2.9213264982058305e-05,10.897064477325781,PASS
4,3,tier_1_primary_change_point,primary,hbar,split_b_recursion_depth,transformer_2l,0.0,subcritical,133,93.52904010811417,54.81821105363247,0.001,3.754643058940807e-05,10.82464157746046,PASS
5,4,tier_1_primary_change_point,primary,hbar,split_b_recursion_depth,transformer_2l,0.0,subcritical,175,94.20928153528685,68.28302061659177,0.001,1.6132708893969913e-05,10.837115652070844,PASS
6,5,tier_1_primary_change_point,primary,hbar,split_b_recursion_depth,transformer_2l,0.0,subcritical,217,94.95315165526972,51.844154335013975,0.001,3.218734847821378e-05,10.838649262611955,PASS
7,6,tier_1_primary_change_point,primary,hbar,split_b_recursion_depth,transformer_2l,0.0,subcritical,259,94.83743522001522,76.11803068372987,0.001,1.9040543212661726e-05,10.76479152574704,PASS
8,7,tier_1_primary_change_point,primary,hbar,split_b_recursion_depth,transformer_2l,0.0,subcritical,301,92.54735510236088,65.83750129453881,0.001,2.4022793531527232e-05,10.914753468672998,PASS
9,8,tier_1_primary_change_point,primary,hbar,split_b_recursion_depth,transformer_2l,0.0,subcritical,343,90.92291474504292,56.914731965595806,0.001,3.691552705292013e-05,10.83462553057357,PASS
10,9,tier_1_primary_change_point,primary,hbar,split_b_recursion_depth,transformer_2l,0.0,subcritical,385,94.05573605413016,73.46465487830142,0.001,2.5249008841899562e-05,11.00964777552226,PASS
11,10,tier_1_primary_change_point,primary,hbar,split_b_recursion_depth,transformer_2l,0.0,subcritical,427,89.70411967931587,60.41658343356206,0.001,1.871557610003342e-05,10.86824205988755,PASS
12,11,tier_1_primary_change_point,primary,hbar,split_b_recursion_depth,transformer_2l,0.0,subcritical,469,93.64620917323877,47.016716952157196,0.001,1.2150059955367101e-05,10.913375138215049,PASS
13,12,tier_1_primary_change_point,primary,hbar,split_b_recursion_depth,transformer_2l,0.0,subcritical,511,93.74340143430756,51.00788941463678,0.001,3.1733855929863704e-05,10.826018627778053,PASS
14,13,tier_1_primary_change_point,primary,hbar,split_b_recursion_depth,transformer_2l,0.0,subcritical,553,93.05938202123271,42.446236616565315,0.001,2.9086727451199778e-05,10.822985398952955,PASS
15,14,tier_1_primary_change_point,primary,hbar,split_b_recursion_depth,transformer_2l,0.0,subcritical,595,94.65777561761357,59.22652465431018,0.001,3.195025791208671e-05,10.817199013957897,PASS
16,15,tier_1_primary_change_point,primary,hbar,split_b_recursion_depth,transformer_2l,0.0,subcritical,637,91.08930098834131,53.83094841502272,0.001,2.84890655211698e-05,10.813168475556242,PASS
17,16,tier_1_primary_change_point,primary,hbar,split_b_recursion_depth,transformer_2l,0.0,subcritical,679,95.41297635980298,43.1711727523465,0.001,3.5673461267369334e-06,10.771496094259698,PASS
18,17,tier_1_primary_change_point,primary,hbar,split_b_recursion_depth,transformer_2l,0.0,subcritical,721,92.02357112617796,73.58824445450914,0.001,2.741673972701345e-05,10.89700249218433,PASS
19,18,tier_1_primary_change_point,primary,hbar,split_b_recursion_depth,transformer_2l,0.0,subcritical,763,93.69956671769724,55.49427558753179,0.001,4.569630980748253e-05,10.86500451223944,PASS
20,19,tier_1_primary_change_point,primary,hbar,split_b_recursion_depth,transformer_2l,0.0,subcritical,805,91.53189872325052,57.50011096723395,0.001,3.446443394335407e-05,10.965543280132087,PASS
21,20,tier_1_primary_change_point,primary,hbar,split_b_recursion_depth,transformer_2l,0.0,subcritical,847,94.296887892739,36.88492621419125,0.001,2.5032640710840913e-05,10.850197462421363,PASS
22,21,tier_1_primary_change_point,primary,hbar,split_b_recursion_depth,transformer_2l,0.0,subcritical,889,91.89508461271967,76.04633613151344,0.001,1.802707484395477e-05,10.838673773992804,PASS
23,22,tier_1_primary_change_point,primary,hbar,split_b_recursion_depth,transformer_2l,0.0,subcritical,931,93.88468285434094,40.81376341329508,0.001,2.9530233212702344e-05,10.992838931190503,PASS
24,23,tier_1_primary_change_point,primary,hbar,split_b_recursion_depth,transformer_2l,0.0,subcritical,973,94.87573261916654,72.126238254541,0.001,1.864523658574042e-05,10.909304080755726,PASS
25,24,tier_1_primary_change_point,primary,hbar,split_b_recursion_depth,transformer_2l,0.0,subcritical,1015,93.90297328625286,37.59769127411296,0.001,2.0907544744479663e-05,10.73472523524074,PASS
26,25,tier_1_primary_change_point,primary,hbar,split_b_recursion_depth,transformer_2l,0.0,subcritical,1057,93.390558806218,83.7599167663756,0.001,3.185829260053895e-05,10.835122691006653,PASS
27,26,tier_1_primary_change_point,primary,hbar,split_b_recursion_depth,transformer_2l,0.0,subcritical,1099,92.38641375096599,53.59439024586332,0.001,2.3467609154272804e-05,10.792176292386381,PASS
28,27,tier_1_primary_change_point,primary,hbar,split_b_recursion_depth,transformer_2l,0.0,subcritical,1141,94.21509318326035,87.60306456217182,0.001,3.246323729039992e-05,10.712423877806335,PASS
29,28,tier_1_primary_change_point,primary,hbar,split_b_recursion_depth,transformer_2l,0.0,subcritical,1183,92.17331122517166,55.08689324677856,0.001,1.597401926946949e-05,10.75189695925148,PASS
30,29,tier_1_primary_change_point,primary,hbar,split_b_recursion_depth,transformer_2l,0.0,subcritical,1225,92.95483837722809,71.4553352356335,0.001,1.851031129533401e-05,10.762800669737205,PASS
31,0,tier_1_primary_change_point,primary,hbar,split_b_recursion_depth,transformer_2l,0.015,subcritical,7,93.82257931092312,49.91903639631319,0.056603273449039246,3.653690892933422e-05,10.874601270955205,PASS
32,1,tier_1_primary_change_point,primary,hbar,split_b_recursion_depth,transformer_2l,0.015,subcritical,49,94.8184696354852,86.59105037784839,0.06601126326879618,2.375166399891287e-05,10.821062452492347,PASS
33,2,tier_1_primary_change_point,primary,hbar,split_b_recursion_depth,transformer_2l,0.015,subcritical,91,95.26297010366753,100.0,0.052931268708680784,2.344049038660765e-05,10.673926073360947,PASS
34,3,tier_1_primary_change_point,primary,hbar,split_b_recursion_depth,transformer_2l,0.015,subcritical,133,92.61130046692254,100.0,0.05403655968319012,3.26350493301727e-05,10.871681519437159,PASS
35,4,tier_1_primary_change_point,primary,hbar,split_b_recursion_depth,transformer_2l,0.015,subcritical,175,93.92018356446836,58.12726039146192,0.06149198377225284,3.975023218213436e-05,10.874377208439729,PASS
36,5,tier_1_primary_change_point,primary,hbar,split_b_recursion_depth,transformer_2l,0.015,subcritical,217,91.2141014183195,46.128445451536734,0.06555358214326491,2.6243631625130558e-05,10.780431280834506,PASS
37,6,tier_1_primary_change_point,primary,hbar,split_b_recursion_depth,transformer_2l,0.015,subcritical,259,94.69245828650958,70.22989698987075,0.062626145501875,2.5755218763385987e-05,10.778145841884712,PASS
38,7,tier_1_primary_change_point,primary,hbar,split_b_recursion_depth,transformer_2l,0.015,subcritical,301,92.00814473360514,58.61668793698392,0.05765963696194588,2.9342456535612674e-05,10.919525374949048,PASS
39,8,tier_1_primary_change_point,primary,hbar,split_b_recursion_depth,transformer_2l,0.015,subcritical,343,95.33291541905727,91.12685077703708,0.058981400135878506,2.1500308104225612e-05,10.958981669032003,PASS
40,9,tier_1_primary_change_point,primary,hbar,split_b_recursion_depth,transformer_2l,0.015,subcritical,385,93.38146349931709,100.0,0.0660607097735767,1.5681695421150645e-05,10.921354163232138,PASS
41,10,tier_1_primary_change_point,primary,hbar,split_b_recursion_depth,transformer_2l,0.015,subcritical,427,92.02101725953887,62.337316108286316,0.04958913422066755,2.0931017947619502e-05,10.700664930001818,PASS
42,11,tier_1_primary_change_point,primary,hbar,split_b_recursion_depth,transformer_2l,0.015,subcritical,469,92.751671891007,98.91356034998866,0.05238313967961102,3.133755442101738e-05,10.918011486942643,PASS
43,12,tier_1_primary_change_point,primary,hbar,split_b_recursion_depth,transformer_2l,0.015,subcritical,511,93.71583687210006,77.02140388517391,0.057479681440901605,1.9319958358613946e-05,10.713243904401496,PASS
44,13,tier_1_primary_change_point,primary,hbar,split_b_recursion_depth,transformer_2l,0.015,subcritical,553,94.10121316545053,100.0,0.054997078949322355,1.1138209472464274e-05,10.96347458169699,PASS
45,14,tier_1_primary_change_point,primary,hbar,split_b_recursion_depth,transformer_2l,0.015,subcritical,595,94.28066666113993,100.0,0.05627276165017503,2.3414858464791153e-05,10.984892871017955,PASS
46,15,tier_1_primary_change_point,primary,hbar,split_b_recursion_depth,transformer_2l,0.015,subcritical,637,94.42822653119246,100.0,0.05296945830592696,2.3994348466382988e-05,10.77955228870649,PASS
47,16,tier_1_primary_change_point,primary,hbar,split_b_recursion_depth,transformer_2l,0.015,subcritical,679,93.95075725258206,55.83296303678413,0.05714184265307221,3.8527905334492424e-05,10.847497623136157,PASS
48,17,tier_1_primary_change_point,primary,hbar,split_b_recursion_depth,transformer_2l,0.015,subcritical,721,94.64289040928341,29.912361655520314,0.05402051519400641,2.7241184774172612e-05,10.801396973365177,PASS
49,18,tier_1_primary_change_point,primary,hbar,split_b_recursion_depth,transformer_2l,0.015,subcritical,763,95.22797477168092,78.3433175347605,0.055515323260802225,3.727587110463291e-05,10.900860133975014,PASS
50,19,tier_1_primary_change_point,primary,hbar,split_b_recursion_depth,transformer_2l,0.015,subcritical,805,94.37827049335716,71.4715607076819,0.05633072984129029,5.303577868432554e-05,10.787927333534963,PASS
51,20,tier_1_primary_change_point,primary,hbar,split_b_recursion_depth,transformer_2l,0.015,subcritical,847,91.86816783885558,56.67430857612474,0.0533785498421906,3.187415192800847e-05,10.93065702125755,PASS
52,21,tier_1_primary_change_point,primary,hbar,split_b_recursion_depth,transformer_2l,0.015,subcritical,889,91.58175595994126,100.0,0.05377761987384851,3.6605645846987326e-05,10.733741444779907,PASS
53,22,tier_1_primary_change_point,primary,hbar,split_b_recursion_depth,transformer_2l,0.015,subcritical,931,93.36252158973578,65.99461948354227,0.05456157226064094,4.341046577609e-05,10.892009803685236,PASS
54,23,tier_1_primary_change_point,primary,hbar,split_b_recursion_depth,transformer_2l,0.015,subcritical,973,94.72457932482982,94.9469629589943,0.06507049445200497,2.0922710900254192e-05,10.818139786920408,PASS
55,24,tier_1_primary_change_point,primary,hbar,split_b_recursion_depth,transformer_2l,0.015,subcritical,1015,95.64975700292382,27.72456592908769,0.061807116905060244,4.654272071270638e-05,10.89492771788119,PASS
56,25,tier_1_primary_change_point,primary,hbar,split_b_recursion_depth,transformer_2l,0.015,subcritical,1057,94.87525208759615,100.0,0.051903899028610236,3.6291290537629595e-05,10.931580775279894,PASS
57,26,tier_1_primary_change_point,primary,hbar,split_b_recursion_depth,transformer_2l,0.015,subcritical,1099,96.35628856076798,66.64461324526233,0.04942796279432194,2.7259885104935095e-05,10.795205337765466,PASS
58,27,tier_1_primary_change_point,primary,hbar,split_b_recursion_depth,transformer_2l,0.015,subcritical,1141,93.928256637837,77.93560543847657,0.062250235399008785,3.255718023733629e-05,11.004947155699643,PASS
59,28,tier_1_primary_change_point,primary,hbar,split_b_recursion_depth,transformer_2l,0.015,subcritical,1183,95.5243569042314,43.196781903009935,0.054683975684505684,2.830731283842515e-05,10.84709983884859,PASS
60,29,tier_1_primary_change_point,primary,hbar,split_b_recursion_depth,transformer_2l,0.015,subcritical,1225,92.98282602028176,80.90649708152964,0.04895626792983751,1.78063787830454e-05,10.734103904427217,PASS
61,0,tier_1_primary_change_point,primary,hbar,split_b_recursion_depth,transformer_2l,0.02,boundary,7,94.78435592919827,100.0,0.05000177826922845,2.4194436333951354e-05,10.962795088634499,PASS
62,1,tier_1_primary_change_point,primary,hbar,split_b_recursion_depth,transformer_2l,0.02,boundary,49,92.75770687168152,41.83372574338908,0.04693579829881612,3.259875769761588e-05,10.761127331082971,PASS
63,2,tier_1_primary_change_point,primary,hbar,split_b_recursion_depth,transformer_2l,0.02,boundary,91,92.09723982899078,95.38025140787836,0.04991955751703689,3.119768616900801e-05,10.787053525114581,PASS
64,3,tier_1_primary_change_point,primary,hbar,split_b_recursion_depth,transformer_2l,0.02,boundary,133,91.84706816396346,53.37506355295007,0.05147679954586798,2.4687071131883142e-05,10.88964150578675,PASS
65,4,tier_1_primary_change_point,primary,hbar,split_b_recursion_depth,transformer_2l,0.02,boundary,175,98.605304998814,99.42195800415202,0.05433504110799223,2.7384176642359503e-05,11.032675432959367,PASS
66,5,tier_1_primary_change_point,primary,hbar,split_b_recursion_depth,transformer_2l,0.02,boundary,217,90.22312145274353,93.2150496968389,0.05471158619600604,1.9330949603815052e-05,10.856731732748655,PASS
67,6,tier_1_primary_change_point,primary,hbar,split_b_recursion_depth,transformer_2l,0.02,boundary,259,92.78815794039221,99.40083782961705,0.05617671948181571,2.2951466574651135e-05,10.82484631534784,PASS
68,7,tier_1_primary_change_point,primary,hbar,split_b_recursion_depth,transformer_2l,0.02,boundary,301,94.94741006867898,29.588098477896672,0.04527259232177169,1.5857538468457486e-05,10.908749550266812,PASS
69,8,tier_1_primary_change_point,primary,hbar,split_b_recursion_depth,transformer_2l,0.02,boundary,343,93.65386467089431,96.78767310285173,0.05592526439161164,1.4305369768067546e-05,10.951433786328495,PASS
70,9,tier_1_primary_change_point,primary,hbar,split_b_recursion_depth,transformer_2l,0.02,boundary,385,94.27343381753674,68.52831249991591,0.05495284466201402,2.297297571383676e-05,10.925546883776915,PASS
71,10,tier_1_primary_change_point,primary,hbar,split_b_recursion_depth,transformer_2l,0.02,boundary,427,93.90213921382033,75.53827230675893,0.05798780400598312,1.7631191870313892e-05,10.710296083978076,PASS
72,11,tier_1_primary_change_point,primary,hbar,split_b_recursion_depth,transformer_2l,0.02,boundary,469,95.13381075429616,64.86731282702085,0.05423484721073133,2.6681017896640568e-05,10.770380504959228,PASS
73,12,tier_1_primary_change_point,primary,hbar,split_b_recursion_depth,transformer_2l,0.02,boundary,511,92.51922446497629,59.18946528011203,0.05032873409395895,2.2653023171092627e-05,10.856972124171511,PASS
74,13,tier_1_primary_change_point,primary,hbar,split_b_recursion_depth,transformer_2l,0.02,boundary,553,94.7931088225886,100.0,0.04887124716797312,2.3177881723471395e-05,10.770609709906596,PASS
75,14,tier_1_primary_change_point,primary,hbar,split_b_recursion_depth,transformer_2l,0.02,boundary,595,94.08964410992714,32.33825486683683,0.05452638904189604,2.514287357078266e-05,10.755996524560793,PASS
76,15,tier_1_primary_change_point,primary,hbar,split_b_recursion_depth,transformer_2l,0.02,boundary,637,92.97973993225058,44.61557427502633,0.051845388069162425,2.567559470078237e-05,10.762772962735392,PASS
77,16,tier_1_primary_change_point,primary,hbar,split_b_recursion_depth,transformer_2l,0.02,boundary,679,94.47526904712733,96.25623871527465,0.04800821645695092,2.3367648666285408e-05,10.879468452485014,PASS
78,17,tier_1_primary_change_point,primary,hbar,split_b_recursion_depth,transformer_2l,0.02,boundary,721,94.6471082226313,100.0,0.05106169949238987,2.1206162198469702e-05,10.885266492926904,PASS
79,18,tier_1_primary_change_point,primary,hbar,split_b_recursion_depth,transformer_2l,0.02,boundary,763,93.18244979807908,86.31356686860028,0.043692319168870584,2.6731007429079377e-05,10.961586513762832,PASS
80,19,tier_1_primary_change_point,primary,hbar,split_b_recursion_depth,transformer_2l,0.02,boundary,805,93.52526227814107,56.27249486403669,0.05776418704095204,3.8065404686686074e-05,10.827358018049518,PASS
81,20,tier_1_primary_change_point,primary,hbar,split_b_recursion_depth,transformer_2l,0.02,boundary,847,93.57553988620049,56.10522946910267,0.06174460881426395,3.258485036076139e-05,10.845660369858457,PASS
82,21,tier_1_primary_change_point,primary,hbar,split_b_recursion_depth,transformer_2l,0.02,boundary,889,95.13309837575477,51.62835346536323,0.05704920470557868,3.507882562001404e-05,10.928698697580222,PASS
83,22,tier_1_primary_change_point,primary,hbar,split_b_recursion_depth,transformer_2l,0.02,boundary,931,93.44448914343852,70.96842956815995,0.04798918158410821,3.481394158584775e-05,10.862326274445435,PASS
84,23,tier_1_primary_change_point,primary,hbar,split_b_recursion_depth,transformer_2l,0.02,boundary,973,91.91645867990333,100.0,0.05055325536407285,3.135894441710218e-05,10.68391919827446,PASS
85,24,tier_1_primary_change_point,primary,hbar,split_b_recursion_depth,transformer_2l,0.02,boundary,1015,91.56064158838878,73.5805863650902,0.05141464045082353,1.921861946752332e-05,10.610701360389783,PASS
86,25,tier_1_primary_change_point,primary,hbar,split_b_recursion_depth,transformer_2l,0.02,boundary,1057,98.28294600073633,100.0,0.046521565528686484,2.710162535732768e-05,11.015205247864765,PASS
87,26,tier_1_primary_change_point,primary,hbar,split_b_recursion_depth,transformer_2l,0.02,boundary,1099,90.23806062464091,58.544027909960974,0.05116835770953787,2.6468304219044654e-05,10.861504651670758,PASS
88,27,tier_1_primary_change_point,primary,hbar,split_b_recursion_depth,transformer_2l,0.02,boundary,1141,93.78826768918219,63.15497673726236,0.05524958150182612,1.9951968666939913e-05,11.055042239287012,PASS
89,28,tier_1_primary_change_point,primary,hbar,split_b_recursion_depth,transformer_2l,0.02,boundary,1183,91.77647439379372,23.08175755150853,0.048940173089053754,3.0111391292161724e-05,10.924737265720431,PASS
90,29,tier_1_primary_change_point,primary,hbar,split_b_recursion_depth,transformer_2l,0.02,boundary,1225,93.60711968030586,32.30799531494579,0.06393073601137114,2.928061021110672e-05,10.746413970168888,PASS
91,0,tier_1_primary_change_point,primary,hbar,split_b_recursion_depth,transformer_2l,0.025,boundary,7,94.89759722992015,67.13182457635521,0.03950096701743257,2.3578232219106127e-05,10.831967542200163,PASS
92,1,tier_1_primary_change_point,primary,hbar,split_b_recursion_depth,transformer_2l,0.025,boundary,49,93.93836204255803,90.88031095176545,0.045232677690313396,3.8111517630354935e-05,10.807790278025385,PASS
93,2,tier_1_primary_change_point,primary,hbar,split_b_recursion_depth,transformer_2l,0.025,boundary,91,93.37325861088456,54.40705694675104,0.05165271844167797,2.5205871463911393e-05,10.945519940184806,PASS
94,3,tier_1_primary_change_point,primary,hbar,split_b_recursion_depth,transformer_2l,0.025,boundary,133,93.7759901729673,83.13159842550407,0.042885627728558855,4.2173518623021127e-05,10.783993721114264,PASS
95,4,tier_1_primary_change_point,primary,hbar,split_b_recursion_depth,transformer_2l,0.025,boundary,175,93.67236577531199,67.80530203672323,0.04654713404098357,3.358001790696351e-05,10.818608051210692,PASS
96,5,tier_1_primary_change_point,primary,hbar,split_b_recursion_depth,transformer_2l,0.025,boundary,217,95.16800164954572,47.81211638744608,0.04404832173805231,1.6883197715604174e-05,10.927324220334535,PASS
97,6,tier_1_primary_change_point,primary,hbar,split_b_recursion_depth,transformer_2l,0.025,boundary,259,95.22447464104043,16.87068183041007,0.04205820605565227,2.605331956749801e-05,10.81216992729418,PASS
98,7,tier_1_primary_change_point,primary,hbar,split_b_recursion_depth,transformer_2l,0.025,boundary,301,95.76236420148231,60.702958706289394,0.041120663900616736,2.3015021210495205e-05,10.77471902377716,PASS
99,8,tier_1_primary_change_point,primary,hbar,split_b_recursion_depth,transformer_2l,0.025,boundary,343,95.4587864605892,96.04983675698683,0.04483086800999579,2.5768203161711342e-05,10.961607687888534,PASS
100,9,tier_1_primary_change_point,primary,hbar,split_b_recursion_depth,transformer_2l,0.025,boundary,385,92.57509293228514,100.0,0.0395518756040909,1.9310540057296446e-05,10.777981772552417,PASS
101,10,tier_1_primary_change_point,primary,hbar,split_b_recursion_depth,transformer_2l,0.025,boundary,427,91.50635284428421,46.429208470506794,0.04492497912790813,2.8254138520502693e-05,10.920403722336717,PASS
102,11,tier_1_primary_change_point,primary,hbar,split_b_recursion_depth,transformer_2l,0.025,boundary,469,94.02914458169978,97.89720127491103,0.035244733010645415,1.697679001499731e-05,10.870015791824072,PASS
103,12,tier_1_primary_change_point,primary,hbar,split_b_recursion_depth,transformer_2l,0.025,boundary,511,96.09766335134145,80.57282283506498,0.041180893206663016,3.7991402543529376e-05,10.862708914470174,PASS
104,13,tier_1_primary_change_point,primary,hbar,split_b_recursion_depth,transformer_2l,0.025,boundary,553,91.54337053405824,68.01158364686079,0.049487523782738074,2.821102733885914e-05,10.860820874487171,PASS
105,14,tier_1_primary_change_point,primary,hbar,split_b_recursion_depth,transformer_2l,0.025,boundary,595,91.92126727545546,87.66963026718149,0.04809238422506919,2.240821673216942e-05,10.802404286561902,PASS
106,15,tier_1_primary_change_point,primary,hbar,split_b_recursion_depth,transformer_2l,0.025,boundary,637,96.24775686247422,70.71264193643366,0.04219345438506365,2.106509043533707e-05,10.84756988847391,PASS
107,16,tier_1_primary_change_point,primary,hbar,split_b_recursion_depth,transformer_2l,0.025,boundary,679,94.08744505254947,85.47356401470851,0.0440274433528315,1.8736129171981293e-05,10.927118090127534,PASS
108,17,tier_1_primary_change_point,primary,hbar,split_b_recursion_depth,transformer_2l,0.025,boundary,721,93.76427371301534,87.84683183365522,0.05881226455010976,2.9247602751480675e-05,10.789139121614168,PASS
109,18,tier_1_primary_change_point,primary,hbar,split_b_recursion_depth,transformer_2l,0.025,boundary,763,93.66082779432871,100.0,0.042219080024868884,2.791060678235028e-05,10.886238673670201,PASS
110,19,tier_1_primary_change_point,primary,hbar,split_b_recursion_depth,transformer_2l,0.025,boundary,805,93.81275337548811,100.0,0.0432807611218699,3.7710488004800323e-05,10.777482672502316,PASS
111,20,tier_1_primary_change_point,primary,hbar,split_b_recursion_depth,transformer_2l,0.025,boundary,847,96.16394159364847,51.923095080580396,0.05704765296877427,2.2870026175732876e-05,10.923874312553727,PASS
112,21,tier_1_primary_change_point,primary,hbar,split_b_recursion_depth,transformer_2l,0.025,boundary,889,95.72845606776714,37.32512518023602,0.04770890000306931,4.330175562108419e-05,10.841380037167266,PASS
113,22,tier_1_primary_change_point,primary,hbar,split_b_recursion_depth,transformer_2l,0.025,boundary,931,92.7360214907119,81.92598160305415,0.045340848374139375,1.749833719974656e-05,10.902652517118968,PASS
114,23,tier_1_primary_change_point,primary,hbar,split_b_recursion_depth,transformer_2l,0.025,boundary,973,95.9161696152381,48.478577931185875,0.04761737338165329,3.597165321140981e-05,10.90822333374386,PASS
115,24,tier_1_primary_change_point,primary,hbar,split_b_recursion_depth,transformer_2l,0.025,boundary,1015,94.22418154376784,100.0,0.043203321206088635,2.8798456429401813e-05,10.818013829752871,PASS
116,25,tier_1_primary_change_point,primary,hbar,split_b_recursion_depth,transformer_2l,0.025,boundary,1057,94.40761366833766,69.31368645500973,0.050816229634987525,2.053774463339293e-05,10.738526001463052,PASS
117,26,tier_1_primary_change_point,primary,hbar,split_b_recursion_depth,transformer_2l,0.025,boundary,1099,94.15499880930533,59.20634858883279,0.046318397593778905,3.240882273589822e-05,10.872019013312112,PASS
118,27,tier_1_primary_change_point,primary,hbar,split_b_recursion_depth,transformer_2l,0.025,boundary,1141,95.34708059763341,100.0,0.042572629611220505,1.3598057381021292e-05,10.824395137622126,PASS
119,28,tier_1_primary_change_point,primary,hbar,split_b_recursion_depth,transformer_2l,0.025,boundary,1183,94.17364599147434,46.5627880386111,0.047190281730304026,3.2184061834128105e-05,10.845992342834114,PASS
120,29,tier_1_primary_change_point,primary,hbar,split_b_recursion_depth,transformer_2l,0.025,boundary,1225,94.88416139235044,86.28125446427957,0.04359928827507828,3.477316595344637e-05,10.859069105207393,PASS
121,0,tier_1_primary_change_point,primary,hbar,split_b_recursion_depth,transformer_2l,0.03,boundary,7,94.64094314947694,33.72793008300705,0.04845279483861301,1.626072677786439e-05,10.784847974072838,PASS
122,1,tier_1_primary_change_point,primary,hbar,split_b_recursion_depth,transformer_2l,0.03,boundary,49,94.53637370607403,32.96391843876413,0.047178397101317285,2.2707896924807684e-05,10.723839843808674,PASS
123,2,tier_1_primary_change_point,primary,hbar,split_b_recursion_depth,transformer_2l,0.03,boundary,91,93.8512268180452,87.6223019441366,0.04690427516517838,1.9107883557482914e-05,10.968495254953966,PASS
124,3,tier_1_primary_change_point,primary,hbar,split_b_recursion_depth,transformer_2l,0.03,boundary,133,91.71440129108836,37.7111103654946,0.05433634196345397,2.85225899263726e-05,10.82693728073104,PASS
125,4,tier_1_primary_change_point,primary,hbar,split_b_recursion_depth,transformer_2l,0.03,boundary,175,95.1426178319129,90.08726939917275,0.04710160504158773,4.114711490625327e-05,10.844259347605252,PASS
126,5,tier_1_primary_change_point,primary,hbar,split_b_recursion_depth,transformer_2l,0.03,boundary,217,91.78710428778322,57.630493116175465,0.048747395779517366,3.267734819573727e-05,10.983129041276225,PASS
127,6,tier_1_primary_change_point,primary,hbar,split_b_recursion_depth,transformer_2l,0.03,boundary,259,94.31407370918657,85.33237452308968,0.045486912601587534,1.9854972285848523e-05,10.878828682241272,PASS
128,7,tier_1_primary_change_point,primary,hbar,split_b_recursion_depth,transformer_2l,0.03,boundary,301,95.07899592281682,65.20596048254328,0.04663272113514038,4.259247768380099e-05,11.064075782194536,PASS
129,8,tier_1_primary_change_point,primary,hbar,split_b_recursion_depth,transformer_2l,0.03,boundary,343,92.13226174770264,56.17925363761852,0.0481944011680265,2.930368684181972e-05,10.755639517179228,PASS
130,9,tier_1_primary_change_point,primary,hbar,split_b_recursion_depth,transformer_2l,0.03,boundary,385,95.39579194200302,72.05694674071141,0.053513996934455174,2.4827630242947065e-05,10.86331441533061,PASS
131,10,tier_1_primary_change_point,primary,hbar,split_b_recursion_depth,transformer_2l,0.03,boundary,427,96.00751446469738,100.0,0.05142208875849162,2.6947735332649393e-05,10.756611333964434,PASS
132,11,tier_1_primary_change_point,primary,hbar,split_b_recursion_depth,transformer_2l,0.03,boundary,469,93.13255907733254,56.225928256899024,0.046667491450663935,3.4244970363890985e-05,10.933042022146608,PASS
133,12,tier_1_primary_change_point,primary,hbar,split_b_recursion_depth,transformer_2l,0.03,boundary,511,95.99199235662097,58.118258673915506,0.04594175389012371,2.1584417569975564e-05,10.993368038798327,PASS
134,13,tier_1_primary_change_point,primary,hbar,split_b_recursion_depth,transformer_2l,0.03,boundary,553,94.25385468045346,60.23975947363709,0.050362537075728964,2.553373632355076e-05,10.736924679200218,PASS
135,14,tier_1_primary_change_point,primary,hbar,split_b_recursion_depth,transformer_2l,0.03,boundary,595,95.44090019820221,87.52877928072901,0.04959992025346518,2.6128655239516922e-05,10.738437359570977,PASS
136,15,tier_1_primary_change_point,primary,hbar,split_b_recursion_depth,transformer_2l,0.03,boundary,637,94.21063924106495,74.5725577178728,0.044069640616346245,2.558001767763919e-05,10.866907718054783,PASS
137,16,tier_1_primary_change_point,primary,hbar,split_b_recursion_depth,transformer_2l,0.03,boundary,679,94.27059790895734,64.74179032513649,0.047560433354947036,3.14379513864611e-05,10.801551156841136,PASS
138,17,tier_1_primary_change_point,primary,hbar,split_b_recursion_depth,transformer_2l,0.03,boundary,721,96.19536493354445,91.36008474850905,0.05435902001674443,2.1141712077435983e-05,10.764861952809945,PASS
139,18,tier_1_primary_change_point,primary,hbar,split_b_recursion_depth,transformer_2l,0.03,boundary,763,91.01774265364095,95.18836926124386,0.047001565645974984,1.9014549922853265e-05,10.891848115665445,PASS
140,19,tier_1_primary_change_point,primary,hbar,split_b_recursion_depth,transformer_2l,0.03,boundary,805,94.31681164021789,45.53042577302829,0.05151070820142937,2.4315077942690056e-05,10.85348413495467,PASS
141,20,tier_1_primary_change_point,primary,hbar,split_b_recursion_depth,transformer_2l,0.03,boundary,847,92.41096553003617,100.0,0.046920817883957175,2.7736833397665542e-05,11.026320947281002,PASS
142,21,tier_1_primary_change_point,primary,hbar,split_b_recursion_depth,transformer_2l,0.03,boundary,889,94.91632064507665,89.24913986750519,0.046147846512045336,2.3624292655786997e-05,10.935129914394558,PASS
143,22,tier_1_primary_change_point,primary,hbar,split_b_recursion_depth,transformer_2l,0.03,boundary,931,92.95907958327221,54.39972050381775,0.055432728996447286,3.2902458518457256e-05,11.058153331107238,PASS
144,23,tier_1_primary_change_point,primary,hbar,split_b_recursion_depth,transformer_2l,0.03,boundary,973,93.46831410666968,48.89105404114562,0.04694279057056088,3.070693938396475e-05,10.817531750790693,PASS
145,24,tier_1_primary_change_point,primary,hbar,split_b_recursion_depth,transformer_2l,0.03,boundary,1015,92.49576153351008,79.83091309796794,0.04656551807728624,3.069240080419393e-05,10.797492812085144,PASS
146,25,tier_1_primary_change_point,primary,hbar,split_b_recursion_depth,transformer_2l,0.03,boundary,1057,97.03814466561802,100.0,0.039493677274069876,1.8345300166266105e-05,10.811267262880042,PASS
147,26,tier_1_primary_change_point,primary,hbar,split_b_recursion_depth,transformer_2l,0.03,boundary,1099,94.98035496303918,77.11533456142391,0.04142442834321187,2.3031369132843087e-05,10.953744160958758,PASS
148,27,tier_1_primary_change_point,primary,hbar,split_b_recursion_depth,transformer_2l,0.03,boundary,1141,92.42403045625258,78.32425023530834,0.0396151660943169,1.9108712337045897e-05,10.75267632090536,PASS
149,28,tier_1_primary_change_point,primary,hbar,split_b_recursion_depth,transformer_2l,0.03,boundary,1183,94.6085633116584,100.0,0.04646608728250741,1.0545437282143222e-05,10.950730395165905,PASS
150,29,tier_1_primary_change_point,primary,hbar,split_b_recursion_depth,transformer_2l,0.03,boundary,1225,96.0617470222371,94.65864293544814,0.047437540893208126,2.8338913794909663e-05,10.733621814105055,PASS
151,0,tier_1_primary_change_point,primary,hbar,split_b_recursion_depth,transformer_2l,0.5,supercritical,7,95.45859166839824,98.72294519736603,0.03444655327924796,2.6632531649562568e-05,10.978748310235511,PASS
152,1,tier_1_primary_change_point,primary,hbar,split_b_recursion_depth,transformer_2l,0.5,supercritical,49,93.12814318005674,97.94238425317542,0.03412610551489399,2.7010803831096826e-05,10.767964977101776,PASS
153,2,tier_1_primary_change_point,primary,hbar,split_b_recursion_depth,transformer_2l,0.5,supercritical,91,93.3010003987041,98.25502582616082,0.04113858512630692,3.4770167371460706e-05,10.892724018322442,PASS
154,3,tier_1_primary_change_point,primary,hbar,split_b_recursion_depth,transformer_2l,0.5,supercritical,133,95.24025618873677,98.36888407869644,0.04101756813274429,2.4918956157821973e-05,10.970674255898269,PASS
155,4,tier_1_primary_change_point,primary,hbar,split_b_recursion_depth,transformer_2l,0.5,supercritical,175,92.18986550824344,98.27226149835636,0.05107095178124789,3.6442602527074e-05,10.74630401738191,PASS
156,5,tier_1_primary_change_point,primary,hbar,split_b_recursion_depth,transformer_2l,0.5,supercritical,217,93.82442084507089,98.43957566896765,0.0335467780069966,2.3514789631385722e-05,10.983685985024128,PASS
157,6,tier_1_primary_change_point,primary,hbar,split_b_recursion_depth,transformer_2l,0.5,supercritical,259,94.99473852764147,98.59828097352552,0.042270505733062846,3.142633154290877e-05,10.802011659903508,PASS
158,7,tier_1_primary_change_point,primary,hbar,split_b_recursion_depth,transformer_2l,0.5,supercritical,301,94.22549081152525,98.36169394403227,0.04141506648623643,2.5846063617901836e-05,10.721364712185379,PASS
159,8,tier_1_primary_change_point,primary,hbar,split_b_recursion_depth,transformer_2l,0.5,supercritical,343,95.97455708841144,98.65517484542596,0.044408387974945486,4.208098676950968e-05,10.919970353332676,PASS
160,9,tier_1_primary_change_point,primary,hbar,split_b_recursion_depth,transformer_2l,0.5,supercritical,385,93.68525593958128,98.03639924240612,0.04404419958536614,2.671279718048791e-05,10.909901207795219,PASS
161,10,tier_1_primary_change_point,primary,hbar,split_b_recursion_depth,transformer_2l,0.5,supercritical,427,95.6135205545817,98.06573830551842,0.04272350281102708,2.172045728497195e-05,10.960625671486623,PASS
162,11,tier_1_primary_change_point,primary,hbar,split_b_recursion_depth,transformer_2l,0.5,supercritical,469,97.60993424984993,98.88905100062729,0.04769211760575659,1.9688549361779895e-05,10.96872424466171,PASS
163,12,tier_1_primary_change_point,primary,hbar,split_b_recursion_depth,transformer_2l,0.5,supercritical,511,92.33179138830872,99.08808892575652,0.033565035298227144,3.925400904339112e-05,10.773849560277702,PASS
164,13,tier_1_primary_change_point,primary,hbar,split_b_recursion_depth,transformer_2l,0.5,supercritical,553,97.94313930148721,98.2058361974645,0.03438219854756455,3.22952869645618e-05,10.865574881015398,PASS
165,14,tier_1_primary_change_point,primary,hbar,split_b_recursion_depth,transformer_2l,0.5,supercritical,595,95.16295626950537,98.4404664228863,0.03742768893030268,3.338042445655739e-05,10.911878350369545,PASS
166,15,tier_1_primary_change_point,primary,hbar,split_b_recursion_depth,transformer_2l,0.5,supercritical,637,92.2562227942187,98.25356396549111,0.05136580778131212,2.502178250454329e-05,10.876766380082914,PASS
167,16,tier_1_primary_change_point,primary,hbar,split_b_recursion_depth,transformer_2l,0.5,supercritical,679,93.62471440105483,98.86819055233798,0.035668641660762626,3.4117012340813246e-05,10.890121428105468,PASS
168,17,tier_1_primary_change_point,primary,hbar,split_b_recursion_depth,transformer_2l,0.5,supercritical,721,92.26040993254621,98.76540939407478,0.036515901714208404,3.558896049844195e-05,10.958417776754947,PASS
169,18,tier_1_primary_change_point,primary,hbar,split_b_recursion_depth,transformer_2l,0.5,supercritical,763,93.35827538589339,98.57794787723749,0.03995641045336635,4.435820085131206e-05,10.879920101061387,PASS
170,19,tier_1_primary_change_point,primary,hbar,split_b_recursion_depth,transformer_2l,0.5,supercritical,805,92.00597912862509,98.45676277793687,0.04377995566686892,3.701311435296732e-05,10.801639428575559,PASS
171,20,tier_1_primary_change_point,primary,hbar,split_b_recursion_depth,transformer_2l,0.5,supercritical,847,91.98192489329723,98.65010862810621,0.04209262954054624,1.2803909057750021e-05,10.83355397180473,PASS
172,21,tier_1_primary_change_point,primary,hbar,split_b_recursion_depth,transformer_2l,0.5,supercritical,889,92.46535912350261,98.38962018211701,0.037789176116910864,3.438910348179696e-05,10.834222729594964,PASS
173,22,tier_1_primary_change_point,primary,hbar,split_b_recursion_depth,transformer_2l,0.5,supercritical,931,94.13566406648894,98.38054650327655,0.04213570941080999,1.4620332228386524e-05,10.760857873678763,PASS
174,23,tier_1_primary_change_point,primary,hbar,split_b_recursion_depth,transformer_2l,0.5,supercritical,973,96.19321519226851,98.61267393349331,0.04761226624834242,2.8883178365979e-05,10.970448089658646,PASS
175,24,tier_1_primary_change_point,primary,hbar,split_b_recursion_depth,transformer_2l,0.5,supercritical,1015,94.94433360585917,98.31425185408122,0.04605633441114146,2.5060765268591705e-05,10.983901358571254,PASS
176,25,tier_1_primary_change_point,primary,hbar,split_b_recursion_depth,transformer_2l,0.5,supercritical,1057,93.94838760587585,98.04925664763178,0.04407358843630985,3.0084459508232654e-05,10.782507159742547,PASS
177,26,tier_1_primary_change_point,primary,hbar,split_b_recursion_depth,transformer_2l,0.5,supercritical,1099,93.21648183639151,97.89295036909098,0.04136350572415957,3.079702592523179e-05,10.79762179403748,PASS
178,27,tier_1_primary_change_point,primary,hbar,split_b_recursion_depth,transformer_2l,0.5,supercritical,1141,96.85028779734165,98.84184305343268,0.04168773564289347,4.383863737820937e-05,10.716409657051074,PASS
179,28,tier_1_primary_change_point,primary,hbar,split_b_recursion_depth,transformer_2l,0.5,supercritical,1183,86.81315773212434,98.45338688000419,0.03493258803513502,1.2275207004857561e-05,10.92986547655592,PASS
180,29,tier_1_primary_change_point,primary,hbar,split_b_recursion_depth,transformer_2l,0.5,supercritical,1225,93.28658539023942,98.35814747101051,0.03649938448215227,2.168610425704921e-05,10.868242608281799,PASS
181,0,tier_1_primary_change_point,primary,scan_jump,add_primitive_jump,transformer_2l,0.0,subcritical,7,98.0581565834505,8.642844539811872,0.001,3.475441365115367e-05,10.859717837703554,PASS
182,1,tier_1_primary_change_point,primary,scan_jump,add_primitive_jump,transformer_2l,0.0,subcritical,49,97.80899824734593,12.475990089404238,0.001,3.5770747431996095e-05,10.884046188518152,PASS
183,2,tier_1_primary_change_point,primary,scan_jump,add_primitive_jump,transformer_2l,0.0,subcritical,91,97.38780643135439,14.029268055368071,0.001,3.025058225893591e-05,10.969334942900797,PASS
184,3,tier_1_primary_change_point,primary,scan_jump,add_primitive_jump,transformer_2l,0.0,subcritical,133,98.92652819198445,13.90287364773,0.001,3.459199722497237e-05,11.000996807560293,PASS
185,4,tier_1_primary_change_point,primary,scan_jump,add_primitive_jump,transformer_2l,0.0,subcritical,175,99.48742163648039,14.364912153755439,0.001,1.6464939307821082e-05,10.863433630077907,PASS
186,5,tier_1_primary_change_point,primary,scan_jump,add_primitive_jump,transformer_2l,0.0,subcritical,217,98.12653122812684,10.564740540994702,0.001,4.4043420485148055e-05,10.83168166625525,PASS
187,6,tier_1_primary_change_point,primary,scan_jump,add_primitive_jump,transformer_2l,0.0,subcritical,259,97.62367384345292,14.924829584280168,0.001,5.96040636488269e-05,10.939264850110657,PASS
188,7,tier_1_primary_change_point,primary,scan_jump,add_primitive_jump,transformer_2l,0.0,subcritical,301,98.26412061004265,7.252847441738081,0.001,2.0638702913361165e-05,10.956953301459638,PASS
189,8,tier_1_primary_change_point,primary,scan_jump,add_primitive_jump,transformer_2l,0.0,subcritical,343,96.91729402873334,7.072199619057207,0.001,3.1569655780749536e-05,10.936420524437747,PASS
190,9,tier_1_primary_change_point,primary,scan_jump,add_primitive_jump,transformer_2l,0.0,subcritical,385,99.38955225540077,11.359682626343993,0.001,3.535556667146471e-05,10.827065645206382,PASS
191,10,tier_1_primary_change_point,primary,scan_jump,add_primitive_jump,transformer_2l,0.0,subcritical,427,97.77297481575229,9.824858041125836,0.001,3.8435656472279816e-05,10.784213328581949,PASS
192,11,tier_1_primary_change_point,primary,scan_jump,add_primitive_jump,transformer_2l,0.0,subcritical,469,99.66908634894325,8.298190622172498,0.001,6.052994690905654e-05,10.98748009451385,PASS
193,12,tier_1_primary_change_point,primary,scan_jump,add_primitive_jump,transformer_2l,0.0,subcritical,511,97.84999848363019,12.51321920426763,0.001,1.5791641174665846e-05,10.893324324211811,PASS
194,13,tier_1_primary_change_point,primary,scan_jump,add_primitive_jump,transformer_2l,0.0,subcritical,553,99.25310896681535,10.086840836336815,0.001,2.3845173272896688e-05,10.881477289418319,PASS
195,14,tier_1_primary_change_point,primary,scan_jump,add_primitive_jump,transformer_2l,0.0,subcritical,595,97.89188031302844,11.848434784072154,0.001,3.7872169223969126e-05,10.95009462278087,PASS
196,15,tier_1_primary_change_point,primary,scan_jump,add_primitive_jump,transformer_2l,0.0,subcritical,637,99.80254024787361,10.872003263826418,0.001,2.485403411887428e-05,10.761088922150252,PASS
197,16,tier_1_primary_change_point,primary,scan_jump,add_primitive_jump,transformer_2l,0.0,subcritical,679,97.15741615710039,9.11532575194458,0.001,3.1087889454207826e-05,10.995398033299288,PASS
198,17,tier_1_primary_change_point,primary,scan_jump,add_primitive_jump,transformer_2l,0.0,subcritical,721,97.440711237534,15.376544878844784,0.001,3.608433526387265e-05,10.890683502783764,PASS
199,18,tier_1_primary_change_point,primary,scan_jump,add_primitive_jump,transformer_2l,0.0,subcritical,763,99.1219693172466,6.581035766495048,0.001,2.768570230322064e-05,10.800144060464595,PASS
200,19,tier_1_primary_change_point,primary,scan_jump,add_primitive_jump,transformer_2l,0.0,subcritical,805,97.47504322382864,16.124168564738437,0.001,3.474621702248165e-05,10.855322107448046,PASS
201,20,tier_1_primary_change_point,primary,scan_jump,add_primitive_jump,transformer_2l,0.0,subcritical,847,98.14771499679085,10.540801535483356,0.001,3.0752919161431165e-05,10.851632595561947,PASS
202,21,tier_1_primary_change_point,primary,scan_jump,add_primitive_jump,transformer_2l,0.0,subcritical,889,97.59119490970889,12.488638143087142,0.001,3.146489861516242e-05,10.767650998006197,PASS
203,22,tier_1_primary_change_point,primary,scan_jump,add_primitive_jump,transformer_2l,0.0,subcritical,931,97.83022595284915,16.89674676428097,0.001,6.388585312850399e-05,10.746429544250283,PASS
204,23,tier_1_primary_change_point,primary,scan_jump,add_primitive_jump,transformer_2l,0.0,subcritical,973,97.01263511378154,14.614001853279937,0.001,2.1122038674070882e-05,10.965761987696144,PASS
205,24,tier_1_primary_change_point,primary,scan_jump,add_primitive_jump,transformer_2l,0.0,subcritical,1015,100.0,7.9262590836022175,0.001,1.8457914239010204e-05,10.786987900358705,PASS
206,25,tier_1_primary_change_point,primary,scan_jump,add_primitive_jump,transformer_2l,0.0,subcritical,1057,98.61350596506453,15.025241477445398,0.001,3.6427680009730995e-05,10.89813122274795,PASS
207,26,tier_1_primary_change_point,primary,scan_jump,add_primitive_jump,transformer_2l,0.0,subcritical,1099,98.82876375371572,17.847818990110596,0.001,2.5239448536833374e-05,10.849347193864688,PASS
208,27,tier_1_primary_change_point,primary,scan_jump,add_primitive_jump,transformer_2l,0.0,subcritical,1141,98.53492606536463,10.82264020609285,0.001,3.606077958572935e-05,10.86620654562038,PASS
209,28,tier_1_primary_change_point,primary,scan_jump,add_primitive_jump,transformer_2l,0.0,subcritical,1183,98.18610383056836,10.406764333556573,0.001,4.0297745949089435e-05,10.78253829865045,PASS
210,29,tier_1_primary_change_point,primary,scan_jump,add_primitive_jump,transformer_2l,0.0,subcritical,1225,98.84782804894499,12.291503011223043,0.001,2.8078486273707107e-05,10.753546344383388,PASS
211,0,tier_1_primary_change_point,primary,scan_jump,add_primitive_jump,transformer_2l,0.015,subcritical,7,99.58068497626311,37.15792606494449,0.07019887227873736,3.053839604130823e-05,10.7870904807155,PASS
212,1,tier_1_primary_change_point,primary,scan_jump,add_primitive_jump,transformer_2l,0.015,subcritical,49,99.33212918312509,39.58446729784896,0.05697549077326262,3.921889155625436e-05,10.81752513232147,PASS
213,2,tier_1_primary_change_point,primary,scan_jump,add_primitive_jump,transformer_2l,0.015,subcritical,91,98.70810552905341,31.424413793840102,0.06726223830885268,2.4620014272493816e-05,10.79634930325018,PASS
214,3,tier_1_primary_change_point,primary,scan_jump,add_primitive_jump,transformer_2l,0.015,subcritical,133,99.2779020543343,31.768433312496413,0.06184967971876324,2.8763558482904334e-05,10.850954959033183,PASS
215,4,tier_1_primary_change_point,primary,scan_jump,add_primitive_jump,transformer_2l,0.015,subcritical,175,99.3481656141922,47.10611939110836,0.0651710798368056,4.667137707533035e-05,10.923209078997584,PASS
216,5,tier_1_primary_change_point,primary,scan_jump,add_primitive_jump,transformer_2l,0.015,subcritical,217,99.18820593716421,38.796791671014034,0.051459847577070665,4.193635514972059e-05,10.915649181365216,PASS
217,6,tier_1_primary_change_point,primary,scan_jump,add_primitive_jump,transformer_2l,0.015,subcritical,259,98.48045855186155,39.509289719492855,0.050729304022774084,4.534135600258229e-05,10.973199394691129,PASS
218,7,tier_1_primary_change_point,primary,scan_jump,add_primitive_jump,transformer_2l,0.015,subcritical,301,98.78415825455752,30.40835362745001,0.06675698473491827,4.5786629095214315e-05,11.02604341908711,PASS
219,8,tier_1_primary_change_point,primary,scan_jump,add_primitive_jump,transformer_2l,0.015,subcritical,343,98.02325635952371,46.242333405886704,0.06416495171044603,5.4684206253911445e-05,10.930650357647007,PASS
220,9,tier_1_primary_change_point,primary,scan_jump,add_primitive_jump,transformer_2l,0.015,subcritical,385,98.55423734923306,33.711443462103766,0.06489745245123553,3.926369628200452e-05,10.728854296468542,PASS
221,10,tier_1_primary_change_point,primary,scan_jump,add_primitive_jump,transformer_2l,0.015,subcritical,427,98.4960379682953,41.85495850555966,0.06293459203621951,3.312176143988934e-05,10.821043244145413,PASS
222,11,tier_1_primary_change_point,primary,scan_jump,add_primitive_jump,transformer_2l,0.015,subcritical,469,98.07683825892519,46.60299743671122,0.05435373476344968,1.8321824261492905e-05,10.898212064851304,PASS
223,12,tier_1_primary_change_point,primary,scan_jump,add_primitive_jump,transformer_2l,0.015,subcritical,511,99.26259975589684,32.78772450034091,0.05411782467309138,1.7249245171839906e-05,10.80312046114749,PASS
224,13,tier_1_primary_change_point,primary,scan_jump,add_primitive_jump,transformer_2l,0.015,subcritical,553,99.63473361198541,43.72292663446066,0.06715743014549357,4.5177049896759106e-05,10.825422880913964,PASS
225,14,tier_1_primary_change_point,primary,scan_jump,add_primitive_jump,transformer_2l,0.015,subcritical,595,99.6380450750928,31.923928403153244,0.059560588259521985,4.414278763335585e-05,10.808659703253937,PASS
226,15,tier_1_primary_change_point,primary,scan_jump,add_primitive_jump,transformer_2l,0.015,subcritical,637,97.18541846075973,33.508369003471984,0.07249819272647749,3.377566510907098e-05,10.72430246342253,PASS
227,16,tier_1_primary_change_point,primary,scan_jump,add_primitive_jump,transformer_2l,0.015,subcritical,679,97.21445833015152,35.460263870402486,0.0578295359513835,2.197199346969739e-05,10.772506825558205,PASS
228,17,tier_1_primary_change_point,primary,scan_jump,add_primitive_jump,transformer_2l,0.015,subcritical,721,99.02653757576266,37.380136310083294,0.053497262458231595,4.0079904908986014e-05,10.75786623841364,PASS
229,18,tier_1_primary_change_point,primary,scan_jump,add_primitive_jump,transformer_2l,0.015,subcritical,763,98.59749615394068,41.238972005251284,0.06007206463847061,4.770705664676045e-05,10.91835295541341,PASS
230,19,tier_1_primary_change_point,primary,scan_jump,add_primitive_jump,transformer_2l,0.015,subcritical,805,99.11152927527174,37.95403740638505,0.06276501132064392,4.5313821187242505e-05,10.76631598145107,PASS
231,20,tier_1_primary_change_point,primary,scan_jump,add_primitive_jump,transformer_2l,0.015,subcritical,847,99.3078309302415,45.28537654502634,0.06317715279543834,4.458357618104442e-05,10.895913359620693,PASS
232,21,tier_1_primary_change_point,primary,scan_jump,add_primitive_jump,transformer_2l,0.015,subcritical,889,98.49991356193901,24.026527929007777,0.05497211109435796,3.2443109371915104e-05,10.798669516554401,PASS
233,22,tier_1_primary_change_point,primary,scan_jump,add_primitive_jump,transformer_2l,0.015,subcritical,931,98.76316892042125,37.928288800646065,0.07131042351662721,3.211330357531801e-05,11.03392074780575,PASS
234,23,tier_1_primary_change_point,primary,scan_jump,add_primitive_jump,transformer_2l,0.015,subcritical,973,98.37791464741572,44.108521089779124,0.07042141830991912,5.131556366328982e-05,10.844092302500101,PASS
235,24,tier_1_primary_change_point,primary,scan_jump,add_primitive_jump,transformer_2l,0.015,subcritical,1015,99.03237710042967,32.653358726270646,0.06558332680674069,4.3992058597550445e-05,10.650606496311102,PASS
236,25,tier_1_primary_change_point,primary,scan_jump,add_primitive_jump,transformer_2l,0.015,subcritical,1057,98.93471164923629,31.755845013079718,0.063669011742136,3.5150994485394825e-05,10.824071301161466,PASS
237,26,tier_1_primary_change_point,primary,scan_jump,add_primitive_jump,transformer_2l,0.015,subcritical,1099,100.0,48.4556402992829,0.055565335816614714,3.3749256830981766e-05,10.921471613819836,PASS
238,27,tier_1_primary_change_point,primary,scan_jump,add_primitive_jump,transformer_2l,0.015,subcritical,1141,98.66819814733883,39.71614558115837,0.055975264825976756,1.8483877116148774e-05,10.9214526785928,PASS
239,28,tier_1_primary_change_point,primary,scan_jump,add_primitive_jump,transformer_2l,0.015,subcritical,1183,99.48453959008708,36.89375268381633,0.06691587314187866,3.8906818458113996e-05,10.926530519721158,PASS
240,29,tier_1_primary_change_point,primary,scan_jump,add_primitive_jump,transformer_2l,0.015,subcritical,1225,98.69464910133532,30.492552637977532,0.053287180339495324,3.8871077912212585e-05,10.754020494242226,PASS
241,0,tier_1_primary_change_point,primary,scan_jump,add_primitive_jump,transformer_2l,0.02,boundary,7,99.98945888693177,58.72338010516638,0.04940576604484852,4.51706782610545e-05,10.74693755754123,PASS
242,1,tier_1_primary_change_point,primary,scan_jump,add_primitive_jump,transformer_2l,0.02,boundary,49,98.1057699614208,53.569836770687786,0.055280062207770875,2.2417494275996735e-05,10.937874791067827,PASS
243,2,tier_1_primary_change_point,primary,scan_jump,add_primitive_jump,transformer_2l,0.02,boundary,91,99.25163408849453,53.62859387340891,0.05301512215491531,3.0381934923274967e-05,10.856398842009146,PASS
244,3,tier_1_primary_change_point,primary,scan_jump,add_primitive_jump,transformer_2l,0.02,boundary,133,98.3542700275412,57.45410910727086,0.05678542654763764,2.9318472927304753e-05,10.916791688660446,PASS
245,4,tier_1_primary_change_point,primary,scan_jump,add_primitive_jump,transformer_2l,0.02,boundary,175,97.7243471314636,47.0681040154894,0.05677114665484014,3.149943771684187e-05,10.928033273785887,PASS
246,5,tier_1_primary_change_point,primary,scan_jump,add_primitive_jump,transformer_2l,0.02,boundary,217,98.8348121109546,48.83486847358771,0.057588792570160884,2.7522184778196543e-05,10.907742461987032,PASS
247,6,tier_1_primary_change_point,primary,scan_jump,add_primitive_jump,transformer_2l,0.02,boundary,259,99.68462908424709,46.97938041675165,0.05164316141551026,2.8630575522827192e-05,10.910233949642857,PASS
248,7,tier_1_primary_change_point,primary,scan_jump,add_primitive_jump,transformer_2l,0.02,boundary,301,99.46550983885832,41.06814132217343,0.04802309380667072,4.056302722396898e-05,10.9529145573811,PASS
249,8,tier_1_primary_change_point,primary,scan_jump,add_primitive_jump,transformer_2l,0.02,boundary,343,97.45920119611266,63.390364137240766,0.051506387508628335,2.730611627025175e-05,10.804107340200268,PASS
250,9,tier_1_primary_change_point,primary,scan_jump,add_primitive_jump,transformer_2l,0.02,boundary,385,98.01598059557814,55.5679466238166,0.06117581653953405,3.54779533079504e-05,10.80608901693714,PASS
251,10,tier_1_primary_change_point,primary,scan_jump,add_primitive_jump,transformer_2l,0.02,boundary,427,98.77547664651338,56.4259708155108,0.048421709837977785,3.310336150602486e-05,10.801734148168057,PASS
252,11,tier_1_primary_change_point,primary,scan_jump,add_primitive_jump,transformer_2l,0.02,boundary,469,98.72052672542746,49.785010212078646,0.052282070532522824,2.9240905170933912e-05,10.747516331739607,PASS
253,12,tier_1_primary_change_point,primary,scan_jump,add_primitive_jump,transformer_2l,0.02,boundary,511,99.04579936567391,49.147224540598714,0.0636049354439329,2.8565536029794914e-05,10.83641371330687,PASS
254,13,tier_1_primary_change_point,primary,scan_jump,add_primitive_jump,transformer_2l,0.02,boundary,553,98.3147570485491,57.566555618724294,0.05549622498765903,2.8577130718072937e-05,10.890586214282903,PASS
255,14,tier_1_primary_change_point,primary,scan_jump,add_primitive_jump,transformer_2l,0.02,boundary,595,97.60553789719053,62.21030952660965,0.06671442688458154,2.256728192457284e-05,10.951561997236025,PASS
256,15,tier_1_primary_change_point,primary,scan_jump,add_primitive_jump,transformer_2l,0.02,boundary,637,99.08700599852736,54.53015212368061,0.055460841480294454,2.8289005416857954e-05,10.87156876996617,PASS
257,16,tier_1_primary_change_point,primary,scan_jump,add_primitive_jump,transformer_2l,0.02,boundary,679,99.02703012399259,53.37629965465038,0.037673719892864575,2.1022717304639883e-05,10.763770867098843,PASS
258,17,tier_1_primary_change_point,primary,scan_jump,add_primitive_jump,transformer_2l,0.02,boundary,721,98.78658865254485,58.23941282462779,0.05332262822187149,3.701660717330348e-05,10.853822354166859,PASS
259,18,tier_1_primary_change_point,primary,scan_jump,add_primitive_jump,transformer_2l,0.02,boundary,763,98.19348632966829,48.20419711898828,0.05929177694096423,1.5546576838673798e-05,10.963331985271763,PASS
260,19,tier_1_primary_change_point,primary,scan_jump,add_primitive_jump,transformer_2l,0.02,boundary,805,98.52072324032925,58.27354923840353,0.04671546526578974,2.182743116216315e-05,10.844101818870476,PASS
261,20,tier_1_primary_change_point,primary,scan_jump,add_primitive_jump,transformer_2l,0.02,boundary,847,97.50174723454052,53.804422497483294,0.05737162343264533,2.995581700516063e-05,10.864870488673924,PASS
262,21,tier_1_primary_change_point,primary,scan_jump,add_primitive_jump,transformer_2l,0.02,boundary,889,98.49214924100771,45.48966159486194,0.05098650664611453,3.2470051527772344e-05,10.869304311120791,PASS
263,22,tier_1_primary_change_point,primary,scan_jump,add_primitive_jump,transformer_2l,0.02,boundary,931,98.1750802487356,62.98287838684131,0.06026177484298565,2.8776104259726487e-05,10.809808060622114,PASS
264,23,tier_1_primary_change_point,primary,scan_jump,add_primitive_jump,transformer_2l,0.02,boundary,973,98.93406480400768,51.72539170741358,0.05306844456990736,3.187890893722566e-05,10.914976604417218,PASS
265,24,tier_1_primary_change_point,primary,scan_jump,add_primitive_jump,transformer_2l,0.02,boundary,1015,99.37201426468546,47.515920866148626,0.04874663846807969,2.586585702280103e-05,10.761921276530877,PASS
266,25,tier_1_primary_change_point,primary,scan_jump,add_primitive_jump,transformer_2l,0.02,boundary,1057,98.44947131266619,50.66939476948539,0.0597505903359838,1.2123605969713958e-05,10.880643400543198,PASS
267,26,tier_1_primary_change_point,primary,scan_jump,add_primitive_jump,transformer_2l,0.02,boundary,1099,100.0,69.00108635012799,0.049526318068791056,1.7093931489126813e-05,10.746680220115252,PASS
268,27,tier_1_primary_change_point,primary,scan_jump,add_primitive_jump,transformer_2l,0.02,boundary,1141,99.07113273445631,54.54183170454127,0.05979093957456014,3.232513937663837e-05,10.885031914649058,PASS
269,28,tier_1_primary_change_point,primary,scan_jump,add_primitive_jump,transformer_2l,0.02,boundary,1183,98.79234920653495,53.71730243706018,0.04890281028255921,2.7993499259657407e-05,10.874400369919575,PASS
270,29,tier_1_primary_change_point,primary,scan_jump,add_primitive_jump,transformer_2l,0.02,boundary,1225,99.0102820425193,46.81592930489957,0.05352628591750819,2.4971277812351396e-05,10.764900876345248,PASS
271,0,tier_1_primary_change_point,primary,scan_jump,add_primitive_jump,transformer_2l,0.025,boundary,7,98.2324751786596,87.67125956940177,0.04702276269547386,4.589009936397649e-05,10.92671743825542,PASS
272,1,tier_1_primary_change_point,primary,scan_jump,add_primitive_jump,transformer_2l,0.025,boundary,49,97.35585267560779,91.91017063024168,0.03875610710087012,3.973816665573917e-05,10.967318770851467,PASS
273,2,tier_1_primary_change_point,primary,scan_jump,add_primitive_jump,transformer_2l,0.025,boundary,91,98.13091372498229,84.80045082087781,0.047467474432244576,5.242315365422555e-05,10.77112867932587,PASS
274,3,tier_1_primary_change_point,primary,scan_jump,add_primitive_jump,transformer_2l,0.025,boundary,133,99.40995397820271,85.95554210354587,0.04639547215902305,2.449169789950459e-05,10.878105272350945,PASS
275,4,tier_1_primary_change_point,primary,scan_jump,add_primitive_jump,transformer_2l,0.025,boundary,175,97.71046946379487,91.33616858719336,0.0507322859488334,3.485264942793017e-05,10.917937147234142,PASS
276,5,tier_1_primary_change_point,primary,scan_jump,add_primitive_jump,transformer_2l,0.025,boundary,217,98.71851543195193,89.4123151002333,0.04292169670438721,3.348870019779586e-05,10.884540893587335,PASS
277,6,tier_1_primary_change_point,primary,scan_jump,add_primitive_jump,transformer_2l,0.025,boundary,259,99.35385629466343,92.66393116503001,0.05612654263080481,3.097755239011653e-05,10.883095373058245,PASS
278,7,tier_1_primary_change_point,primary,scan_jump,add_primitive_jump,transformer_2l,0.025,boundary,301,99.66948251375823,82.35494927521046,0.04011425610201214,2.8933703799810605e-05,10.981414543784043,PASS
279,8,tier_1_primary_change_point,primary,scan_jump,add_primitive_jump,transformer_2l,0.025,boundary,343,98.27292378118972,84.89007068458339,0.03783703085897073,2.306018283673064e-05,10.779436978889926,PASS
280,9,tier_1_primary_change_point,primary,scan_jump,add_primitive_jump,transformer_2l,0.025,boundary,385,99.97967134570361,95.32636328232398,0.05962079192735907,3.502096407662742e-05,10.752554627512993,PASS
281,10,tier_1_primary_change_point,primary,scan_jump,add_primitive_jump,transformer_2l,0.025,boundary,427,99.1047921902564,86.4725261702235,0.03782551676937198,3.173084591251566e-05,10.767620591107143,PASS
282,11,tier_1_primary_change_point,primary,scan_jump,add_primitive_jump,transformer_2l,0.025,boundary,469,98.37686613665497,93.00899361872573,0.05591715072570941,5.635667891150579e-05,10.892929185468569,PASS
283,12,tier_1_primary_change_point,primary,scan_jump,add_primitive_jump,transformer_2l,0.025,boundary,511,99.28252341850661,87.03657545107096,0.04479612712570203,3.400790581479893e-05,11.074016648939102,PASS
284,13,tier_1_primary_change_point,primary,scan_jump,add_primitive_jump,transformer_2l,0.025,boundary,553,98.62339056401284,86.42732019637842,0.04356889529227741,1.279329798156945e-05,10.802470123926417,PASS
285,14,tier_1_primary_change_point,primary,scan_jump,add_primitive_jump,transformer_2l,0.025,boundary,595,98.00049377379308,89.75741107927692,0.03987981805537183,3.37295028601925e-05,10.881928553306734,PASS
286,15,tier_1_primary_change_point,primary,scan_jump,add_primitive_jump,transformer_2l,0.025,boundary,637,98.8369406441101,88.46897601019026,0.05252128353409482,3.0839715569867426e-05,10.861341850775032,PASS
287,16,tier_1_primary_change_point,primary,scan_jump,add_primitive_jump,transformer_2l,0.025,boundary,679,98.17741208818312,86.60764380738387,0.0505414560882964,2.6082544222141082e-05,10.764479225452193,PASS
288,17,tier_1_primary_change_point,primary,scan_jump,add_primitive_jump,transformer_2l,0.025,boundary,721,98.74473565558667,82.96396007757856,0.052720861919222234,3.120903702698058e-05,10.715703539446308,PASS
289,18,tier_1_primary_change_point,primary,scan_jump,add_primitive_jump,transformer_2l,0.025,boundary,763,99.44375475400251,88.63260460916986,0.04546376953092643,2.5342293165391464e-05,10.833640179299273,PASS
290,19,tier_1_primary_change_point,primary,scan_jump,add_primitive_jump,transformer_2l,0.025,boundary,805,99.17936910463477,88.56059162710535,0.050226729222347576,2.771507809555389e-05,10.810642591917663,PASS
291,20,tier_1_primary_change_point,primary,scan_jump,add_primitive_jump,transformer_2l,0.025,boundary,847,98.71343438727192,84.35549022878894,0.04535980623254329,3.800196035231376e-05,10.898685677756063,PASS
292,21,tier_1_primary_change_point,primary,scan_jump,add_primitive_jump,transformer_2l,0.025,boundary,889,98.88321704981124,90.16266556618187,0.04410785287479411,1.2195220437973608e-05,10.903212189833456,PASS
293,22,tier_1_primary_change_point,primary,scan_jump,add_primitive_jump,transformer_2l,0.025,boundary,931,98.29268948112905,92.05327642200203,0.04774044298452254,3.386568784247667e-05,10.860834740405421,PASS
294,23,tier_1_primary_change_point,primary,scan_jump,add_primitive_jump,transformer_2l,0.025,boundary,973,97.98631396821209,89.76249792466751,0.04909603105844878,2.213483760626722e-05,10.838660024365483,PASS
295,24,tier_1_primary_change_point,primary,scan_jump,add_primitive_jump,transformer_2l,0.025,boundary,1015,99.18214358044723,91.4350277761754,0.04278818413754118,3.606766122789747e-05,10.822547516284969,PASS
296,25,tier_1_primary_change_point,primary,scan_jump,add_primitive_jump,transformer_2l,0.025,boundary,1057,98.67884251685203,85.06550595830441,0.053976897679286547,3.800565876360762e-05,10.791908792258079,PASS
297,26,tier_1_primary_change_point,primary,scan_jump,add_primitive_jump,transformer_2l,0.025,boundary,1099,98.08286563905148,84.63073308197383,0.04416123790026862,2.210826396462303e-05,10.853190440981178,PASS
298,27,tier_1_primary_change_point,primary,scan_jump,add_primitive_jump,transformer_2l,0.025,boundary,1141,98.7363899788334,89.43987045721961,0.05368600449885862,2.6817384658744172e-05,10.838076481755275,PASS
299,28,tier_1_primary_change_point,primary,scan_jump,add_primitive_jump,transformer_2l,0.025,boundary,1183,98.6972547177286,90.05008275993238,0.04762254235820886,4.058347204501018e-05,10.734460224680305,PASS
300,29,tier_1_primary_change_point,primary,scan_jump,add_primitive_jump,transformer_2l,0.025,boundary,1225,98.60331068936068,88.51302979888723,0.035781624054664896,3.0527447584396745e-05,10.804279152208904,PASS
301,0,tier_1_primary_change_point,primary,scan_jump,add_primitive_jump,transformer_2l,0.03,boundary,7,98.46590177306979,95.7142578338061,0.04875311643968614,3.364290261210101e-05,10.751201966269733,PASS
302,1,tier_1_primary_change_point,primary,scan_jump,add_primitive_jump,transformer_2l,0.03,boundary,49,98.12512963138236,95.94901917856564,0.04194617053389368,3.485076080987555e-05,10.898710850782662,PASS
303,2,tier_1_primary_change_point,primary,scan_jump,add_primitive_jump,transformer_2l,0.03,boundary,91,98.42041279114538,92.63281398831117,0.04395327380785152,2.035241995276789e-05,10.849082528066543,PASS
304,3,tier_1_primary_change_point,primary,scan_jump,add_primitive_jump,transformer_2l,0.03,boundary,133,99.25772601581501,95.27350509338888,0.042283956577925344,3.537582799228796e-05,10.841497525850874,PASS
305,4,tier_1_primary_change_point,primary,scan_jump,add_primitive_jump,transformer_2l,0.03,boundary,175,99.51055500719932,94.56454452954232,0.04630192273842747,2.9861597753708142e-05,10.81312839343934,PASS
306,5,tier_1_primary_change_point,primary,scan_jump,add_primitive_jump,transformer_2l,0.03,boundary,217,98.73957441778819,93.71693539506892,0.05314393683662534,3.9512074389381594e-05,10.81472047914832,PASS
307,6,tier_1_primary_change_point,primary,scan_jump,add_primitive_jump,transformer_2l,0.03,boundary,259,99.37302688712897,93.64761277010018,0.04685765055626976,2.7133949739857643e-05,10.946754671516665,PASS
308,7,tier_1_primary_change_point,primary,scan_jump,add_primitive_jump,transformer_2l,0.03,boundary,301,98.27841097132575,96.29267872941166,0.04926228205749811,2.6183830633617816e-05,10.797983696556066,PASS
309,8,tier_1_primary_change_point,primary,scan_jump,add_primitive_jump,transformer_2l,0.03,boundary,343,98.2889374272146,94.96438966327437,0.04914051574605405,3.799457160970107e-05,10.928435237697286,PASS
310,9,tier_1_primary_change_point,primary,scan_jump,add_primitive_jump,transformer_2l,0.03,boundary,385,98.42133687074238,94.22397300586098,0.04293468294526943,1.1057019374766239e-05,10.744331298051272,PASS
311,10,tier_1_primary_change_point,primary,scan_jump,add_primitive_jump,transformer_2l,0.03,boundary,427,98.66639693711747,93.87105977129193,0.038176756526327994,2.9833018632035595e-05,10.953811561759077,PASS
312,11,tier_1_primary_change_point,primary,scan_jump,add_primitive_jump,transformer_2l,0.03,boundary,469,99.71850562064921,92.75394471591859,0.03777718556267354,3.8956487632043886e-05,10.80572779901085,PASS
313,12,tier_1_primary_change_point,primary,scan_jump,add_primitive_jump,transformer_2l,0.03,boundary,511,99.13783729034044,94.77746245112512,0.04736066550228266,1.878214574619743e-05,10.974355521623771,PASS
314,13,tier_1_primary_change_point,primary,scan_jump,add_primitive_jump,transformer_2l,0.03,boundary,553,98.9926612500071,95.63958674887104,0.043538276740838475,3.0806568998062015e-05,10.842907010350357,PASS
315,14,tier_1_primary_change_point,primary,scan_jump,add_primitive_jump,transformer_2l,0.03,boundary,595,99.48832659202785,93.01332241049315,0.05267985776908758,3.143440144517632e-05,10.867700053783123,PASS
316,15,tier_1_primary_change_point,primary,scan_jump,add_primitive_jump,transformer_2l,0.03,boundary,637,99.24649654829271,95.81756827050903,0.047627997273785444,2.4195075121541337e-05,10.811161775681304,PASS
317,16,tier_1_primary_change_point,primary,scan_jump,add_primitive_jump,transformer_2l,0.03,boundary,679,100.0,95.25213121190536,0.04241803198651695,2.376342688383355e-05,10.91452157798736,PASS
318,17,tier_1_primary_change_point,primary,scan_jump,add_primitive_jump,transformer_2l,0.03,boundary,721,100.0,93.80763347627496,0.043688246871677064,3.8564896308544094e-05,10.79540977788209,PASS
319,18,tier_1_primary_change_point,primary,scan_jump,add_primitive_jump,transformer_2l,0.03,boundary,763,98.96633745659422,96.67580502611125,0.04895103068208446,2.6539260297933813e-05,10.94428999966197,PASS
320,19,tier_1_primary_change_point,primary,scan_jump,add_primitive_jump,transformer_2l,0.03,boundary,805,99.37062456807195,91.91499533005839,0.04279159088183501,4.807342388877217e-05,10.902736787036163,PASS
321,20,tier_1_primary_change_point,primary,scan_jump,add_primitive_jump,transformer_2l,0.03,boundary,847,98.51733167965206,92.4349967044916,0.04334212418443874,1.9027251733655344e-05,10.643737862273085,PASS
322,21,tier_1_primary_change_point,primary,scan_jump,add_primitive_jump,transformer_2l,0.03,boundary,889,99.68974383817407,95.12684649685467,0.045748737331669766,2.7664975954060685e-05,10.853407156751398,PASS
323,22,tier_1_primary_change_point,primary,scan_jump,add_primitive_jump,transformer_2l,0.03,boundary,931,98.99768334680937,93.97693399110729,0.04972909824311584,2.0837360491883673e-05,10.739949625246002,PASS
324,23,tier_1_primary_change_point,primary,scan_jump,add_primitive_jump,transformer_2l,0.03,boundary,973,98.89486671158382,93.11824168265606,0.05129290062243464,3.1277932904499804e-05,10.87536709926675,PASS
325,24,tier_1_primary_change_point,primary,scan_jump,add_primitive_jump,transformer_2l,0.03,boundary,1015,99.99372593953049,91.52339583945023,0.043279139554330395,2.3201614774922288e-05,10.712154479877922,PASS
326,25,tier_1_primary_change_point,primary,scan_jump,add_primitive_jump,transformer_2l,0.03,boundary,1057,98.48237257079452,94.71307961092556,0.05888327399364967,3.8567789869986825e-05,11.002131638065897,PASS
327,26,tier_1_primary_change_point,primary,scan_jump,add_primitive_jump,transformer_2l,0.03,boundary,1099,98.9540988272891,92.54077886548528,0.04436403605249261,2.1698135507184976e-05,10.899670257384049,PASS
328,27,tier_1_primary_change_point,primary,scan_jump,add_primitive_jump,transformer_2l,0.03,boundary,1141,99.53752533161312,95.10966403736748,0.051089183982387834,3.447398460484329e-05,10.746653606958688,PASS
329,28,tier_1_primary_change_point,primary,scan_jump,add_primitive_jump,transformer_2l,0.03,boundary,1183,99.52691408324215,94.08559028157144,0.04552301768351523,8.919416051288026e-06,10.743194343665635,PASS
330,29,tier_1_primary_change_point,primary,scan_jump,add_primitive_jump,transformer_2l,0.03,boundary,1225,99.54410236688,93.65303390308401,0.05028468859197462,3.5858067603497725e-05,10.84283421395468,PASS
331,0,tier_1_primary_change_point,primary,scan_jump,add_primitive_jump,transformer_2l,0.5,supercritical,7,98.62333502666888,98.93551905802897,0.04129491798772727,4.13907717753447e-05,10.828115199358418,PASS
332,1,tier_1_primary_change_point,primary,scan_jump,add_primitive_jump,transformer_2l,0.5,supercritical,49,99.28819995761432,98.16571670783595,0.04232565026522517,1.7617966721406767e-05,10.91396601969968,PASS
333,2,tier_1_primary_change_point,primary,scan_jump,add_primitive_jump,transformer_2l,0.5,supercritical,91,98.5976695204686,99.01602036127476,0.036251928050365693,2.6135480366444575e-05,10.94210758876348,PASS
334,3,tier_1_primary_change_point,primary,scan_jump,add_primitive_jump,transformer_2l,0.5,supercritical,133,99.77822876842404,99.57562644455545,0.03334179808683603,3.335679821482375e-05,10.820613298318271,PASS
335,4,tier_1_primary_change_point,primary,scan_jump,add_primitive_jump,transformer_2l,0.5,supercritical,175,98.93600317424935,99.39501248940228,0.028568299024113612,3.6034702736750045e-05,10.76515245801254,PASS
336,5,tier_1_primary_change_point,primary,scan_jump,add_primitive_jump,transformer_2l,0.5,supercritical,217,99.43233493700718,98.24075854084434,0.033766398940755074,2.5035116131336427e-05,10.812962643339297,PASS
337,6,tier_1_primary_change_point,primary,scan_jump,add_primitive_jump,transformer_2l,0.5,supercritical,259,99.86678183586267,98.88610405622623,0.05224653722875897,2.609139299645247e-05,10.914111059907093,PASS
338,7,tier_1_primary_change_point,primary,scan_jump,add_primitive_jump,transformer_2l,0.5,supercritical,301,99.0992600824231,98.274673045909,0.0445844575726624,3.724523234362586e-06,10.803145319345129,PASS
339,8,tier_1_primary_change_point,primary,scan_jump,add_primitive_jump,transformer_2l,0.5,supercritical,343,99.3007354192855,98.57636812233272,0.030286688077852158,3.9266474757066e-05,10.85837201503881,PASS
340,9,tier_1_primary_change_point,primary,scan_jump,add_primitive_jump,transformer_2l,0.5,supercritical,385,98.70747877036285,99.02035871090416,0.037711194072002505,2.2323927863386655e-05,10.969194070028456,PASS
341,10,tier_1_primary_change_point,primary,scan_jump,add_primitive_jump,transformer_2l,0.5,supercritical,427,99.39882330354752,99.34036163066102,0.03104646015074658,3.635206692891681e-05,10.894114236056462,PASS
342,11,tier_1_primary_change_point,primary,scan_jump,add_primitive_jump,transformer_2l,0.5,supercritical,469,99.80956464193544,99.694575110737,0.035630829354218234,1.2181698980050144e-05,10.906711238732187,PASS
343,12,tier_1_primary_change_point,primary,scan_jump,add_primitive_jump,transformer_2l,0.5,supercritical,511,99.95839481708795,99.36808847815108,0.03648276597613816,1.9740046640100037e-05,10.836343188376079,PASS
344,13,tier_1_primary_change_point,primary,scan_jump,add_primitive_jump,transformer_2l,0.5,supercritical,553,99.01294979611141,99.70207190065219,0.03318073936938667,1.954255897079868e-05,10.919686695227652,PASS
345,14,tier_1_primary_change_point,primary,scan_jump,add_primitive_jump,transformer_2l,0.5,supercritical,595,99.37160502332722,98.83677509048013,0.04177854236662704,2.8578106620622094e-05,10.811094439495555,PASS
346,15,tier_1_primary_change_point,primary,scan_jump,add_primitive_jump,transformer_2l,0.5,supercritical,637,99.28514568340962,99.16535031131957,0.04050172345201847,4.323401604951944e-05,10.981785760522772,PASS
347,16,tier_1_primary_change_point,primary,scan_jump,add_primitive_jump,transformer_2l,0.5,supercritical,679,99.99993436354582,99.33550236324713,0.0393476452453517,2.3549052512433513e-05,10.836278697578855,PASS
348,17,tier_1_primary_change_point,primary,scan_jump,add_primitive_jump,transformer_2l,0.5,supercritical,721,99.02581423249029,98.52266866399253,0.047854521057003774,3.860991068604334e-05,10.890975494522248,PASS
349,18,tier_1_primary_change_point,primary,scan_jump,add_primitive_jump,transformer_2l,0.5,supercritical,763,98.85457801451047,98.87525038809058,0.04413650108018947,3.497314743739206e-05,10.870533026474591,PASS
350,19,tier_1_primary_change_point,primary,scan_jump,add_primitive_jump,transformer_2l,0.5,supercritical,805,99.39265828405064,98.66136906136386,0.04203875883172268,2.5736160152770398e-05,10.883072241733943,PASS
351,20,tier_1_primary_change_point,primary,scan_jump,add_primitive_jump,transformer_2l,0.5,supercritical,847,99.34653940723786,99.07166046083,0.031299305600543476,3.0096145028945465e-05,10.911811933332451,PASS
352,21,tier_1_primary_change_point,primary,scan_jump,add_primitive_jump,transformer_2l,0.5,supercritical,889,99.11976049633644,99.54159430702408,0.034283029914188114,2.1698725648760526e-05,10.810232391209194,PASS
353,22,tier_1_primary_change_point,primary,scan_jump,add_primitive_jump,transformer_2l,0.5,supercritical,931,98.97033907431603,99.28834148881677,0.04269056716543394,4.2114139012393715e-05,10.774560839578283,PASS
354,23,tier_1_primary_change_point,primary,scan_jump,add_primitive_jump,transformer_2l,0.5,supercritical,973,99.06097602797348,98.76824766941468,0.04345282885071504,1.9856357724536788e-05,10.854189811624426,PASS
355,24,tier_1_primary_change_point,primary,scan_jump,add_primitive_jump,transformer_2l,0.5,supercritical,1015,99.70472180998382,99.03325009162232,0.03503646154450726,3.9926282807300605e-05,10.954203939107847,PASS
356,25,tier_1_primary_change_point,primary,scan_jump,add_primitive_jump,transformer_2l,0.5,supercritical,1057,99.29139412535883,98.97009650484895,0.042670733601077225,2.5088826470762803e-05,10.88717962863056,PASS
357,26,tier_1_primary_change_point,primary,scan_jump,add_primitive_jump,transformer_2l,0.5,supercritical,1099,98.87956686781511,99.50964928532845,0.047844102715893524,2.6178950979395328e-05,10.724663768175544,PASS
358,27,tier_1_primary_change_point,primary,scan_jump,add_primitive_jump,transformer_2l,0.5,supercritical,1141,99.2600309872091,99.40479273279854,0.03818162186886306,1.0977405497096899e-05,10.999555029011585,PASS
359,28,tier_1_primary_change_point,primary,scan_jump,add_primitive_jump,transformer_2l,0.5,supercritical,1183,99.40329643270499,99.1653560674129,0.04027536376577001,1.962877787000648e-05,10.966313181082906,PASS
360,29,tier_1_primary_change_point,primary,scan_jump,add_primitive_jump,transformer_2l,0.5,supercritical,1225,98.9094636734826,98.88532763690279,0.03585213406556809,1.819073194146062e-05,10.786547270707981,PASS
361,0,tier_1_primary_change_point,primary,cogs,structural_recursion,transformer_2l,0.0,subcritical,7,92.29345660110286,30.264562045402652,0.001,0.00018566227376443293,10.843641101444772,PASS
362,1,tier_1_primary_change_point,primary,cogs,structural_recursion,transformer_2l,0.0,subcritical,49,90.68155133864008,32.85591061989101,0.001,0.00020116239723521083,10.807399181717999,PASS
363,2,tier_1_primary_change_point,primary,cogs,structural_recursion,transformer_2l,0.0,subcritical,91,89.71790160002807,35.98834149209688,0.001,0.00015848862650615254,10.902389361168947,PASS
364,3,tier_1_primary_change_point,primary,cogs,structural_recursion,transformer_2l,0.0,subcritical,133,89.22242099440463,37.103392275046836,0.001,0.0001731620404902819,10.812642510898106,PASS
365,4,tier_1_primary_change_point,primary,cogs,structural_recursion,transformer_2l,0.0,subcritical,175,88.9825063969413,27.847693181018432,0.001,0.00018431123989701595,10.854502966823905,PASS
366,5,tier_1_primary_change_point,primary,cogs,structural_recursion,transformer_2l,0.0,subcritical,217,95.13379331022516,37.37020217951445,0.001,0.00010748020674248128,10.817365392514871,PASS
367,6,tier_1_primary_change_point,primary,cogs,structural_recursion,transformer_2l,0.0,subcritical,259,91.77623039944109,38.96041117099434,0.001,9.540938133663532e-05,10.79663717451068,PASS
368,7,tier_1_primary_change_point,primary,cogs,structural_recursion,transformer_2l,0.0,subcritical,301,92.00963221765113,35.85147907182992,0.001,0.00018740170106444826,10.89669379343066,PASS
369,8,tier_1_primary_change_point,primary,cogs,structural_recursion,transformer_2l,0.0,subcritical,343,90.20740050987547,32.39653811931556,0.001,3.5834517914379755e-05,10.978801251021215,PASS
370,9,tier_1_primary_change_point,primary,cogs,structural_recursion,transformer_2l,0.0,subcritical,385,90.87064291559484,39.29927407381809,0.001,0.00011287083154161792,10.877117695148295,PASS
371,10,tier_1_primary_change_point,primary,cogs,structural_recursion,transformer_2l,0.0,subcritical,427,85.17924060407825,31.25030424001181,0.001,0.00017142431760813805,10.868051969491423,PASS
372,11,tier_1_primary_change_point,primary,cogs,structural_recursion,transformer_2l,0.0,subcritical,469,92.26282670087718,36.797502268597476,0.001,0.00023799587502101982,10.806870462315391,PASS
373,12,tier_1_primary_change_point,primary,cogs,structural_recursion,transformer_2l,0.0,subcritical,511,90.58396712001931,33.640194792880926,0.001,0.0002418010558883558,10.818163428411237,PASS
374,13,tier_1_primary_change_point,primary,cogs,structural_recursion,transformer_2l,0.0,subcritical,553,92.85468263937719,33.79954687714785,0.001,0.00015053527927457523,10.934903519009698,PASS
375,14,tier_1_primary_change_point,primary,cogs,structural_recursion,transformer_2l,0.0,subcritical,595,88.88752683623919,28.294540819256618,0.001,0.00024471262483575883,10.934273495756807,PASS
376,15,tier_1_primary_change_point,primary,cogs,structural_recursion,transformer_2l,0.0,subcritical,637,88.20541548325586,35.75900304528826,0.001,0.000256051485351749,10.809553176016877,PASS
377,16,tier_1_primary_change_point,primary,cogs,structural_recursion,transformer_2l,0.0,subcritical,679,89.92015120057839,36.586435038715365,0.001,3.835471508463183e-05,10.836849975357959,PASS
378,17,tier_1_primary_change_point,primary,cogs,structural_recursion,transformer_2l,0.0,subcritical,721,93.96676569054526,39.55458463029654,0.001,0.00023518130728460954,10.85233318753026,PASS
379,18,tier_1_primary_change_point,primary,cogs,structural_recursion,transformer_2l,0.0,subcritical,763,89.8212637741831,30.78431041156034,0.001,0.00021217233509667464,10.833345398781454,PASS
380,19,tier_1_primary_change_point,primary,cogs,structural_recursion,transformer_2l,0.0,subcritical,805,92.04401792731183,42.76509716698492,0.001,0.00015622459242167414,10.866226953647416,PASS
381,20,tier_1_primary_change_point,primary,cogs,structural_recursion,transformer_2l,0.0,subcritical,847,88.58350133645126,36.89426224650158,0.001,0.0001858550811744702,10.879751932224385,PASS
382,21,tier_1_primary_change_point,primary,cogs,structural_recursion,transformer_2l,0.0,subcritical,889,91.56876436701089,28.10197249383865,0.001,0.00015674010919119178,10.74148753794133,PASS
383,22,tier_1_primary_change_point,primary,cogs,structural_recursion,transformer_2l,0.0,subcritical,931,89.75049909223128,42.368280824764184,0.001,9.607145356441679e-05,10.84971684044741,PASS
384,23,tier_1_primary_change_point,primary,cogs,structural_recursion,transformer_2l,0.0,subcritical,973,89.44775579211357,25.667179133032928,0.001,0.0001788518492527177,10.907518189508467,PASS
385,24,tier_1_primary_change_point,primary,cogs,structural_recursion,transformer_2l,0.0,subcritical,1015,91.36892524914647,31.052614779806078,0.001,0.00017739075730351884,10.902388364914321,PASS
386,25,tier_1_primary_change_point,primary,cogs,structural_recursion,transformer_2l,0.0,subcritical,1057,88.55911041152429,37.560554271581346,0.001,0.00013635645867653118,10.952407822316891,PASS
387,26,tier_1_primary_change_point,primary,cogs,structural_recursion,transformer_2l,0.0,subcritical,1099,91.13083750286599,29.80581792646533,0.001,0.00010584798218172998,10.933146198036123,PASS
388,27,tier_1_primary_change_point,primary,cogs,structural_recursion,transformer_2l,0.0,subcritical,1141,91.78466776124061,30.675666461954354,0.001,7.492471479694394e-05,10.801135029875589,PASS
389,28,tier_1_primary_change_point,primary,cogs,structural_recursion,transformer_2l,0.0,subcritical,1183,92.49386308519432,40.418979541729385,0.001,0.00018260890643959454,10.796344936300482,PASS
390,29,tier_1_primary_change_point,primary,cogs,structural_recursion,transformer_2l,0.0,subcritical,1225,91.59135988164415,35.47480738823709,0.001,0.00010547666786095457,10.888067207860828,PASS
391,0,tier_1_primary_change_point,primary,cogs,structural_recursion,transformer_2l,0.015,subcritical,7,89.93956617527984,57.57222492738769,0.06288659440488004,0.0001347610640657726,10.875759273136069,PASS
392,1,tier_1_primary_change_point,primary,cogs,structural_recursion,transformer_2l,0.015,subcritical,49,90.47760066919378,63.42262651303566,0.061722153899426896,0.00016077291328269518,10.801617174884708,PASS
393,2,tier_1_primary_change_point,primary,cogs,structural_recursion,transformer_2l,0.015,subcritical,91,90.49133158773195,57.44698208891426,0.0604894415035433,3.743824726215651e-05,10.840779398606562,PASS
394,3,tier_1_primary_change_point,primary,cogs,structural_recursion,transformer_2l,0.015,subcritical,133,89.95130388767409,62.94239906606445,0.059085860041254955,0.0001309690159941723,10.859925881804216,PASS
395,4,tier_1_primary_change_point,primary,cogs,structural_recursion,transformer_2l,0.015,subcritical,175,92.7118752440905,58.89706935125123,0.06843238656461839,7.155637801121303e-05,10.851324255309555,PASS
396,5,tier_1_primary_change_point,primary,cogs,structural_recursion,transformer_2l,0.015,subcritical,217,89.86895208043269,62.70586425552681,0.05938179191180112,6.519723751011945e-05,10.81530355331906,PASS
397,6,tier_1_primary_change_point,primary,cogs,structural_recursion,transformer_2l,0.015,subcritical,259,94.48306101952019,68.27415920525344,0.06372720341585447,0.000125537354486266,10.790304766695886,PASS
398,7,tier_1_primary_change_point,primary,cogs,structural_recursion,transformer_2l,0.015,subcritical,301,91.56036325217161,67.81506900614541,0.06374906997558101,0.00014906148451568612,10.802627047956685,PASS
399,8,tier_1_primary_change_point,primary,cogs,structural_recursion,transformer_2l,0.015,subcritical,343,91.52738073723543,73.84969211300285,0.06466911172088156,0.00013256218770661053,10.730596506432436,PASS
400,9,tier_1_primary_change_point,primary,cogs,structural_recursion,transformer_2l,0.015,subcritical,385,96.40222685960056,58.50174852307893,0.07359090016888872,7.150466667445036e-05,10.881694280707537,PASS
401,10,tier_1_primary_change_point,primary,cogs,structural_recursion,transformer_2l,0.015,subcritical,427,89.52572154933611,63.008705746000466,0.064960242863297,8.13217694437466e-05,10.97879022249181,PASS
402,11,tier_1_primary_change_point,primary,cogs,structural_recursion,transformer_2l,0.015,subcritical,469,93.76859156346988,57.10855252779559,0.06553638452873749,0.00017921274637751843,10.873144114499548,PASS
403,12,tier_1_primary_change_point,primary,cogs,structural_recursion,transformer_2l,0.015,subcritical,511,92.16907586060256,61.62751615523235,0.059706284434127344,9.149735698133739e-05,10.828661079948512,PASS
404,13,tier_1_primary_change_point,primary,cogs,structural_recursion,transformer_2l,0.015,subcritical,553,87.43192089866446,62.663395999337425,0.06737181446130161,0.00010460455123047816,10.872319946485513,PASS
405,14,tier_1_primary_change_point,primary,cogs,structural_recursion,transformer_2l,0.015,subcritical,595,89.4604760574994,63.06448600260954,0.06258007601962676,0.00013831368777978198,10.68497393966087,PASS
406,15,tier_1_primary_change_point,primary,cogs,structural_recursion,transformer_2l,0.015,subcritical,637,93.84590515641602,64.71683520389725,0.06614052065347997,0.00016951138430830448,10.767417338899083,PASS
407,16,tier_1_primary_change_point,primary,cogs,structural_recursion,transformer_2l,0.015,subcritical,679,90.00386941452987,61.51207844773135,0.06511149438227408,0.00011163305602217916,10.76299050382664,PASS
408,17,tier_1_primary_change_point,primary,cogs,structural_recursion,transformer_2l,0.015,subcritical,721,88.80429136357724,65.25403226067394,0.06625304530249036,0.00018869245695050994,11.051402367356319,PASS
409,18,tier_1_primary_change_point,primary,cogs,structural_recursion,transformer_2l,0.015,subcritical,763,88.77548975546314,60.36169011994405,0.0628071544192609,0.0001073989964120794,10.880260844503978,PASS
410,19,tier_1_primary_change_point,primary,cogs,structural_recursion,transformer_2l,0.015,subcritical,805,91.81091344517306,67.0086254864738,0.05862050012726398,0.00011088526033122474,10.890979227095363,PASS
411,20,tier_1_primary_change_point,primary,cogs,structural_recursion,transformer_2l,0.015,subcritical,847,84.92098010488007,68.05404719322848,0.05757517804811071,9.378392606438892e-05,10.967260815311327,PASS
412,21,tier_1_primary_change_point,primary,cogs,structural_recursion,transformer_2l,0.015,subcritical,889,91.1159649638844,68.31899419906348,0.05782667397225352,0.00014662403596734307,10.89601385413616,PASS
413,22,tier_1_primary_change_point,primary,cogs,structural_recursion,transformer_2l,0.015,subcritical,931,94.53326440670415,66.65281529291431,0.0636866894825081,0.00019537492094750177,10.875642107314894,PASS
414,23,tier_1_primary_change_point,primary,cogs,structural_recursion,transformer_2l,0.015,subcritical,973,92.74205426558025,60.038380681263426,0.07311128348042778,0.00010386547257987893,11.032735569276959,PASS
415,24,tier_1_primary_change_point,primary,cogs,structural_recursion,transformer_2l,0.015,subcritical,1015,90.00100683724803,61.62668965440716,0.062345841074679983,0.0001294191902873902,10.790938149109165,PASS
416,25,tier_1_primary_change_point,primary,cogs,structural_recursion,transformer_2l,0.015,subcritical,1057,85.16102561897488,71.23201645375795,0.061621144045427165,0.00013425098013703947,10.916601063655559,PASS
417,26,tier_1_primary_change_point,primary,cogs,structural_recursion,transformer_2l,0.015,subcritical,1099,92.72554526608907,60.75314753247064,0.06518658032959665,0.00015927526336079268,10.833923884900157,PASS
418,27,tier_1_primary_change_point,primary,cogs,structural_recursion,transformer_2l,0.015,subcritical,1141,92.31940301143216,67.04695852020284,0.06486424923808833,0.0001765237579493194,10.880018017343899,PASS
419,28,tier_1_primary_change_point,primary,cogs,structural_recursion,transformer_2l,0.015,subcritical,1183,93.34248035044217,60.57224898783025,0.06146866278115912,0.00015179464283393752,10.830756142959554,PASS
420,29,tier_1_primary_change_point,primary,cogs,structural_recursion,transformer_2l,0.015,subcritical,1225,93.88192911859285,69.27950140819058,0.057344313201017384,0.00015577933284805466,11.033226131821626,PASS
421,0,tier_1_primary_change_point,primary,cogs,structural_recursion,transformer_2l,0.02,boundary,7,88.963141109562,86.59782049115925,0.05858218775356346,0.00012632902692603364,10.768020818285459,PASS
422,1,tier_1_primary_change_point,primary,cogs,structural_recursion,transformer_2l,0.02,boundary,49,90.89991874569047,87.52392465939623,0.0626509184387841,0.00015772999583820254,10.78788644630405,PASS
423,2,tier_1_primary_change_point,primary,cogs,structural_recursion,transformer_2l,0.02,boundary,91,90.9317361567962,74.60334767535971,0.0589900834442059,0.00019123489741962023,10.775530587314357,PASS
424,3,tier_1_primary_change_point,primary,cogs,structural_recursion,transformer_2l,0.02,boundary,133,92.98371204718987,81.27369907915497,0.05850017411972655,0.00012874961669706488,10.878518686563746,PASS
425,4,tier_1_primary_change_point,primary,cogs,structural_recursion,transformer_2l,0.02,boundary,175,89.9898160310731,79.05388846763537,0.06105474605528676,6.581748881413511e-05,10.74745015201925,PASS
426,5,tier_1_primary_change_point,primary,cogs,structural_recursion,transformer_2l,0.02,boundary,217,90.77866701327304,90.829159833796,0.05764585657438235,0.00012803100061494854,10.805980694377983,PASS
427,6,tier_1_primary_change_point,primary,cogs,structural_recursion,transformer_2l,0.02,boundary,259,92.53829499983084,84.92739427314153,0.05530978432831106,0.00013882791652762347,10.845155824255071,PASS
428,7,tier_1_primary_change_point,primary,cogs,structural_recursion,transformer_2l,0.02,boundary,301,90.30656432396965,76.67512980257348,0.05157258030662055,8.711822636723843e-05,10.816847473793596,PASS
429,8,tier_1_primary_change_point,primary,cogs,structural_recursion,transformer_2l,0.02,boundary,343,91.5513650162452,69.06757734904235,0.05221217783778296,0.00012316762580647856,10.85315476683148,PASS
430,9,tier_1_primary_change_point,primary,cogs,structural_recursion,transformer_2l,0.02,boundary,385,90.80303822686167,84.14631070627856,0.05327920157000519,4.2522348946545294e-05,10.946948153988764,PASS
431,10,tier_1_primary_change_point,primary,cogs,structural_recursion,transformer_2l,0.02,boundary,427,88.80911080279229,79.12688243837773,0.06187287194381403,0.0001036792834747798,10.88513606148572,PASS
432,11,tier_1_primary_change_point,primary,cogs,structural_recursion,transformer_2l,0.02,boundary,469,91.38681669389763,81.66530969975433,0.06713011656098436,0.00010030556087255467,10.765623989446825,PASS
433,12,tier_1_primary_change_point,primary,cogs,structural_recursion,transformer_2l,0.02,boundary,511,89.71449658122387,86.17603214882881,0.06153295664187865,0.0001284002866606016,10.804177201766212,PASS
434,13,tier_1_primary_change_point,primary,cogs,structural_recursion,transformer_2l,0.02,boundary,553,90.68410744281566,83.77048131284153,0.058873827642328284,0.0001361153717342994,10.873186187209015,PASS
435,14,tier_1_primary_change_point,primary,cogs,structural_recursion,transformer_2l,0.02,boundary,595,90.09822838997006,80.06471694530197,0.05962581678414508,0.00015622062813838635,10.878058865563228,PASS
436,15,tier_1_primary_change_point,primary,cogs,structural_recursion,transformer_2l,0.02,boundary,637,94.26236004113736,76.52509736207831,0.04794607334835162,0.00011533363239615372,10.73069093506288,PASS
437,16,tier_1_primary_change_point,primary,cogs,structural_recursion,transformer_2l,0.02,boundary,679,89.84548409271864,85.07257752808734,0.06393589292327394,0.00017491056824480507,10.912886889538349,PASS
438,17,tier_1_primary_change_point,primary,cogs,structural_recursion,transformer_2l,0.02,boundary,721,89.3778511035179,87.93486969505193,0.05133295410379585,0.00014140178832050914,10.827149998997685,PASS
439,18,tier_1_primary_change_point,primary,cogs,structural_recursion,transformer_2l,0.02,boundary,763,93.44845979152463,88.97832896156046,0.05299120841308442,0.00016641294843577426,10.812522179189825,PASS
440,19,tier_1_primary_change_point,primary,cogs,structural_recursion,transformer_2l,0.02,boundary,805,89.58626434591254,74.92842772185263,0.04873792513059062,8.76060863763656e-05,10.828135648487162,PASS
441,20,tier_1_primary_change_point,primary,cogs,structural_recursion,transformer_2l,0.02,boundary,847,87.98311810142926,79.50895009281633,0.048789045150048935,0.00017183985507789493,10.755859398091541,PASS
442,21,tier_1_primary_change_point,primary,cogs,structural_recursion,transformer_2l,0.02,boundary,889,90.45538729239505,86.8877057957499,0.04619620553927335,0.00018271321193367432,10.728182157690913,PASS
443,22,tier_1_primary_change_point,primary,cogs,structural_recursion,transformer_2l,0.02,boundary,931,88.17492963564494,88.7402856674654,0.05916821568966643,0.00011039743696300047,10.823941754804315,PASS
444,23,tier_1_primary_change_point,primary,cogs,structural_recursion,transformer_2l,0.02,boundary,973,89.20490799070785,81.25976562740149,0.06056912659640251,0.00011213737141852304,10.798216089110701,PASS
445,24,tier_1_primary_change_point,primary,cogs,structural_recursion,transformer_2l,0.02,boundary,1015,92.25192256166272,82.91077992555898,0.05467426937508118,9.14275297673989e-05,10.881819006208273,PASS
446,25,tier_1_primary_change_point,primary,cogs,structural_recursion,transformer_2l,0.02,boundary,1057,91.53590499482809,79.0465274274129,0.05822794267101281,0.00010544591704983847,10.832212946051854,PASS
447,26,tier_1_primary_change_point,primary,cogs,structural_recursion,transformer_2l,0.02,boundary,1099,90.008063838107,88.34220430115867,0.04577117356742767,0.00014131461739328406,10.813153105954184,PASS
448,27,tier_1_primary_change_point,primary,cogs,structural_recursion,transformer_2l,0.02,boundary,1141,93.80511308835963,87.5590977760338,0.0648788880000352,0.00012371470506251074,10.877152774012366,PASS
449,28,tier_1_primary_change_point,primary,cogs,structural_recursion,transformer_2l,0.02,boundary,1183,89.56549117168555,76.34245603429278,0.058172370918751215,6.593240845516367e-05,10.787542591382543,PASS
450,29,tier_1_primary_change_point,primary,cogs,structural_recursion,transformer_2l,0.02,boundary,1225,93.24814866277657,77.96870415965954,0.06097981213619923,0.00014381834653451634,10.749015209353024,PASS
451,0,tier_1_primary_change_point,primary,cogs,structural_recursion,transformer_2l,0.025,boundary,7,88.84139159250314,86.07040185308026,0.07010878892005779,0.00013194725653469362,10.777197613153957,PASS
452,1,tier_1_primary_change_point,primary,cogs,structural_recursion,transformer_2l,0.025,boundary,49,94.13506700507543,91.10226746321972,0.07222851896598399,0.00015971653050104995,10.717443689218062,PASS
453,2,tier_1_primary_change_point,primary,cogs,structural_recursion,transformer_2l,0.025,boundary,91,89.61997096232267,93.97360121127225,0.07147369849993677,0.0001295889248465363,10.830163312544514,PASS
454,3,tier_1_primary_change_point,primary,cogs,structural_recursion,transformer_2l,0.025,boundary,133,87.82173577321893,90.44319652118175,0.07089387226801404,0.0002622983247803547,10.79322185887208,PASS
455,4,tier_1_primary_change_point,primary,cogs,structural_recursion,transformer_2l,0.025,boundary,175,92.32809411298528,91.53464637383946,0.06951392557460943,0.0001332899691104679,10.940315784371432,PASS
456,5,tier_1_primary_change_point,primary,cogs,structural_recursion,transformer_2l,0.025,boundary,217,89.98959186964436,91.14319961053967,0.07792102790758,0.00019373270533368486,10.867050809771493,PASS
457,6,tier_1_primary_change_point,primary,cogs,structural_recursion,transformer_2l,0.025,boundary,259,87.69699334226159,88.56161508140616,0.06879695383925666,0.0001787652455152189,10.933024528403804,PASS
458,7,tier_1_primary_change_point,primary,cogs,structural_recursion,transformer_2l,0.025,boundary,301,90.1732544682933,92.59664869828859,0.06742458471562522,5.751679800646929e-05,11.037654757247736,PASS
459,8,tier_1_primary_change_point,primary,cogs,structural_recursion,transformer_2l,0.025,boundary,343,91.2212409513837,94.00493263988673,0.06928121379645802,0.00012066810725397937,10.82177951616975,PASS
460,9,tier_1_primary_change_point,primary,cogs,structural_recursion,transformer_2l,0.025,boundary,385,90.21672963380806,87.15163091003487,0.0736954651965328,0.00028652279054427446,10.851333422710297,PASS
461,10,tier_1_primary_change_point,primary,cogs,structural_recursion,transformer_2l,0.025,boundary,427,91.60623629939784,93.47678729097339,0.061495886630842725,0.00011866748565992187,10.940593429511235,PASS
462,11,tier_1_primary_change_point,primary,cogs,structural_recursion,transformer_2l,0.025,boundary,469,89.2313165451232,93.77256842996884,0.07401517031231022,0.00019134594879770045,10.92960023763777,PASS
463,12,tier_1_primary_change_point,primary,cogs,structural_recursion,transformer_2l,0.025,boundary,511,89.33550111014999,90.2775484894788,0.07252639633769811,0.00015984525128320468,10.759107051042701,PASS
464,13,tier_1_primary_change_point,primary,cogs,structural_recursion,transformer_2l,0.025,boundary,553,88.48040601620062,93.54002330875905,0.06975456362522567,0.00020146624288989453,10.86921575016669,PASS
465,14,tier_1_primary_change_point,primary,cogs,structural_recursion,transformer_2l,0.025,boundary,595,92.33053923666252,88.77561089823463,0.06499498338331794,0.00016397672847930198,10.817111008774907,PASS
466,15,tier_1_primary_change_point,primary,cogs,structural_recursion,transformer_2l,0.025,boundary,637,90.7191128153802,95.66861561682914,0.06655998293018299,0.00019468892889444359,10.84104211109322,PASS
467,16,tier_1_primary_change_point,primary,cogs,structural_recursion,transformer_2l,0.025,boundary,679,90.07881089522347,92.38542792937282,0.06430967676942646,0.00019580347772510162,10.910644457792582,PASS
468,17,tier_1_primary_change_point,primary,cogs,structural_recursion,transformer_2l,0.025,boundary,721,92.95666088773739,88.89804487229596,0.07370707607861735,0.00011965823585070293,10.75203994635279,PASS
469,18,tier_1_primary_change_point,primary,cogs,structural_recursion,transformer_2l,0.025,boundary,763,89.6852126742582,91.17226530513823,0.07811526634417686,0.00019795548359283262,10.71513330449137,PASS
470,19,tier_1_primary_change_point,primary,cogs,structural_recursion,transformer_2l,0.025,boundary,805,92.60905090396541,86.81070460078557,0.06611003882804742,0.00015159219728981332,10.85395029867965,PASS
471,20,tier_1_primary_change_point,primary,cogs,structural_recursion,transformer_2l,0.025,boundary,847,90.55169860035136,90.94602548693084,0.0670926861239372,0.00019060977844953726,10.952888508860374,PASS
472,21,tier_1_primary_change_point,primary,cogs,structural_recursion,transformer_2l,0.025,boundary,889,90.48079323135322,90.62864275079114,0.07386347082481662,0.00011129585808058223,10.913776516622038,PASS
473,22,tier_1_primary_change_point,primary,cogs,structural_recursion,transformer_2l,0.025,boundary,931,93.67580714180416,88.7729193998768,0.07887900681364654,0.00020199343354478653,10.952024698886328,PASS
474,23,tier_1_primary_change_point,primary,cogs,structural_recursion,transformer_2l,0.025,boundary,973,91.1109172523724,92.40082543094371,0.07051181547306114,0.00018309380147375038,10.81925796552077,PASS
475,24,tier_1_primary_change_point,primary,cogs,structural_recursion,transformer_2l,0.025,boundary,1015,89.96049837279759,91.76000892703725,0.08041383090143982,0.0001924466237033456,10.799398670761773,PASS
476,25,tier_1_primary_change_point,primary,cogs,structural_recursion,transformer_2l,0.025,boundary,1057,90.18294269817336,92.77505163629367,0.07093234555115178,0.0001689953001474612,10.910898139676604,PASS
477,26,tier_1_primary_change_point,primary,cogs,structural_recursion,transformer_2l,0.025,boundary,1099,90.70003684227554,89.23494033212283,0.0663407716027849,0.00025214092418108266,10.855038937526825,PASS
478,27,tier_1_primary_change_point,primary,cogs,structural_recursion,transformer_2l,0.025,boundary,1141,89.25959272787813,93.65147049712553,0.06936501071213444,0.00017801436599911255,10.78258087675087,PASS
479,28,tier_1_primary_change_point,primary,cogs,structural_recursion,transformer_2l,0.025,boundary,1183,93.0074485682992,88.75463322754972,0.07644078970477564,0.0001455132750201126,10.92465743419884,PASS
480,29,tier_1_primary_change_point,primary,cogs,structural_recursion,transformer_2l,0.025,boundary,1225,90.3169684236414,95.95012219248049,0.07283011016814553,0.0001701531081146011,10.741259742241478,PASS
481,0,tier_1_primary_change_point,primary,cogs,structural_recursion,transformer_2l,0.03,boundary,7,91.06281300808864,94.33521311285874,0.06136615296922622,0.00026210752641260435,10.886136893699206,PASS
482,1,tier_1_primary_change_point,primary,cogs,structural_recursion,transformer_2l,0.03,boundary,49,91.81432185175744,94.42355179447935,0.06911644191946124,0.0001712068575859179,10.905325153271814,PASS
483,2,tier_1_primary_change_point,primary,cogs,structural_recursion,transformer_2l,0.03,boundary,91,92.57948177555691,95.06753094028684,0.07184824417045105,0.00022133803572299378,10.82088892746643,PASS
484,3,tier_1_primary_change_point,primary,cogs,structural_recursion,transformer_2l,0.03,boundary,133,90.80050680318409,93.0805645236512,0.07045245977000111,0.00034764016239111095,10.749381814843597,PASS
485,4,tier_1_primary_change_point,primary,cogs,structural_recursion,transformer_2l,0.03,boundary,175,90.7633601807965,94.97790189982466,0.06839491762799432,0.00012316120498285298,10.927802811494496,PASS
486,5,tier_1_primary_change_point,primary,cogs,structural_recursion,transformer_2l,0.03,boundary,217,90.14574395226731,95.71267433163547,0.06246580254971823,0.00017733712765991,10.868277632518888,PASS
487,6,tier_1_primary_change_point,primary,cogs,structural_recursion,transformer_2l,0.03,boundary,259,87.75894575461552,93.70787992788327,0.06352284125869502,0.0003290017271712061,10.885192935625575,PASS
488,7,tier_1_primary_change_point,primary,cogs,structural_recursion,transformer_2l,0.03,boundary,301,91.63950373925535,96.1656949118451,0.06630134566051263,0.00019323225556941285,10.73008928384678,PASS
489,8,tier_1_primary_change_point,primary,cogs,structural_recursion,transformer_2l,0.03,boundary,343,90.50451056369968,92.06035299029239,0.06381361011716706,0.0001938178958719948,10.866050013237004,PASS
490,9,tier_1_primary_change_point,primary,cogs,structural_recursion,transformer_2l,0.03,boundary,385,91.91973954794764,94.82524598686909,0.06307272183930158,0.00021555398002279046,10.944705708314222,PASS
491,10,tier_1_primary_change_point,primary,cogs,structural_recursion,transformer_2l,0.03,boundary,427,91.84629793216688,92.38597663276424,0.06284493905173937,0.00013577204889444767,10.791227781157811,PASS
492,11,tier_1_primary_change_point,primary,cogs,structural_recursion,transformer_2l,0.03,boundary,469,91.87228536546236,91.31130125200649,0.07036094152032785,0.0002403776332288063,10.892066486818447,PASS
493,12,tier_1_primary_change_point,primary,cogs,structural_recursion,transformer_2l,0.03,boundary,511,91.80044295897153,99.24852799401185,0.07032484976428466,0.00026460552976097885,10.76122664287306,PASS
494,13,tier_1_primary_change_point,primary,cogs,structural_recursion,transformer_2l,0.03,boundary,553,88.20481354684544,90.37444448105799,0.06080728691025246,0.00032021925992689224,10.867265736350028,PASS
495,14,tier_1_primary_change_point,primary,cogs,structural_recursion,transformer_2l,0.03,boundary,595,89.62048081735914,96.81693080750333,0.07114695674313301,0.00024293628227538738,10.9424182565777,PASS
496,15,tier_1_primary_change_point,primary,cogs,structural_recursion,transformer_2l,0.03,boundary,637,88.41084477091852,92.52465817165786,0.07036692035651655,0.0002897851492620827,10.825645155523187,PASS
497,16,tier_1_primary_change_point,primary,cogs,structural_recursion,transformer_2l,0.03,boundary,679,91.05672852273246,88.65500817286821,0.06722729999087035,0.00021416298580846315,10.884070184470048,PASS
498,17,tier_1_primary_change_point,primary,cogs,structural_recursion,transformer_2l,0.03,boundary,721,90.41078411564516,93.32569645860082,0.06908843768079258,0.00022773090652891136,10.71652026450879,PASS
499,18,tier_1_primary_change_point,primary,cogs,structural_recursion,transformer_2l,0.03,boundary,763,87.68397929195588,96.62497583274141,0.06689577351022763,0.00017179651250669032,10.914728565527577,PASS
500,19,tier_1_primary_change_point,primary,cogs,structural_recursion,transformer_2l,0.03,boundary,805,95.43341967078234,92.42212701635646,0.06295418001373548,0.00019512077387030512,10.920879437738508,PASS
501,20,tier_1_primary_change_point,primary,cogs,structural_recursion,transformer_2l,0.03,boundary,847,89.22478663827445,94.84115664759754,0.06135656826742512,0.00014178672922752795,10.83439410831437,PASS
502,21,tier_1_primary_change_point,primary,cogs,structural_recursion,transformer_2l,0.03,boundary,889,89.6488382564477,94.05965269913601,0.06256607116315786,0.00020327849450614395,10.82290678205653,PASS
503,22,tier_1_primary_change_point,primary,cogs,structural_recursion,transformer_2l,0.03,boundary,931,88.68362409996028,92.52679373593516,0.07438216822853862,0.00020136434139424224,10.852047786221792,PASS
504,23,tier_1_primary_change_point,primary,cogs,structural_recursion,transformer_2l,0.03,boundary,973,92.88150704122243,93.48798660537494,0.06983236255210745,0.00032036433971085917,10.931530698469743,PASS
505,24,tier_1_primary_change_point,primary,cogs,structural_recursion,transformer_2l,0.03,boundary,1015,91.99205578852278,91.16454169068848,0.05864200367668111,0.00017044053849182676,11.001931066360205,PASS
506,25,tier_1_primary_change_point,primary,cogs,structural_recursion,transformer_2l,0.03,boundary,1057,92.28307978982585,91.28880894455776,0.06530049887573652,0.00029019863225952574,10.878947359247807,PASS
507,26,tier_1_primary_change_point,primary,cogs,structural_recursion,transformer_2l,0.03,boundary,1099,90.70222865316491,91.92532562811965,0.05739022935456389,0.0003204696362881088,10.81674418707481,PASS
508,27,tier_1_primary_change_point,primary,cogs,structural_recursion,transformer_2l,0.03,boundary,1141,93.67631720890097,92.06799000952401,0.0713194514780809,0.000249372372298927,10.836962902080439,PASS
509,28,tier_1_primary_change_point,primary,cogs,structural_recursion,transformer_2l,0.03,boundary,1183,90.4463995080859,94.22151519809391,0.06633056460072523,0.00015912556641057798,10.900211164057525,PASS
510,29,tier_1_primary_change_point,primary,cogs,structural_recursion,transformer_2l,0.03,boundary,1225,88.52140194013111,90.60234362656506,0.06524485345893494,0.00019924225177366073,10.80517568770605,PASS
511,0,tier_1_primary_change_point,primary,cogs,structural_recursion,transformer_2l,0.5,supercritical,7,93.22981327811752,94.95088601445093,0.06099969185291954,0.0002619742222389787,10.879517410885867,PASS
512,1,tier_1_primary_change_point,primary,cogs,structural_recursion,transformer_2l,0.5,supercritical,49,92.54305296550444,97.72164705430332,0.04871648859499361,0.00035756081738597264,10.840013240977761,PASS
513,2,tier_1_primary_change_point,primary,cogs,structural_recursion,transformer_2l,0.5,supercritical,91,90.17768158368145,96.99823459982876,0.06016602570957316,0.0001515086313015499,10.952234894728061,PASS
514,3,tier_1_primary_change_point,primary,cogs,structural_recursion,transformer_2l,0.5,supercritical,133,89.94739161238377,95.44952301185755,0.06310934135680296,0.00018297139832058732,10.797606462643792,PASS
515,4,tier_1_primary_change_point,primary,cogs,structural_recursion,transformer_2l,0.5,supercritical,175,92.87518148909652,97.02333271401342,0.06214517792319961,0.0002699152996505962,10.980389239262006,PASS
516,5,tier_1_primary_change_point,primary,cogs,structural_recursion,transformer_2l,0.5,supercritical,217,89.00786936703173,97.89778337461485,0.06511311217772077,0.00014261915012154245,10.829884867265507,PASS
517,6,tier_1_primary_change_point,primary,cogs,structural_recursion,transformer_2l,0.5,supercritical,259,86.38398307911085,97.20576601801847,0.06357198769517239,0.00023590653700455752,10.690072372201003,PASS
518,7,tier_1_primary_change_point,primary,cogs,structural_recursion,transformer_2l,0.5,supercritical,301,93.84029975907461,95.59632341175126,0.04924647189700773,0.00024072548279237345,10.687698635466656,PASS
519,8,tier_1_primary_change_point,primary,cogs,structural_recursion,transformer_2l,0.5,supercritical,343,91.02766652893433,95.86617497844638,0.055708703140023894,0.0003202741383586668,10.838552452835062,PASS
520,9,tier_1_primary_change_point,primary,cogs,structural_recursion,transformer_2l,0.5,supercritical,385,93.10655433467738,96.49543532717,0.06096907605509689,0.00013610475860708604,10.852570075017667,PASS
521,10,tier_1_primary_change_point,primary,cogs,structural_recursion,transformer_2l,0.5,supercritical,427,90.93578191449761,95.22310644685089,0.06132211732358698,0.0002799637524710765,10.809222638146098,PASS
522,11,tier_1_primary_change_point,primary,cogs,structural_recursion,transformer_2l,0.5,supercritical,469,90.68064871971532,96.4659462440258,0.0647424827013479,0.00028685411805251884,10.870583853213098,PASS
523,12,tier_1_primary_change_point,primary,cogs,structural_recursion,transformer_2l,0.5,supercritical,511,90.35065471634398,96.81651665647482,0.06026043312358569,8.26453503197127e-05,10.86150211495721,PASS
524,13,tier_1_primary_change_point,primary,cogs,structural_recursion,transformer_2l,0.5,supercritical,553,90.69026730846079,96.04568515375882,0.05929299779678008,0.00029084969320263584,10.934837282538819,PASS
525,14,tier_1_primary_change_point,primary,cogs,structural_recursion,transformer_2l,0.5,supercritical,595,94.25907129912777,97.35245555835013,0.056559619934325095,0.00015743634254719325,10.70843196786162,PASS
526,15,tier_1_primary_change_point,primary,cogs,structural_recursion,transformer_2l,0.5,supercritical,637,90.09592088722499,96.90145317284917,0.06047018884291689,8.248465475012038e-05,10.904802270628895,PASS
527,16,tier_1_primary_change_point,primary,cogs,structural_recursion,transformer_2l,0.5,supercritical,679,87.88820470819374,96.85048022487092,0.060831853677384556,0.00027140577729050573,10.90956712031463,PASS
528,17,tier_1_primary_change_point,primary,cogs,structural_recursion,transformer_2l,0.5,supercritical,721,92.65232481211558,97.09959869061446,0.05872712402383921,0.00022663161517088313,10.734128755640349,PASS
529,18,tier_1_primary_change_point,primary,cogs,structural_recursion,transformer_2l,0.5,supercritical,763,92.48209715975926,97.2171766585228,0.06555891859651936,0.00019024735779614872,10.892793985825676,PASS
530,19,tier_1_primary_change_point,primary,cogs,structural_recursion,transformer_2l,0.5,supercritical,805,87.573081712469,97.59064638156359,0.06273177443301299,0.00030250586696781395,10.707811174668038,PASS
531,20,tier_1_primary_change_point,primary,cogs,structural_recursion,transformer_2l,0.5,supercritical,847,91.0160285147577,95.60745852027712,0.06738337048192472,0.00028833332807914056,10.88096633769029,PASS
532,21,tier_1_primary_change_point,primary,cogs,structural_recursion,transformer_2l,0.5,supercritical,889,92.923993783271,97.3000067514114,0.061152431768345186,0.00015689754353353933,10.704318482738474,PASS
533,22,tier_1_primary_change_point,primary,cogs,structural_recursion,transformer_2l,0.5,supercritical,931,91.09035310217459,96.85764493640941,0.0636371226008603,0.00025548736623484913,10.853456459458318,PASS
534,23,tier_1_primary_change_point,primary,cogs,structural_recursion,transformer_2l,0.5,supercritical,973,90.81904008888766,98.2139659957132,0.05808576453775341,0.00041508694429195393,10.95944266120315,PASS
535,24,tier_1_primary_change_point,primary,cogs,structural_recursion,transformer_2l,0.5,supercritical,1015,91.0564119099057,97.5835129062691,0.06233682136381109,0.0002691115435312029,10.931627513444397,PASS
536,25,tier_1_primary_change_point,primary,cogs,structural_recursion,transformer_2l,0.5,supercritical,1057,93.40128305952346,97.15412205822679,0.0602339787675017,0.00022337404018373924,10.814856895134769,PASS
537,26,tier_1_primary_change_point,primary,cogs,structural_recursion,transformer_2l,0.5,supercritical,1099,91.80174070176355,96.91417335826733,0.06088888795914323,0.00030451097206791094,10.886274695777443,PASS
538,27,tier_1_primary_change_point,primary,cogs,structural_recursion,transformer_2l,0.5,supercritical,1141,88.29823602618268,97.67843479022424,0.06418591948607622,0.0002181851967732076,11.009101278246797,PASS
539,28,tier_1_primary_change_point,primary,cogs,structural_recursion,transformer_2l,0.5,supercritical,1183,94.35448980602764,96.99373265566749,0.06236419181152488,0.0003070357211951827,10.794815243975334,PASS
540,29,tier_1_primary_change_point,primary,cogs,structural_recursion,transformer_2l,0.5,supercritical,1225,89.76781986950984,97.02887870247724,0.06770372524611007,0.00019234196508603296,10.78805571725323,PASS
541,0,tier_1_primary_change_point,primary,pcfg_set,systematicity,transformer_2l,0.0,subcritical,7,96.34703488057264,53.3558833388423,0.001,5.037376936732174e-05,10.960795904023286,PASS
542,1,tier_1_primary_change_point,primary,pcfg_set,systematicity,transformer_2l,0.0,subcritical,49,95.74844902444758,54.79832518572378,0.001,2.1915896006119996e-05,10.87899180965152,PASS
543,2,tier_1_primary_change_point,primary,pcfg_set,systematicity,transformer_2l,0.0,subcritical,91,94.0693419418773,42.72496536085373,0.001,5.308848027670983e-05,10.77726114839198,PASS
544,3,tier_1_primary_change_point,primary,pcfg_set,systematicity,transformer_2l,0.0,subcritical,133,93.4570089277904,45.67967360046071,0.001,5.598805648208478e-05,10.806843922619057,PASS
545,4,tier_1_primary_change_point,primary,pcfg_set,systematicity,transformer_2l,0.0,subcritical,175,96.95591107768863,50.24577298530741,0.001,4.813535514796659e-05,10.734970206717328,PASS
546,5,tier_1_primary_change_point,primary,pcfg_set,systematicity,transformer_2l,0.0,subcritical,217,95.29184053629938,46.544762436777006,0.001,3.9637898159662895e-05,10.893479002067311,PASS
547,6,tier_1_primary_change_point,primary,pcfg_set,systematicity,transformer_2l,0.0,subcritical,259,93.24403975920626,61.69283838722011,0.001,4.2975466873831487e-05,10.790869925917447,PASS
548,7,tier_1_primary_change_point,primary,pcfg_set,systematicity,transformer_2l,0.0,subcritical,301,96.07232029153901,46.11925752648006,0.001,4.571128275963747e-05,10.987052118271684,PASS
549,8,tier_1_primary_change_point,primary,pcfg_set,systematicity,transformer_2l,0.0,subcritical,343,93.03580112351715,63.548866191703674,0.001,4.262981162560352e-05,10.640483093188646,PASS
550,9,tier_1_primary_change_point,primary,pcfg_set,systematicity,transformer_2l,0.0,subcritical,385,96.858481914004,50.19205171573605,0.001,5.548362323697849e-05,10.785112720663774,PASS
551,10,tier_1_primary_change_point,primary,pcfg_set,systematicity,transformer_2l,0.0,subcritical,427,95.80884621294024,47.82796152806051,0.001,4.118613558400168e-05,10.896301499212559,PASS
552,11,tier_1_primary_change_point,primary,pcfg_set,systematicity,transformer_2l,0.0,subcritical,469,94.60850935700415,48.36506435168393,0.001,3.3204533965555205e-05,10.949911501220774,PASS
553,12,tier_1_primary_change_point,primary,pcfg_set,systematicity,transformer_2l,0.0,subcritical,511,93.93912388253727,46.27147282064031,0.001,3.684981484522531e-05,10.884186728763845,PASS
554,13,tier_1_primary_change_point,primary,pcfg_set,systematicity,transformer_2l,0.0,subcritical,553,94.8486762933605,46.70920930973948,0.001,2.6326730216494095e-05,11.013009720686837,PASS
555,14,tier_1_primary_change_point,primary,pcfg_set,systematicity,transformer_2l,0.0,subcritical,595,95.8528005479603,49.0500817635277,0.001,3.899911118191746e-05,10.799495382979417,PASS
556,15,tier_1_primary_change_point,primary,pcfg_set,systematicity,transformer_2l,0.0,subcritical,637,94.57885935938627,53.33318349802543,0.001,3.443868398920413e-05,10.656023400533288,PASS
557,16,tier_1_primary_change_point,primary,pcfg_set,systematicity,transformer_2l,0.0,subcritical,679,95.98009238459595,58.36615885738583,0.001,3.0342791390506027e-05,10.731785387489287,PASS
558,17,tier_1_primary_change_point,primary,pcfg_set,systematicity,transformer_2l,0.0,subcritical,721,95.2048476205565,56.53511260096481,0.001,5.466294512886578e-05,10.774478935648665,PASS
559,18,tier_1_primary_change_point,primary,pcfg_set,systematicity,transformer_2l,0.0,subcritical,763,94.37412847573574,56.106645036492964,0.001,4.773318249718087e-05,11.046785473990441,PASS
560,19,tier_1_primary_change_point,primary,pcfg_set,systematicity,transformer_2l,0.0,subcritical,805,92.49007027159064,51.82999826324791,0.001,3.4538342908437824e-05,10.759664577961454,PASS
561,20,tier_1_primary_change_point,primary,pcfg_set,systematicity,transformer_2l,0.0,subcritical,847,96.50124035847581,62.90175392103349,0.001,2.532774399187778e-05,10.858542359648544,PASS
562,21,tier_1_primary_change_point,primary,pcfg_set,systematicity,transformer_2l,0.0,subcritical,889,94.25615349622974,46.65832891569242,0.001,4.9098535243733426e-05,10.819576438033167,PASS
563,22,tier_1_primary_change_point,primary,pcfg_set,systematicity,transformer_2l,0.0,subcritical,931,93.6090967798073,52.67849309027344,0.001,4.858235104861848e-05,10.775887463044025,PASS
564,23,tier_1_primary_change_point,primary,pcfg_set,systematicity,transformer_2l,0.0,subcritical,973,94.97576694453437,40.0314410380661,0.001,3.283370859643029e-05,10.78283013687127,PASS
565,24,tier_1_primary_change_point,primary,pcfg_set,systematicity,transformer_2l,0.0,subcritical,1015,96.81146615120258,57.04166679519026,0.001,2.069588011954498e-05,10.819113803245067,PASS
566,25,tier_1_primary_change_point,primary,pcfg_set,systematicity,transformer_2l,0.0,subcritical,1057,94.81778439161278,44.22533228088583,0.001,4.007617478989587e-05,10.750332546872697,PASS
567,26,tier_1_primary_change_point,primary,pcfg_set,systematicity,transformer_2l,0.0,subcritical,1099,96.55899806052552,44.694676709830304,0.001,4.68026221734793e-05,10.9097091756621,PASS
568,27,tier_1_primary_change_point,primary,pcfg_set,systematicity,transformer_2l,0.0,subcritical,1141,96.1934438173015,43.747099985518076,0.001,6.370668391963953e-05,10.749012420413871,PASS
569,28,tier_1_primary_change_point,primary,pcfg_set,systematicity,transformer_2l,0.0,subcritical,1183,95.34987129075142,48.55223786643526,0.001,4.130350652198424e-05,10.90537661625298,PASS
570,29,tier_1_primary_change_point,primary,pcfg_set,systematicity,transformer_2l,0.0,subcritical,1225,93.0040079255842,45.404324969706714,0.001,3.813139803894305e-05,10.774930548120551,PASS
571,0,tier_1_primary_change_point,primary,pcfg_set,systematicity,transformer_2l,0.015,subcritical,7,96.63591375507711,61.798886969210876,0.062338756837581596,6.236760821090646e-05,10.883036293399948,PASS
572,1,tier_1_primary_change_point,primary,pcfg_set,systematicity,transformer_2l,0.015,subcritical,49,93.77645592881589,70.98080452177643,0.05828576533196319,3.631319705799929e-05,10.889520616332819,PASS
573,2,tier_1_primary_change_point,primary,pcfg_set,systematicity,transformer_2l,0.015,subcritical,91,95.88709227907098,72.69705076507798,0.06704900258371865,4.297117529727709e-05,10.895353038597815,PASS
574,3,tier_1_primary_change_point,primary,pcfg_set,systematicity,transformer_2l,0.015,subcritical,133,95.35288868695656,71.11032171556938,0.06516835099155723,5.582882766549595e-05,10.741027159411527,PASS
575,4,tier_1_primary_change_point,primary,pcfg_set,systematicity,transformer_2l,0.015,subcritical,175,95.9223338614955,65.54212319580297,0.05774952753894028,6.443899622077954e-05,10.768890189344592,PASS
576,5,tier_1_primary_change_point,primary,pcfg_set,systematicity,transformer_2l,0.015,subcritical,217,95.33304875066764,73.12912498350317,0.05532976575183195,6.28967189292278e-05,10.796545240438723,PASS
577,6,tier_1_primary_change_point,primary,pcfg_set,systematicity,transformer_2l,0.015,subcritical,259,94.42155849809362,65.77832807297906,0.050068060237169136,5.773093840354441e-05,10.843831355858052,PASS
578,7,tier_1_primary_change_point,primary,pcfg_set,systematicity,transformer_2l,0.015,subcritical,301,97.74121879286297,76.21708683484653,0.0566290181790717,2.590609912907316e-05,10.718960799247148,PASS
579,8,tier_1_primary_change_point,primary,pcfg_set,systematicity,transformer_2l,0.015,subcritical,343,95.6004744743528,60.904431275643574,0.0591359921888031,4.732817424043226e-05,10.769434626335034,PASS
580,9,tier_1_primary_change_point,primary,pcfg_set,systematicity,transformer_2l,0.015,subcritical,385,96.14728167921831,63.70479747324114,0.05617562586167821,4.8181506620388366e-05,10.950706407880318,PASS
581,10,tier_1_primary_change_point,primary,pcfg_set,systematicity,transformer_2l,0.015,subcritical,427,94.99716929975824,62.36434987357486,0.054643000875931345,3.741618603128739e-05,10.888293396133806,PASS
582,11,tier_1_primary_change_point,primary,pcfg_set,systematicity,transformer_2l,0.015,subcritical,469,94.84046152701777,77.77312269028843,0.05306635131180831,4.508546800435206e-05,10.812407635960922,PASS
583,12,tier_1_primary_change_point,primary,pcfg_set,systematicity,transformer_2l,0.015,subcritical,511,96.56413505755637,69.95398110067394,0.05851972000613995,5.193814743393892e-05,10.881956527776346,PASS
584,13,tier_1_primary_change_point,primary,pcfg_set,systematicity,transformer_2l,0.015,subcritical,553,97.0196965753342,74.54274183299523,0.06641414647691786,7.889037933926884e-05,10.737895637732924,PASS
585,14,tier_1_primary_change_point,primary,pcfg_set,systematicity,transformer_2l,0.015,subcritical,595,96.7714837019268,76.10482989819963,0.062461981507452545,3.490127965308681e-05,10.88305236551916,PASS
586,15,tier_1_primary_change_point,primary,pcfg_set,systematicity,transformer_2l,0.015,subcritical,637,95.5075285672136,76.82313341282342,0.06669707502328875,2.0845995512773024e-05,10.833318343989719,PASS
587,16,tier_1_primary_change_point,primary,pcfg_set,systematicity,transformer_2l,0.015,subcritical,679,94.80172770544178,73.99874951422107,0.05179024559401007,5.865283727030913e-05,10.885359669166066,PASS
588,17,tier_1_primary_change_point,primary,pcfg_set,systematicity,transformer_2l,0.015,subcritical,721,97.01930964426954,69.86782823473334,0.0509285830219385,4.05251064713613e-05,10.820330099172542,PASS
589,18,tier_1_primary_change_point,primary,pcfg_set,systematicity,transformer_2l,0.015,subcritical,763,95.84821594053545,68.10108181808059,0.06266675731023763,3.754829751679119e-05,10.778781027843078,PASS
590,19,tier_1_primary_change_point,primary,pcfg_set,systematicity,transformer_2l,0.015,subcritical,805,94.40393477554903,63.745117555122555,0.05711008348225299,1.917214365728011e-05,10.646033552402315,PASS
591,20,tier_1_primary_change_point,primary,pcfg_set,systematicity,transformer_2l,0.015,subcritical,847,94.06418208772517,75.54029648595207,0.057064165529860274,4.094402778133928e-05,10.993109440577683,PASS
592,21,tier_1_primary_change_point,primary,pcfg_set,systematicity,transformer_2l,0.015,subcritical,889,95.05227162422973,67.66405595251736,0.0547321694235249,6.160056568588746e-05,10.887858779797781,PASS
593,22,tier_1_primary_change_point,primary,pcfg_set,systematicity,transformer_2l,0.015,subcritical,931,96.40301247740224,64.96794901873429,0.055604709479636555,3.778535554925378e-05,10.966863063909102,PASS
594,23,tier_1_primary_change_point,primary,pcfg_set,systematicity,transformer_2l,0.015,subcritical,973,94.16534482427824,75.02193005339822,0.06856206985932536,4.9418400290075467e-05,10.94918563389608,PASS
595,24,tier_1_primary_change_point,primary,pcfg_set,systematicity,transformer_2l,0.015,subcritical,1015,95.6741619583115,63.99999837263297,0.06257632012308853,3.247042704477673e-05,10.795903361736691,PASS
596,25,tier_1_primary_change_point,primary,pcfg_set,systematicity,transformer_2l,0.015,subcritical,1057,95.90254094857605,64.81987577469926,0.06335633622144128,3.3728868204825917e-05,10.781394837027268,PASS
597,26,tier_1_primary_change_point,primary,pcfg_set,systematicity,transformer_2l,0.015,subcritical,1099,96.1314104861018,65.18310313708241,0.0664995559282987,4.8604917394912983e-05,10.755488255866593,PASS
598,27,tier_1_primary_change_point,primary,pcfg_set,systematicity,transformer_2l,0.015,subcritical,1141,95.64731859379087,58.39716776603814,0.06452861013901641,4.9592344167808336e-05,10.830624674053672,PASS
599,28,tier_1_primary_change_point,primary,pcfg_set,systematicity,transformer_2l,0.015,subcritical,1183,94.9312299491469,80.38525617757801,0.05630297978984436,3.3487742271314305e-05,10.780609441572793,PASS
600,29,tier_1_primary_change_point,primary,pcfg_set,systematicity,transformer_2l,0.015,subcritical,1225,97.54675384695834,65.82842379400705,0.06675212170189225,3.3738901122844015e-05,10.753248731148158,PASS
601,0,tier_1_primary_change_point,primary,pcfg_set,systematicity,transformer_2l,0.02,boundary,7,95.51557587696576,69.8685915911149,0.053979646074796425,4.4365604550743796e-05,10.78634564183301,PASS
602,1,tier_1_primary_change_point,primary,pcfg_set,systematicity,transformer_2l,0.02,boundary,49,95.95848893696302,75.69644379891503,0.05706383396190999,3.9259948654352337e-05,10.85845620979922,PASS
603,2,tier_1_primary_change_point,primary,pcfg_set,systematicity,transformer_2l,0.02,boundary,91,94.82874390021084,76.45618514322604,0.06369775841987242,5.957133873357991e-05,10.840385118238768,PASS
604,3,tier_1_primary_change_point,primary,pcfg_set,systematicity,transformer_2l,0.02,boundary,133,95.47759775677952,70.89774904695888,0.05226533386328756,5.460336915911772e-05,10.801246886995013,PASS
605,4,tier_1_primary_change_point,primary,pcfg_set,systematicity,transformer_2l,0.02,boundary,175,97.23359791144769,75.03091102593262,0.05313300680779281,4.019578212549415e-05,10.970203979155995,PASS
606,5,tier_1_primary_change_point,primary,pcfg_set,systematicity,transformer_2l,0.02,boundary,217,96.61630163841569,74.37835034285293,0.0454064163618097,3.4029143151258834e-05,10.856335309101484,PASS
607,6,tier_1_primary_change_point,primary,pcfg_set,systematicity,transformer_2l,0.02,boundary,259,94.79618648146575,66.61804939051338,0.046415776165232944,3.1063979282272214e-05,10.85375665995985,PASS
608,7,tier_1_primary_change_point,primary,pcfg_set,systematicity,transformer_2l,0.02,boundary,301,94.72372508966559,79.44634452191976,0.055953319763864445,5.695005226103991e-05,10.944118857354969,PASS
609,8,tier_1_primary_change_point,primary,pcfg_set,systematicity,transformer_2l,0.02,boundary,343,96.79452344553728,77.37521346668855,0.06130003301237648,2.9559730768422018e-05,10.961134284423974,PASS
610,9,tier_1_primary_change_point,primary,pcfg_set,systematicity,transformer_2l,0.02,boundary,385,95.5591996811189,73.69245316269885,0.059883666127087606,3.247959134159578e-05,10.885266828478773,PASS
611,10,tier_1_primary_change_point,primary,pcfg_set,systematicity,transformer_2l,0.02,boundary,427,97.56417531033108,83.22749493552449,0.055900296558961234,3.568551195164646e-05,10.970266788963459,PASS
612,11,tier_1_primary_change_point,primary,pcfg_set,systematicity,transformer_2l,0.02,boundary,469,96.18277309516459,78.09345313874496,0.055338405961313106,4.341351216619518e-05,10.76348354738355,PASS
613,12,tier_1_primary_change_point,primary,pcfg_set,systematicity,transformer_2l,0.02,boundary,511,96.29704717973216,71.43174628250867,0.05925154143212341,3.660327573568095e-05,10.738879903877974,PASS
614,13,tier_1_primary_change_point,primary,pcfg_set,systematicity,transformer_2l,0.02,boundary,553,95.69720263460738,72.45998599148058,0.05283700019831624,3.039232477516581e-05,10.694382713179737,PASS
615,14,tier_1_primary_change_point,primary,pcfg_set,systematicity,transformer_2l,0.02,boundary,595,95.96778463653516,72.56523929257727,0.057173159859516084,1.8996200815548857e-05,10.837302921087163,PASS
616,15,tier_1_primary_change_point,primary,pcfg_set,systematicity,transformer_2l,0.02,boundary,637,94.84543939372666,75.58443260301914,0.04905141580558256,5.367779523892878e-05,11.009356743734905,PASS
617,16,tier_1_primary_change_point,primary,pcfg_set,systematicity,transformer_2l,0.02,boundary,679,96.70886782396335,73.66164887019487,0.05161107709129369,3.9145393027902404e-05,10.71719528656627,PASS
618,17,tier_1_primary_change_point,primary,pcfg_set,systematicity,transformer_2l,0.02,boundary,721,96.506168052942,73.51214448085527,0.045779940323984976,4.633344676328371e-05,10.931114920612995,PASS
619,18,tier_1_primary_change_point,primary,pcfg_set,systematicity,transformer_2l,0.02,boundary,763,95.28188396318639,74.2988818369838,0.056466272526257334,5.972984265158701e-05,10.95759968063114,PASS
620,19,tier_1_primary_change_point,primary,pcfg_set,systematicity,transformer_2l,0.02,boundary,805,95.06073800828362,70.93851416203634,0.04649281959745415,1.3752514544880116e-05,10.889822610270894,PASS
621,20,tier_1_primary_change_point,primary,pcfg_set,systematicity,transformer_2l,0.02,boundary,847,95.13060620080049,78.74411147704097,0.05482909283958151,3.767554408313078e-05,10.860623253873957,PASS
622,21,tier_1_primary_change_point,primary,pcfg_set,systematicity,transformer_2l,0.02,boundary,889,96.72730873240442,62.98348764868383,0.05249969185291954,4.4876301746766756e-05,10.879517410885867,PASS
623,22,tier_1_primary_change_point,primary,pcfg_set,systematicity,transformer_2l,0.02,boundary,931,96.33377192405311,80.83950323884362,0.04021648859499362,6.125032835939084e-05,10.840013240977761,PASS
624,23,tier_1_primary_change_point,primary,pcfg_set,systematicity,transformer_2l,0.02,boundary,973,94.97833439064891,76.17751186556318,0.05166602570957316,2.5953496483045763e-05,10.952234894728061,PASS
625,24,tier_1_primary_change_point,primary,pcfg_set,systematicity,transformer_2l,0.02,boundary,1015,94.84637047451204,66.19692607641537,0.054609341356802954,3.134308258227101e-05,10.797606462643792,PASS
626,25,tier_1_primary_change_point,primary,pcfg_set,systematicity,transformer_2l,0.02,boundary,1057,96.52409276341486,76.33925526808655,0.05364517792319961,4.6236611868398094e-05,10.980389239262006,PASS
627,26,tier_1_primary_change_point,primary,pcfg_set,systematicity,transformer_2l,0.02,boundary,1099,94.30799255863616,81.9746039697401,0.05661311217772077,2.443072437059606e-05,10.829884867265507,PASS
628,27,tier_1_primary_change_point,primary,pcfg_set,systematicity,transformer_2l,0.02,boundary,1141,92.80441727005228,77.51493656056351,0.055071987695172395,4.041089557656546e-05,10.690072372201003,PASS
629,28,tier_1_primary_change_point,primary,pcfg_set,systematicity,transformer_2l,0.02,boundary,1183,97.07713806418882,67.14297309795256,0.04074647189700773,4.1236383150980564e-05,10.687698635466656,PASS
630,29,tier_1_primary_change_point,primary,pcfg_set,systematicity,transformer_2l,0.02,boundary,1225,95.46540441545675,68.88201652776563,0.047208703140023886,5.486310352152947e-05,10.838552452835062,PASS
631,0,tier_1_primary_change_point,primary,pcfg_set,systematicity,transformer_2l,0.025,boundary,7,96.0448816608876,94.39509354048778,0.04764825766856313,5.360702476601843e-05,10.876312341174387,PASS
632,1,tier_1_primary_change_point,primary,pcfg_set,systematicity,transformer_2l,0.025,boundary,49,95.75710144797303,92.8292292045127,0.046466994966270436,4.505616909668082e-05,10.900914453008168,PASS
633,2,tier_1_primary_change_point,primary,pcfg_set,systematicity,transformer_2l,0.025,boundary,91,96.60251456148477,87.77975072034835,0.048706768907884855,3.886589967788924e-05,10.93957694222595,PASS
634,3,tier_1_primary_change_point,primary,pcfg_set,systematicity,transformer_2l,0.025,boundary,133,94.86778060361956,89.55149410695219,0.05128913965657571,5.217884863236438e-05,10.812482788858155,PASS
635,4,tier_1_primary_change_point,primary,pcfg_set,systematicity,transformer_2l,0.025,boundary,175,97.1229187524401,94.74247093957796,0.044800879876391,3.074196881638529e-05,10.836009856919233,PASS
636,5,tier_1_primary_change_point,primary,pcfg_set,systematicity,transformer_2l,0.025,boundary,217,96.23492379634602,81.95654874869952,0.035469989349390496,4.701520244717301e-05,11.069220637819543,PASS
637,6,tier_1_primary_change_point,primary,pcfg_set,systematicity,transformer_2l,0.025,boundary,259,96.23788986656093,89.4841099758973,0.04075172949792072,2.7746448758950073e-05,11.04008570225921,PASS
638,7,tier_1_primary_change_point,primary,pcfg_set,systematicity,transformer_2l,0.025,boundary,301,95.46622368674399,89.82847226029703,0.04913613608985736,3.251515391723487e-05,10.964215253050519,PASS
639,8,tier_1_primary_change_point,primary,pcfg_set,systematicity,transformer_2l,0.025,boundary,343,95.42044265432983,90.03719785818603,0.04100830764377064,4.606002079914478e-05,10.869629318722703,PASS
640,9,tier_1_primary_change_point,primary,pcfg_set,systematicity,transformer_2l,0.025,boundary,385,94.80394031978624,86.3911707494875,0.05425805990870957,3.471747003367539e-05,10.764491761228161,PASS
641,10,tier_1_primary_change_point,primary,pcfg_set,systematicity,transformer_2l,0.025,boundary,427,96.44979890129187,86.63203992218838,0.047631061470605016,4.1595167485563095e-05,10.880422546490747,PASS
642,11,tier_1_primary_change_point,primary,pcfg_set,systematicity,transformer_2l,0.025,boundary,469,96.30874596909668,85.86044916000196,0.04939708708929706,4.8927879427636996e-05,10.913922645496312,PASS
643,12,tier_1_primary_change_point,primary,pcfg_set,systematicity,transformer_2l,0.025,boundary,511,96.32535456102838,91.23537222151789,0.05444127706567352,4.1551414665974927e-05,10.803118991900032,PASS
644,13,tier_1_primary_change_point,primary,pcfg_set,systematicity,transformer_2l,0.025,boundary,553,94.92353073674153,84.94225279079413,0.04030801166987803,4.5662107800057507e-05,10.811225267695399,PASS
645,14,tier_1_primary_change_point,primary,pcfg_set,systematicity,transformer_2l,0.025,boundary,595,97.20046283761037,89.60218314776169,0.051192543416925126,3.363115690470461e-05,10.992488914691329,PASS
646,15,tier_1_primary_change_point,primary,pcfg_set,systematicity,transformer_2l,0.025,boundary,637,96.13035296781696,94.20151639349278,0.04881332691191715,6.421090065858863e-05,10.86530249117831,PASS
647,16,tier_1_primary_change_point,primary,pcfg_set,systematicity,transformer_2l,0.025,boundary,679,93.46321177507451,88.86827957018798,0.03539454086079272,5.309770581087697e-05,10.988394694370971,PASS
648,17,tier_1_primary_change_point,primary,pcfg_set,systematicity,transformer_2l,0.025,boundary,721,96.63363264936261,90.99306748283581,0.03749169641877028,4.9963094531167246e-05,10.8893154533905,PASS
649,18,tier_1_primary_change_point,primary,pcfg_set,systematicity,transformer_2l,0.025,boundary,763,95.50515052209433,86.48535497769576,0.05382262230507094,3.869897901135037e-05,10.841820029036711,PASS
650,19,tier_1_primary_change_point,primary,pcfg_set,systematicity,transformer_2l,0.025,boundary,805,93.59915941131848,90.08510334968913,0.04467200030182278,4.452451947276654e-05,10.952479246533425,PASS
651,20,tier_1_primary_change_point,primary,pcfg_set,systematicity,transformer_2l,0.025,boundary,847,93.01358939784585,92.61515740234132,0.04442092258300026,3.64061555738458e-05,10.881790732117551,PASS
652,21,tier_1_primary_change_point,primary,pcfg_set,systematicity,transformer_2l,0.025,boundary,889,94.73516901601593,84.21206799594825,0.0464250258696655,5.33921798106857e-05,10.843072450402051,PASS
653,22,tier_1_primary_change_point,primary,pcfg_set,systematicity,transformer_2l,0.025,boundary,931,96.09474084199697,90.2561726866697,0.04193757672190885,3.8408773755045417e-05,10.959344064050992,PASS
654,23,tier_1_primary_change_point,primary,pcfg_set,systematicity,transformer_2l,0.025,boundary,973,96.59893902119855,90.17158579944405,0.03815623919959364,2.8770781301060748e-05,10.952803605026418,PASS
655,24,tier_1_primary_change_point,primary,pcfg_set,systematicity,transformer_2l,0.025,boundary,1015,96.99165574223679,90.23220281321652,0.04489402645929507,3.245848663187019e-05,10.837564731588348,PASS
656,25,tier_1_primary_change_point,primary,pcfg_set,systematicity,transformer_2l,0.025,boundary,1057,96.25156433271012,82.67895372389792,0.04873729665796878,4.6933917391566534e-05,10.786852550688216,PASS
657,26,tier_1_primary_change_point,primary,pcfg_set,systematicity,transformer_2l,0.025,boundary,1099,95.31749025124395,88.26721258939527,0.045510609968642424,5.56145711122931e-05,10.879477603350146,PASS
658,27,tier_1_primary_change_point,primary,pcfg_set,systematicity,transformer_2l,0.025,boundary,1141,94.80874244159311,88.02339720312281,0.05010787276427846,4.807431337536607e-05,10.804243582530946,PASS
659,28,tier_1_primary_change_point,primary,pcfg_set,systematicity,transformer_2l,0.025,boundary,1183,95.0879780735859,89.08872014969438,0.044311883411034404,3.406436346157144e-05,10.921971699856357,PASS
660,29,tier_1_primary_change_point,primary,pcfg_set,systematicity,transformer_2l,0.025,boundary,1225,96.37595806962086,90.92739392028783,0.04539258659764463,4.332268278116048e-05,10.871377692542318,PASS
661,0,tier_1_primary_change_point,primary,pcfg_set,systematicity,transformer_2l,0.03,boundary,7,96.36618982382355,93.0137864078258,0.04745404988590192,3.364746128080164e-05,10.83626971941243,PASS
662,1,tier_1_primary_change_point,primary,pcfg_set,systematicity,transformer_2l,0.03,boundary,49,97.32329153872107,91.37073244983367,0.04325366601187118,4.0138424216093196e-05,10.812373060934647,PASS
663,2,tier_1_primary_change_point,primary,pcfg_set,systematicity,transformer_2l,0.03,boundary,91,96.8445767117588,90.74340774034967,0.04256343425775683,5.187893404162419e-05,10.83306708052722,PASS
664,3,tier_1_primary_change_point,primary,pcfg_set,systematicity,transformer_2l,0.03,boundary,133,95.16407454691637,92.36603847157656,0.04241526163843633,3.373514233460737e-05,10.893319795395568,PASS
665,4,tier_1_primary_change_point,primary,pcfg_set,systematicity,transformer_2l,0.03,boundary,175,94.9831720913332,89.71755536116099,0.03778969139826265,4.73075068059355e-05,11.000293454967965,PASS
666,5,tier_1_primary_change_point,primary,pcfg_set,systematicity,transformer_2l,0.03,boundary,217,96.92950991541682,93.99900775367853,0.046854497433935154,2.3016563856056167e-05,10.948417346417148,PASS
667,6,tier_1_primary_change_point,primary,pcfg_set,systematicity,transformer_2l,0.03,boundary,259,95.71692314126531,93.41924851930986,0.053186372996236214,3.278271146817419e-05,10.864773590923186,PASS
668,7,tier_1_primary_change_point,primary,pcfg_set,systematicity,transformer_2l,0.03,boundary,301,96.5741301597096,94.15269786889546,0.04050794256095016,5.663696847734147e-05,10.849655875952148,PASS
669,8,tier_1_primary_change_point,primary,pcfg_set,systematicity,transformer_2l,0.03,boundary,343,95.91669418346648,92.8844300182994,0.04468375639032095,4.0638124496832974e-05,10.74241821096479,PASS
670,9,tier_1_primary_change_point,primary,pcfg_set,systematicity,transformer_2l,0.03,boundary,385,95.8813378488988,95.43002272030648,0.04299239769064147,3.287823654460354e-05,10.880134509526211,PASS
671,10,tier_1_primary_change_point,primary,pcfg_set,systematicity,transformer_2l,0.03,boundary,427,96.08512370259636,91.0400612478851,0.03638254430431116,1.3049913183335586e-05,11.03777210180999,PASS
672,11,tier_1_primary_change_point,primary,pcfg_set,systematicity,transformer_2l,0.03,boundary,469,95.87696060965509,89.300478421431,0.042440511721477114,3.0375883393334713e-05,10.776592582527908,PASS
673,12,tier_1_primary_change_point,primary,pcfg_set,systematicity,transformer_2l,0.03,boundary,511,97.22856623380366,92.45190362827755,0.044033303990024864,2.139899359227781e-05,10.76723411665483,PASS
674,13,tier_1_primary_change_point,primary,pcfg_set,systematicity,transformer_2l,0.03,boundary,553,97.04253203191483,92.21214854991563,0.029507054501898455,3.6891549434007165e-05,10.88690580723194,PASS
675,14,tier_1_primary_change_point,primary,pcfg_set,systematicity,transformer_2l,0.03,boundary,595,96.17451067410505,94.98094792011663,0.04049668326850303,3.8030402217502184e-05,10.788543664861633,PASS
676,15,tier_1_primary_change_point,primary,pcfg_set,systematicity,transformer_2l,0.03,boundary,637,94.83770814112752,93.12162585551103,0.03927186622458839,3.8820881332414795e-05,10.800640639961012,PASS
677,16,tier_1_primary_change_point,primary,pcfg_set,systematicity,transformer_2l,0.03,boundary,679,96.34325495398646,92.83693297522221,0.04807143441296483,5.801631265406713e-05,10.858187142263922,PASS
678,17,tier_1_primary_change_point,primary,pcfg_set,systematicity,transformer_2l,0.03,boundary,721,96.79001570783166,90.54181705846345,0.03998386235709559,5.041496621060691e-05,10.984461561806793,PASS
679,18,tier_1_primary_change_point,primary,pcfg_set,systematicity,transformer_2l,0.03,boundary,763,95.7998081111704,93.14761657944706,0.045425270748113054,3.002006373088722e-05,10.805244575822718,PASS
680,19,tier_1_primary_change_point,primary,pcfg_set,systematicity,transformer_2l,0.03,boundary,805,98.13667080643859,94.70494322431786,0.04697284411196765,4.567653056754722e-05,10.965445710928066,PASS
681,20,tier_1_primary_change_point,primary,pcfg_set,systematicity,transformer_2l,0.03,boundary,847,96.6833072557427,93.03855447411529,0.0518903742942994,2.654783872693385e-05,10.920607321872486,PASS
682,21,tier_1_primary_change_point,primary,pcfg_set,systematicity,transformer_2l,0.03,boundary,889,95.34518398870601,94.73614489586234,0.050464564366015714,3.008861153492937e-05,10.771406981861963,PASS
683,22,tier_1_primary_change_point,primary,pcfg_set,systematicity,transformer_2l,0.03,boundary,931,96.20681542178005,90.7514607728169,0.039174446637930356,3.005849761624351e-05,10.89998790900821,PASS
684,23,tier_1_primary_change_point,primary,pcfg_set,systematicity,transformer_2l,0.03,boundary,973,94.77510171268611,92.85197657186339,0.043772434229178155,3.325403387386472e-05,10.818572442668936,PASS
685,24,tier_1_primary_change_point,primary,pcfg_set,systematicity,transformer_2l,0.03,boundary,1015,96.32614414319741,92.05577024846309,0.05261547976975403,3.19495163157949e-05,10.926538314235676,PASS
686,25,tier_1_primary_change_point,primary,pcfg_set,systematicity,transformer_2l,0.03,boundary,1057,94.75282204155046,96.37368907975691,0.03876476462999738,5.680708520141382e-05,10.87078503520715,PASS
687,26,tier_1_primary_change_point,primary,pcfg_set,systematicity,transformer_2l,0.03,boundary,1099,95.12491496069578,92.93105563929021,0.044374181340550975,4.3378516079189905e-05,10.85523458984293,PASS
688,27,tier_1_primary_change_point,primary,pcfg_set,systematicity,transformer_2l,0.03,boundary,1141,96.69319881825903,91.795178892401,0.037187268113060896,4.856278084699531e-05,10.85759692511601,PASS
689,28,tier_1_primary_change_point,primary,pcfg_set,systematicity,transformer_2l,0.03,boundary,1183,95.24115478501079,91.91738598660729,0.04471585367532568,4.2615650263234254e-05,10.801502182934025,PASS
690,29,tier_1_primary_change_point,primary,pcfg_set,systematicity,transformer_2l,0.03,boundary,1225,97.14308385734009,91.31884170913492,0.046087151402617446,2.4792811074749615e-05,10.845542449462702,PASS
691,0,tier_1_primary_change_point,primary,pcfg_set,systematicity,transformer_2l,0.5,supercritical,7,95.98657021996583,98.16981022813019,0.033459397697720314,5.3929954852001075e-05,10.820412407915914,PASS
692,1,tier_1_primary_change_point,primary,pcfg_set,systematicity,transformer_2l,0.5,supercritical,49,96.48915935670435,97.76734896556248,0.04326063020059956,3.414607164690047e-05,10.875755809829341,PASS
693,2,tier_1_primary_change_point,primary,pcfg_set,systematicity,transformer_2l,0.5,supercritical,91,97.34703700078362,97.58369453070904,0.03440480934471792,2.424186201862961e-05,10.98058317810369,PASS
694,3,tier_1_primary_change_point,primary,pcfg_set,systematicity,transformer_2l,0.5,supercritical,133,96.76969102024502,97.87302681627511,0.036734707963151425,2.3548439065795808e-05,10.901303949410037,PASS
695,4,tier_1_primary_change_point,primary,pcfg_set,systematicity,transformer_2l,0.5,supercritical,175,95.67037953224514,97.12449071238392,0.04108090896387216,5.170866868030394e-05,10.956685083375872,PASS
696,5,tier_1_primary_change_point,primary,pcfg_set,systematicity,transformer_2l,0.5,supercritical,217,96.6110512397252,98.45844298542688,0.04190846844041946,3.22649241291147e-05,10.764044552764902,PASS
697,6,tier_1_primary_change_point,primary,pcfg_set,systematicity,transformer_2l,0.5,supercritical,259,96.46712102799526,97.83430126000748,0.031498433160271594,4.321661727215558e-05,10.928739405014198,PASS
698,7,tier_1_primary_change_point,primary,pcfg_set,systematicity,transformer_2l,0.5,supercritical,301,96.4504199395941,97.48782064403379,0.03525756601261517,4.960507705261081e-05,10.84915806663539,PASS
699,8,tier_1_primary_change_point,primary,pcfg_set,systematicity,transformer_2l,0.5,supercritical,343,97.5606482347664,98.51030432169343,0.038337724077126004,3.0012887686689874e-05,10.818216276608162,PASS
700,9,tier_1_primary_change_point,primary,pcfg_set,systematicity,transformer_2l,0.5,supercritical,385,97.03007914986996,97.76320025229302,0.04156562063398231,2.181216510730239e-05,10.872983741655192,PASS
701,10,tier_1_primary_change_point,primary,pcfg_set,systematicity,transformer_2l,0.5,supercritical,427,97.01558881171277,97.56431688793892,0.042646095343589006,3.205641017316114e-05,10.78832495714041,PASS
702,11,tier_1_primary_change_point,primary,pcfg_set,systematicity,transformer_2l,0.5,supercritical,469,96.16742115225375,97.1548360029735,0.03177270071966026,4.089816765726558e-05,10.866463863303341,PASS
703,12,tier_1_primary_change_point,primary,pcfg_set,systematicity,transformer_2l,0.5,supercritical,511,96.47759187778166,98.62999080468153,0.039948668725908694,2.662839377348267e-05,10.775501811849496,PASS
704,13,tier_1_primary_change_point,primary,pcfg_set,systematicity,transformer_2l,0.5,supercritical,553,97.34503550639509,98.14279816826249,0.048149362875935,2.8170317806867614e-05,10.802360113237096,PASS
705,14,tier_1_primary_change_point,primary,pcfg_set,systematicity,transformer_2l,0.5,supercritical,595,96.30500733636067,97.62490093804423,0.04435802643696347,4.917076599197321e-05,10.842528492717008,PASS
706,15,tier_1_primary_change_point,primary,pcfg_set,systematicity,transformer_2l,0.5,supercritical,637,97.35754355099914,98.30844705951684,0.031570569338757834,3.756174423812742e-05,10.759494234278725,PASS
707,16,tier_1_primary_change_point,primary,pcfg_set,systematicity,transformer_2l,0.5,supercritical,679,96.00280804819587,97.55750895568804,0.04131822909141491,3.8792370982022904e-05,10.82026075657112,PASS
708,17,tier_1_primary_change_point,primary,pcfg_set,systematicity,transformer_2l,0.5,supercritical,721,95.87813182339538,97.39753646751126,0.04173367495982661,3.729708337804044e-05,10.71084035130608,PASS
709,18,tier_1_primary_change_point,primary,pcfg_set,systematicity,transformer_2l,0.5,supercritical,763,95.64272810894172,97.16420041264384,0.03583767376774227,1.3390983089646346e-05,10.939373597383957,PASS
710,19,tier_1_primary_change_point,primary,pcfg_set,systematicity,transformer_2l,0.5,supercritical,805,95.31734352242208,97.51394843067372,0.039492540527737124,3.170575084610768e-05,10.859297904253497,PASS
711,20,tier_1_primary_change_point,primary,pcfg_set,systematicity,transformer_2l,0.5,supercritical,847,96.49619410248727,98.2036768829063,0.03882087273376024,2.512153829723545e-05,10.999072517674056,PASS
712,21,tier_1_primary_change_point,primary,pcfg_set,systematicity,transformer_2l,0.5,supercritical,889,96.43138060161732,98.44579775613168,0.038792497177449106,1.0140175833837075e-05,10.865013318905484,PASS
713,22,tier_1_primary_change_point,primary,pcfg_set,systematicity,transformer_2l,0.5,supercritical,931,97.47108524540887,97.31928890707503,0.0356635973988885,4.0931990491241284e-05,10.77238157663867,PASS
714,23,tier_1_primary_change_point,primary,pcfg_set,systematicity,transformer_2l,0.5,supercritical,973,96.0003115547251,98.61980552336375,0.034896868507101914,2.3682108184464176e-05,10.77309013096914,PASS
715,24,tier_1_primary_change_point,primary,pcfg_set,systematicity,transformer_2l,0.5,supercritical,1015,96.1977048332228,98.92798723760053,0.04335928932066833,5.0901496835346315e-05,10.780459581826346,PASS
716,25,tier_1_primary_change_point,primary,pcfg_set,systematicity,transformer_2l,0.5,supercritical,1057,97.19177095925369,98.62816865533001,0.03928718941834225,4.730421420549808e-05,10.750041560160447,PASS
717,26,tier_1_primary_change_point,primary,pcfg_set,systematicity,transformer_2l,0.5,supercritical,1099,98.2479343747235,97.86987607294273,0.029962791989237788,3.135977470598816e-05,10.805789449999624,PASS
718,27,tier_1_primary_change_point,primary,pcfg_set,systematicity,transformer_2l,0.5,supercritical,1141,96.01095618773722,96.51349200734681,0.04981528024698831,5.221336192686253e-05,10.923426328999831,PASS
719,28,tier_1_primary_change_point,primary,pcfg_set,systematicity,transformer_2l,0.5,supercritical,1183,96.29012896522363,98.20856330376486,0.03634395159056475,3.312482580595443e-05,10.845021724535778,PASS
720,29,tier_1_primary_change_point,primary,pcfg_set,systematicity,transformer_2l,0.5,supercritical,1225,96.40404072281295,98.35554083213498,0.03524864811793858,2.3793079042430405e-05,10.835193797230264,PASS
721,0,tier_2_exploratory_scaling,exploratory,hbar,split_b_recursion_depth,transformer_4l_scaled,0.0,subcritical,7,94.8527610034028,72.00741226177085,0.001,0.0006619110696305107,12.421828939208497,PASS
722,1,tier_2_exploratory_scaling,exploratory,hbar,split_b_recursion_depth,transformer_4l_scaled,0.0,subcritical,49,91.7883179493159,73.95445506146673,0.001,0.0007018339360161769,12.680914319367462,PASS
723,2,tier_2_exploratory_scaling,exploratory,hbar,split_b_recursion_depth,transformer_4l_scaled,0.0,subcritical,91,95.5120486644864,66.26143227199056,0.001,0.0006099097637079409,12.511563498517933,PASS
724,3,tier_2_exploratory_scaling,exploratory,hbar,split_b_recursion_depth,transformer_4l_scaled,0.0,subcritical,133,93.54806496924796,56.90904917549092,0.001,0.0005643231470552502,12.427232440544659,PASS
725,4,tier_2_exploratory_scaling,exploratory,hbar,split_b_recursion_depth,transformer_4l_scaled,0.0,subcritical,175,93.56305179743347,62.974350555268664,0.001,0.00021696085205083726,12.378689308426496,PASS
726,5,tier_2_exploratory_scaling,exploratory,hbar,split_b_recursion_depth,transformer_4l_scaled,0.0,subcritical,217,95.4012463833154,60.34841342496869,0.001,0.0009308199604248885,12.626025694151915,PASS
727,6,tier_2_exploratory_scaling,exploratory,hbar,split_b_recursion_depth,transformer_4l_scaled,0.0,subcritical,259,93.64934433645944,66.35822686399828,0.001,0.00078221520549042,12.372899290887519,PASS
728,7,tier_2_exploratory_scaling,exploratory,hbar,split_b_recursion_depth,transformer_4l_scaled,0.0,subcritical,301,94.78934281982039,68.01487851522916,0.001,0.0004422257699129926,12.61610531964172,PASS
729,8,tier_2_exploratory_scaling,exploratory,hbar,split_b_recursion_depth,transformer_4l_scaled,0.0,subcritical,343,93.19342962779722,59.247595972992734,0.001,0.000504142738549005,12.559948842071735,PASS
730,9,tier_2_exploratory_scaling,exploratory,hbar,split_b_recursion_depth,transformer_4l_scaled,0.0,subcritical,385,94.72687617781126,64.55816034561353,0.001,0.00022750940247451908,12.542480959225186,PASS
731,0,tier_2_exploratory_scaling,exploratory,hbar,split_b_recursion_depth,transformer_4l_scaled,0.025,boundary,7,95.99523749917941,98.8330675168161,0.04899217021738737,0.0017797230017910118,12.493822400912967,PASS
732,1,tier_2_exploratory_scaling,exploratory,hbar,split_b_recursion_depth,transformer_4l_scaled,0.025,boundary,49,94.59321358272345,99.29855763892533,0.03450499880917542,0.0017355969406662591,12.443140901603604,PASS
733,2,tier_2_exploratory_scaling,exploratory,hbar,split_b_recursion_depth,transformer_4l_scaled,0.025,boundary,91,96.14727673957073,99.17992022159869,0.03998544308378305,0.0016607778555830038,12.476817541076024,PASS
734,3,tier_2_exploratory_scaling,exploratory,hbar,split_b_recursion_depth,transformer_4l_scaled,0.025,boundary,133,94.28546769174416,99.07407372856375,0.045977803108507936,0.0009253874339445681,12.312581344504416,PASS
735,4,tier_2_exploratory_scaling,exploratory,hbar,split_b_recursion_depth,transformer_4l_scaled,0.025,boundary,175,96.6977500768231,99.36338523890967,0.043341186109087534,0.0011029095874372922,12.430228837420543,PASS
736,5,tier_2_exploratory_scaling,exploratory,hbar,split_b_recursion_depth,transformer_4l_scaled,0.025,boundary,217,95.42043473061814,99.21893083967693,0.036951380907063534,0.0019046697895029711,12.587117413083659,PASS
737,6,tier_2_exploratory_scaling,exploratory,hbar,split_b_recursion_depth,transformer_4l_scaled,0.025,boundary,259,96.07441653478398,99.2360574058213,0.04022232852755971,0.002393787692892017,12.518602129780925,PASS
738,7,tier_2_exploratory_scaling,exploratory,hbar,split_b_recursion_depth,transformer_4l_scaled,0.025,boundary,301,94.03569301738392,99.14085772607918,0.035347052629600674,0.0008820705198326507,12.58675244500613,PASS
739,8,tier_2_exploratory_scaling,exploratory,hbar,split_b_recursion_depth,transformer_4l_scaled,0.025,boundary,343,95.1430473447786,98.97970552920232,0.04000798228417072,0.000800973876949542,12.595223122277915,PASS
740,9,tier_2_exploratory_scaling,exploratory,hbar,split_b_recursion_depth,transformer_4l_scaled,0.025,boundary,385,95.59428970637092,99.37415588040787,0.035496184514399884,0.0014264498947098331,12.456895374789317,PASS
741,0,tier_2_exploratory_scaling,exploratory,hbar,split_b_recursion_depth,transformer_4l_scaled,0.5,supercritical,7,95.60390839318056,99.32255228732107,0.0323876882626083,0.0607939727347903,12.455704059467129,PASS
742,1,tier_2_exploratory_scaling,exploratory,hbar,split_b_recursion_depth,transformer_4l_scaled,0.5,supercritical,49,96.30283380223344,99.47294065951674,0.021067613752429493,0.16931943675857822,12.462162475278728,PASS
743,2,tier_2_exploratory_scaling,exploratory,hbar,split_b_recursion_depth,transformer_4l_scaled,0.5,supercritical,91,95.68860233529726,99.29100126461884,0.02616519696889596,0.16113576018339204,12.47018197575778,PASS
744,3,tier_2_exploratory_scaling,exploratory,hbar,split_b_recursion_depth,transformer_4l_scaled,0.5,supercritical,133,96.18811460119046,99.39450132887477,0.030311314790777068,0.1257075545856045,12.426375455561905,PASS
745,4,tier_2_exploratory_scaling,exploratory,hbar,split_b_recursion_depth,transformer_4l_scaled,0.5,supercritical,175,96.75020659508716,99.41952391894532,0.029571680372325545,0.11328107685239987,12.495753223208913,PASS
746,5,tier_2_exploratory_scaling,exploratory,hbar,split_b_recursion_depth,transformer_4l_scaled,0.5,supercritical,217,96.85252840012866,99.47814407136919,0.02966261812209494,0.1309306374056527,12.280810141656472,PASS
747,6,tier_2_exploratory_scaling,exploratory,hbar,split_b_recursion_depth,transformer_4l_scaled,0.5,supercritical,259,96.45923214379927,99.56751111456018,0.03236756795965992,0.09223899797823737,12.619173179916753,PASS
748,7,tier_2_exploratory_scaling,exploratory,hbar,split_b_recursion_depth,transformer_4l_scaled,0.5,supercritical,301,96.38526517996597,99.22449356315484,0.039133139669472176,0.10385661621282515,12.484395074395065,PASS
749,8,tier_2_exploratory_scaling,exploratory,hbar,split_b_recursion_depth,transformer_4l_scaled,0.5,supercritical,343,96.26681584681738,99.62825102695955,0.025396343567622937,0.12652978427363054,12.298071096809744,PASS
750,9,tier_2_exploratory_scaling,exploratory,hbar,split_b_recursion_depth,transformer_4l_scaled,0.5,supercritical,385,97.55021736102863,99.40959338954622,0.028199980337282486,0.09290905289039059,12.538994996318715,PASS
751,0,tier_2_exploratory_scaling,exploratory,hbar,split_b_recursion_depth,gru_baseline,0.0,subcritical,7,97.25364829718215,76.63450726102928,0.001,6.44055153017214e-07,8.41780236867369,PASS
752,1,tier_2_exploratory_scaling,exploratory,hbar,split_b_recursion_depth,gru_baseline,0.0,subcritical,49,98.80057695317927,80.71008953492613,0.001,1.2971607337603254e-06,8.531361940799874,PASS
753,2,tier_2_exploratory_scaling,exploratory,hbar,split_b_recursion_depth,gru_baseline,0.0,subcritical,91,100.0,67.93135376540272,0.001,4.7011735198105966e-07,8.553783216292446,PASS
754,3,tier_2_exploratory_scaling,exploratory,hbar,split_b_recursion_depth,gru_baseline,0.0,subcritical,133,99.55218190024421,89.12930858869395,0.001,9.412782100997078e-07,8.352175240650762,PASS
755,4,tier_2_exploratory_scaling,exploratory,hbar,split_b_recursion_depth,gru_baseline,0.0,subcritical,175,99.11978573129088,76.74659617558558,0.001,5.499772286507567e-07,8.390306692387925,PASS
756,5,tier_2_exploratory_scaling,exploratory,hbar,split_b_recursion_depth,gru_baseline,0.0,subcritical,217,98.0015211741622,54.86816138734193,0.001,0.0,8.611022708573865,PASS
757,6,tier_2_exploratory_scaling,exploratory,hbar,split_b_recursion_depth,gru_baseline,0.0,subcritical,259,97.57157015616296,64.66636791034853,0.001,2.2289914329912726e-07,8.521303085057117,PASS
758,7,tier_2_exploratory_scaling,exploratory,hbar,split_b_recursion_depth,gru_baseline,0.0,subcritical,301,100.0,77.54234110800833,0.001,0.0,8.436470171291498,PASS
759,8,tier_2_exploratory_scaling,exploratory,hbar,split_b_recursion_depth,gru_baseline,0.0,subcritical,343,98.47968310492294,68.73986333746221,0.001,7.816693882147887e-07,8.523091892667084,PASS
760,9,tier_2_exploratory_scaling,exploratory,hbar,split_b_recursion_depth,gru_baseline,0.0,subcritical,385,97.28096008310783,71.45295747069717,0.001,0.0,8.472392642125117,PASS
761,0,tier_2_exploratory_scaling,exploratory,hbar,split_b_recursion_depth,gru_baseline,0.025,boundary,7,99.30115297733657,87.5182656079144,0.1511937713146062,5.85708576176917e-07,8.478221254863938,PASS
762,1,tier_2_exploratory_scaling,exploratory,hbar,split_b_recursion_depth,gru_baseline,0.025,boundary,49,100.0,81.67603334742667,0.16181920775200606,5.922023079643678e-07,8.486245819233261,PASS
763,2,tier_2_exploratory_scaling,exploratory,hbar,split_b_recursion_depth,gru_baseline,0.025,boundary,91,98.86295095024327,96.03539609236292,0.1548056462064839,0.0,8.413742838835114,PASS
764,3,tier_2_exploratory_scaling,exploratory,hbar,split_b_recursion_depth,gru_baseline,0.025,boundary,133,98.93120887668688,92.01151103829255,0.1581849620497659,0.0,8.484551424200918,PASS
765,4,tier_2_exploratory_scaling,exploratory,hbar,split_b_recursion_depth,gru_baseline,0.025,boundary,175,98.6784531761916,81.06473893296138,0.1544160199402177,0.0,8.598519806607715,PASS
766,5,tier_2_exploratory_scaling,exploratory,hbar,split_b_recursion_depth,gru_baseline,0.025,boundary,217,98.70451729246423,94.38455507964711,0.14991765604512772,0.0,8.473450088706336,PASS
767,6,tier_2_exploratory_scaling,exploratory,hbar,split_b_recursion_depth,gru_baseline,0.025,boundary,259,99.09714501788054,86.38953311883627,0.14887595397301637,0.0,8.597745208962614,PASS
768,7,tier_2_exploratory_scaling,exploratory,hbar,split_b_recursion_depth,gru_baseline,0.025,boundary,301,99.01272917814705,98.1191946679877,0.15282938265580803,0.0,8.54663476366518,PASS
769,8,tier_2_exploratory_scaling,exploratory,hbar,split_b_recursion_depth,gru_baseline,0.025,boundary,343,99.21989728688605,87.7230086324739,0.15441572557452202,0.0,8.479835319098084,PASS
770,9,tier_2_exploratory_scaling,exploratory,hbar,split_b_recursion_depth,gru_baseline,0.025,boundary,385,98.82212367124797,91.23557946825768,0.15534566061187383,2.0381957270403595e-06,8.836907354990496,PASS
771,0,tier_2_exploratory_scaling,exploratory,hbar,split_b_recursion_depth,gru_baseline,0.5,supercritical,7,98.89938115490507,65.33946149770439,0.1113750099865457,8.931081543887472e-07,8.585736769981153,PASS
772,1,tier_2_exploratory_scaling,exploratory,hbar,split_b_recursion_depth,gru_baseline,0.5,supercritical,49,99.90267104774212,65.28744995213013,0.10847074532659277,0.0,8.481379601557295,PASS
773,2,tier_2_exploratory_scaling,exploratory,hbar,split_b_recursion_depth,gru_baseline,0.5,supercritical,91,99.50032905057441,74.45264553292387,0.11721889883096756,1.038807519759474e-07,8.513691091843953,PASS
774,3,tier_2_exploratory_scaling,exploratory,hbar,split_b_recursion_depth,gru_baseline,0.5,supercritical,133,99.62347201524163,74.17416004207786,0.11380259004320159,0.0,8.577122287325748,PASS
775,4,tier_2_exploratory_scaling,exploratory,hbar,split_b_recursion_depth,gru_baseline,0.5,supercritical,175,99.26228506372672,77.62763080458501,0.1053441522283094,7.388215453228329e-07,8.342655096943414,PASS
776,5,tier_2_exploratory_scaling,exploratory,hbar,split_b_recursion_depth,gru_baseline,0.5,supercritical,217,99.30013316034771,74.4602519937681,0.10720490237086813,0.0,8.485828921270597,PASS
777,6,tier_2_exploratory_scaling,exploratory,hbar,split_b_recursion_depth,gru_baseline,0.5,supercritical,259,100.0,80.16444094478172,0.11106895345844965,5.653571498708116e-07,8.559874699018374,PASS
778,7,tier_2_exploratory_scaling,exploratory,hbar,split_b_recursion_depth,gru_baseline,0.5,supercritical,301,99.62437038979346,72.784792976306,0.10741213788680024,0.0,8.502206454584613,PASS
779,8,tier_2_exploratory_scaling,exploratory,hbar,split_b_recursion_depth,gru_baseline,0.5,supercritical,343,98.83361088846573,71.48359761750118,0.108287454368605,0.0,8.517111109955193,PASS
780,9,tier_2_exploratory_scaling,exploratory,hbar,split_b_recursion_depth,gru_baseline,0.5,supercritical,385,99.4144603782166,64.90268652396686,0.11376177988382832,6.996398743749057e-07,8.476360686076788,PASS
781,0,tier_2_exploratory_scaling,exploratory,scan_jump,add_primitive_jump,transformer_4l_scaled,0.0,subcritical,7,99.37088371745409,15.147607574609298,0.001,0.00045252461452893245,12.373975814314758,PASS
782,1,tier_2_exploratory_scaling,exploratory,scan_jump,add_primitive_jump,transformer_4l_scaled,0.0,subcritical,49,97.8951030013833,18.68652006846603,0.001,0.0008513188299457609,12.498377885657098,PASS
783,2,tier_2_exploratory_scaling,exploratory,scan_jump,add_primitive_jump,transformer_4l_scaled,0.0,subcritical,91,98.04689325002589,8.503048650870756,0.001,0.0006377348830018119,12.57442945298799,PASS
784,3,tier_2_exploratory_scaling,exploratory,scan_jump,add_primitive_jump,transformer_4l_scaled,0.0,subcritical,133,97.8158447549229,18.132018913331557,0.001,0.000548407338455726,12.549540189731644,PASS
785,4,tier_2_exploratory_scaling,exploratory,scan_jump,add_primitive_jump,transformer_4l_scaled,0.0,subcritical,175,99.60342895827864,14.860795115362482,0.001,0.0006794844562720866,12.487065621471347,PASS
786,5,tier_2_exploratory_scaling,exploratory,scan_jump,add_primitive_jump,transformer_4l_scaled,0.0,subcritical,217,100.0,16.35353021303666,0.001,0.0004499785903920408,12.65070141085522,PASS
787,6,tier_2_exploratory_scaling,exploratory,scan_jump,add_primitive_jump,transformer_4l_scaled,0.0,subcritical,259,99.19838201541735,12.393643134540548,0.001,0.0007693155164734217,12.492436886601105,PASS
788,7,tier_2_exploratory_scaling,exploratory,scan_jump,add_primitive_jump,transformer_4l_scaled,0.0,subcritical,301,98.8979399165628,16.21965879480849,0.001,0.0005499583269319542,12.589978793321572,PASS
789,8,tier_2_exploratory_scaling,exploratory,scan_jump,add_primitive_jump,transformer_4l_scaled,0.0,subcritical,343,99.07199068304088,12.669006278155633,0.001,0.0009832178605467595,12.603863764965473,PASS
790,9,tier_2_exploratory_scaling,exploratory,scan_jump,add_primitive_jump,transformer_4l_scaled,0.0,subcritical,385,98.15168896701398,14.923233025643057,0.001,0.0005604914820636443,12.546594053234173,PASS
791,0,tier_2_exploratory_scaling,exploratory,scan_jump,add_primitive_jump,transformer_4l_scaled,0.025,boundary,7,99.15235853987721,89.0040381450228,0.04375225597903229,0.0019232541223760463,12.304896481134616,PASS
792,1,tier_2_exploratory_scaling,exploratory,scan_jump,add_primitive_jump,transformer_4l_scaled,0.025,boundary,49,98.22590481391535,90.62930616117947,0.02816360096400973,0.0019696037257110866,12.37898137141171,PASS
793,2,tier_2_exploratory_scaling,exploratory,scan_jump,add_primitive_jump,transformer_4l_scaled,0.025,boundary,91,99.0334556878261,91.77588751896013,0.05161516675727845,0.00189909240900589,12.364783284496433,PASS
794,3,tier_2_exploratory_scaling,exploratory,scan_jump,add_primitive_jump,transformer_4l_scaled,0.025,boundary,133,98.7209591974206,92.88784454639267,0.03826169982884765,0.0011873234000295669,12.579885867271313,PASS
795,4,tier_2_exploratory_scaling,exploratory,scan_jump,add_primitive_jump,transformer_4l_scaled,0.025,boundary,175,98.48823407846368,90.19786430875715,0.04280429391369778,0.0021001450578760268,12.471077367064876,PASS
796,5,tier_2_exploratory_scaling,exploratory,scan_jump,add_primitive_jump,transformer_4l_scaled,0.025,boundary,217,98.6947499010818,90.83146704443645,0.04349853511505152,0.0018461715928030716,12.457059216577706,PASS
797,6,tier_2_exploratory_scaling,exploratory,scan_jump,add_primitive_jump,transformer_4l_scaled,0.025,boundary,259,99.2032790636449,90.55253355656747,0.039019208484043805,0.0016793569024127419,12.613968567577642,PASS
798,7,tier_2_exploratory_scaling,exploratory,scan_jump,add_primitive_jump,transformer_4l_scaled,0.025,boundary,301,98.90667666347828,89.04451167331767,0.044963516879484855,0.0016894091136432498,12.414239676289228,PASS
799,8,tier_2_exploratory_scaling,exploratory,scan_jump,add_primitive_jump,transformer_4l_scaled,0.025,boundary,343,99.25415405431872,91.3338981176763,0.04041766603767005,0.001439360766888407,12.660442012956324,PASS
800,9,tier_2_exploratory_scaling,exploratory,scan_jump,add_primitive_jump,transformer_4l_scaled,0.025,boundary,385,98.77776493137543,88.59905012013843,0.03191303225206521,0.0013224501851946662,12.535044091099635,PASS
801,0,tier_2_exploratory_scaling,exploratory,scan_jump,add_primitive_jump,transformer_4l_scaled,0.5,supercritical,7,99.27297627421228,99.24956613141518,0.03696718825931564,0.0968550803642115,12.460028251937413,PASS
802,1,tier_2_exploratory_scaling,exploratory,scan_jump,add_primitive_jump,transformer_4l_scaled,0.5,supercritical,49,99.13815415750754,99.2149258169648,0.03533070866174199,0.1320512594311941,12.344587027027865,PASS
803,2,tier_2_exploratory_scaling,exploratory,scan_jump,add_primitive_jump,transformer_4l_scaled,0.5,supercritical,91,99.64039931864502,99.18654144216184,0.032920255620549385,0.12322104486689722,12.495417846209282,PASS
804,3,tier_2_exploratory_scaling,exploratory,scan_jump,add_primitive_jump,transformer_4l_scaled,0.5,supercritical,133,99.4893196152901,99.60657249533658,0.031249783998786747,0.11443169654085654,12.432476197361986,PASS
805,4,tier_2_exploratory_scaling,exploratory,scan_jump,add_primitive_jump,transformer_4l_scaled,0.5,supercritical,175,98.90839238115879,98.96044358484804,0.02514516286642282,0.07498929015071248,12.36489133397504,PASS
806,5,tier_2_exploratory_scaling,exploratory,scan_jump,add_primitive_jump,transformer_4l_scaled,0.5,supercritical,217,99.92342877746908,98.91130742881346,0.032484725463035935,0.10067784194993974,12.459971340610997,PASS
807,6,tier_2_exploratory_scaling,exploratory,scan_jump,add_primitive_jump,transformer_4l_scaled,0.5,supercritical,259,99.2892688003845,99.05133403839568,0.026998727813544832,0.14600430910827586,12.510508306338258,PASS
808,7,tier_2_exploratory_scaling,exploratory,scan_jump,add_primitive_jump,transformer_4l_scaled,0.5,supercritical,301,99.34703183287826,98.87385800855911,0.033575029092497176,0.06191694539405487,12.572951418051282,PASS
809,8,tier_2_exploratory_scaling,exploratory,scan_jump,add_primitive_jump,transformer_4l_scaled,0.5,supercritical,343,99.8489215758321,99.15565658144249,0.02659292495694439,0.12056478844311336,12.437503784467697,PASS
810,9,tier_2_exploratory_scaling,exploratory,scan_jump,add_primitive_jump,transformer_4l_scaled,0.5,supercritical,385,98.78027463349298,99.13172239111417,0.03363771779845379,0.09797890324528397,12.612125396045927,PASS
811,0,tier_2_exploratory_scaling,exploratory,scan_jump,add_primitive_jump,gru_baseline,0.0,subcritical,7,97.48192924835215,11.802271183930486,0.001,0.0,8.43773105830953,PASS
812,1,tier_2_exploratory_scaling,exploratory,scan_jump,add_primitive_jump,gru_baseline,0.0,subcritical,49,97.41799272617553,19.54348376322744,0.001,4.306639527728886e-07,8.663613021475044,PASS
813,2,tier_2_exploratory_scaling,exploratory,scan_jump,add_primitive_jump,gru_baseline,0.0,subcritical,91,99.24516774606231,18.293663298863777,0.001,1.5000066024752952e-06,8.424604980527242,PASS
814,3,tier_2_exploratory_scaling,exploratory,scan_jump,add_primitive_jump,gru_baseline,0.0,subcritical,133,98.15517618922256,16.071307943007923,0.001,1.2167332254175215e-06,8.450083694080242,PASS
815,4,tier_2_exploratory_scaling,exploratory,scan_jump,add_primitive_jump,gru_baseline,0.0,subcritical,175,99.92427233264507,21.82521246109236,0.001,4.20059311792246e-07,8.478058568513495,PASS
816,5,tier_2_exploratory_scaling,exploratory,scan_jump,add_primitive_jump,gru_baseline,0.0,subcritical,217,98.70538802514523,18.727083790621954,0.001,3.076811922626211e-07,8.545493125359469,PASS
817,6,tier_2_exploratory_scaling,exploratory,scan_jump,add_primitive_jump,gru_baseline,0.0,subcritical,259,98.80621809976367,14.707088273927644,0.001,1.0903082864246813e-06,8.486066978496343,PASS
818,7,tier_2_exploratory_scaling,exploratory,scan_jump,add_primitive_jump,gru_baseline,0.0,subcritical,301,98.27694350112417,15.327577753479659,0.001,0.0,8.431870198736176,PASS
819,8,tier_2_exploratory_scaling,exploratory,scan_jump,add_primitive_jump,gru_baseline,0.0,subcritical,343,98.51569232635455,15.391092676555246,0.001,6.746319719032173e-07,8.332427581287511,PASS
820,9,tier_2_exploratory_scaling,exploratory,scan_jump,add_primitive_jump,gru_baseline,0.0,subcritical,385,97.52538770034705,17.21301967423568,0.001,0.0,8.63505929527861,PASS
821,0,tier_2_exploratory_scaling,exploratory,scan_jump,add_primitive_jump,gru_baseline,0.025,boundary,7,99.12113253742754,81.44554380536569,0.14987146255661896,1.810310721357251e-06,8.401178053432037,PASS
822,1,tier_2_exploratory_scaling,exploratory,scan_jump,add_primitive_jump,gru_baseline,0.025,boundary,49,99.14158680924768,84.64018456940052,0.15650998858667772,0.0,8.464544382911003,PASS
823,2,tier_2_exploratory_scaling,exploratory,scan_jump,add_primitive_jump,gru_baseline,0.025,boundary,91,99.05700298351427,84.83473598600689,0.14979240644514893,1.8825172140141088e-06,8.481016496538807,PASS
824,3,tier_2_exploratory_scaling,exploratory,scan_jump,add_primitive_jump,gru_baseline,0.025,boundary,133,98.903345933995,88.69371848070247,0.15241574461953708,0.0,8.465008766726042,PASS
825,4,tier_2_exploratory_scaling,exploratory,scan_jump,add_primitive_jump,gru_baseline,0.025,boundary,175,99.1578750737955,82.56912652745345,0.139307910855106,0.0,8.602177625271139,PASS
826,5,tier_2_exploratory_scaling,exploratory,scan_jump,add_primitive_jump,gru_baseline,0.025,boundary,217,98.14303317818468,84.24627502820663,0.15471070468514753,0.0,8.382878565901843,PASS
827,6,tier_2_exploratory_scaling,exploratory,scan_jump,add_primitive_jump,gru_baseline,0.025,boundary,259,99.27477703217198,82.94673890613494,0.14794691764685844,0.0,8.534018325681913,PASS
828,7,tier_2_exploratory_scaling,exploratory,scan_jump,add_primitive_jump,gru_baseline,0.025,boundary,301,99.31675354404808,86.57404235205652,0.15419005892697413,1.5564907604497942e-06,8.390579631268977,PASS
829,8,tier_2_exploratory_scaling,exploratory,scan_jump,add_primitive_jump,gru_baseline,0.025,boundary,343,99.72027977974477,77.19684396641148,0.15977704482191907,1.1030189844349378e-06,8.767868998781422,PASS
830,9,tier_2_exploratory_scaling,exploratory,scan_jump,add_primitive_jump,gru_baseline,0.025,boundary,385,98.17047202065731,88.55660039804857,0.155682178629303,0.0,8.445756316322178,PASS
831,0,tier_2_exploratory_scaling,exploratory,scan_jump,add_primitive_jump,gru_baseline,0.5,supercritical,7,98.98450774929795,93.2380048922561,0.11231925638916368,0.0,8.513811024533817,PASS
832,1,tier_2_exploratory_scaling,exploratory,scan_jump,add_primitive_jump,gru_baseline,0.5,supercritical,49,99.11746024714586,98.80574779204255,0.10237779833094302,9.322709141959323e-07,8.733369817809894,PASS
833,2,tier_2_exploratory_scaling,exploratory,scan_jump,add_primitive_jump,gru_baseline,0.5,supercritical,91,99.16499433995634,89.30427229250994,0.11529789346970987,0.0,8.459144122810347,PASS
834,3,tier_2_exploratory_scaling,exploratory,scan_jump,add_primitive_jump,gru_baseline,0.5,supercritical,133,99.38727542854348,84.39059819265054,0.11333127245703216,0.0,8.468047485696443,PASS
835,4,tier_2_exploratory_scaling,exploratory,scan_jump,add_primitive_jump,gru_baseline,0.5,supercritical,175,98.79453705211414,79.5950231860432,0.10715284339809339,1.4486624165210153e-06,8.440997954713449,PASS
836,5,tier_2_exploratory_scaling,exploratory,scan_jump,add_primitive_jump,gru_baseline,0.5,supercritical,217,99.76313696141665,85.62272170763774,0.11180008368529246,0.0,8.295387432488141,PASS
837,6,tier_2_exploratory_scaling,exploratory,scan_jump,add_primitive_jump,gru_baseline,0.5,supercritical,259,99.87911205156901,94.0111392338403,0.1116558034988047,0.0,8.396642476430426,PASS
838,7,tier_2_exploratory_scaling,exploratory,scan_jump,add_primitive_jump,gru_baseline,0.5,supercritical,301,99.04318888793631,89.40635022882215,0.11495528115055009,9.687288763479762e-08,8.632604088323278,PASS
839,8,tier_2_exploratory_scaling,exploratory,scan_jump,add_primitive_jump,gru_baseline,0.5,supercritical,343,99.40247519047931,88.40449730103553,0.10139162200253544,7.349264273594703e-07,8.355179509272283,PASS
840,9,tier_2_exploratory_scaling,exploratory,scan_jump,add_primitive_jump,gru_baseline,0.5,supercritical,385,99.63709205805723,89.93619095371757,0.1029116812078269,8.357629079250844e-08,8.397303034595142,PASS
841,0,tier_2_exploratory_scaling,exploratory,cogs,structural_recursion,transformer_4l_scaled,0.0,subcritical,7,90.95238288639459,40.80539638255823,0.001,0.0005394476428543301,12.513569596126041,PASS
842,1,tier_2_exploratory_scaling,exploratory,cogs,structural_recursion,transformer_4l_scaled,0.0,subcritical,49,90.15885180194074,40.06907683250029,0.001,0.00044970689020311047,12.535559929003586,PASS
843,2,tier_2_exploratory_scaling,exploratory,cogs,structural_recursion,transformer_4l_scaled,0.0,subcritical,91,91.70663834169818,41.99777293750759,0.001,0.0007047420831172737,12.678120190926052,PASS
844,3,tier_2_exploratory_scaling,exploratory,cogs,structural_recursion,transformer_4l_scaled,0.0,subcritical,133,91.197969402016,36.95583803755701,0.001,0.0005951034143619105,12.433815246273,PASS
845,4,tier_2_exploratory_scaling,exploratory,cogs,structural_recursion,transformer_4l_scaled,0.0,subcritical,175,91.74164420946101,33.551876350442136,0.001,0.00046624463338164736,12.587524696336779,PASS
846,5,tier_2_exploratory_scaling,exploratory,cogs,structural_recursion,transformer_4l_scaled,0.0,subcritical,217,94.44142666934499,39.006759868421916,0.001,0.0006434258232669314,12.460577214593908,PASS
847,6,tier_2_exploratory_scaling,exploratory,cogs,structural_recursion,transformer_4l_scaled,0.0,subcritical,259,88.27481251862363,37.26406976967622,0.001,0.0005151915569126869,12.632178322693042,PASS
848,7,tier_2_exploratory_scaling,exploratory,cogs,structural_recursion,transformer_4l_scaled,0.0,subcritical,301,90.55272574921804,36.034631860968325,0.001,0.0004989535480557176,12.42783441166965,PASS
849,8,tier_2_exploratory_scaling,exploratory,cogs,structural_recursion,transformer_4l_scaled,0.0,subcritical,343,91.301116955437,32.49782498495581,0.001,0.0006073283227367568,12.499160455338464,PASS
850,9,tier_2_exploratory_scaling,exploratory,cogs,structural_recursion,transformer_4l_scaled,0.0,subcritical,385,89.79231895932185,36.99595937715763,0.001,0.0009000862965908315,12.483543469771954,PASS
851,0,tier_2_exploratory_scaling,exploratory,cogs,structural_recursion,transformer_4l_scaled,0.025,boundary,7,95.84061533496079,92.9233306194427,0.05162237851878761,0.0019262927763679049,12.554128575589568,PASS
852,1,tier_2_exploratory_scaling,exploratory,cogs,structural_recursion,transformer_4l_scaled,0.025,boundary,49,93.2673085869043,91.99181102779622,0.03503100056003597,0.0010492671057658332,12.465745819933804,PASS
853,2,tier_2_exploratory_scaling,exploratory,cogs,structural_recursion,transformer_4l_scaled,0.025,boundary,91,91.62939438019745,96.40717277918208,0.03916976651195332,0.0010031904093048259,12.44410988781697,PASS
854,3,tier_2_exploratory_scaling,exploratory,cogs,structural_recursion,transformer_4l_scaled,0.025,boundary,133,91.49024168615242,90.73893405511244,0.034447776615913646,0.0012242423892926853,12.576507176904059,PASS
855,4,tier_2_exploratory_scaling,exploratory,cogs,structural_recursion,transformer_4l_scaled,0.025,boundary,175,91.28574481806078,92.09967896001744,0.046025957768328296,0.0005810607345111774,12.57247935782934,PASS
856,5,tier_2_exploratory_scaling,exploratory,cogs,structural_recursion,transformer_4l_scaled,0.025,boundary,217,93.04852076608807,94.55734674341687,0.043533750357069106,0.0014417475593269426,12.646791924725285,PASS
857,6,tier_2_exploratory_scaling,exploratory,cogs,structural_recursion,transformer_4l_scaled,0.025,boundary,259,93.23551389011087,95.79514003716784,0.04311815072746076,0.0013070059216842493,12.35020411845121,PASS
858,7,tier_2_exploratory_scaling,exploratory,cogs,structural_recursion,transformer_4l_scaled,0.025,boundary,301,91.86966496249694,95.50342577249191,0.040031479074213616,0.0013666008361284347,12.549133256092503,PASS
859,8,tier_2_exploratory_scaling,exploratory,cogs,structural_recursion,transformer_4l_scaled,0.025,boundary,343,91.20847480884814,98.29259905356103,0.040699019287181615,0.0018709478628074927,12.604467641406531,PASS
860,9,tier_2_exploratory_scaling,exploratory,cogs,structural_recursion,transformer_4l_scaled,0.025,boundary,385,94.08577246143125,98.23847517042663,0.04249101467187226,0.0015938803806469517,12.489951918659422,PASS
861,0,tier_2_exploratory_scaling,exploratory,cogs,structural_recursion,transformer_4l_scaled,0.5,supercritical,7,93.82804760718992,98.23781478650959,0.03357263690759571,0.10763328619855819,12.568298932646108,PASS
862,1,tier_2_exploratory_scaling,exploratory,cogs,structural_recursion,transformer_4l_scaled,0.5,supercritical,49,92.76899002923967,98.82522042271401,0.0347773992576744,0.1295591821167176,12.33055307615124,PASS
863,2,tier_2_exploratory_scaling,exploratory,cogs,structural_recursion,transformer_4l_scaled,0.5,supercritical,91,95.0998378815971,97.17437463463635,0.029396230211345672,0.18260963856605064,12.331610699251417,PASS
864,3,tier_2_exploratory_scaling,exploratory,cogs,structural_recursion,transformer_4l_scaled,0.5,supercritical,133,92.02341234634733,97.85112528059776,0.030827299703289887,0.15343670277401353,12.610531353678647,PASS
865,4,tier_2_exploratory_scaling,exploratory,cogs,structural_recursion,transformer_4l_scaled,0.5,supercritical,175,93.66256396996435,97.21902448689687,0.025026624697396676,0.10792352614096581,12.499904067631856,PASS
866,5,tier_2_exploratory_scaling,exploratory,cogs,structural_recursion,transformer_4l_scaled,0.5,supercritical,217,93.0632553679958,97.72474836546427,0.02858369882997269,0.13512106733056584,12.393457907250998,PASS
867,6,tier_2_exploratory_scaling,exploratory,cogs,structural_recursion,transformer_4l_scaled,0.5,supercritical,259,93.78713277349651,96.20741510253772,0.03575783397783152,0.11353767325800194,12.44547878985592,PASS
868,7,tier_2_exploratory_scaling,exploratory,cogs,structural_recursion,transformer_4l_scaled,0.5,supercritical,301,93.91896526493267,97.24952015343398,0.01984635404002865,0.11748480564181674,12.417193886716195,PASS
869,8,tier_2_exploratory_scaling,exploratory,cogs,structural_recursion,transformer_4l_scaled,0.5,supercritical,343,94.5446715944583,97.29768816790157,0.026931652698642353,0.024190796080045873,12.55721545954787,PASS
870,9,tier_2_exploratory_scaling,exploratory,cogs,structural_recursion,transformer_4l_scaled,0.5,supercritical,385,93.16848123997164,96.6180850130288,0.03524389002850269,0.07739050085840074,12.62297899751842,PASS
871,0,tier_2_exploratory_scaling,exploratory,cogs,structural_recursion,gru_baseline,0.0,subcritical,7,91.01079048989355,27.127915587136123,0.001,0.0,8.669811722892456,PASS
872,1,tier_2_exploratory_scaling,exploratory,cogs,structural_recursion,gru_baseline,0.0,subcritical,49,93.11352576264115,25.261064321317647,0.001,3.731536304232946e-06,8.458352893486596,PASS
873,2,tier_2_exploratory_scaling,exploratory,cogs,structural_recursion,gru_baseline,0.0,subcritical,91,92.45953026333208,22.69655009917088,0.001,0.0,8.365388327737957,PASS
874,3,tier_2_exploratory_scaling,exploratory,cogs,structural_recursion,gru_baseline,0.0,subcritical,133,92.47217740984925,36.982046063154094,0.001,5.502891684084725e-08,8.555453667539918,PASS
875,4,tier_2_exploratory_scaling,exploratory,cogs,structural_recursion,gru_baseline,0.0,subcritical,175,93.00721086432407,35.407784267103956,0.001,1.0612778408563176e-07,8.403348591129648,PASS
876,5,tier_2_exploratory_scaling,exploratory,cogs,structural_recursion,gru_baseline,0.0,subcritical,217,92.7424162502304,28.155311362896224,0.001,0.0,8.544311573924011,PASS
877,6,tier_2_exploratory_scaling,exploratory,cogs,structural_recursion,gru_baseline,0.0,subcritical,259,90.34880530808158,28.442126756339015,0.001,0.0,8.474958617676316,PASS
878,7,tier_2_exploratory_scaling,exploratory,cogs,structural_recursion,gru_baseline,0.0,subcritical,301,93.66408671025202,24.437427029126834,0.001,5.868308915580837e-07,8.586211533842429,PASS
879,8,tier_2_exploratory_scaling,exploratory,cogs,structural_recursion,gru_baseline,0.0,subcritical,343,92.12550971205863,32.03007994147015,0.001,6.147438732540609e-07,8.380624409040648,PASS
880,9,tier_2_exploratory_scaling,exploratory,cogs,structural_recursion,gru_baseline,0.0,subcritical,385,91.1930702913321,36.99080930712404,0.001,0.0,8.432770618847734,PASS
881,0,tier_2_exploratory_scaling,exploratory,cogs,structural_recursion,gru_baseline,0.025,boundary,7,94.43599351954104,73.36655743153004,0.15334920675316235,0.0,8.228220164633319,PASS
882,1,tier_2_exploratory_scaling,exploratory,cogs,structural_recursion,gru_baseline,0.025,boundary,49,92.85285197820997,84.53165771368211,0.1552271028021696,0.0,8.513834471557198,PASS
883,2,tier_2_exploratory_scaling,exploratory,cogs,structural_recursion,gru_baseline,0.025,boundary,91,96.19456358128458,86.27763966339748,0.1472462574801387,0.0,8.58164661020571,PASS
884,3,tier_2_exploratory_scaling,exploratory,cogs,structural_recursion,gru_baseline,0.025,boundary,133,92.88398850503788,76.89159976166462,0.1492440028619805,1.0044439336943177e-07,8.556294282226059,PASS
885,4,tier_2_exploratory_scaling,exploratory,cogs,structural_recursion,gru_baseline,0.025,boundary,175,92.78510505217592,80.18862927533898,0.16056575156277214,4.3898455861134624e-07,8.369676188155474,PASS
886,5,tier_2_exploratory_scaling,exploratory,cogs,structural_recursion,gru_baseline,0.025,boundary,217,91.62342437559074,83.44587534987616,0.15225816103956466,2.598046447885802e-07,8.610381843173949,PASS
887,6,tier_2_exploratory_scaling,exploratory,cogs,structural_recursion,gru_baseline,0.025,boundary,259,93.1087065365414,82.62090099798262,0.14969639445517338,1.7975729524692743e-06,8.619410889500198,PASS
888,7,tier_2_exploratory_scaling,exploratory,cogs,structural_recursion,gru_baseline,0.025,boundary,301,94.33918120340651,78.74256296278556,0.13823413069708185,6.208856801446668e-08,8.439878419329782,PASS
889,8,tier_2_exploratory_scaling,exploratory,cogs,structural_recursion,gru_baseline,0.025,boundary,343,94.12176652603749,78.77814138569613,0.14337941780294602,1.3058589487611547e-07,8.369884448421274,PASS
890,9,tier_2_exploratory_scaling,exploratory,cogs,structural_recursion,gru_baseline,0.025,boundary,385,93.71019050264212,72.54084002917253,0.1388535813238981,0.0,8.41536781067233,PASS
891,0,tier_2_exploratory_scaling,exploratory,cogs,structural_recursion,gru_baseline,0.5,supercritical,7,95.3648819400997,79.57034203485316,0.11438622293626803,0.0,8.614527980844123,PASS
892,1,tier_2_exploratory_scaling,exploratory,cogs,structural_recursion,gru_baseline,0.5,supercritical,49,94.37836602135383,83.13864741431563,0.10496632848427642,0.0,8.594419221783285,PASS
893,2,tier_2_exploratory_scaling,exploratory,cogs,structural_recursion,gru_baseline,0.5,supercritical,91,95.7594328079137,81.43037200127725,0.11254823545819932,0.0,8.50313265869365,PASS
894,3,tier_2_exploratory_scaling,exploratory,cogs,structural_recursion,gru_baseline,0.5,supercritical,133,94.05039372933828,81.64708941743268,0.11449562753838867,0.0,8.520538735003198,PASS
895,4,tier_2_exploratory_scaling,exploratory,cogs,structural_recursion,gru_baseline,0.5,supercritical,175,94.32784830689519,84.60511838644041,0.1080012865977731,0.0,8.46177791538375,PASS
896,5,tier_2_exploratory_scaling,exploratory,cogs,structural_recursion,gru_baseline,0.5,supercritical,217,94.295159195237,84.38401146600857,0.10824474275590285,9.059639876402786e-07,8.394754589272026,PASS
897,6,tier_2_exploratory_scaling,exploratory,cogs,structural_recursion,gru_baseline,0.5,supercritical,259,93.68633525162446,78.52035719295975,0.1055872782941866,0.0,8.316277296216992,PASS
898,7,tier_2_exploratory_scaling,exploratory,cogs,structural_recursion,gru_baseline,0.5,supercritical,301,94.33828055131771,80.82524219650021,0.1032276475209167,0.0,8.505112661313568,PASS
899,8,tier_2_exploratory_scaling,exploratory,cogs,structural_recursion,gru_baseline,0.5,supercritical,343,94.8447432937202,81.92208671829066,0.10203142454659149,8.540134770046018e-07,8.516966349663358,PASS
900,9,tier_2_exploratory_scaling,exploratory,cogs,structural_recursion,gru_baseline,0.5,supercritical,385,94.95265621510387,83.83572807500981,0.10982653277724128,0.0,8.563081592702625,PASS
901,0,tier_2_exploratory_scaling,exploratory,pcfg_set,systematicity,transformer_4l_scaled,0.0,subcritical,7,94.73352530398546,57.650381360950554,0.001,0.0004113302829604346,12.691915709738392,PASS
902,1,tier_2_exploratory_scaling,exploratory,pcfg_set,systematicity,transformer_4l_scaled,0.0,subcritical,49,94.65555831275204,57.36714335389989,0.001,0.0005321257052372585,12.58792631914685,PASS
903,2,tier_2_exploratory_scaling,exploratory,pcfg_set,systematicity,transformer_4l_scaled,0.0,subcritical,91,94.95142100071499,56.14444316476837,0.001,0.0004072592489710832,12.590473819541032,PASS
904,3,tier_2_exploratory_scaling,exploratory,pcfg_set,systematicity,transformer_4l_scaled,0.0,subcritical,133,95.34100784553763,49.1132653594454,0.001,0.00038146706432488106,12.488961682722579,PASS
905,4,tier_2_exploratory_scaling,exploratory,pcfg_set,systematicity,transformer_4l_scaled,0.0,subcritical,175,94.77195499371915,46.84263711437701,0.001,0.0006429631530914886,12.431964785423572,PASS
906,5,tier_2_exploratory_scaling,exploratory,pcfg_set,systematicity,transformer_4l_scaled,0.0,subcritical,217,96.20081179648815,58.66825102317852,0.001,0.00048169737530729816,12.410070367597868,PASS
907,6,tier_2_exploratory_scaling,exploratory,pcfg_set,systematicity,transformer_4l_scaled,0.0,subcritical,259,96.53402672314749,51.358194889993875,0.001,0.00037074757437746767,12.445318187474456,PASS
908,7,tier_2_exploratory_scaling,exploratory,pcfg_set,systematicity,transformer_4l_scaled,0.0,subcritical,301,96.00931883433022,63.98254209989439,0.001,0.0004638842309538226,12.387933666551541,PASS
909,8,tier_2_exploratory_scaling,exploratory,pcfg_set,systematicity,transformer_4l_scaled,0.0,subcritical,343,95.94451003363761,54.46845295198509,0.001,0.0005023311242347503,12.676567895228542,PASS
910,9,tier_2_exploratory_scaling,exploratory,pcfg_set,systematicity,transformer_4l_scaled,0.0,subcritical,385,96.12565729130318,55.984353869045805,0.001,0.0008038491665183184,12.503129253322792,PASS
911,0,tier_2_exploratory_scaling,exploratory,pcfg_set,systematicity,transformer_4l_scaled,0.025,boundary,7,96.7229910356281,93.55572512917384,0.043256371688392636,0.001218772146624979,12.413153332796083,PASS
912,1,tier_2_exploratory_scaling,exploratory,pcfg_set,systematicity,transformer_4l_scaled,0.025,boundary,49,97.33949457838254,91.71016785037804,0.03815929401224968,0.0014354064621289074,12.590282142392354,PASS
913,2,tier_2_exploratory_scaling,exploratory,pcfg_set,systematicity,transformer_4l_scaled,0.025,boundary,91,97.53530370323288,93.81685678805995,0.044107997355722045,0.0014843302511678728,12.508867816784088,PASS
914,3,tier_2_exploratory_scaling,exploratory,pcfg_set,systematicity,transformer_4l_scaled,0.025,boundary,133,97.08768818314518,91.51222931721607,0.03709056531122097,0.0015904678667374146,12.501731931303363,PASS
915,4,tier_2_exploratory_scaling,exploratory,pcfg_set,systematicity,transformer_4l_scaled,0.025,boundary,175,98.37293884130979,94.42515642121691,0.03394995602725843,0.0007536686727063646,12.43028198844148,PASS
916,5,tier_2_exploratory_scaling,exploratory,pcfg_set,systematicity,transformer_4l_scaled,0.025,boundary,217,97.2038637530013,91.38285434714257,0.03494950116502298,0.0023348265194915643,12.7799598640983,PASS
917,6,tier_2_exploratory_scaling,exploratory,pcfg_set,systematicity,transformer_4l_scaled,0.025,boundary,259,97.10308143537578,91.11989675019653,0.04009264249354783,0.0006967111743875301,12.54709347521577,PASS
918,7,tier_2_exploratory_scaling,exploratory,pcfg_set,systematicity,transformer_4l_scaled,0.025,boundary,301,96.24691463270808,92.11286924328532,0.040385259921647404,0.0007625333046468928,12.685043405166688,PASS
919,8,tier_2_exploratory_scaling,exploratory,pcfg_set,systematicity,transformer_4l_scaled,0.025,boundary,343,97.28058167308926,93.54318816646133,0.038345505670344046,0.0006340567104913354,12.514303367343794,PASS
920,9,tier_2_exploratory_scaling,exploratory,pcfg_set,systematicity,transformer_4l_scaled,0.025,boundary,385,96.54026705132185,96.50767550793061,0.043690420108466584,0.002032291371573714,12.444337580639031,PASS
921,0,tier_2_exploratory_scaling,exploratory,pcfg_set,systematicity,transformer_4l_scaled,0.5,supercritical,7,97.7531604724951,98.62756420222537,0.029446940663636737,0.09535707090311059,12.457921262766813,PASS
922,1,tier_2_exploratory_scaling,exploratory,pcfg_set,systematicity,transformer_4l_scaled,0.5,supercritical,49,97.17226198920018,97.4518877616589,0.02266858758521771,0.18691504436814177,12.422886285818104,PASS
923,2,tier_2_exploratory_scaling,exploratory,pcfg_set,systematicity,transformer_4l_scaled,0.5,supercritical,91,97.41681210787965,98.2028609001902,0.03004895141184321,0.13807362708793242,12.336621822922641,PASS
924,3,tier_2_exploratory_scaling,exploratory,pcfg_set,systematicity,transformer_4l_scaled,0.5,supercritical,133,97.85590669330008,98.4011338686417,0.026871017129226956,0.1326809864448699,12.385862221005796,PASS
925,4,tier_2_exploratory_scaling,exploratory,pcfg_set,systematicity,transformer_4l_scaled,0.5,supercritical,175,97.34492619682311,98.97319593280487,0.025971777913934364,0.0719129920175415,12.469167559286992,PASS
926,5,tier_2_exploratory_scaling,exploratory,pcfg_set,systematicity,transformer_4l_scaled,0.5,supercritical,217,97.75036697429132,98.06904491629308,0.02954141579776657,0.1166077963935349,12.566128643821997,PASS
927,6,tier_2_exploratory_scaling,exploratory,pcfg_set,systematicity,transformer_4l_scaled,0.5,supercritical,259,97.69662230912888,97.80129199900297,0.02676401180257915,0.10052032021574826,12.663639852637843,PASS
928,7,tier_2_exploratory_scaling,exploratory,pcfg_set,systematicity,transformer_4l_scaled,0.5,supercritical,301,97.77331612890241,98.29392667490151,0.025282961549393655,0.059421734754713594,12.5781539332147,PASS
929,8,tier_2_exploratory_scaling,exploratory,pcfg_set,systematicity,transformer_4l_scaled,0.5,supercritical,343,97.03776509258306,99.17207019108291,0.04165904471213041,0.15086622441636316,12.5233360768817,PASS
930,9,tier_2_exploratory_scaling,exploratory,pcfg_set,systematicity,transformer_4l_scaled,0.5,supercritical,385,97.50100048164491,98.38515809695546,0.03220105929271661,0.10631806806503885,12.563529388968927,PASS
931,0,tier_2_exploratory_scaling,exploratory,pcfg_set,systematicity,gru_baseline,0.0,subcritical,7,97.90289959308119,46.29006603860555,0.001,2.98828052728012e-07,8.572351320829092,PASS
932,1,tier_2_exploratory_scaling,exploratory,pcfg_set,systematicity,gru_baseline,0.0,subcritical,49,95.8972081258843,44.72942087774286,0.001,4.491391748050643e-07,8.428346098905525,PASS
933,2,tier_2_exploratory_scaling,exploratory,pcfg_set,systematicity,gru_baseline,0.0,subcritical,91,94.54714960200832,39.89821783863601,0.001,0.0,8.652476261189973,PASS
934,3,tier_2_exploratory_scaling,exploratory,pcfg_set,systematicity,gru_baseline,0.0,subcritical,133,94.87942629681817,27.341847748347707,0.001,1.2017984731797723e-06,8.398913921182505,PASS
935,4,tier_2_exploratory_scaling,exploratory,pcfg_set,systematicity,gru_baseline,0.0,subcritical,175,96.03625219359927,51.30636054688029,0.001,0.0,8.496010936098475,PASS
936,5,tier_2_exploratory_scaling,exploratory,pcfg_set,systematicity,gru_baseline,0.0,subcritical,217,96.12327295498842,51.12331854283818,0.001,2.1258409260217982e-07,8.475656157566707,PASS
937,6,tier_2_exploratory_scaling,exploratory,pcfg_set,systematicity,gru_baseline,0.0,subcritical,259,94.92402260570697,48.78502200489877,0.001,0.0,8.507444090011877,PASS
938,7,tier_2_exploratory_scaling,exploratory,pcfg_set,systematicity,gru_baseline,0.0,subcritical,301,96.80003266356923,48.604898744310766,0.001,4.058864540038468e-07,8.508703869770345,PASS
939,8,tier_2_exploratory_scaling,exploratory,pcfg_set,systematicity,gru_baseline,0.0,subcritical,343,96.77877189073273,43.691866695773435,0.001,0.0,8.60515803566879,PASS
940,9,tier_2_exploratory_scaling,exploratory,pcfg_set,systematicity,gru_baseline,0.0,subcritical,385,96.60500754050287,42.65661626324909,0.001,3.327191174934547e-07,8.511185407594713,PASS
941,0,tier_2_exploratory_scaling,exploratory,pcfg_set,systematicity,gru_baseline,0.025,boundary,7,98.15307664217438,77.89309753756746,0.1469134183206793,0.0,8.633193673886044,PASS
942,1,tier_2_exploratory_scaling,exploratory,pcfg_set,systematicity,gru_baseline,0.025,boundary,49,96.992146181017,68.60614437876154,0.15048392953113782,2.3592854395338853e-07,8.584649961677618,PASS
943,2,tier_2_exploratory_scaling,exploratory,pcfg_set,systematicity,gru_baseline,0.025,boundary,91,97.10987870090833,66.31717797107294,0.1524745133065429,0.0,8.422157808834207,PASS
944,3,tier_2_exploratory_scaling,exploratory,pcfg_set,systematicity,gru_baseline,0.025,boundary,133,97.9219468685636,72.63850012636061,0.14751450870833838,1.265638998443677e-06,8.607322899703238,PASS
945,4,tier_2_exploratory_scaling,exploratory,pcfg_set,systematicity,gru_baseline,0.025,boundary,175,97.26470728556646,73.70906129763904,0.14232645041977507,0.0,8.541223521406897,PASS
946,5,tier_2_exploratory_scaling,exploratory,pcfg_set,systematicity,gru_baseline,0.025,boundary,217,95.174664243983,67.0597663204835,0.1504083774488471,1.1078172452115283e-06,8.611576732645537,PASS
947,6,tier_2_exploratory_scaling,exploratory,pcfg_set,systematicity,gru_baseline,0.025,boundary,259,97.27270531091843,75.91141093283643,0.15697466726681614,0.0,8.515579671950137,PASS
948,7,tier_2_exploratory_scaling,exploratory,pcfg_set,systematicity,gru_baseline,0.025,boundary,301,96.47874449673765,71.60371810815569,0.14446234939935604,0.0,8.378589503725292,PASS
949,8,tier_2_exploratory_scaling,exploratory,pcfg_set,systematicity,gru_baseline,0.025,boundary,343,97.63296619801741,74.44100302394811,0.15051201356374141,0.0,8.5525592294549,PASS
950,9,tier_2_exploratory_scaling,exploratory,pcfg_set,systematicity,gru_baseline,0.025,boundary,385,97.64543600646594,77.41090975013496,0.15209943511251445,0.0,8.473686267048658,PASS
951,0,tier_2_exploratory_scaling,exploratory,pcfg_set,systematicity,gru_baseline,0.5,supercritical,7,97.47488855965699,87.10583440654888,0.11297459674025359,0.0,8.529474354460314,PASS
952,1,tier_2_exploratory_scaling,exploratory,pcfg_set,systematicity,gru_baseline,0.5,supercritical,49,97.85452642630254,76.72310483400383,0.10842615658199488,0.0,8.486355946376412,PASS
953,2,tier_2_exploratory_scaling,exploratory,pcfg_set,systematicity,gru_baseline,0.5,supercritical,91,97.89362473084967,75.35804353147962,0.10006121270407763,1.7020977991036195e-07,8.518755249488855,PASS
954,3,tier_2_exploratory_scaling,exploratory,pcfg_set,systematicity,gru_baseline,0.5,supercritical,133,98.3835601811398,78.5964081117744,0.10748026894511323,6.9123452598194356e-09,8.352844949989734,PASS
955,4,tier_2_exploratory_scaling,exploratory,pcfg_set,systematicity,gru_baseline,0.5,supercritical,175,96.92843543809545,75.71698969183377,0.11435561141493303,1.9416159503518718e-07,8.33571270889506,PASS
956,5,tier_2_exploratory_scaling,exploratory,pcfg_set,systematicity,gru_baseline,0.5,supercritical,217,97.9446118663343,78.7753052556043,0.11039028983550161,9.004924309889325e-07,8.548459446417342,PASS
957,6,tier_2_exploratory_scaling,exploratory,pcfg_set,systematicity,gru_baseline,0.5,supercritical,259,97.62593934850659,78.61198572767415,0.11019818308740387,0.0,8.456611197761516,PASS
958,7,tier_2_exploratory_scaling,exploratory,pcfg_set,systematicity,gru_baseline,0.5,supercritical,301,98.80968355987595,75.941579403262,0.11471419129702358,1.4516154192018847e-07,8.4965207702472,PASS
959,8,tier_2_exploratory_scaling,exploratory,pcfg_set,systematicity,gru_baseline,0.5,supercritical,343,98.21496135020998,79.00196726020404,0.10807956881148954,3.2242887298240196e-09,8.519085802670036,PASS
960,9,tier_2_exploratory_scaling,exploratory,pcfg_set,systematicity,gru_baseline,0.5,supercritical,385,97.81629841785075,81.514384495328,0.11079659748997245,0.0,8.573306946205633,PASS
