study_id,id,title,authors,year,venue,doi,arxiv_id,peer_reviewed,pub_type,pub_type_other,pub_venue_type,task_primary,tasks_secondary,task_custom_name,ood_split_type,ood_difficulty_metric,ood_difficulty_metric_name,arch_primary,arch_family,arch_detail,param_count,n_layers,hidden_dim,model_scale_category,train_n_examples,train_n_tokens,train_data_note,train_regime,train_regime_sigma,train_regime_other,baseline_regime,augmentation_used,augmentation_type,curriculum_used,meta_learning_used,id_acc_mean,id_acc_sd,id_acc_n_seeds,id_acc_n_test,id_acc_ci_lower,id_acc_ci_upper,id_metric_type,id_metric_other,ood_acc_mean,ood_acc_sd,ood_acc_n_seeds,ood_acc_n_test,ood_acc_ci_lower,ood_acc_ci_upper,ood_metric_type,ood_metric_other,id_ood_gap_raw,id_ood_gap_se,id_ood_gap_reported,effect_size_type,effect_size_value,effect_size_se,effect_size_ci_lower,effect_size_ci_upper,effect_size_computed_by_extractor,effect_size_notes,schema_coherence_measured,schema_coherence_proxy,schema_coherence_proxy_other,schema_coherence_value_intervention,schema_coherence_value_baseline,schema_coherence_notes,repr_analysis,repr_analysis_secondary,repr_analysis_finding,repr_analysis_layer,ci_reported,error_bars_reported,n_seeds_reported,n_seeds_value,sig_test_reported,sig_test_type,sig_test_pvalue,multiple_testing_correction,data_leakage_check,code_available,code_url,data_available,data_url,model_weights_available,reproducibility_score,relevance_sigma_trap,relevance_sigma_justification,relevance_alignment,relevance_alignment_justification,limitations_stated,limitations_text,limitations_extractor,open_questions_stated,open_questions_text,open_questions_extractor,other_metrics_reported,extractor_id,notes
S001,P02_0002,Graph Representation Learning via Causal Diffusion for Out-of-Distribution Recommendation,Chu Zhao; Enneng Yang; Yuliang Liang; Pengxiang Lan; Yuting Liu; Jianzhe Zhao; Guibing Guo; Xingwei Wang,2025,Proceedings of the ACM on Web Conference 2025,10.1145/3696410.3714849,,TRUE,empirical,,conference,custom,,OOD recommendation (GNN-based recommender systems),covariate_shift,FALSE,,Diffusion,diffusion,"CausalDiffRec: GNN-based recommender (LightGCN-style backbone) with causal diffusion; backdoor adjustment + variational inference for environment inference; baselines: LightGCN, SimGCL",,,,unspecified,,,"Datasets: Food, KuaiRec, Yelp2018, Douban; no dataset sizes reported in excerpt",invariant_learning,not_applicable,,,FALSE,,FALSE,FALSE,,,,,,,other,Recall@20 / NDCG@20,,,,,,,other,Recall@20 / NDCG@20,,,,none,,,,,FALSE,No effect size reported; only relative improvement percentages,FALSE,,,,,,other,,"t-SNE visualization shows CausalDiffRec item embeddings of popular vs unpopular items are more evenly distributed than LightGCN's, mitigating popularity shift",,FALSE,,FALSE,,FALSE,,,none,not_addressed,TRUE,https://github.com/user683/CausalDiffRec,,,FALSE,partial,3,"Directly targets OOD generalization failure (the sigma-trap) in GNN-based recommendation via causal diffusion and invariant learning, reporting OOD performance gains on four datasets; does not address compositional splits or training-dynamics mechanisms.",1,"No connection to AI alignment, safety, or goal misgeneralization; purely an OOD recommendation performance paper focused on invariant graph representations.",FALSE,,,FALSE,,,"Recall@20, NDCG@20; also Recall@10/NDCG@10 in hyperparameter figures",EX1,"Comparison-table values not in excerpt; reported gains are relative improvements (Food 10.69%, KuaiRec 18.83%, Yelp2018 22.41%, Douban 11.65%). Metric is Recall@20/NDCG@20, not accuracy, so id/ood proportion fields left empty. Ablation removes environment generator/inference modules."
S002,P02_0003,SFP: Spurious Feature-Targeted Pruning for Out-of-Distribution Generalization,Yingchun Wang; Jingcai Guo; Song Guo; Yi Liu; Jie Zhang; Weizhan Zhang,2024,Proceedings of the 32nd ACM International Conference on Multimedia,10.1145/3664647.3680969,,TRUE,empirical,,conference,custom,,"Full-colored-mnist, Colored-object, Scene-object (biased-environment OOD datasets)",domain_shift,FALSE,,,,,,,,unspecified,,,"Synthetic biased-environment datasets (Full-colored-mnist, Colored-object, Scene-object); biased-ratio coefficients (0.8,0.6,0.0) or (0.9,0.7,0.0) in two training environments, unbiased (0.0,0.0,0.0) test environment",regularized,not_applicable,,other,FALSE,,FALSE,FALSE,,,,,,,accuracy,,0.9342,,,,,,accuracy,,,,,none,,,,,FALSE,,FALSE,,,,,No representation-level coherence/compositionality proxy measured; SFP prunes branches with spurious-feature dependencies but does not probe internal representations,none,,,,FALSE,FALSE,FALSE,,FALSE,,,none,not_addressed,FALSE,,FALSE,,FALSE,low,3,"Directly addresses OOD generalization failure via spurious-feature-targeted pruning for invariant substructure discovery and analyzes how highly biased data distributions hurt OOD performance, but targets correlation/domain shift rather than compositional generalization and does not connect to training dynamics or schema coherence.",1,"No connection to AI safety, alignment, or goal misgeneralization; the paper concerns OOD generalization accuracy under spurious correlations with no discussion of safety or misalignment.",FALSE,,,FALSE,,,,EX1,"Table 1 garbled by PDF text extraction; only narration-attested numbers extracted (SFP+REX on Full-colored-mnist test/unbiased env 93.42%; unbiased oracle upper bound 94.04%). Architecture not specified in excerpt; prefill hint 'Transformer-family; CNN' unconfirmable, left empty. train_regime=regularized reflects SFP regularization term."
S003,P02_0004,Research on Causal Robustness Enhancement Methods and Out-of-Distribution Generalization for Deep Classification Models,Xiaodong Wang; Ling Jiang,2026,Proceedings of the 2025 6th International Conference on Computer Science and Management Technology,10.1145/3795154.3795263,,TRUE,empirical,,conference,ImageNet,Waterbirds,,domain_shift,FALSE,,ResNet,cnn_family,ResNet-50 backbone for all methods; generative model (diffusion) for counterfactual background-replacement samples,,,,small,,,ImageNet-9 (background shift) and Waterbirds; no training set sizes reported,regularized,not_applicable,,,TRUE,counterfactual data augmentation via generative foreground-preserving background replacement,FALSE,FALSE,,,,,,,,,0.662,,,,,,accuracy,,,,,none,,,,,FALSE,"Paper reports approximate OOD Top-1 gains (12-16% vs standard, 6-8% vs CF-Aug) but no formal effect size; no ID accuracy reported so no gap derivable",FALSE,,,,,"No representation-level coherence/compositionality proxy; sensitivity metrics S_out/S_rep are intervention robustness, not coherence",other,,"Measures representation/output sensitivity under background-replacement interventions: Standard S_out=0.243 S_rep=0.317, CF-Aug S_out=0.172 S_rep=0.205, CRO S_out=0.071 S_rep=0.089",,FALSE,FALSE,FALSE,,FALSE,,,none,not_addressed,FALSE,,FALSE,,FALSE,low,3,"Tests causal-robustness training against OOD/spurious-correlation failure on ImageNet-9 and Waterbirds, quantifying OOD accuracy and sensitivity to background interventions, but does not address compositional generalization or the sigma-trap structural mechanism.",2,"Robustness to background/texture spurious correlations bears on reliable behavior under distribution shift, but the paper makes no explicit link to AI safety, alignment, or goal misgeneralization.",TRUE,"Counterfactual quality depends on foreground-background separation and generative model accuracy, adding noise in complex scenes; causal sensitivity regularization adds computational overhead; real-world confounders are more diverse and harder to model explicitly.",,TRUE,"More automated and causally interpretable counterfactual generation; extend framework to detection, segmentation, and weakly supervised or self-supervised learning.",,Sensitivity metrics S_out/S_rep under background-replacement interventions,EX1,"No in-distribution accuracies reported; numeric results only for OOD (Table 3 ablation) and sensitivity. ImageNet-9 mapped to vocabulary task ImageNet. Main-form ood_acc_mean = Full CRO 66.2%; sub_experiments are Table 3 ablation configs (ImageNet-9, ResNet-50)."
S004,P02_0005,Robust Neural Information Retrieval: An Adversarial and Out-of-Distribution Perspective,Yu-An Liu; Ruqing Zhang; Jiafeng Guo; Maarten de Rijke; Yixing Fan; Xueqi Cheng,2025,https://doi.org/10.1145/3768153,10.1145/3768153,,TRUE,survey_ma,,journal,custom,,neural information retrieval (dense retrieval and neural ranking),,FALSE,,BERT,transformer,Survey of neural IR models (dense retrieval + ranking); fine-tuned BERT and RoBERTa used in the described learning-based attack detection experiments,,,,unspecified,,,,,not_applicable,,,FALSE,,FALSE,FALSE,,,,,,,,,,,,,,,,,,,,none,,,,,FALSE,Survey paper; no original quantitative results reported in excerpt,FALSE,,,,,,none,,,,FALSE,FALSE,FALSE,,FALSE,,,none,not_addressed,TRUE,https://github.com/Davion-Liu/BestIR,TRUE,https://github.com/Davion-Liu/BestIR,FALSE,medium,3,"Systematically reviews adversarial and OOD robustness in neural IR, covering OOD generalizability to unseen documents and queries, but treats OOD as distribution shift broadly and reports no compositional generalization analysis or empirical results of its own.",2,"Motivated by trustworthy search engines and reliability of deployed IR systems, and reviews certified robustness defenses, but does not engage with AI alignment, goal misgeneralization, or safety beyond robustness of retrieval.",FALSE,,,TRUE,Discusses challenges and future directions for robust neural IR in the era of large language models.,,,EX1,Survey of adversarial and OOD robustness in neural IR (ACM TOIS). No own experiments; 99.5% detection accuracy and #DD/#DR metrics are from cited work (Chen et al. [23]); sub_exp row emitted as placeholder only. Also releases curated publication list (github.com/Davion-Liu/Awesome-Robustness-in-Information-Retrieval) and BestIR benchmark.
S005,P02_0007,Feature-granularity-based spurious correlation and causal analysis in CNNs Exploring Feature Granularity to Uncover Spurious Correlations,Xiaodong Wang; Gaiqun Zhang,2024,Proceedings of the 2024 2nd International Conference on Internet of Things and Cloud Computing Technology,10.1145/3702879.3702937,,TRUE,empirical,,conference,ImageNet,,,,FALSE,,ResNet,cnn_family,"Pretrained ResNet50 classifier over 1000 ImageNet classes; analysis method = superpixel segmentation, foreground-background separation, and linear regression on superpixel features",,,,unspecified,,,Uses pretrained ResNet50; ILSVRC2012 (ImageNet) validation set as sample dataset; no training described,,not_applicable,,,FALSE,,FALSE,FALSE,,,,,,,,,,,,,,,,,,,,none,,,,,FALSE,,FALSE,,,,,"No representation-level coherence proxy; feature contributions are quantified via linear-regression coefficients, not a coherence/compositionality measure",other,,"Identifies spurious correlations (e.g., category 'Bow tie' predicted from facial features although absent from the image); filling face/clothing regions via a generative model significantly decreased all top-3 category probabilities",,FALSE,FALSE,FALSE,,TRUE,other,,unclear,not_addressed,FALSE,,FALSE,,FALSE,low,2,Discusses OOD generalization failure driven by spurious correlations (facial features causing 'Bow tie' prediction) but reports no OOD experiment or accuracy numbers; interpretability/analysis method only.,1,"No connection to AI safety, alignment, or goal misgeneralization; paper targets CNN interpretability and spurious-correlation analysis for image classification deployment.",TRUE,Stresses that a sufficiently large random sample size L is crucial for robust regression coefficients; notes models relying on non-causal features generalize poorly to OOD data and face interpretability limits in regulated deployment.,,TRUE,"Future work: optimize training methods to reduce reliance on non-causal features and design more interpretable, stable model frameworks for robustness on OOD data.",,Linear-regression main-effect coefficients (beta) and interaction terms (rj) per superpixel block; top-3 class probabilities before/after generative inpainting,EX1,No quantitative accuracy results in excerpt; no sub_experiments emitted. Flag: arch_primary corrected from prefill hint 'Transformer-family; CNN; MLP' to ResNet (ResNet50); task_primary corrected from benchmark hint 'Math/MW' to ImageNet classification.
S006,P02_0011,Beyond Mimicry: Toward Lifelong Adaptability in Imitation Learning,Nathan Gavenski; Felipe Meneguzzi; Odinaldo Rodrigues,2026,Proceedings of the 25th International Conference on Autonomous Agents and Multiagent Systems,10.65109/ldhn8550,,TRUE,position,,conference,,,Imitation learning / robotic block-stacking (no experiments run),,TRUE,generalisation boundary,,,Proposes hybrid architectures combining imitation-learned primitives with planners and foundation models; none implemented,,,,,,,,,not_applicable,,,FALSE,,FALSE,FALSE,,,,,,,,,,,,,,,,,,,,none,,,,,FALSE,,FALSE,,,,,No representation-level coherence proxy measured; paper proposes the generalisation boundary metric for compositional evaluation,none,,,,FALSE,FALSE,FALSE,,FALSE,,,none,not_addressed,FALSE,,FALSE,,FALSE,low,3,"Directly targets compositional generalization failure in imitation learning (the sigma-trap): defines systematicity/productivity/substitutivity dimensions and a generalisation boundary metric, but is a research agenda with no empirical demonstrations.",2,"Includes a safety section arguing compositional safety specifications and behavioural contracts are needed to prevent harmful recombinations in adaptive agents, but alignment is a secondary concern.",TRUE,"Notes current IL evaluation cannot distinguish memorisation from genuine understanding, that most benchmarks conflate compositional dimensions, and that hybrid architectures must preserve each paradigm's strengths while aligning primitives with symbolic representations.",,TRUE,"Open directions: compositional curricula, hybrid architecture integration, safety in adaptive systems, multi-agent compositional IL, and cognitive science synergies for lifelong adaptability.",,,EX1,"Position paper (AAMAS 2026 Blue Sky Ideas track); no experiments, so all numeric/result fields are empty. Generalisation boundary metric is proposed, not measured."
S007,P02_0016,Don't Blind Your VLA: Aligning Visual Representations for OOD Generalization,Nikita Kachaev; Mikhail Kolosov; Daniil Zelezetsky; Alexey K. Kovalev; Aleksandr I. Panov,2026,Proceedings of the 25th International Conference on Autonomous Agents and Multiagent Systems,10.65109/pper9186,,TRUE,empirical,,conference,custom,,VLA robotic manipulation (Simpler-based benchmark),,FALSE,,TransformerEncDec,transformer,"OpenVLA-style VLA models (pretrained VLM encoder-decoder) with action fine-tuning; vision teachers C-RADIOv3-ViT-L, DINOv2-ViT-L/G, Theia, SigLIP; normalized-sphere projection + teacher-embedding alignment",,,,unspecified,,,VLA action fine-tuning; linear-probe evaluation on reduced ImageNet-100 (top-1 accuracy); OOD eval on Simpler-based benchmark,regularized,not_applicable,,standard_Adam,FALSE,,FALSE,FALSE,,,,,,,,,,,,,,,,,,,,none,,,,,FALSE,,FALSE,,,,,"Linear probing measures visual information retention, not a representation-level coherence/compositionality proxy",probing,attention_patterns,Naive action fine-tuning degrades VLM visual representations (linear-probe top-1 accuracy on ImageNet-100 drops vs the pretrained VLM); projecting mid-level VLA features onto a normalized sphere and aligning with teacher embeddings mitigates degradation and improves OOD generalization; attention maps analyzed,intermediate visual layers (layer-depth ablation 8-30),FALSE,TRUE,TRUE,128,TRUE,wilcoxon,,none,not_addressed,TRUE,https://blind-vla-paper.github.io,FALSE,,FALSE,partial,3,"Directly studies OOD generalization failure in VLA models: action fine-tuning degrades visual representations and generalization across Semantic/Vision/Execution axes, and visual alignment mitigates it. Does not address compositional generalization or the training-dynamics/schema-coherence mechanisms of the sigma-trap.",2,"Concerns capability preservation and OOD robustness of embodied robotic agents, tangentially relevant to goal misgeneralization in agentic AI, but contains no safety, alignment, or value-learning analysis.",TRUE,Linear-probe evaluation uses a reduced ImageNet-100 due to computational constraints; probing without per-layer tuning so differences reflect representations only,,FALSE,,,task success rate per environment (mean+/-SD over 128 seeds); linear-probe top-1 accuracy (ImageNet-100),EX1,"Simpler-based VLA benchmark; OOD axes Semantic/Vision/Execution. Default SFT: Carrot 0.49+/-0.02 (identical row in Tables 11/12). Ablations: teacher, layer, coefficient, projector; one-sided paired Wilcoxon, 128 shared seeds. Env success rates not mapped to id/ood (ambiguous column layout); prefill 'Math/MW' hint unsupported (robotics)."
S008,P02_0017,Mitigating Dynamic Graph Distribution Shifts via Mixture of Variational Experts,Qianyu Song; Chao Li; Yeyu Yan; Hui Zhou; Zhongying Zhao; Qingtian Zeng,2026,Proceedings of the ACM Web Conference 2026,10.1145/3774904.3792190,,TRUE,empirical,,conference,custom,,Link prediction on continuous-time dynamic graphs,temporal,FALSE,,other,gnn,"MoVE: Mixture of Variational Experts over a dynamic GNN backbone; hierarchical variational encoder extrapolates latent pseudo-environments, MoE with alignment and diversity-regularization losses; baselines ERM, IRM, CaNet, TGAT, TGN, GraphMixer, DyGFormer, FreeDyg, DIDA, SILD",,,,unspecified,,,"Dynamic graphs: Amazon-Review, Reddit, UN Trade, UN Vote (real-world, continuous-time); also COLLAB and YELP in sensitivity analyses; train/test temporal splits",invariant_learning,not_applicable,,,FALSE,,FALSE,FALSE,0.9875,0.0024,,,,,other,AP (average precision),0.9546,0.0024,,,,,other,AP (average precision),0.0329,,,none,,,,,FALSE,No effect sizes reported; SDs over runs given as +/- in AP%,FALSE,,,,,"No representation-level coherence proxy; alignment loss is a training objective, not a measured proxy",none,,,,FALSE,TRUE,FALSE,,FALSE,,,none,not_addressed,FALSE,,FALSE,,FALSE,low,2,"Addresses OOD generalization under distribution shifts for dynamic graph link prediction via invariant learning, but the failure mode is temporal/environmental distribution shift, not compositional generalization, and no compositional structure or schema coherence is examined.",1,"No connection to AI safety, alignment, or goal misgeneralization; the invariant-representation objective targets OOD robustness on graph link prediction, with no discussion of alignment or safety implications.",TRUE,"Primary limitation is the implicit interpretability of learned pseudo-environments, whose semantics remain implicit; authors defer more explainable representations to future work.",,TRUE,Development of more explainable representations of the pseudo-environments; the paper leaves this for further exploration.,,,EX1,"Main-form values = MoVE (Ours) on Amazon-Review, Table 2; AP% converted to proportions. Train columns treated as ID, Test as OOD. Per-dataset MoVE results in sub_experiments. Ablations (w/o Env, Shared encoder, w/o Reg/Aign) shown only as figures, no numeric values extractable."
S009,P02_0018,Human Heterogeneity Invariant Stress Sensing,Yi Xiao; Harshit Sharma; Sawinder Kaur; Dessa Bergen-Cico; Asif Salekin,2025,https://doi.org/10.1145/3749465,10.1145/3749465,,TRUE,empirical,,journal,custom,,"Wearable stress detection (physiological signals, OUD population)",domain_shift,FALSE,,other,other,"HHISS uses person-wise sub-network pruning intersection (pruning-based); backbone not specified in excerpt; baselines: ERM, IRM, VREx, DRO, TTP, DANN, MLDG, clustering, ERM pruning, KD, SparseTrain",,,,unspecified,,,"Seven stress datasets (four self-collected, three public: WESAD, AffectiveROAD); lab, controlled driving, and in-the-wild; Control / OUD pre-dose / post-dose conditions; sizes not stated in excerpt",invariant_learning,not_applicable,,standard_SGD,FALSE,,FALSE,FALSE,0.8371,,,,,,accuracy,,0.75,,,,,,accuracy,,0.0871,,,none,,,,,FALSE,,FALSE,,,,,No representation-level coherence/compositionality proxy reported in excerpt,none,,,,FALSE,FALSE,FALSE,,FALSE,,,none,not_addressed,FALSE,,FALSE,,FALSE,low,3,"Directly studies out-of-distribution generalization failure across heterogeneous human populations (Control vs OUD pre/post-dose, unseen stressors), the domain-shift form of the sigma-trap, and shows ID-competitiveness with OOD gains (OOD mean acc 0.75 vs best baseline 0.6995), but it is not about compositional generalization and reports no effect sizes.",2,"Domain generalization for OUD rehabilitation stress monitoring has a safety-adjacent health application (robustness to person-specific shifts), but the paper does not address AI alignment, goal misgeneralization, or value specification.",,,,,,,"Macro F1 (ID Control 0.8206; OOD pre-dose 0.7942, post-dose 0.717)",EX1,"HHISS main model; ID = Control test (balanced acc 0.8371, Table 1), OOD mean accuracy 0.7500. Pre-dose/post-dose cross-training results in Tables 2-3. WESAD/AffectiveROAD via Figure 4. Backbone architecture not stated in excerpt; n_seeds/CI not reported."
S010,P02_0021,Causality and Independence Enhancement for Biased Node Classification,Guoxin Chen; Yongqing Wang; Fangda Guo; Qinglang Guo; Jiangli Shao; Huawei Shen; Xueqi Cheng,2023,Proceedings of the 32nd ACM International Conference on Information and Knowledge Management,10.1145/3583780.3614804,,TRUE,empirical,,conference,custom,,"node classification on citation/social graphs (Cora, Citeseer, NELL, Reddit)",mixed,TRUE,bias degree epsilon (label selection / structural bias severity),GCN,gnn,"CIE debiasing framework applied to GNN backbones GCN, GAT, SAGE; baselines SGC, APPNP, CATs, DGCN, DGAT, EERM, MLP; PyTorch + PyG",,,,unspecified,,,"Five public datasets: three citation networks (incl. Cora, Citeseer) plus NELL and Reddit; label selection and structural bias injected, controlled by epsilon",,not_applicable,,,FALSE,,FALSE,FALSE,0.7834,,10,,,,accuracy,,0.7777,,10,,,,accuracy,,0.0057,,,none,,,,,FALSE,,FALSE,,,,,No representation-level coherence/compositionality proxy measured; CIE separates causal and spurious features but reports no coherence metric,none,,,,FALSE,FALSE,TRUE,10,FALSE,,,none,not_addressed,FALSE,,FALSE,,FALSE,low,3,"Directly addresses OOD generalization failure in GNN node classification under label selection, structural, and mixed biases via causal feature separation and backdoor adjustment, but does not treat compositional/combinatorial generalization or training dynamics.",2,"Spurious-correlation robustness has indirect bearing on safety-relevant generalization, but the paper makes no connection to alignment, goal misgeneralization, or agent behavior.",FALSE,,,FALSE,,,,EX1,"Main-form values: GCN on Cora under label selection bias (unbiased = ID, epsilon=0.4 = OOD), averages over 10 seeds, no SD/CI reported. Mixed-bias table (Table 4) and NELL/Reddit low-resource results not included in excerpt. Citeseer results similar and omitted."
S011,P02_0023,Environment Agnostic Invariant Risk Minimization for Classification of Sequential Datasets,Praveen Venkateswaran; Vinod Muthusamy; Vatche Isahagian; Nalini Venkatasubramanian,2021,Proceedings of the 27th ACM SIGKDD Conference on Knowledge Discovery &amp; Data Mining,10.1145/3447548.3467324,,TRUE,empirical,,conference,custom,,"Sequential classification: text (SST-2, AG News), sensor (HAR), business process traces (BPIC'18/'19)",covariate_shift,FALSE,,,,Architecture not specified in excerpt; EASP adds a learned feature-masking function to an environment-agnostic IRM objective,,,,unspecified,,,"Punctuated SST-2 and AG News (text), HAR (sensor), BPIC'18/'19 (business process event logs); synthetic spurious-correlation environments alpha=0.8/0.9, OOD alpha=0.1",invariant_learning,not_applicable,,,FALSE,,FALSE,FALSE,,,,,,,accuracy,,0.875,,,,,,accuracy,,,,,none,,,,,FALSE,No effect size reported; only mean test accuracies (some with SD),FALSE,,,,,,none,,,,FALSE,TRUE,FALSE,,FALSE,,,none,not_addressed,FALSE,,TRUE,https://data.4tu.nl/articles/BPI_Challenge_2018/12688355; https://data.4tu.nl/articles/BPI_Challenge_2019/12715853,FALSE,partial,3,"Directly addresses OOD generalization failure under spurious correlations (the sigma-trap) via an environment-agnostic invariant risk minimization approach, reporting OOD test accuracies across text, sensor, and process-sequence datasets; shift is covariate/spurious rather than compositional, and architecture is not specified.",1,"No connection to AI alignment, safety, or goal misgeneralization; purely a robustness/domain-generalization method paper for sequential classification.",FALSE,,,FALSE,,,,EX1,"Main-form OOD accuracy 87.5% is EASP on HAR activity recognition (text: Inv-ERM without spurious features 89.3%, ERM 73.2%, IRMv1 86.9%, IRM5% 78.9%). Table 5/6 ablation tables are partially garbled in the excerpt; only prose-attributed values used. Architecture not reported in excerpt."
S012,P02_0031,Causal Disentangled Recommendation against User Preference Shifts,Wenjie Wang; Xinyu Lin; Liuhui Wang; Fuli Feng; Yunshan Ma; Tat-Seng Chua,2023,https://doi.org/10.1145/3593022,10.1145/3593022,,TRUE,empirical,,conference,custom,,"Recommendation under user preference shifts (Yelp, Book, Electronics)",temporal,FALSE,,MLP,mlp,"Temporal VAE; MLP encoder g_phi and decoder with FC layers f_theta1/f_lambda; learnable matrices W_z/W_x for sparse influence; hidden dims of e_t/z_t/g_phi tuned in {200,300,400}; g_phi widths [200]/[400]/[800]/[800,500]",,,,unspecified,,,"Three recommendation datasets (Yelp, Book, Electronics); user interaction sequences split into chronological environments; preference assumed stable within each short period",regularized,not_applicable,,other,FALSE,,FALSE,FALSE,,,,,,,other,Recall@10 / NDCG@10,,,,,,,other,Recall@10 / NDCG@10,,,,none,,,,,FALSE,,FALSE,,,,,"No representation-level coherence/compositionality proxy (probing, CKA, RSA, compositionality score) measured; KL/Euclidean analysis is a case-study alignment check, not a coherence metric",other,,"Euclidean distance between learned user representations tracks KL divergence of category-level interaction distributions across consecutive environments, showing CDR captures preference shifts in user representations",,FALSE,FALSE,FALSE,,FALSE,,,none,not_addressed,FALSE,,FALSE,,FALSE,low,2,"Frames user preference shift as an OOD generalization problem via causal-graph environment modeling and temporal distribution shifts, but is distant from compositional generalization and the sigma-trap thesis; no treatment of training dynamics, flatness, or schema coherence.",1,"No connection to AI safety, alignment, or goal misgeneralization; the paper concerns robust recommendation quality under user preference shifts only.",TRUE,"Category-level preference is non-trivial to recover from pure interaction data; performance drops when parameters grow (g_phi widened from [800] to [800,500] hurts); hidden sizes must be carefully tuned to balance representation ability and over-fitting",,TRUE,Explore more inference strategies to capture temporal patterns (current third strategy partially considers shifts but loses temporal patterns); incorporating item category into recommender models to help disentanglement,,Recall@10; NDCG@10,EX1,"Main results table not present in excerpt (only ablation, hyperparameter sensitivity, and case-study analysis); ID/OOD accuracy values left empty. Venue inferred from ACM DOI 10.1145/3593022 with ACM copyright stamp in excerpt."
S013,P02_0032,NILMBENCH2026: A Benchmark for Energy Disaggregation,Aayush Kuloor; Anurag Singh; Harsh Dhru; Nipun Batra,2026,"Proceedings of the 13th ACM International Conference on Systems for Energy-Efficient Buildings, Cities, and Transportation",10.1145/3744256.3812587,,TRUE,dataset_benchmark,,conference,custom,,Non-Intrusive Load Monitoring (NILM) energy disaggregation,domain_shift,FALSE,,other,other,"16 NILM models: CNN (Seq2Point, DAE, TCN), RNN/GRU (ConvLSTM, WindowGRU, RNN, RNN Att. Seq2Seq, RNN Att. Cl.), Transformer (Reformer, NILMFormer, BERT), ResNet variants, MSDC-CRF",,,,small,,,"Benchmark on UK-DALE, REDD, REFIT at 1-min and 15-min resolutions; training set sizes not reported in excerpt",,not_applicable,,,FALSE,,FALSE,FALSE,,,,,,,,,,,,,,,F1,,,,,none,,,,,FALSE,No formal effect sizes; cross-building generalization failure reported qualitatively (washing machine/dishwasher near-zero F1 on cross-building tests),FALSE,,,,,No representation-level coherence or compositionality proxy measured,none,,,,FALSE,FALSE,FALSE,,FALSE,,,none,not_addressed,TRUE,,TRUE,,FALSE,medium,2,"Documents a systematic OOD generalization failure (cross-building transfer in NILM) as its central finding, but covers regression/event detection on household power signals with no compositional structure or mechanism linking to the sigma-trap.",1,"Benchmarking study for energy disaggregation with no connection to AI safety, alignment, or goal misgeneralization.",FALSE,,,TRUE,Real-world deployment likely needs ensemble/multi-expert systems because optimal architecture is appliance-dependent; future edge devices require specialized AI accelerators or cloud processing; steer NILM research toward robust deployable solutions.,,"MAE in watts (regression); FLOPs, parameter count, inference time (efficiency); per-appliance F1 scores; event detection",EX1,"Multi-model benchmark, no single headline accuracy; main metric is F1 (event detection) and MAE, not classification accuracy. Per-appliance tables partly garbled by extraction; sub-experiments use only F1 attributions stated explicitly in narrative text. Main-form accuracy left empty."
S014,P02_0045,,Mohannad Elhamod; Jie Bu; Christopher Singh; Matthew Redell; Abantika Ghosh; Viktor Podolskiy; Wei-Cheng Lee; Anuj Karpatne,2022,https://doi.org/10.1145/3530911,10.1145/3530911,,TRUE,empirical,,journal,custom,,physics eigenvalue problems (Ising model / quantum mechanics; electromagnetic propagation),,FALSE,,VanillaRNN,rnn_family,"Physics-guided neural network (CoPhy-PGNN); all ANN baselines (CoPhy-PGNN, PGNN-analogue, Black-box NN) share the same architecture per excerpt; RNN-family per screening prefill",,,,unspecified,,,,other,not_applicable,"physics-guided (PG) training with competing loss functions; labeled-data loss combined with physics-violation loss, adaptively tuned tradeoff",,FALSE,,FALSE,FALSE,0.645,,10,,,,other,overlap integral of predictions (0-1); also relative eigenequation error,,,,,,,,,,,,none,,,,,FALSE,"No effect sizes reported; raw differences between methods reported in Table 2 (overlap integral, relative eigenequation error)",FALSE,,,,,,other,,Visualized the loss landscape to understand how combining labeled-data loss and PG loss leads to better generalization performance,,FALSE,FALSE,TRUE,10,FALSE,,,none,not_addressed,TRUE,https://github.com/jayroxis/Cophy-PGNN,TRUE,https://github.com/jayroxis/Cophy-PGNN,FALSE,medium,2,"Claims PG loss improves generalizability to unseen testing scenarios and extrapolation to out-of-distribution physics problems, but no compositional/OOD split evaluation or sigma-trap diagnostics are reported in the excerpt.",1,"No connection to AI alignment, safety, or goal misgeneralization; purely a physics-informed learning method for scientific computing.",FALSE,,,TRUE,"Future work: reduce training time for hyper-parameter search, solve for multiple eigensolutions simultaneously, improve scalability to larger matrix sizes, and develop theoretical analyses of the approach.",,"runtime (seconds per input, throughput in inputs/second vs numerical eigensolvers)",EX1,"Table 2 results over the entire (in-distribution) test set for electromagnetic propagation: overlap integral CoPhy-PGNN GPU 0.645 / CPU 0.616, PGNN-analogue 0.616/0.579, Black-box NN 0.579/0.579; relative eigenequation error 1.309e-1/1.980e-1/7.205e-1. GPU values used as primary in fields. No OOD numbers reported in excerpt."
S015,P02_0055,A.I. Robustness: a Human-Centered Perspective on Technological Challenges and Opportunities,Andrea Tocchetti; Lorenzo Corti; Agathe Balayn; Mireia Yurrita; Philip Lippmann; Marco Brambilla; Jie Yang,2025,https://doi.org/10.1145/3665926,10.1145/3665926,,TRUE,survey_ma,,journal,,,,,FALSE,,,,"Survey spans many architectures (CNNs, language models, NLI models, etc.); no single model studied",,,,unspecified,,,,,not_applicable,,,FALSE,,FALSE,FALSE,,,,,,,,,,,,,,,,,,,,none,,,,,FALSE,,FALSE,,,,,,none,,,,FALSE,FALSE,FALSE,,FALSE,,,none,not_addressed,FALSE,,FALSE,,FALSE,low,3,"Systematic survey of AI robustness including OOD robustness, the robustness-accuracy trade-off, and reports that OOD performance strongly correlates with ID performance across models and distribution shifts; but no compositional generalization focus or experiments.",2,"Framed under Trustworthy AI with a human-centered perspective on robustness, explainability, fairness trade-offs and accountable deployment, touching alignment of features with human expectations; but no direct safety/alignment mechanism or goal misgeneralization analysis.",TRUE,"Identifies field gaps: computer-vision hegemony in robustness research, little attention to natural perturbations and attacks, lack of model-agnostic adversaries, and scarce work on robustness of XAI methods.",,TRUE,"Calls for natural/perturbation-agnostic evaluation approaches, unbiased robustness analyses, disentangling scenario-specific aspects from robustness, and better understanding of human practices plus supportive tools for robustness evaluation.",,,EX1,"Systematic survey (ACM, 35 pages); no primary experiments or quantitative results in excerpt, so no sub_experiments and most numeric fields empty. Prefill hints list candidate architectures/benchmarks from screening, but as a survey no single task/arch applies."
S016,P02_0058,A Survey of Model Inversion Attacks: An Interface-Prior Perspective,Haoyu Liu; Yuwen Chen; Zhen Yang,2026,Proceedings of the 2025 15th International Conference on Communication and Network Security,10.1145/3789456.3789473,,TRUE,survey_ma,,conference,,,"Model inversion attack (image/vision reconstruction; survey, no experiments)",,FALSE,,,,"Survey of MIA architectures incl. CNNs, Transformers/VLM families, GAN/diffusion priors; qualitative architectural sensitivity analysis, no models trained",,,,,,,,,not_applicable,,,FALSE,,FALSE,FALSE,,,,,,,,,,,,,,,,,,,,none,,,,,FALSE,,FALSE,,,,,No representation-level coherence proxy; layer-wise invertibility discussed qualitatively only,none,,,,FALSE,FALSE,FALSE,,FALSE,,,none,not_addressed,FALSE,,FALSE,,FALSE,low,1,Privacy/security survey of model inversion attacks; contains no compositional or OOD generalization measurement and no analysis of generalization failure in neural models.,2,"Concerns privacy leakage from deployed ML systems (model inversion, DP defenses, output controls); touches safety-relevant deployment risk but not goal misgeneralization or alignment per se.",FALSE,,,TRUE,"Calls for standardized MIA evaluation: fix access model, report interface details, budgets, output policies, compute; recommends multi-view metrics (FID, LPIPS, CLIP similarity, NN hit rate) for fair cross-study comparison.",,"FID; LPIPS; CLIP embedding similarity; nearest-neighbor hit rate (recommended metrics, not measured)",EX1,"Survey paper (ICCNS 2025); no quantitative experiments in excerpt, so all result/numeric fields are empty."
S017,P02_0060,AI Alignment: A Contemporary Survey,Jiaming Ji; Tianyi Qiu; Boyuan Chen; Jiayi Zhou; Borong Zhang; Donghai Hong; Hantao Lou; Kaile Wang; Yawen Duan; Zhonghao He; Lukas Vierling; Zhaowei Zhang; Fanzhi Zeng; Juntao Dai; Xuehai Pan; Hua Xu; Aidan O'Gara; Kwan Ng; Brian Tse; Jie Fu; Stephen Mcaleer; Yanfeng Wang; Mingchuan Yang; Yunhuai Liu; Yizhou Wang; Song-Chun Zhu; Yike Guo; Yaodong Yang; Wen Gao,2025,https://doi.org/10.1145/3770749,10.1145/3770749,,TRUE,survey_ma,,journal,,,,,FALSE,,,,,,,,,,,,,not_applicable,,,FALSE,,FALSE,FALSE,,,,,,,,,,,,,,,,,,,,none,,,,,FALSE,Survey; no experiments or effect sizes,FALSE,,,,,,none,,,,FALSE,FALSE,FALSE,,FALSE,,,none,not_addressed,FALSE,,FALSE,,FALSE,low,2,"Broad alignment survey; treats learning under distribution shift as one of the two pillars of forward alignment, linking distribution shift to misalignment risk, but contains no compositional/OOD generalization experiments, benchmarks, or quantitative analysis.",5,"This is a comprehensive survey of AI alignment itself: it defines alignment objectives (RICE), characterizes forward alignment (learning from feedback, learning under distribution shift) and backward alignment (assurance, governance), and reviews value elicitation, moral principles, open-source governance, and international AI safety governance.",,,,TRUE,"Democratic human input must be integrated into agentic AI systems; obtaining a random global sample is hard (33% of people lack Internet access); balancing diverse societal values; when AI reasoning surpasses human reasoning, human feedback fails, requiring algorithms based on universal moral principles such as moral consistency, moral reflection, and moral progress",,,EX1,"Survey paper in ACM Computing Surveys (Vol 58, No 5, Article 132, DOI 10.1145/3770749) on AI alignment. No experiments, models, or quantitative results in the excerpt; alignment objectives specified as RICE; forward alignment = learning from feedback + learning under distribution shift; backward alignment = assurance + governance; covers open-source and international governance debates."
S018,P02_0064,Abstraction Alignment: Comparing Model-Learned and Human-Encoded Conceptual Relationships,Angie Boggust; Hyemin Bang; Hendrik Strobelt; Arvind Satyanarayan,2025,Proceedings of the 2025 CHI Conference on Human Factors in Computing Systems,10.1145/3706598.3713406,,TRUE,empirical,,conference,custom,,MLM specificity prediction (S-TEST); ICD-9 clinical coding case study,none,FALSE,,BERT,transformer,"Evaluates bert-base/large, roberta-base/large, gpt-2 on S-TEST occupation/location/birthplace specificity tasks; abstraction alignment methodology builds abstraction graphs of human concepts and measures how much model uncertainty they explain",,,,unspecified,,,Pretrained LMs evaluated on S-TEST dataset; clinical coding case study uses MIMIC-III with ICD-9 codes,,not_applicable,,,FALSE,,FALSE,FALSE,,,,,,,,,,,,,,,,,,,,none,,,,,FALSE,No effect sizes or significance tests reported; quantitative results are A@10 and subgraph-preference probabilities,FALSE,,,,,"Alignment is measured at the behavior/confidence level against human abstraction graphs, not via a representation-level coherence proxy over model internals",other,,"Models show strong preference for specific answers when evaluated over full abstraction graphs (bert-large prefers a specific answer on over 80% of instances), contradicting prior two-answer metrics; gpt-2 has lowest accuracy/specificity but highest preference for correctness",,FALSE,FALSE,FALSE,,FALSE,,,none,not_addressed,FALSE,,FALSE,,FALSE,low,2,"Positions learned abstractions as informing a model's ability to generalize to new data, but all evaluations are in-distribution specificity benchmarks (S-TEST, ICD-9 coding); no compositional or OOD generalization measurements are made.",4,"Directly targets human-AI alignment: abstraction alignment quantifies how much of a model's uncertainty is explained by human-encoded conceptual relationships, is framed against societal and regulatory alignment demands, and provides experts audit tools to locate where model behavior diverges from human abstractions; it does not, however, address goal misgeneralization or safety-critical failures.",FALSE,,,TRUE,Experts hypothesized abstraction alignment could improve model generation by selecting the most specific concept above a confidence threshold instead of the most probable (often overly specific and incorrect) answer; generated new hypotheses for specificity analysis.,,"A@10 (accuracy at 10); subgraph preference P(s,g), P(s-down, s-up), P(s-relation, t); expert evaluation studies",EX1,"Methodology/interpretability paper; no OOD splits, so accuracy fields left empty. Table 2: A@10 per model-task in sub_experiments. arXiv:2407.12543v3 also attached but CHI 2025 proceedings make it peer-reviewed."
S019,P02_0069,Uniformly Distributed Category Prototype-Guided Vision-Language Framework for Long-Tail Recognition,Xiaoxuan He; Siming Fu; Xinpeng Ding; Yuchen Cao; Hualiang Wang,2023,Proceedings of the 31st ACM International Conference on Multimedia,10.1145/3581783.3611904,,TRUE,empirical,,conference,ImageNet,,Long-tailed image recognition (ImageNet-LT / Places-LT / iNaturalist 2018),label_shift,FALSE,,ResNet,cnn_family,CLIP-based vision-language framework (pre-trained CLIP backbones) + ResNet-50/ResNext-50 image recognition fine-tuning; category prototypes uniformly distributed on a hypersphere; text-image contrastive alignment stage + prototype-guided classifier,,,,unspecified,,,"ImageNet-LT, Places-LT, iNaturalist 2018 long-tailed training sets; CLIP-pretrained backbone fine-tuning",contrastive,not_applicable,,other,FALSE,,FALSE,FALSE,,,,,,,,,0.709,,,,,,accuracy,,,,,none,,,,,FALSE,,FALSE,,,,,Feature-space uniformity is the method's design goal (prototypes uniformly distributed on hypersphere) but no representation-level coherence proxy (probing/CKA/RSA) is measured,other,,Feature-map t-SNE visualization provided in appendix,,FALSE,FALSE,FALSE,,FALSE,,,none,not_addressed,FALSE,,FALSE,,FALSE,low,2,"Addresses performance drop from a skewed training label distribution to a uniform test distribution (label-shift robustness) via prototype-guided feature alignment, a form of distributional shift, but it is long-tail recognition rather than compositional or OOD generalization, and no explicit OOD protocol or effect sizes are reported.",1,"No connection to AI safety, alignment, or goal misgeneralization; purely a long-tailed recognition method paper for computer vision.",,,,,,,,EX1,"Paper does not use ID/OOD terminology; the distribution shift is long-tailed train vs uniformly distributed (balanced) test set, treated here as label_shift with balanced-test accuracies in ood_acc fields. ImageNet-LT accuracy 70.9% vs baseline 60.5%, VL-LTR 70.1%, BALLAD 67.2%. No n_seeds/CI/significance reported."
S020,P02_0071,A Survey of Multilingual Neural Machine Translation,Raj Dabre; Chenhui Chu; Anoop Kunchukuttan,2020,https://doi.org/10.1145/3406095,10.1145/3406095,,TRUE,survey_ma,,journal,custom,,multilingual neural machine translation (MNMT),,FALSE,,,,"Survey of Embed-Encode-Attend-Decode NMT covering RNN, CNN, and self-attention/feed-forward (Transformer) architectures; multi-source, multiway, and multilingual models",,,,unspecified,,,"Survey of MNMT approaches on multilingual parallel corpora (e.g., Europarl, UN); covers multi-source, low-resource, and zero-shot scenarios",,not_applicable,,,FALSE,,FALSE,FALSE,,,,,,,,,,,,,,,,,,,,none,,,,,FALSE,Survey paper; no reported effect sizes,FALSE,,,,,Survey paper; no representation-level coherence or compositionality proxy reported in excerpt,none,,,,FALSE,FALSE,FALSE,,FALSE,,,none,not_addressed,FALSE,,FALSE,,FALSE,low,2,"Survey covers zero-shot multilingual NMT and transfer learning, which touch cross-language generalization beyond training data, but does not address compositional/OOD generalization failure or sigma-trap mechanisms.",1,"No connection to AI alignment, safety, or goal misgeneralization; purely a survey of multilingual machine translation approaches.",FALSE,,,TRUE,"Future directions for MNMT: flexibly combining multi-source, multi-target, single-source, and single-target translation in one system; dynamically determining useful source languages; multiway multi-source models.",,Translation quality comparisons of surveyed approaches (no quantitative values in excerpt),EX1,"Survey paper (ACM Computing Surveys); no experiments or quantitative results in excerpt, hence no sub_experiments. Architectural coverage: RNN, CNN, self-attention/FFN NMT; multi-source NMT approaches (vanilla, ensembling, synthetic data)."
S021,P02_0072,Contrastive Curriculum Learning for Sequential User Behavior Modeling via Data Augmentation,Shuqing Bian; Wayne Xin Zhao; Kun Zhou; Jing Cai; Yancheng He; Cunxiang Yin; Ji-Rong Wen,2021,Proceedings of the 30th ACM International Conference on Information &amp; Knowledge Management,10.1145/3459637.3481905,,TRUE,empirical,,conference,custom,,"Sequential recommendation and user behavior modeling (Beauty, Sports, Toys, Yelp; Tencent QQBrowser/Kuaibao)",none,FALSE,,,,"CCL framework: model-based data generator (attribute-confirming sequences) + learnable difficulty evaluator scheduling contrastive curriculum; base sequential encoder not specified in excerpt; baselines: GRU4Rec (RNN), Caser (CNN), SASRec/BERT4Rec (self-attention), VTB, Mixup, EDA, CP4Rec",,,,unspecified,,,"Public datasets: Beauty, Sports, Toys, Yelp; industry datasets: QQBrowser and Kuaibao (Tencent); no dataset sizes in excerpt",contrastive,not_applicable,,,TRUE,model-based context-aware sequence data augmentation confirming to user attribute information,TRUE,FALSE,,,,,,,other,HR@5 / NDCG@5 / HR@10 / NDCG@10,,,,,,,other,HR@5 / NDCG@5 / HR@10 / NDCG@10,,,,none,,,,,FALSE,No effect size reported; comparisons via significance stars (p < 0.01 vs best baseline),FALSE,,,,,,none,,,,FALSE,FALSE,FALSE,,TRUE,other,,none,not_addressed,FALSE,,,,FALSE,low,1,"No OOD or compositional generalization focus; addresses sequential recommendation performance and data sparsity via contrastive curriculum learning and augmentation, unrelated to the distribution-shift failure modes central to the sigma-trap.",1,"No connection to AI alignment, safety, or goal misgeneralization; purely a recommendation/representation learning methods paper.",FALSE,,,TRUE,Future work: extend the contrastive curriculum framework to data modeling in other kinds of applications.,,HR@5/NDCG@5/HR@10/NDCG@10 for sequential recommendation; ACC/Precision/Recall/F1 for activity and attribute prediction; CTR metrics in online A/B test,EX1,"Not an OOD study. Metrics are ranking metrics (HR/NDCG), not accuracy proportions, so id/ood numeric fields left empty; CCL results per dataset recorded in sub_experiment notes. CCL outperforms all baselines on all public and industry datasets (stars denote p < 0.01 vs best baseline)."
S022,P02_0073,Efficient Knowledge Graph Unlearning with Zeroth-order Information,Yang Xiao; Ruimeng Ye; Bohan Liu; Xiaolong Ma; Bo Hui,2025,Proceedings of the 34th ACM International Conference on Information and Knowledge Management,10.1145/3746252.3761379,,TRUE,empirical,,conference,custom,,"Knowledge graph embedding/unlearning (FB15K237, YAGO3-10)",none,FALSE,,,,,,,,unspecified,,,Knowledge graphs FB15K237 and YAGO3-10; machine unlearning removes 10% of triplets/relations (random deletion); influence function approximated via Fisher matrices and zeroth-order optimization,other,not_applicable,zeroth-order influence-function-based parameter updates with Fisher-approximated IHVP (not a standard train regime),other,FALSE,,FALSE,FALSE,,,,,,,,,,,,,,,,,,,,none,,,,,FALSE,,FALSE,,,,,No representation-level coherence or compositionality proxy measured,none,,,,FALSE,FALSE,FALSE,,FALSE,,,none,not_addressed,TRUE,https://github.com/NKUShaw/ZOWFKGIF,FALSE,,FALSE,partial,1,"Concerns machine unlearning in knowledge graphs for privacy (right-to-be-forgotten); does not address compositional or OOD generalization, generalization failure, or the sigma-trap phenomenon in any form.",2,"Safety-adjacent through machine unlearning (removing training data influence for right-to-be-forgotten and model deletion), but no treatment of alignment, goal misgeneralization, or value robustness.",TRUE,"As the damping term increases, performance becomes unstable due to inflated IHVP estimates; more update iterations accumulate and give less robust results; larger noise term speeds convergence but drops performance; unlearning time grows with deletion percentage",,FALSE,,,"MRR; Hit@3; Hit@1 (link prediction, unlearning and remain quality)",EX1,"Not an OOD-generalization study; unlearning quality measured as MRR/Hit@3/Hit@1, which does not map to id/ood accuracy fields, so Table 3 numbers are recorded in sub_experiments notes. Base KG embedding architecture not named in excerpt."
S023,P02_0075,Neural Dehydration: Effective Erasure of Black-box Watermarks from DNNs with Limited Data,Yifan Lu; Wenxuan Li; Mi Zhang; Xudong Pan; Min Yang,2024,Proceedings of the 2024 on ACM SIGSAC Conference on Computer and Communications Security,10.1145/3658644.3690334,,TRUE,empirical,,conference,CIFAR10,MNIST; CIFAR100,,none,FALSE,,,,"DNN architectures not named in excerpt (three datasets, three DNN architectures); watermark schemes are embedded into CIFAR-10/MNIST/CIFAR-100 classifiers",,,,unspecified,,,"CIFAR-10 (main analysis), MNIST, CIFAR-100; attack uses <=2% of training data or is data-free; training set sizes not stated",,not_applicable,,,FALSE,,FALSE,FALSE,0.914,,5,,,,accuracy,,,,,,,,,,,,,none,,,,,FALSE,No effect sizes; attack success is judged against thresholds (rescaled watermark accuracy <50% and >=90% utility preserved),FALSE,,,,,No representation-level coherence or compositionality proxy measured,none,,,,FALSE,TRUE,TRUE,5,FALSE,,,none,not_addressed,TRUE,https://github.com/LouisVann/Dehydra,TRUE,,FALSE,medium,1,"Watermark-removal attack study on image classifiers; no compositional or OOD generalization evaluation, so it does not speak to the sigma-trap phenomenon.",1,"Touches defensive model security (IP protection against model stealing) but has no content on alignment, safety behavior, or goal misgeneralization.",FALSE,,,FALSE,,,Rescaled watermark accuracy S(x;theta) as attack-effectiveness metric (removed when <50%); clean accuracy = surrogate utility; standard deviations over 5 repeated tests; data-free and transfer settings,EX1,"Watermark-removal attack paper, not an OOD generalization study; id_acc = clean test-set accuracy (utility) of the attacked surrogate. Main-form id_acc_mean = DehydraImproved in-distribution CIFAR-10 with Piracy watermark as reference (91.4%); other watermark schemes differ in magnitude. Architectures described only as 'DNN architectures' across three datasets."
S024,P02_0081,Evaluating Out-of-Distribution Robustness of TabPFN on Tabular Data,D. Harijeyan,2025,2025 International Conference on Advances in Technology and Computing (ICATC),10.1109/icatc68823.2025.11407733,,TRUE,empirical,,conference,custom,,"UCI Adult tabular classification with demographic OOD splits (education, age, gender)",covariate_shift,FALSE,,TransformerEnc,transformer,"TabPFN (pre-trained transformer with in-context meta-learning, trained on synthetic data, used zero-shot); baselines: Random Forest, XGBoost, LinearSVC",,,,unspecified,,,TabPFN pre-trained on synthetic tabular tasks (meta-learning); used zero-shot without modification; baselines trained on in-distribution UCI Adult data,meta_learning,not_applicable,,other,FALSE,,FALSE,TRUE,0.88,,,,,,accuracy,,0.8,,,,,,accuracy,,0.08,,,none,,,,,FALSE,No effect sizes reported; statistical significance via paired t-tests and Wilcoxon signed-rank tests on per-sample OOD accuracy/F1,FALSE,,,,,,none,,,,FALSE,FALSE,FALSE,,TRUE,t-test,2.53e-05,none,not_addressed,FALSE,,FALSE,,FALSE,low,2,"Empirically evaluates OOD robustness of a meta-learning transformer (TabPFN) under demographic distribution shifts on tabular data, but covers only conventional covariate-style shift, not compositional generalization failure or the sigma-trap.",2,"Motivated by fairness and reliable deployment in healthcare/finance and highlights unfair decisions from distribution shift, but does not address AI alignment, goal misgeneralization, or safety mechanisms.",TRUE,For the Age split the accuracy difference between TabPFN and baselines is not always significant; comparison is asymmetric because TabPFN is zero-shot while baselines are trained on in-distribution data; computational cost and scalability to larger tabular datasets unaddressed.,,TRUE,Evaluate TabPFN on additional tabular datasets with realistic demographic and domain-specific OOD splits; explore hybrid approaches combining TabPFN meta-learning with tree-based models.,,F1 (reported alongside accuracy for all models and splits),EX1,"Main-form values = TabPFN on Education split. TabPFN ID acc: Education 0.880, Age 0.914, Gender 0.928; OOD acc: 0.800/0.803/0.803. Statistical tests: paired t-test + Wilcoxon on per-sample OOD accuracy/F1 (e.g., TabPFN vs Random Forest Education: t-test p=2.53e-05)."
S025,P02_0082,On the Out-of-Distribution Evaluation of ML-Based End-to-End Communications Systems,M. Akrout; F. Bellili; A. Mezghani; E. Hossain,2024,ICC 2024 - IEEE International Conference on Communications,10.1109/icc51166.2024.10622985,,TRUE,empirical,,conference,custom,,E2E ML wireless communication: symbol transmission/recovery over AWGN channel,domain_shift,FALSE,,other,other,"E2E system: transmit auto-encoder, receive auto-encoder (convolutional layers, kernel 5), and conditional GAN (generator + discriminator) modeling the AWGN channel; block lengths L in {128,256,512}",,,,unspecified,,,"AWGN channel datasets generated at specific SNR levels; model trained at SNR = 0 dB, evaluated at shifted test domains (e.g., SNR = 30 dB); experiments use 25 SNR values",,not_applicable,,,FALSE,,FALSE,FALSE,,,,,,,other,bit error rate (BER) relative to theoretical BER upper-bound,,,,,,,other,bit error rate (BER) relative to theoretical BER upper-bound,,,,none,,,,,FALSE,,FALSE,,,,,,none,,,,FALSE,FALSE,FALSE,,FALSE,,,none,not_addressed,FALSE,,FALSE,,FALSE,low,3,Directly studies OOD generalization failure: evaluates ID vs OOD performance of E2E ML systems under SNR domain shift and shows BER-based OOD evaluation can be misleading without a quantifiable OOD criterion; not compositional and no accuracy numbers in excerpt.,1,"No connection to AI safety, alignment, or goal misgeneralization; focuses on OOD evaluation protocols for wireless communication systems.",TRUE,"Paper states it discusses limitations and future directions of the BER-upper-bound-based OOD evaluation in Section V, though the details are outside the excerpt.",,TRUE,Paper announces future directions for OOD evaluation of E2E ML communication systems in Section V; specifics outside excerpt.,,BER (bit error rate) and theoretical BER upper-bound BERmax as threshold between ID and OOD performance,EX1,"No numeric BER/accuracy results in excerpt (the BER = 0.5e-2 at SNR 50 dB figure is an illustrative example, not a model result); no sub_experiments. Flag: task_primary set to other (wireless comms task, hint 'none-detected'); arch_primary set to other (auto-encoders+GAN, hint was 'CNN; VAE/AE')."
S026,P02_0087,Evading the Simplicity Bias: Training a Diverse Set of Models Discovers Solutions with Superior OOD Generalization,D. Teney; E. Abbasnejad; S. Lucey; A. Van den Hengel,2022,2022 IEEE/CVF Conference on Computer Vision and Pattern Recognition (CVPR),10.1109/cvpr52688.2022.01626,,TRUE,empirical,,conference,PACS,VLCS,,domain_shift,FALSE,,ResNet,cnn_family,ResNet-18 feature extractor (highly optimized); collections of 64 models with a penalty on alignment of input gradients,,,,unspecified,,,"PACS (4 domains: art, cartoon, photo, sketch; leave-one-out DG); VLCS used for zero-shot cross-dataset transfer",regularized,not_applicable,,standard_SGD,,,,FALSE,,,,,,,,,0.8514,0.0059,5,,,,accuracy,,,,,none,,,,,FALSE,Raw deltas (84.48 vs 85.14 on PACS; 82.9 vs 84.2 best-single-model) reported as mean differences only; no formal effect size reported,FALSE,,,,,"No representation-level coherence proxy measured; gradient-alignment penalty acts on input gradients, not a coherence measure",none,,,,FALSE,TRUE,TRUE,5,FALSE,,,none,explicit_no,,,,,,low,4,"Directly investigates OOD generalization failure (the sigma-trap): attributes it to the SGD simplicity bias latching on spurious features, then shows a gradient-alignment regularizer plus model selection evades it, improving PACS domain-shift accuracy (82.9->84.2 best single model) and VLCS transfer; however it targets domain shift rather than compositional splits.",2,"Robustness to spurious correlations and domain shift matters for reliable deployed models, but the paper makes no connection to AI alignment, safety frameworks, or goal misgeneralization.",TRUE,"No guarantee a robust predictor is found; number of models and regularizer strength are key hyperparameters; too few models entangle robust and spurious features, too many fragment robust solutions; approach requires a separate model selection stage.",,TRUE,"Future work: encourage learning a 'basis' of elemental predictors via sparsity/complementarity and search for optimal combinations, resembling disentanglement but operating on ERM-optimized predictors.",,"AUC (VLCS horse/person zero-shot detection, averaged over two classes)",EX1,"Main-form values = proposed regularizer, 64 models, PACS mean over five runs (Table 3). Baseline 84.48 +/-0.23. Best-single-model values in Table 4 (82.9 -> 84.2). ID accuracy only in figures, not extractable."
S027,P02_0088,Compositional Generalization in Emergent Communication via Metropolis-Hastings Naming Game with Transformer Language Models,N. L. Hoang; Y. Matsui; A. Taniguchi; T. Taniguchi,2026,IEEE Transactions on Cognitive and Developmental Systems,10.1109/tcds.2026.3699989,,TRUE,empirical,,journal,custom,,"Emergent communication naming game (dSprites, 3DShapes)",compositional,FALSE,,TransformerEncDec,transformer,"Inter-TLM+VAE: VAE encodes visual objects into internal conceptual representations; Transformer Language Model generates messages with self- and cross-attention; lightweight (2 layers, 4 attention heads); baselines: Inter-VAE+VAE with LSTM/GRU, referential and reconstruction games",,2,,small,,,"dSprites and 3DShapes; vocab 100 words; message length 10 (dSprites)/20 (3DShapes); internal representation size 50; lr 0.001, batch 64, weight decay 1e-5",other,not_applicable,Metropolis-Hastings Naming Game (MHNG) emergent-communication training; VAE perception + TLM language coder,,FALSE,,FALSE,FALSE,,,,,,,,,,,,,,,other,TopSim (topographical similarity); CosSim; Overlap; SemAgr,,,,none,,,,,FALSE,No effect sizes reported; group comparisons are descriptive mean+/-SD,TRUE,compositionality_score,,,,TopSim: Spearman rank correlation between pairwise distances over ground-truth generative-factor configurations and pairwise cosine distances over message token embeddings; measures emergent-language compositionality including on unseen samples,other,,"Message-embedding analyses (TopSim, CosSim, Overlap, SemAgr) show Transformer-based Inter-TLM+VAE improves compositionality and inter-agent message alignment vs RNN-based Inter-VAE+VAE; self+cross attention best; MHNG bidirectional communication acts as implicit data augmentation",,FALSE,TRUE,TRUE,10,FALSE,,,none,not_addressed,FALSE,,FALSE,,FALSE,low,4,"Directly studies compositional generalization of emergent languages: TopSim measures whether message structure preserves generative-factor structure for unseen samples, and Transformer-based agents improve compositionality over RNN baselines in the MHNG framework. Does not connect to training dynamics, flatness, or failure mechanisms.",2,"Two-agent emergent communication with inter-agent message alignment via Metropolis-Hastings Naming Game is tangentially related to multi-agent agreement, but has no connection to AI safety, human values, or goal misgeneralization.",,,,,,,"TopSim (compositionality), CosSim, Overlap, SemAgr (inter-agent alignment); all mean+/-SD over 10 runs (SD<0.01 reported as 0.01)",EX1,"Metrics are language-structure scores, not accuracies; TopSim values recorded per-config in sub_experiment notes. Tables I-II report mean+/-SD across 10 runs. Referential/Reconstruction game baselines are single-message; Inter-TLM+VAE agents each generate their own message."
S028,P02_0092,Data Distributional Properties As Inductive Bias for Systematic Generalization,F. del Rio; A. Raymond-Saez; D. Florea; R. T. Icarte; J. Hurtado; C. B. Calderon; A. Soto,2025,2025 IEEE/CVF Conference on Computer Vision and Pattern Recognition (CVPR),10.1109/cvpr52734.2025.02383,,TRUE,empirical,,conference,custom,,Multi-attribute prediction (color/shape/size/material) on synthetic object-rendered images with textual attribute sequences,compositional,FALSE,,other,other,Multi-modal language model taking image plus textual attribute sequence as input; hidden size ablated 32-256; systematic generalization evaluated by holding out latent attribute combinations,,,256,small,,,"Synthetic dataset of rendered objects with latent attributes (color count 8/27/64/125/216); diversity, burstiness, and latent intervention manipulate training distribution; Dtest-ID vs Dtest-OOD splits",,not_applicable,,,TRUE,latent intervention (random alteration of a latent factor during training); burstiness restricts latent values per input,FALSE,FALSE,0.996,0,3,,,,accuracy,,0.006,0.001,3,,,,accuracy,,0.99,,,none,,,,,FALSE,No effect sizes reported; headline results are accuracy deltas (89% absolute OOD gain from diversity) and Pearson correlations of p-scores with OOD performance,TRUE,mutual_info,,,,Normalized Mutual Information (NMI) between latent attributes in the training distribution is strongly predictive of OOD generalization; lower NMI induces parallelism in neural representations (input features coded in parallel neural vectors),other,,"Representation parallelism (p-scores) strongly correlates with OOD performance on the shape task: AVG r=0.73 (p=1.88e-9), DIV r=0.76 (p=7.17e-4), BURST r=0.69 (p=5.5e-3), LI r=0.73 (p=3.45e-5)",,FALSE,TRUE,TRUE,3,TRUE,other,1.88e-09,none,not_addressed,TRUE,https://github.com/fdelrio89/data-systematic,FALSE,,FALSE,partial,5,"Directly studies systematic (compositional) generalization failure, the sigma-trap: baseline models learn shape-color combinations as features so OOD accuracy collapses (shape 0.6% OOD), while data distributional properties (diversity, burstiness, latent intervention) and representation geometry (NMI, parallelism) predict and promote OOD generalization.",1,"No connection to AI alignment or safety; the work concerns inducing systematic generalization via data properties and representation geometry, with no discussion of goal misgeneralization or safety implications.",FALSE,,,FALSE,,,NMI between latent attributes; p-score (representation parallelism); Pearson correlations of p-scores with OOD performance,EX1,"Appendix tables 2-7. Main-form = shape task, baseline 8-color model (Table 3: Shape Test-ID 99.6, Test-OOD 0.6). Sub-experiments = shape task per data-property condition (Tables 4-6). Size/Material columns of Tables 5-6 appear duplicated across color counts in the extraction and were not used."
S029,P02_0093,Dynamic Multi-Path Learning For Out-of-Distribution Node Classification on Heterophilic Graphs,S. Wang; C. Ma; L. Yao; Y. Zheng,2026,"ICASSP 2026 - 2026 IEEE International Conference on Acoustics, Speech and Signal Processing (ICASSP)",10.1109/icassp55912.2026.11461751,,TRUE,empirical,,conference,custom,,"Node classification on homophilic/heterophilic graphs (Cora, Pubmed, Photo, Twitch, Chameleon, Cornell, Wisconsin, Texas, Actor)",domain_shift,FALSE,,GCN,gnn,"MSGNN: multi-path gated GNN with k parallel aggregators, learnable dynamic gating, graph-level path contrastive loss (PCL), and environment probability module-based dynamic fusion (EPF); baselines ERM, IRM, Coral, DANN, GroupDRO, Mixup, SRGNN, EERM, CaNet; hyperparameters K paths and temperature tau1/tau2",,,,unspecified,,,"Standard graph node-classification datasets with environmental train/test distribution shifts (homophilic: Cora, Pubmed, Photo, Twitch; heterophilic: Chameleon, Cornell, Wisconsin, Texas, Actor); sizes not stated in excerpt",contrastive,not_applicable,,other,FALSE,,FALSE,FALSE,,,,,,,,,0.9804,,,,,,accuracy,,,,,none,,,,,FALSE,,FALSE,,,,,"No representation-level coherence proxy measured; intra-path consistency / inter-path separation are loss objectives, not measured metrics",none,,,,FALSE,FALSE,FALSE,,FALSE,,,none,not_addressed,FALSE,,FALSE,,FALSE,low,3,"Directly targets OOD generalization failure under distribution shift on graphs, reducing spurious correlations via multi-path gating, path contrastive learning, and causal ego-subgraph feature fusion, with large OOD accuracy gains on heterophilic graphs (Texas 15.0 to 70.0), but it is not about compositional generalization and reports no training-dynamics or schema-coherence analysis.",1,"No connection to AI safety, alignment, or goal misgeneralization; a graph OOD generalization method paper with no safety analysis.",,,,,,,,EX1,"Table 1 reports OOD accuracy only; no ID accuracy, n_seeds, CI, or significance tests in excerpt. MSGNN row: Cora 98.04, Pubmed 91.04, Photo 94.35, Twitch avg 61.30, Chameleon 61.36, Cornell 58.70, Wisconsin 78.21, Texas 70.00, Actor 26.82. Ablation (Table 2) baseline = standard GCN (=ERM numbers). Hyperparameters K=4, lambda=1 optimal."
S030,P02_0096,Out-of-Distribution Generalization on Graphs: A Survey,H. Li; X. Wang; Z. Zhang; W. Zhu,2025,IEEE Transactions on Pattern Analysis and Machine Intelligence,10.1109/tpami.2025.3593897,,TRUE,survey_ma,,journal,custom,,"graph-level and node-level tasks on graphs (graph classification, node classification)",mixed,FALSE,,,gnn,"Survey of OOD generalization methods for GNNs categorized by data, model, and learning strategy; covers GCNs, graph-level and node-level models, GNTK, Rademacher/PAC-Bayesian bounds",,,,unspecified,,,"Surveys graph OOD datasets: Spurious-Motif, MNIST-75sp, CMNIST-75sp, D&D200, Graph-SST2, OGBG-Molhiv/Molpcba/PPA, DrugOOD, CBA-Shapes, Facebook-100, WebKB, Twitch, Elliptic, OGBN-Arxiv/Proteins/Products",,not_applicable,,,FALSE,,FALSE,FALSE,,,,,,,,,,,,,,,,,,,,none,,,,,FALSE,Survey paper; no reported effect sizes,FALSE,,,,,Survey paper; no representation-level coherence or compositionality proxy reported in excerpt,none,,,,FALSE,FALSE,FALSE,,FALSE,,,none,not_addressed,FALSE,,FALSE,,FALSE,low,3,"Systematic survey of OOD generalization on graphs that catalogs distribution-shift failure modes (scaffold, time, structure, covariate, concept shifts) and mitigation methods, directly relevant to sigma-trap failure analysis; but no new experiments or training-dynamics analysis.",2,"Motivates OOD generalization with high-stake applications (finance, criminal justice, drug repurposing, pandemic prediction) where distribution shifts cause failures, touching deployment safety; no explicit alignment framing.",FALSE,,,TRUE,Paper shares insights on future research directions for OOD generalization on graphs (final section); details not in excerpt.,,,EX1,"Survey paper (IEEE TPAMI / arXiv:2202.07987); no experiments or quantitative results in excerpt, hence no sub_experiments. Covers covariate and concept shifts explicitly (CMNIST-75sp), scaffold splits (OGBG), and other shift causes."
S031,P02_0110,Efficient Out-of-Distribution Generalization for Pre-trained GNNs via Prompt Learning,Z. Zuo; C. Li; M. Tan; X. Gong; Y. Yuan; G. Wang,2026,IEEE Transactions on Artificial Intelligence,10.1109/tai.2026.3666523,,TRUE,empirical,,journal,custom,,"Graph OOD generalization (GOODMotif, GOODCMNIST, GOODSST2, GOODTwitter)",mixed,FALSE,,other,gnn,"GIN (graph isomorphism network) backbone pre-trained per GraphCL settings with node-dropping augmentation; EGOG adds causal feature generator + causal structure generator prompt modules (GPF-Plus, Gamma=10 after first layer), gradient reversal layers, and information bottleneck",552000,,,small,,,"GOODMotif (synthetic, basis and size domains), GOODCMNIST (node-color shift), GOODSST2 and GOODTwitter (sentiment grammar-tree graphs, sentence-length domains); no dataset sizes in excerpt",regularized,not_applicable,,,TRUE,node dropping during contrastive pre-training (GraphCL settings),FALSE,FALSE,,,,,,,accuracy,,0.8749,0.0241,3,,,,accuracy,,,,,none,,,,,FALSE,"No effect size reported; relative improvements (2.73% avg on synthetic, +11.14% vs LECI on GOODCMNIST) reported in prose",FALSE,,,,,,none,,,,FALSE,TRUE,TRUE,3,FALSE,,,none,not_addressed,FALSE,,,,FALSE,low,3,"Directly targets graph OOD generalization failure (the sigma-trap) with a prompt-learning causal-decoupling framework (EGOG), reporting ID/OOD accuracies on synthetic and real-world graph datasets; concerns graph covariate/domain shifts rather than compositional splits or training-dynamics/schema-coherence mechanisms.",1,"No connection to AI alignment, safety, or goal misgeneralization; an efficiency-focused OOD generalization method for graph learning applications (social networks, drug discovery, financial risk control).",FALSE,,,FALSE,,,,EX1,"Main-form OOD value = EGOG on GOODMotif-basis (87.49 +/- 2.41, 3 runs). EGOG trainable params: 552K (GOODMotif, used for param_count), 90K (GOODCMNIST), 371K (GOODSST2), 374K (GOODTwitter). ID/OOD results per dataset in sub_experiments. GOODSST2/Twitter ID column present; GOODMotif/GOODCMNIST report OOD only."
S032,P02_0116,Complexity Control Facilitates Reasoning-Based Compositional Generalization in Transformers,Z. Zhang; P. Lin; Z. Wang; Y. Zhang; Z. -Q. John Xu,2026,IEEE Transactions on Pattern Analysis and Machine Intelligence,10.1109/tpami.2025.3646483,,TRUE,empirical,,journal,custom,,Key+Anchor arithmetic compositional task (addition over anchors with noise tokens),compositional,FALSE,,GPT,transformer,GPT-2 model for main experiments; two-layer single-head transformer for mechanism analysis; parameter initialization scale controlled by rate gamma (std (1/din)^gamma) and weight decay coefficient 0.01 default,,,,unspecified,,,"Key+Anchor arithmetic: training samples (key, a1, a2) with noise tokens; ID test on seen anchor pairs, OOD test on unseen anchor pairs; also validated on image-generation and NLP tasks",regularized,not_applicable,,other,FALSE,,FALSE,FALSE,,,,,,,accuracy,,,,,,,,accuracy,,,,,none,,,,,FALSE,,FALSE,,,,,"No coherence/compositionality score computed; PCA/TSNE clustering and attention masking are representational analyses, not a coherence proxy",PCA,attention_patterns,PCA/TSNE of output embeddings shows Phase-1 models entangle anchor-pair representations while Phase-2/3 form well-separated clusters; masking key-token and anchor circuits isolates each token's contribution; reasoning-based solutions exhibit lower complexity bias via neuron condensation,,FALSE,FALSE,TRUE,3,FALSE,,,none,not_addressed,FALSE,,FALSE,,FALSE,low,5,"Directly investigates the sigma-trap: transformers show good ID but poor OOD compositional generalization (Phase 2). Shows complexity control (init scale, weight decay) decides whether models learn reasoning rules or memorize mappings, and dissects internal mechanisms via attention masking, PCA/TSNE, and neuron-condensation complexity analysis.",3,"Relevant to alignment via interpretability: distinguishing genuine compositional reasoning from memorized mappings and revealing internal circuits informs capability assessment and goal-misgeneralization risk, though the paper carries no explicit safety or alignment framing.",FALSE,,,TRUE,Critical open questions: whether transformers genuinely learn compositional primitives within the data or primarily memorize input-output mappings; whether their errors on compositional tasks are systematic or reflect a deeper lack of reasoning structure,,"commutativity probability on unseen anchor pairs (c,d)/(d,c); neuron condensation complexity metrics; ID/OOD test accuracy (figures)",EX1,"Main quantitative results shown only in figures (Fig 3 phase classification/heatmaps, Fig 4 PCA/TSNE); no numeric ID/OOD accuracies in text, so acc fields left empty. Phases: 1 (poor ID+OOD), 2 (good ID, poor OOD), 3 (good ID+OOD). Results averaged over 3 seeds; prefill hint '16' contradicted, n_seeds_value corrected to 3."
S033,P02_0124,Handling Out-of-Distribution Data: A Survey,L. Tamang; M. R. Bouadjenek; R. Dazeley; S. Aryal,2025,IEEE Transactions on Knowledge and Data Engineering,10.1109/tkde.2025.3592614,,TRUE,survey_ma,,journal,,,,mixed,FALSE,,,,"Survey spanning CNN, RNN, Transformer, MLP, GNN, and diffusion methods across vision, NLP, and LLM domains; no single architecture evaluated",,,,unspecified,,,No training runs; reviews detection/measurement/mitigation methods for covariate and concept shift across many datasets and domains,,not_applicable,,,FALSE,,FALSE,FALSE,,,,,,,,,,,,,,,,,,,,none,,,,,FALSE,,FALSE,,,,,No representation-level coherence or compositionality proxy measured; survey does not run experiments,none,,,,FALSE,FALSE,FALSE,,FALSE,,,none,not_addressed,FALSE,,FALSE,,FALSE,low,3,"Systematically reviews detection, measurement, and mitigation of covariate and concept/domain shifts, the broad OOD generalization failure space that subsumes the sigma-trap, though it provides no experiments on compositional generalization or training dynamics.",2,"Highlights safety-critical failures under distribution shift (medical diagnosis, autonomous driving) and high-confidence incorrect outputs in open-world settings, but does not engage AI alignment or goal misgeneralization directly.",TRUE,"Covariate vs semantic shift dichotomy is overly simplistic for practice; in real applications shifts occur simultaneously and are intertwined, so segregated handling may be inefficient or insufficient.",,TRUE,Calls for a holistic framework that handles both covariate and semantic shifts simultaneously under one cohesive framework; urges a model that performs well under all shift types.,,"Catalogues evaluation metrics used across surveyed works: AUC, AUROC, AUPR, FPR/FPR95, Accuracy, F1, NMI, OSCR, IoU, misclassification error, BWT/FWT, perplexity",EX1,"Survey/review paper; no empirical results to extract, all numeric fields left empty. Covers covariate shift (transfer learning, domain adaptation, DG/OOD-G) and concept shift (OSR, OOD detection, anomaly detection, continual learning)."
S034,P02_0126,The Many Faces of Robustness: A Critical Analysis of Out-of-Distribution Generalization,D. Hendrycks; S. Basart; N. Mu; S. Kadavath; F. Wang; E. Dorundo; R. Desai; T. Zhu; S. Parajuli; M. Guo; D. Song; J. Steinhardt; J. Gilmer,2021,2021 IEEE/CVF International Conference on Computer Vision (ICCV),10.1109/iccv48922.2021.00823,,TRUE,empirical,,conference,ImageNet,ImageNet_C,,mixed,FALSE,,ResNet,cnn_family,ResNet-50 baselines; ResNeXt; self-attention variants; WSL pretraining with 1000x labeled data; DeepAugment+AugMix augmentation method,,50,,medium,,,"ImageNet-R: 30,000 test images of renditions (paintings, embroidery, etc.); SVSF: storefronts w/ location/year/camera metadata; DFR: DeepFashion2 shifts in occlusion/orientation/zoom/scale; Real Blurry: 1,000 blurry images of 100 ImageNet classes",augmentation,not_applicable,,,TRUE,DeepAugment+AugMix diverse data augmentation,FALSE,FALSE,,,,,,,,,,,,,,,,,,,,none,,,,,FALSE,"No effect sizes; only directional findings (e.g., DeepAugment+AugMix on ResNet-50 gives approx 19-point ImageNet-C accuracy increase; larger models help on Real Blurry/ImageNet-C/ImageNet-R but not DFR)",FALSE,,,,,,none,,,,FALSE,FALSE,FALSE,,FALSE,,,none,not_addressed,FALSE,,FALSE,,FALSE,low,3,"Directly evaluates OOD generalization across four real-world distribution shifts (style, blur, geography, camera operation) and arbitrates robustness hypotheses (e.g., texture bias), showing no method consistently improves robustness; but no compositional splits or sigma-trap-specific analysis.",2,"Frames robustness evaluation as groundwork for systems that 'robustly generalize in safety-critical settings', a safety-adjacent motivation, but does not engage with alignment, goal misgeneralization, or agentic safety.",FALSE,,,TRUE,"Future research must study multiple distribution shifts simultaneously since no evaluated method consistently improves robustness; community should evaluate future methods on multiple shifts (e.g., at least ImageNet-C and ImageNet-R).",,,EX1,"No exact accuracy numbers in excerpt text; Figure 5 shows approximate IID vs OOD curves (ResNet-50 ImageNet ~78-80%, ImageNet-C ~40%; DeepAugment+AugMix ~19-point ImageNet-C increase). Directional findings: larger models help Real Blurry/ImageNet-C/ImageNet-R not DFR; augmentation helps Real Blurry/ImageNet-C/ImageNet-R not SVSF/DFR; self-attention helps Real Blurry/ImageNet-C not ImageNet-R/DFR."
S035,P02_0128,A System-Level Analysis of Cross-Domain Generalization Failure in Audio Deepfake Detection,S. Oyucu; B. Arslan; S. Sagiroglu,2026,IEEE Access,10.1109/access.2026.3716180,,TRUE,empirical,,journal,custom,,Audio deepfake detection (REAL vs FAKE binary classification),domain_shift,FALSE,,other,other,"Five hybrid architectures: CNN-LSTM, TCN, TCN-LSTM, Conformer, TCM-Conformer; each combined with four feature extractors (MFCC, Wav2Vec 2.0, HuBERT, HeAR)",,,,unspecified,,,"Four acoustic domains: ASVspoof 2019 (LA), ASVspoof 2021 (DF), DEEP-VOICE (RVC voice conversion), In-the-Wild; 320 cross-domain train-test configurations",,not_applicable,,,FALSE,,FALSE,FALSE,,,,,,,accuracy,,,,,,,,accuracy,,,,TRUE,none,,,,,FALSE,,FALSE,,,,,,other,,t-SNE of feature spaces: genuine/fake clusters well-separated in-domain but interleaved and positionally shifted under cross-domain transfer; In-the-Wild shows the most fragmented structure; feature-space shift identified as the dominant failure mechanism,,FALSE,FALSE,FALSE,,FALSE,,,none,not_addressed,FALSE,,FALSE,,FALSE,low,4,"Directly documents the sigma-trap: in-domain accuracy up to 99.98% collapsing to 5.55% (below chance) under cross-domain shift across 320 configurations, with architecture-invariant degradation, single-class bias (Recall~1.000), and within-benchmark-family drops of 18.5pp; a quantitative portrait of OOD generalization failure, though on acoustic domains rather than compositional tasks.",2,"Deepfake detection supports security and information-integrity applications (voice authentication, fraud prevention) and the paper emphasizes deployment reliability, but it does not discuss AI alignment, safety mechanisms, or goal misgeneralization.",TRUE,"Paper explicitly acknowledges study limitations (Section V) and notes that class-imbalanced test partitions can coincide with numerically high accuracy, making recall the more diagnostic metric.",,TRUE,Directions for future research identified: develop domain-invariant features and explicit alignment mechanisms rather than increasing architectural complexity alone.,,"Recall (near-total fake prediction, Recall~1.000 under single-class bias); inference latency 0.001-0.052 ms/sample; throughput ~27,000-361,000 samples/s",EX1,"Main-form id/ood accuracies left empty: excerpt reports only extremes ('up to 99.98%' in-domain, 'as low as 5.55%' OOD) across 320 configs, not means. Per-config values in sub_experiments."
S036,P02_0136,Defeating Multimodal Information Manipulation By A Web 3.0 Decentralized Identity (DID)-Based Accountability Framework,X. Wang; H. Qiu; J. Shen; W. Chen; A. Choi; W. Zhao,2025,2025 IEEE World AI IoT Congress (AIIoT),10.1109/aiiot65859.2025.11105270,,TRUE,position,,conference,,,"Deepfake/multimodal misinformation detection (framework proposal, no experiments)",,FALSE,,,,"Proposes a Web 3.0 DID-based accountability framework (Ethereum smart contracts, IPFS, verifiable credentials); no ML model implemented",,,,,,,,,not_applicable,,,FALSE,,FALSE,FALSE,,,,,,,,,,,,,,,,,,,,none,,,,,FALSE,,FALSE,,,,,"No representation-level coherence proxy; paper proposes a governance/identity framework, not a representation analysis",none,,,,FALSE,FALSE,FALSE,,FALSE,,,none,not_addressed,FALSE,,FALSE,,FALSE,low,2,"Motivated by OOD generalization failure of deepfake detectors and dataset bias of classifiers, but proposes a Web 3.0 identity/accountability framework with no neural model or OOD experiment; only tangential to compositional/OOD generalization.",2,"Targets societal harms of generative AI (deepfake fraud, election interference) through provenance and accountability; safety-adjacent information integrity, but no connection to agent alignment or goal misgeneralization.",FALSE,,,FALSE,,,,EX1,"Systems/position paper (IEEE AIIoT 2025) proposing a DID-based accountability framework for multimodal information manipulation; no experiments or quantitative results in excerpt, so all result/numeric fields are empty."
S037,P02_0150,Spatial-DiT: Generalizable 3D Visuomotor Policy for Cross-Object Manipulation via Multi-Scale Spatial Fusion,Z. Junjie; W. Jin; L. Xiaofei; Z. Haiyun; L. Guodong,2026,2026 38th Chinese Control and Decision Conference (CCDC),10.1109/ccdc69976.2026.11559647,,TRUE,empirical,,conference,custom,,"Robotic manipulation (pick-and-place, water pouring)",,FALSE,,Diffusion,diffusion,"Spatial-DiT: Multi-scale Pyramid Encoder (MPE) + Multi-scale Fusion (MSF) over point clouds, Diffusion Transformer (DiT) for multimodal action generation, Delta 6D Pose action space; baselines: Diffusion Policy, IDP3, ResNet-50, PointNet",,,,unspecified,,,25-object dataset (15 training types); pouring task uses 200 human demonstration trajectories recorded in Cartesian SE(3),other,not_applicable,Behavior cloning / imitation learning; diffusion policy training,,FALSE,,FALSE,FALSE,0.95,,,20,,,accuracy,,,,,,,,accuracy,,,,,none,,,,,FALSE,No effect sizes or significance tests reported; comparisons are descriptive success rates,FALSE,,,,,"Feature-clustering analysis measures geometric discriminative power, not representation-level coherence/compositionality",clustering,,"Feature clustering experiment under strong texture interference: Spatial-DiT MPE features form tight geometry-based clusters (intra-class 0.28, inter-class 2.45, DR 8.75), outperforming ResNet-50 (DR 1.41) and PointNet (DR 5.00), confirming texture-invariant geometric feature extraction",,FALSE,FALSE,FALSE,,FALSE,,,none,not_addressed,FALSE,,FALSE,,FALSE,low,3,"Studies zero-shot OOD generalization in robotic manipulation (unseen instances, unseen categories, cross-embodiment): 2D shortcut-learning policies fail under texture/color shift while 3D geometric features generalize (88.3% average success). Speaks to shortcut-driven OOD failure but not compositional generalization or training dynamics.",1,"No connection to AI safety, alignment, or goal misgeneralization; purely an embodied manipulation generalization paper.",TRUE,Performance drops below 40% in complex semantic scenarios with visually similar distractors; policy struggles with fine-grained semantic disambiguation and requires high-level cognitive guidance to resolve logical/semantic conflicts,,,,,"Feature discriminative power: intra-class distance 0.28, inter-class distance 2.45, DR 8.75 (Table I); cross-embodiment pouring success 18/20 (xArm6), 17/20 (Kenbei); complex-mode success 8/20, 7/20; positional error ~1 cm",EX1,"Real-world pick-and-place on xArm6 and Kenbei robots; Group A = seen objects (ID), Group B = unseen instances (novel textures/colors), Group C = unseen categories (transparent/deformable); success rates over 20 trials per group; no SDs or significance tests reported."
S038,P02_0151,Leveraging Vision-Language Models for Improving Domain Generalization in Image Classification,S. Addepalli; A. R. Asokan; L. Sharma; R. V. Babu,2024,2024 IEEE/CVF Conference on Computer Vision and Pattern Recognition (CVPR),10.1109/cvpr52733.2024.02258,2310.08255v2,TRUE,empirical,,conference,PACS,OfficeHome; VLCS; TerraIncognita; DomainNet,,domain_shift,FALSE,,ViT,vit,Student ViT-B/16 ImageNet-1K init; teacher CLIP ViT-B/16 (VLM); VL2V-ADiP align-distill-predict,,,,medium,,,"DomainBed DG benchmarks: OfficeHome, PACS, VLCS, TerraIncognita, DomainNet; 5000 iters (15000 DN), Adam lr 5e-5",other,not_applicable,"black-box VLM distillation (align, distill, predict) + fine-tuning",standard_Adam,FALSE,,FALSE,FALSE,,,1,,,,accuracy,,0.7548,,1,,,,accuracy,DG benchmark average over leave-one-domain-out,,,,none,,,,,FALSE,Avg-OOD reported across DG benchmarks; per-benchmark in sub_experiments,FALSE,,,,,No schema coherence proxy; representation alignment between VLM and student is measured via distillation losses,none,,,,FALSE,TRUE,FALSE,1,FALSE,,,none,not_addressed,TRUE,http://val.cds.iisc.ac.in/VL2V-ADiP/,TRUE,http://val.cds.iisc.ac.in/VL2V-ADiP/,TRUE,high,3,"Directly measures OOD (domain) generalization gap in image classification and tests an intervention (VLM distillation) that improves OOD accuracy while retaining ID performance; measures one sigma-trap component but does not address flatness, schema coherence, or compositional failure.",2,No explicit alignment framing; robust OOD generalization in a safety-adjacent sense (deployment under distribution shift) but not connected to alignment failure or goal misgeneralization.,TRUE,Assumes black-box access to VLM teacher; gains depend on teacher quality; tested on image classification only; fixed seed 0 for main results with 3 re-runs for a subset.,,FALSE,,,,EX1,Intervention = VL2V-ADiP distillation (align/distill/predict); ID accuracy not the focus (ID ~ Avg-ID 73.97 reported). n_seeds: main table fixed seed 0; 3 re-runs for subset (Table 7).
S039,P02_0154,"Roses are Red, Violets are Blue… But Should VQA expect Them To?",C. Kervadec; G. Antipov; M. Baccouche; C. Wolf,2021,2021 IEEE/CVF Conference on Computer Vision and Pattern Recognition (CVPR),10.1109/cvpr46437.2021.00280,,TRUE,dataset_benchmark,,conference,custom,,Visual Question Answering (GQA-OOD benchmark),label_shift,TRUE,head/tail answer frequency (alpha) within question groups,BERT,transformer,"LXMERT (BERT-based multimodal); compared with Q.Prior LSTM, LSTM, BUTD (Faster R-CNN+LSTM), MCAN, BAN4, MMN; bias-reduction variants RUBi, RUBi+QB, LM, BP applied to BUTD",,,,unspecified,,,"GQA-OOD benchmark: distribution shifts tailored to question groups with highly imbalanced answer distributions (head alpha>1.2, tail alpha<0.7); testdev split",,not_applicable,,,FALSE,,FALSE,FALSE,0.546,,,,,,accuracy,,0.48,,,,,,accuracy,,0.066,,,none,,,,,FALSE,"No effect sizes; head-tail confusion percentages reported (LXMERT confuses 25% of answers at alpha=1.2, 42% at alpha=0.3)",FALSE,,,,,"No representation-level coherence or compositionality proxy; analysis is at the behavioral level (head/tail answer distributions, reasoning-label estimation)",none,,,,FALSE,TRUE,FALSE,,FALSE,,,none,not_addressed,FALSE,,FALSE,,FALSE,low,2,"Studies OOD generalization failure in VQA under head/tail answer-frequency shifts, showing models exploit dataset biases rather than reason (Clever Hans effects), but the shift is label-frequency based, not compositional, and no compositional structure is analyzed.",1,No connection to AI alignment or safety; the work targets benchmark evaluation and bias exploitation in VQA with no discussion of alignment implications or goal misgeneralization.,FALSE,,,TRUE,Authors conclude future efforts on model capacity to answer open questions (query type) should be fruitful and provide recommendations for future research directions on infrequent concepts.,,"acc-head; head/tail confusion; overall accuracy on VQA2, GQA, VQA-CP2 for cross-benchmark comparison",EX1,"ID = acc-all, OOD = acc-tail on GQA-OOD testdev. Main-form = LXMERT (acc-all 54.6, acc-tail 48.0). Table 3(a) text extraction is partially garbled; Table 4 also lists LXMERT acc-tail 49.8 - value flagged ambiguous. Sub-experiments for BUTD bias-reduction variants use the internally consistent Table 3(b)."
S040,P02_0179,General Greedy De-Bias Learning,X. Han; S. Wang; C. Su; Q. Huang; Q. Tian,2023,IEEE Transactions on Pattern Analysis and Machine Intelligence,10.1109/tpami.2023.3240337,,TRUE,empirical,,journal,MNIST,,Biased-MNIST digit classification; Adversarial SQuAD question answering; VQA-CP v2 / GQA-OOD visual question answering,mixed,FALSE,,ResNet,cnn_family,"Base model ResNet-18 (Biased-MNIST); BiDAF base model for Adversarial SQuAD; VQA base models for VQA-CP v2/GQA-OOD. Biased models: SimpleNet-1x1 (background-color input), bg (ground-truth background image), self-ensemble (GGDse). Greedy training of biased + base models",,,,unspecified,,,"Biased-MNIST with spurious background-color bias at rho_train=0.999; SQuAD train/val with adversarial AddSent/AddSentOne splits; VQA-CP v2 train 438,183 / test 219,928 samples",curriculum,not_applicable,,other,FALSE,,TRUE,FALSE,,,4,,,,,,0.68,,4,,,,accuracy,,,,,none,,,,,FALSE,,FALSE,,,,,"Per-class accuracy heatmaps (Fig. 3) analyze which correlations the model captures, but no representation-level coherence proxy is measured",other,,Per-class accuracy matrices (diagnostic heat-maps) show vanilla ResNet-18 captures spurious background-color correlation while GGD relies little on background color,,FALSE,FALSE,TRUE,4,FALSE,,,none,not_addressed,TRUE,https://github.com/GeraldHan/GGD,FALSE,,FALSE,partial,3,"Directly addresses OOD generalization failure driven by spurious correlations: greedy de-bias training of biased plus base models improves OOD accuracy on extremely biased data (68% vs roughly 6x lower baseline on Biased-MNIST rho=0.999) across vision, QA, and VQA, but it is not about compositional generalization and no training-dynamics or schema-coherence analysis is given.",1,"No connection to AI safety, alignment, or goal misgeneralization; a robustness/de-bias learning method paper with no safety discussion.",TRUE,GGD sometimes over-estimates the bias level and degrades on in-distribution test; GGDgs ID accuracy is significantly lower than baseline ResNet-18; GGDse gs is unstable in later training stages with large variance; the variance is reduced by Curriculum Regularization (lambda_t schedule),,TRUE,A better biased model that can access word-level similarity may achieve better Adversarial SQuAD performance without extra training data; self-ensemble GGDse shown as more flexible when task-specific bias models are unavailable,,F1 on Adversarial SQuAD (OOD) and SQuAD v1 (ID),EX1,"Mixed shift types across tasks: covariate spurious-correlation shift (Biased-MNIST rho_train=0.999 vs rho_test=0), adversarial distractor sentences (Adversarial SQuAD), answer-distribution shift (VQA-CP v2), domain shift (GQA-OOD). Mean/variance over 4 random seeds reported; variance values not in excerpt. Exact baseline and AdQA absolute F1 numbers not in excerpt."
S041,P02_0200,Handling Dual Skewness in Citywide Crime Prediction Using Personalized Graph Federated Learning,Bhumika; P. Lalanda; G. Vega; D. Das,2025,IEEE Transactions on Computational Social Systems,10.1109/tcss.2025.3641377,,TRUE,empirical,,journal,custom,,citywide crime prediction via federated learning (LA and Chicago),label_shift,TRUE,crime concentration ratio (CCR) for quantity skew; imbalance ratio (IR) for label skew,other,gnn,"GSpfl: server-side graph-based aggregation (similarity adjacency, convolution among client regions) + client-side local temporal models with Focal Tversky loss; federated learning framework",,,,unspecified,,,"Real-world crime datasets from Los Angeles and Chicago; client pool of 113 regions (LA), grouped into Dense/Moderate/Sparse (20:30:80 ratio); four client subsets S-Alpha..S-Omega with increasing skew",,not_applicable,,,FALSE,,FALSE,FALSE,0.706,,,,,,F1,,0.3801,,,,,,F1,,0.3259,,,none,,,,,FALSE,,FALSE,,,,,No representation-level coherence or compositionality proxy measured,none,,,,FALSE,FALSE,FALSE,,FALSE,,,none,not_addressed,FALSE,,FALSE,,FALSE,low,2,"Addresses generalization failure under dual skewness (quantity and label distribution shifts across regions) in federated crime prediction and quantifies skew with CCR/IR; but no compositional generalization, training-dynamics, or schema-coherence analysis.",2,"Predictive policing across regions is a safety-relevant deployment where skewed distributions cause poor generalization, but the paper makes no explicit AI alignment or goal-misgeneralization connection.",FALSE,,,FALSE,,,macro-F1 and micro-F1 (both primary); per-category F1 also reported,EX1,"Main-form values: GSpfl on LA, macro-F1; ID = S-Alpha (least skewed subset), OOD = S-Omega (most skewed). Table V compares 10 baselines (FedAvg, Ditto, FedPer, SFL, FedProx, FedAvgM, Moon, Krum, FBLG, Scaffold) over 8 subset x city conditions; FedAvg RQ1 over 50 communication rounds. Reported as percentages in paper, converted to 0-1."
S042,P02_0238,Three approaches to facilitate invariant neurons and generalization to out-of-distribution orientations and illuminations,"Sakai, A.; Sunagawa, T.; Madan, S.; Suzuki, K.; Katoh, T.; Kobashi, H.; Pfister, H.; Sinha, P.; Boix, X.; Sasaki, T.",2022,Neural Networks,10.1016/j.neunet.2022.07.026,,TRUE,empirical,,journal,custom,,"Object recognition under OOD orientations and illuminations (modified MNIST, modified iLab, CarsCG, MiscGoods)",covariate_shift,FALSE,,,,"DNN with batch-normalization layers and a last ReLU layer; concrete architecture (CNN/MLP depth, width) not specified in excerpt",,,,unspecified,,,"Four datasets: modified MNIST, modified iLab, CarsCG (3D rendered cars), MiscGoods (controlled orientations/illuminations); results aggregated across InD data diversity levels; no sizes in excerpt",regularized,not_applicable,,,FALSE,,FALSE,FALSE,,,,,,,accuracy,,,,,,,,accuracy,,,,,none,,,,,FALSE,No absolute accuracies or effect sizes in excerpt; only relative improvement frequencies and win counts,TRUE,other,SI score (selectivity and invariance of intermediate-layer neurons),,,"SI score of last ReLU layer correlates with OoD accuracy (Pearson r = 0.891); P(SI increase): late-stopping 50.0%, tuned BN 83.3%, invariance loss 83.3%; no absolute SI values in excerpt",other,,"Individual intermediate-layer neurons become invariant to orientations/illuminations as OoD accuracy improves; SI-score increases precede OoD accuracy gains (P(acc increase | SI increase): late-stopping 83.3%, tuned BN 80.0%, invariance loss 100.0%); t-SNE shows category clustering consistent with neural invariance",last ReLU layer,FALSE,FALSE,FALSE,,FALSE,,,none,not_addressed,TRUE,https://github.com/FujitsuResearch/three-approaches-ood,TRUE,,FALSE,medium,4,"Directly studies OOD generalization failure under novel orientations and illuminations and identifies a representation-level mechanism (invariant, selective neurons) driving OoD gains, linking a schema-coherence-style neural measure (SI score) to generalization with causal-ordered evidence; highly relevant to the sigma-trap's OOD-failure plus schema-coherence components, though the shift is covariate rather than compositional.",2,"Frames poor OoD generalization as a barrier to safe and fair AI applications and studies neural invariance as a basis for it, but does not engage with alignment, goal misgeneralization, or value specification.",TRUE,"Authors note the SI score may not precisely capture the emergence of selectivity/invariance, so another mechanism may underlie OoD gains when the SI score does not increase; paper is limited in answering whether the approaches generalize beyond orientations/illuminations and how they relate to biological learning.",,TRUE,Whether the three approaches extend to OoD factors beyond orientations/illuminations; how they relate to biological learning systems; novel mechanisms to explain OoD gains when the SI score does not increase.,,SI score (selectivity and invariance),EX1,"Absolute OoD accuracy values not present in excerpt; OoD accuracy improves >20% in some cases. Table 1 win counts (3 approaches together vs baseline: 5 vs 7), Table 2 relative frequencies of OoD accuracy/SI improvement. No numeric id/ood accuracy fields fillable."
S043,P02_0280,SSGNN: Simple siamese graph neural networks for out-of-distribution generalization,"Erfani, S.H.; Fadaeieslam, M.J.; Mortazavi, R.; Rahmanimanesh, M.",2025,Knowledge-Based Systems,10.1016/j.knosys.2025.114290,,TRUE,empirical,,journal,custom,,"GOOD benchmark node classification (GOOD-Cora, GOOD-WebKB, GOOD-Arxiv, GOOD-Twitch) and Reddit",mixed,FALSE,,GCN,gnn,Siamese dual GCN encoders with shared parameters plus MLP classifier; three-stage training with encoder freezing; Reddit setup: two GCN layers + dropout 0.5 + MLP layer,,2,,unspecified,,,"GOOD benchmark (Cora, WebKB, Arxiv, Twitch) under covariate and concept shift; Reddit: 232,965 nodes, 114,615,892 edges, 41 classes, shift via varying presence of Target Classes (down to 5%)",other,not_applicable,"three-stage self-supervised (Siamese) training: self-supervised encoder stage, label-prediction stage, supervised fine-tuning",other,FALSE,,FALSE,FALSE,,,,,,,,,0.9207,,,,,,accuracy,,,,1.14,none,,,,,FALSE,Paper reports GAP metric (relative IID-vs-OOD performance difference) directly; recorded in id_ood_gap_reported rather than an effect size,FALSE,,,,,"Self-supervised node representations optimized for similarity/label-consistency/accuracy, but no coherence or compositionality proxy (probing, CKA, RSA) measured",none,,,,FALSE,TRUE,TRUE,10,FALSE,,,none,not_addressed,FALSE,,FALSE,,FALSE,low,4,"Directly targets the OOD generalization gap (GAP between IID and OOD) in GNN node classification, showing self-supervised Siamese GCN training with dropout reduces reliance on spurious correlations and improves OOD accuracy, but it is a method paper without mechanistic analysis of generalization failure or compositional structure.",1,"No connection to AI safety, alignment, or goal misgeneralization; the paper concerns improving OOD generalization accuracy in graph node classification only.",FALSE,,,FALSE,,,F1-Score (GOOD benchmark); OOD Accuracy and GAP on Reddit,EX1,"GOOD benchmark main tables (6-7) garbled by PDF extraction; reliable narrated numbers used: Reddit 5% Target-Class shift - SSGNN OOD Acc 92.07%, GAP 1.14; SimpleGCN 87.29%, GAP 4.49. GAP is the paper's reported relative IID-vs-OOD metric. n_seeds=10 from screening hint, not explicit in excerpt."
S044,P02_0290,Boosting Rice Disease Diagnosis: A Systematic Benchmark of Five Deep Convolutional Neural Network Models in Precision Agriculture,"Lee, S.-H.; Jiang, Q.-W.; Cheng, C.-H.; Tsai, Y.-S.; Huang, Y.-F.",2025,Agriculture (Switzerland),10.3390/agriculture15232494,,TRUE,empirical,,journal,custom,,Rice disease classification (public leaf image dataset),,FALSE,,DenseNet,cnn_family,"Five ImageNet-pretrained CNNs benchmarked: VGG16, VGG19, ResNet101V2, Xception, DenseNet121; DenseNet121 best (8.1M params, 2.9 GFLOPs)",8100000,,,small,,,Public rice leaf image dataset; 5-fold cross-validation plus OOD generalization test; ImageNet-pretrained initialization; dataset size not stated,,not_applicable,,,FALSE,,FALSE,FALSE,,,,,,,,,0.8508,,,,,,accuracy,,,,,none,,,,,FALSE,No formal effect size; DenseNet121 superiority reported via rank comparison and parameter-efficiency margin (94% fewer params than VGG16),FALSE,,,,,No representation-level coherence or compositionality proxy; interpretability via Grad-CAM only,activation_max,,"Grad-CAM confirms DenseNet121 attends to pathological features (Brown Spot lesions, Hispa streaks, Leaf Blast lesions; weak diffuse activation for healthy); misclassifications stem from visual ambiguity, not mislocalization",,FALSE,FALSE,FALSE,,FALSE,,,none,not_addressed,FALSE,,TRUE,,FALSE,partial,2,"Includes an explicit OOD generalization test and benchmarks five CNNs on OOD accuracy/F1, relevant to distribution-shift failure, but the agriculture classification task has no compositional structure and no mechanism ties results to the sigma-trap.",1,"Applied agricultural diagnostics benchmark; no connection to AI safety, alignment, or goal misgeneralization beyond general deployment reliability.",TRUE,"Errors stem from limitations of visual features alone in distinguishing benign leaf structures, early-stage disease, and morphologically similar pathologies; data quality and coverage at class boundaries is the main performance barrier.",,FALSE,,,"OOD F1 85.08% (DenseNet121); class-wise AUC-ROC/AUC-PR; ECE calibration (Xception best 0.065, DenseNet121 worst 0.108); params/GFLOPs: VGG16 138.4M, VGG19 143.7M, DenseNet121 8.1M, ResNet101V2 44.6M, Xception 22.9M",EX1,"Headline OOD results (accuracy = F1 = 85.08%) reported only for DenseNet121; per-model OOD accuracy for the other four architectures not shown in excerpt, so a single sub-experiment is emitted. ID 5-fold CV accuracy not reported in excerpt. OOD split nature unspecified."
S045,P02_0322,A two-stage co-adversarial perturbation to mitigate out-of-distribution generalization of large-scale graph,"Wang, Y.; Xue, H.; Wang, X.",2024,Expert Systems with Applications,10.1016/j.eswa.2024.124472,,TRUE,empirical,,journal,custom,,"graph node classification on large-scale graphs (ogbn-arxiv, ogbn-proteins, ogbn-products, Pubmed, Yelp)",covariate_shift,FALSE,,GCN,gnn,"GNN backbones GCN, GraphSAGE, GAT with public implementations; CAP = two-stage co-adversarial perturbation (alternating weight and feature perturbation, T=3 steps); mini-batch subgraph sampling (NS, Cluster, SAINT)",,,,unspecified,,,"OOD induced by mini-batch subgraph sampling: training subgraphs differ vastly in size/structure from test graphs; Yelp has over 700,000 nodes; standard splits for ogbn-* and Yelp, 60/20/20 random node split (10 runs) for Pubmed",adversarial_train,not_applicable,,,FALSE,,FALSE,FALSE,,,,,,,,,0.7212,0.0024,10,,,,accuracy,,,,,none,,,,,FALSE,"No effect sizes; reports raw deltas (e.g., CAP avg improvement up to 1.0%; +2.5% over GCN+FLAG on ogbn-proteins; CAP lifts test performance by avg 0.99% with Cluster sampling)",FALSE,,,,,,other,,"Examined weight and feature loss landscapes: GNNs get trapped in sharp local minima, causing suboptimal OOD generalization; CAP alternately smooths weight and feature loss landscapes",,FALSE,TRUE,TRUE,10,FALSE,,,none,not_addressed,FALSE,,FALSE,,FALSE,low,3,"Directly targets OOD generalization failure in GNNs via sharp-minima analysis and co-adversarial training on large-scale graphs, empirically quantifying OOD improvements, though the shift type is sampling-induced rather than compositional or schema-driven.",1,"No connection to AI alignment, safety, goal misgeneralization, or societal impact; purely a graph OOD generalization method paper.",FALSE,,,FALSE,,,"ROC-AUC (ogbn-proteins, Yelp); test performance of best validation epoch",EX1,"Test performance treated as OOD per paper framing (subgraph sampling distribution mismatch). Main values = GCN+CAP on ogbn-arxiv. Ten independent runs, mean +/- SD. CAP consistently best across datasets; FLAG (feature-only) degrades ogbn-proteins by avg 0.86%."
S046,P02_0386,Rethinking Graph Generalization through the Lens of Sharpness-Aware Minimization,"Qiu, Y.; Zou, Y.; Wang, J.",2026,WWW 2026 - Proceedings of the ACM Web Conference 2026,10.1145/3774904.3792707,2602.08855v1,TRUE,empirical,,conference,custom,,"Graph classification (GraphOOD, DrugOOD)",domain_shift,FALSE,,GCN,gnn,Graph Neural Network for graph classification; cVAE-based energy perturbation for OOD augmentation (E2A),,,,unspecified,,,"GraphOOD (Motif, CMNIST, HIV, SST2, Twitter) and DrugOOD (EC50, IC50); domain/size-based OOD splits; ROC-AUC or accuracy metric",sigma_coupled,other_sigma,,standard_Adam,TRUE,energy-guided latent perturbation generating pseudo-OOD samples (E2A),FALSE,FALSE,,,3,,,,accuracy,ROC-AUC for binary datasets,,,3,,,,accuracy,ROC-AUC for binary datasets,,,,none,,,,,FALSE,Per-dataset OOD results in sub_experiments; ERM highest ID accuracy but sharp OOD drop (MSF phenomenon),FALSE,,,,,No representation-level schema coherence proxy; sharpness/flatness of loss landscape studied theoretically (SAM lens) but not measured on representations,none,,,,FALSE,TRUE,TRUE,3,FALSE,,,none,not_addressed,TRUE,https://github.com/anders1123/E2A,FALSE,,FALSE,partial,4,"Directly tests a sigma-targeting intervention family: links sharpness-aware minimization (SAM) theory to OOD generalization in GNNs, proposes flat-minima-seeking energy-based augmentation (E2A), and evaluates OOD performance across 13 graph benchmarks; measures flatness/sharpness but not schema coherence as mediator.",2,No explicit alignment/safety framing; graph OOD generalization motivation is web/graph applications; flatness and robustness discussion is safety-adjacent only.,TRUE,Authors note E2A requires no environment labels but shows smaller gains on some real-world datasets; theoretical link relies on local first-order approximation assumptions.,,FALSE,,,,EX1,"Sigma-coupled intervention: sharpness/flatness-targeting energy-based augmentation (E2A), SAM-inspired; ID accuracy not systematically reported per dataset (ID vs OOD gap documented qualitatively: ERM highest ID, drops on OOD). Main-form accuracies left empty; per-dataset OOD in sub_experiments (E2A method)."
S047,P02_0410,Invariant Graph Transformer for Out-of-Distribution Generalization,"Liao, T.; Zhang, Z.; Sun, Y.; Hu, C.; Li, J.",2026,Proceedings of the ACM SIGKDD International Conference on Knowledge Discovery and Data Mining,10.1145/3770854.3780247,,TRUE,empirical,,conference,custom,,"Graph classification under distribution shift (GOOD-Motif, GOOD-HIV, GOOD-SST2, GOOD-Twitter, DrugOOD)",,FALSE,,TransformerEnc,transformer,"GOODFormer: graph Transformer with entropy-guided invariant subgraph disentangler, evolving subgraph positional/structural encoder, and invariant learning module; baselines: Graphormer, GraphGPS, EXPHORMER, GNN+ERM/IRM/VREx, DIR, GREA, GIL, GSAT, CIGA, iMoLD, CAL+",,,,unspecified,,,"GOOD benchmarks: GOOD-Motif (basis/size splits), GOOD-HIV (scaffold), GOOD-SST2 (length), GOOD-Twitter (length), DrugOOD (assay)",invariant_learning,not_applicable,,other,FALSE,,FALSE,FALSE,,,,,,,,,,,,,,,,,,,,none,,,,,FALSE,,FALSE,,,,,"Invariant-subgraph discovery is evaluated via Precision@10 against ground-truth subgraphs (a structural identifiability check), not a representation-level coherence proxy",other,,"Invariant subgraph identification on GOOD-Motif basis split: GOODFormer Precision@10 = 0.698 +/- 0.069 vs DIR 0.203, GSAT 0.396, CIGA 0.247; qualitative visualizations of learned invariant subgraphs (Figure 2)",,FALSE,TRUE,FALSE,,FALSE,,,none,not_addressed,TRUE,https://github.com/Lowy999/GOODFormer,FALSE,,FALSE,partial,4,"Directly addresses OOD generalization failure on graphs: shows existing graph Transformers fail under distribution shift (e.g., EXPHORMER 46.44 vs GOODFormer 81.97 on GOOD-Motif basis) and proposes invariant subgraph learning to close the gap; theoretical justifications provided; graph-domain focus rather than compositional NLP.",1,"No connection to AI safety, alignment, or goal misgeneralization; purely an OOD generalization method and benchmark evaluation paper.",FALSE,,,FALSE,,,"ROC-AUC (GOOD-HIV, DrugOOD); Precision@10 for ground-truth invariant subgraph discovery; hyper-parameter sensitivity analyses",EX1,"Table 3 reports OOD test-set results (accuracy for GOOD-Motif/SST2/Twitter, ROC-AUC for GOOD-HIV/DrugOOD); '+-' values are variances, not SD across seeds; no in-distribution accuracies reported. Main-form ood accuracies left empty because results span 5+ datasets with mixed metrics; per-dataset values in sub_experiments. Flag: task_primary corrected from benchmark hint 'Math/MW' to custom (graph classification)."
S048,P02_0442,Producing plankton classifiers that are robust to dataset shift,"Chen, C.; Kyathanahally, S.P.; Reyes, M.; Merkli, S.; Merz, E.; Francazi, E.; Hoege, M.; Pomati, F.; Baity-Jesi, M.",2025,Limnology and Oceanography: Methods,10.1002/lom3.10659,,TRUE,empirical,,journal,custom,,"ZooLake plankton image classification (dark-field lake plankton, species recognition)",domain_shift,TRUE,Hellinger distance (feature space) for compositional shift; dy class-distribution shift,ViT,vit,"BEsT: ensemble of BEiT vision transformers with targeted augmentations, geometric ensembling, rotation-based test-time augmentation; MobileNet compared (92% ID, 77% OOD)",,,,unspecified,,,ZooLake dark-field images of lake plankton; 10 manually-annotated deployment days as OOD test cells,augmentation,not_applicable,,,TRUE,Targeted augmentations for OOD robustness; rotation-based test-time augmentation; geometric ensembling,FALSE,FALSE,,,,,,,accuracy,,0.83,,,,,,accuracy,,,,,none,,,,,FALSE,"Drops reported as absolute accuracy differences (e.g., MobileNet 92% ID to 77% OOD); no formal effect sizes",FALSE,,,,,No representation-level coherence proxy of the trained models; shift quantification uses handcrafted CV descriptors and PCA in input space,other,PCA,"PCA over 67 computer-vision image descriptors with Hellinger distance to quantify distributional vs compositional dataset shift and pinpoint image features (e.g., blurriness, cropping) that degrade classification; input-space analysis, not model internal representations",,FALSE,FALSE,FALSE,,FALSE,,,none,not_addressed,,,,,,low,4,"Directly studies generalization failure under dataset shift (the sigma-trap): documents ID-to-OOD accuracy drops (e.g., MobileNet 92% to 77%), decomposes shift into distributional vs compositional components via Hellinger distance, and builds a three-step diagnostic pipeline yielding BEsT (83% OOD); empirical and systematic, though limited to one plankton dataset and deployment shift rather than compositional splits.",1,"Applied ecology monitoring paper on plankton classifier robustness; no connection to AI alignment, safety frameworks, or goal misgeneralization.",FALSE,,,FALSE,,,Per-class precision/recall/F1; macro and micro F1; NMAE; Bray-Curtis dissimilarity; abundance quantification bias,EX1,Main-form OOD value = BEsT 83% OOD accuracy (10 deployment-day test cells). ID accuracy for BEsT not reported in excerpt; MobileNet ID/OOD (92/77) in sub_experiments. macro-OOD vs micro-OOD defined.
S049,P02_0493,Coupled data-driven and experience-informed neural networks for prediction of pile base resistance with consideration of data limitation,"Weng, K.; Jia, M.; Nguyen, T.T.; Hu, X.; Zhang, G.; Zeng, Q.",2026,Engineering Applications of Artificial Intelligence,10.1016/j.engappai.2025.113384,,TRUE,empirical,,journal,custom,,Pile base resistance prediction (geotechnical regression),,FALSE,,MLP,mlp,"MBDFN with EEFN (Explicit Empirical Formula Network) and IEIN (Implicit Empirical Information Network); branches: 2+2+2 hidden layers (global regularity, individual information, fusion head) each separated by dropout; physics-informed penalty loss; baselines: BPNN, DeepONet, MBDFN-EEF-Pearl, MBDFN-EEF-Gompertz",,6,,unspecified,,,"Field load testing data from 37 high-rise building projects in Ho Chi Minh City, Vietnam (2010 onward); five-fold cross-validation with 14 train/test combinations; ReLU activation",regularized,not_applicable,,,FALSE,,FALSE,FALSE,,,,,,,,,,,,,,,other,"MAE, RMSE, R2 (kPa units)",,,,none,,,,,FALSE,Regression paper; no effect sizes or significance tests reported,FALSE,,,,,,none,,,,FALSE,FALSE,FALSE,,FALSE,,,none,not_addressed,FALSE,,FALSE,,FALSE,low,2,Examines out-of-distribution generalization failure of purely data-driven models on pile base resistance regression and shows physics-informed empirical priors (EEFN/IEIN) improve OOD robustness under data limitation; unrelated to compositional generalization or neural training dynamics.,1,"No connection to AI safety, alignment, or goal misgeneralization; applied civil-engineering regression paper.",TRUE,"IEIN shows superior generalization only when data are sufficiently large; EEFN benefit is contingent on alignment between empirical equations and data; penalty coefficients tuned by manual trial and error; violation rates of monotonicity, inflection, and initial condition kept low but not eliminated",,,,,"MAE, RMSE, R2 (kPa); data-induced and physics-induced loss components during training",EX1,"Regression task (base resistance in kPa) - no accuracy metrics; quantitative results recorded per-model in sub_experiment notes. Five-fold cross-validation, 14 train/test splits; global-regularity (shuffled) vs individual-information (per-project) data divisions; best-fold, worst-fold and average testing-set metrics reported."
S050,P02_0495,MiMu: mitigating multiple shortcut learning behavior of transformers,"Zhao, L.; Liu, Q.; Chen, W.; Chen, L.; Sun, R.; Hou, M.; Wang, Y.; Wang, S.; Ren, P.; Zhou, J.",2025,Frontiers of Computer Science,10.1007/s11704-025-50448-3,,TRUE,empirical,,journal,MultiNLI,HANS,,covariate_shift,FALSE,,BERT,transformer,"BERT-base-uncased (NLP: hidden 768, AdamW lr 2e-5-5e-5, batch 64, 20 epochs, max len 128); ViT-Large-Patch16-224-in21k (CV: hidden 1024, SGD lr 1e-3-1e-4, batch 64, 90 epochs); MiMu adds self-calibration and self-improvement (random attention mask + adaptive attention alignment)",,,768,medium,,,"NLP: MNLI (matched/mismatched), HANS, QQP, PAWS (duplicate-label shortcut); CV: IN-9-W and IN-200-W with background/watermark shortcuts (Rand-B, Rand-W, Rand-B+W, IN-B, IN-R, IN-R+W)",regularized,not_applicable,,standard_Adam,FALSE,,FALSE,FALSE,0.832,,,,,,accuracy,,0.707,,,,,,accuracy,,0.125,,,none,,,,,FALSE,"No effect sizes; improvements reported as accuracy deltas (e.g. +9.2% Hans, +6.79% Rand-B+W, +3.78% IN-R+W)",FALSE,,,,,No representation-level coherence or compositionality proxy measured,attention_patterns,,Saliency maps reveal diverse and unknown shortcuts (watermark or background) relied on by ViT-Large; MiMu aligns target-model attention weights to a calibrated source model via adaptive attention alignment without post-hoc supervision,,FALSE,FALSE,FALSE,,FALSE,,,none,not_addressed,TRUE,https://github.com/LiliizZ/MiMu,FALSE,,FALSE,partial,2,"Addresses OOD generalization failure from shortcut (spurious correlation) learning in Transformers across NLP and CV, showing models rely on multiple shortcuts and proposing MiMu to mitigate them, but the failure mode is spurious-correlation robustness, not compositional generalization, and no compositional structure is analyzed.",1,"No connection to AI alignment or safety; the work targets robustness of Transformers to shortcut learning with no discussion of alignment, safety, or goal misgeneralization.",FALSE,,,FALSE,,,top-1 accuracy (CV); ECE calibration scores on MNLI (Fig 6); accuracy on PAWS duplicated/non-duplicated subsets,EX1,"Main-form = MiMu on MNLI (Table 5 ablation): d-m 0.832 as ID, Hans 0.707 as OOD; d-mm 0.838. Table 5 also reports QQP/PAWS. Table 3 IN-9-W and Table 4 IN-200-W deltas verified against ERM. Training configs (AdamW/SGD, epochs) from Section 5.1.3."
S051,P02_0497,Measuring and Improving Compositional Generalization in Text-to-SQL via Component Alignment,"Gan, Y.; Chen, X.; Huang, Q.; Purver, M.",2022,Findings of the Association for Computational Linguistics: NAACL 2022 - Findings,10.18653/v1/2022.findings-naacl.62,,TRUE,empirical,,conference,custom,,Text-to-SQL semantic parsing (Spider / Spider-SS / Spider-CG),compositional,FALSE,,TransformerEnc,transformer,"RAT-SQL family (RATSQLG, RATSQLB, RATSQL) with/without NatSQL and with sentence-split training subscript (S); GNN baseline; BERT-based relation-aware transformer encoder; RATSQLB(S) required LR 7.444e-04->1e-04 and BERT LR 3e-06->1e-05",,,,unspecified,,,"Spider-SS: Spider split into clause-aligned sub-sentences (NatSQL normalization); Spider-CG: compositional recombinations (substitution CG-SUB, appending CG-APP); every sub-sentence seen during training yet OOD recombinations fail",augmentation,not_applicable,,other,TRUE,Clause-level synthetic example generation: Spider-SS segmentation and Spider-CG composition (substitution and appending of sub-sentences); (S) models trained on segmented Spider-SS data,FALSE,FALSE,0.745,,,,,,exact_match,,,,,,,,exact_match,,,,TRUE,none,,,,,FALSE,Paper reports relative OOD degradation of 10-30% on CG-APPT/CG-APPD but no absolute OOD accuracy in excerpt,FALSE,,,,,"No representation-level coherence proxy measured; sub-sentence/SQL clause alignment is a data-construction property, not a measured representation metric",none,,,,FALSE,FALSE,FALSE,,FALSE,,,none,not_addressed,TRUE,https://github.com/ygan/SpiderSS-SpiderCG,TRUE,https://github.com/ygan/SpiderSS-SpiderCG,FALSE,medium,4,"Directly measures the core sigma-trap phenomenon: models degrade on Spider-CG OOD compositional recombinations (about 10-30% drop) even though every sub-sentence appeared in training, and shows clause-level segmentation training (Spider-SS) improves compositional generalization (RATSQLG(S) best on all eval sets), with a dedicated limitation discussion; it does not connect to training dynamics, flatness, or schema-coherence theory.",1,"No connection to AI safety, alignment, or goal misgeneralization; a text-to-SQL compositional generalization measurement and method paper.",TRUE,"Spider-SS/Spider-CG based only on Spider (English text-to-SQL), no verification on other languages/datasets; about 5% of NatSQL cannot be converted to correct SQL; method may not be compatible with original models (RATSQLB(S) hyperparameters not workable; GNN performance degraded on SpiderD and CG-SUBD)",,,,,"Execution match (Table 2, NatSQL conversion eval); difficulty distribution (easy/medium/hard/extra hard) analysis; split-algorithm similarity (deviation <=1/2 tokens, >90%)",EX1,"ID sets: SpiderD (real Spider dev), CG-SUBT, CG-SUBD (substitution-generated, shown in-distribution). OOD sets: CG-APPT, CG-APPD (appending-generated); absolute OOD accuracies not in excerpt, only relative 10-30% degradation. Main record = RATSQLG(S) on SpiderD (74.5% exact match)."
S052,P02_0500,Accurate Classification of Pathological Whole-Slide Images for Out-of-Distribution Generalization,"Sun, K.; Huang, K.; Huang, J.; Zhou, M.; Yu, G.",2025,International Journal of Intelligent Systems,10.1155/int/9988577,,TRUE,empirical,,journal,custom,,"whole-slide image classification via multi-instance learning (CAMELYON16, TCGA-NSCLC, CRC)",domain_shift,FALSE,,TransformerEnc,transformer,Transformer-based multi-instance learning (MIL) for whole-slide images; proposed IntraWR (intra-WSI rearrange) and InterWR (inter-WSI rearrange) distribution alignment strategies embedded in the framework,,,,unspecified,,,CAMELYON16 and TCGA-NSCLC public datasets; private CRC dataset with 5-fold cross-validation plus external validation on slides from other medical centers,,not_applicable,,,FALSE,,FALSE,FALSE,,,,,,,,,0.959,,,,,,AUC,,,,,none,,,,,FALSE,,FALSE,,,,,"No representation-level coherence or compositionality proxy measured; distribution alignment operates on patch distributions, not internal representations",none,,,,FALSE,TRUE,FALSE,,FALSE,,,none,not_addressed,FALSE,,TRUE,https://camelyon16.grand-challenge.org/Home/; https://portal.gdc.cancer.gov/analysis_page?app=,FALSE,partial,2,"Addresses OOD generalization failure in WSI classification via distribution alignment strategies (IntraWR/InterWR) mitigating prior shift between mixed-patch training and per-WSI testing; no compositional generalization, schema-coherence, or training-dynamics analysis.",2,"Robust OOD classification for clinical diagnosis is safety-relevant in deployment, but the paper makes no explicit AI alignment or goal-misgeneralization connection.",FALSE,,,TRUE,Future research could focus on extending the IntraWR/InterWR methodology to other medical image analysis tasks and optimizing its applicability across a wide range of pathological data.,,"accuracy, sensitivity, specificity, F1 (Table 4, Fig 7); 5-fold CV fold-level AUCs and box-plot quartiles on CRC",EX1,"Main-form values: proposed transformer MIL + IntraWR/InterWR on CAMELYON16 (AUC 0.959); TCGA-NSCLC AUC 0.963; private CRC 5-fold CV average AUC 0.974, external validation (other centers) mean AUC 0.966 (folds 0.97/0.906/0.987/0.987/0.982). No separate in-distribution result reported; all reported AUCs are in the OOD testing setting."
S053,P02_0503,A Structure-aware Invariant Learning Framework for Node-level Graph OOD Generalization,"Yuan, R.; Tang, Y.; Zhang, W.",2025,Proceedings of the ACM SIGKDD International Conference on Knowledge Discovery and Data Mining,10.1145/3690624.3709227,,TRUE,empirical,,conference,custom,,"node-level graph classification on GOOD (CBAS, WebKB, Cora, Arxiv), Twitch-Explicit, Elliptic, OGB-Arxiv",mixed,FALSE,,other,gnn,"Invariant message-passing GNN (SING) with structure embedding alignment and invariance/diversity augmentation losses; baselines ERM, EERM, LiSA-Rex, LiSA, Mixup, FLOOD",,,,unspecified,,,"GOOD benchmark (CBAS, WebKB, Cora, Arxiv) concept/covariate; Twitch-Explicit; Elliptic (5/5/33 train/val/test); OGB-Arxiv temporal (train<2011, test 2014-2016/2016-2018/2018-2020)",invariant_learning,not_applicable,,,TRUE,"Graph augmentation with invariance constraint losses (L_con, L_str, L_div) and structure embedding alignment loss",FALSE,FALSE,,,,,,,accuracy,,,,,,,,,,,,,none,,,,,FALSE,,FALSE,,,,,,none,,,,FALSE,FALSE,TRUE,5,FALSE,,,none,not_addressed,FALSE,,FALSE,,FALSE,low,3,"Directly tackles node-level graph OOD generalization under concept, covariate, and temporal shifts via invariant learning and structure-aware augmentation; speaks to OOD generalization failure, though not compositional generalization specifically and with no training-dynamics or schema-coherence connection.",1,"No connection to AI safety, alignment, or goal misgeneralization; purely an OOD generalization method for graph node classification.",FALSE,,,FALSE,,,"AUC-ROC (Twitch-Explicit); F1 (OGB-Arxiv, Elliptic); Acc (GOOD transductive)",EX1,"Main-form accuracy left empty: paper reports per-dataset OOD results with different metrics (Acc/AUC-ROC/F1), no single headline number; per-dataset SING results in sub_experiments. Table 4 ablation gives CBAS/WebKB/Cora OOD accs; Twitch AUC and OGB-Arxiv F1 from Tables 2-3. ID accuracy only referenced as reported in Table 1/Appendix G, not shown numerically."
S054,P02_0507,I2CD: An Invertible Causal Framework for Compositional Zero-Shot Learning via Disentangle-Compose-Disentangle,"Yuan, Z.; Wang, Z.; Pan, Y.; Luo, A.; Li, W.; Wu, X.; Xu, C.",2026,Proceedings of the AAAI Conference on Artificial Intelligence,10.1609/aaai.v40i15.38221,,TRUE,empirical,,conference,custom,,"Compositional Zero-Shot Learning (CZSL): MIT-States, UT-Zappos, C-GQA",compositional,FALSE,,ViT,vit,Frozen CLIP ViT-L/14 with adapters in transformer layers; invertible net: 12 ActNorm+Affine-Coupling+Shuffling blocks; 3-layer MLP projections (hidden 512),,12,512,large,,,"CZSL datasets MIT-States, UT-Zappos, C-GQA; Adam batch 32; lr 1e-5 (MIT-States, C-GQA) / 2e-5 (UT-Zappos); CSP-style augmentation",standard_Adam,not_applicable,,,TRUE,"CSP-style data augmentation (Nayak, Yu, Bach 2023)",FALSE,FALSE,0.506,,,,,,accuracy,,0.541,,,,,,accuracy,,-0.035,,,none,,,,,FALSE,No effect size reported or derivable; statistical significance claimed without test statistics,FALSE,,,,,"No representation-level coherence/compositionality proxy metric reported (e.g., probing, CKA, disentanglement score); correlation coefficient 0.975 is a design choice of the invertible net, not a measured coherence value",none,,,,FALSE,FALSE,FALSE,,TRUE,other,,none,not_addressed,FALSE,,FALSE,,FALSE,low,4,"Directly targets compositional generalization failure (the sigma-trap) via compositional zero-shot learning on unseen attribute-object compositions, using causal disentangle-compose-disentangle and intervention to shrink the seen-unseen gap; but framed as a CV disentanglement method without a general theory of OOD failure.",1,"No connection to AI alignment, safety, or goal misgeneralization; CZSL is a visual compositional generalization task with no alignment discussion.",TRUE,Contextuality (context-dependent visual manifestation of states) acknowledged as an open challenge not addressed; contextual relationships between objects and states noted as beyond the current scope,,TRUE,Investigate contextual relationships between objects and states in future work,,"Best seen accuracy (S), best unseen accuracy (U), harmonic mean (HM) of seen/unseen accuracies, AUC of seen-unseen curve; closed-world and open-world settings",EX1,"Main form = MIT-States closed-world Full (Table 3). CZSL protocol includes seen+unseen in test; best seen (S) mapped to ID acc, best unseen (U) to OOD acc (bias sweep), gap = S-U derived. Text reports C-GQA open-world HM 13.4/AUC 3.76 while Table 3 Full shows 14.4/4.18 (discrepancy)."
S055,P02_0510,Compositional Generalization for Neural Semantic Parsing via Span-level Supervised Attention,"Yin, P.; Fang, H.; Neubig, G.; Pauls, A.; Platanios, E.A.; Su, Y.; Thomson, S.; Andreas, J.",2021,"NAACL-HLT 2021 - 2021 Conference of the North American Chapter of the Association for Computational Linguistics: Human Language Technologies, Proceedings of the Conference",10.18653/v1/2021.naacl-main.225,,TRUE,empirical,,conference,CFQ,other,SMCALFLOW-CS (task-oriented dialog); ATIS (text-to-SQL),compositional,FALSE,,TransformerEncDec,transformer,"T5-BASE with span-level supervised attention applied to all cross-attention heads in the last decoder layer; also BERT2SEQ (BERT encoder + LSTM decoder with copy), COARSE2FINE (BERT encoder + structured sketch/value decoder), ELMO encoder + coverage-based attention seq2seq",,,,unspecified,,,"Semantic parsing on CFQ, SMCALFLOW-CS, ATIS; span-level alignments extracted with GIZA++ (IBM Model 4), programs canonicalized; CFQ trained on MCD splits",regularized,not_applicable,,,FALSE,,FALSE,FALSE,,,,,,,accuracy,,0.391,,,,,,accuracy,,,,,none,,,,,FALSE,No effect size reported; CFQ comparisons tested via p-values (bold = p <= 0.01),FALSE,,,,,No representation-level coherence proxy (probing/CKA/compositionality score) reported,attention_patterns,,Models placing >=90% of attention on aligned utterance spans reach ~90% accuracy vs ~70% otherwise; span-level supervision maintains/improves in-domain single-skill accuracy (BERT2SEQ 82.8% -> 83.9% at |Ctrain|=16),last decoder layer,TRUE,FALSE,TRUE,5,TRUE,other,0.01,unclear,not_addressed,FALSE,,FALSE,,FALSE,low,4,"Directly targets compositional generalization failure (the sigma-trap) in semantic parsing: span-level supervised attention improves transformers, RNNs, and structured decoders on CFQ MCD, SMCALFLOW-CS, and ATIS query splits, with attention-map analysis, though it does not connect to training dynamics or schema coherence.",2,No explicit alignment or safety discussion; indirect relevance via improving robust compositional generalization of goal-directed semantic parsers used in conversational agents.,TRUE,"Method struggles on CFQ conjunctive questions (discontinuous, longer/more complex aligned spans); ATIS utterance-SQL alignments noisy due to redundant SQL structures; supervision depends on external aligner (GIZA++)",,TRUE,Future work: apply span-level supervised attention to other prediction tasks and learn alignments jointly with sequence model parameters,,,EX1,"Main form = T5-BASE + span-level supervision, CFQ MCD average across MCD1-3 'All' columns (0.391); CFQ values are 95% CI not SD; no ID split reported for CFQ. ATIS SDs over 5 random runs. SMCALFLOW-CS few-shot in-domain accuracy included in sub-experiments."
S056,P02_0511,PTAN: Principal Token-aware Adjacent Network for Compositional Temporal Grounding,"Wei, Z.; Jiang, X.; Wang, Z.; Shen, F.; Xu, X.",2024,ICMR 2024 - Proceedings of the 2024 International Conference on Multimedia Retrieval,10.1145/3652583.3658113,,TRUE,empirical,,conference,custom,,"Compositional Temporal Grounding (Charades-CG, ActivityNet-CG)",compositional,TRUE,test split tiers (Test-Trivial vs Novel-Composition vs Novel-Word),TransformerEnc,transformer,"PTAN: transformer backbone for video clip features + Principal Temporal Token Recomposition, Regional Semantic-Aware Learning, Principal Semantic-Aware Learning; compared against prior VTG/CTG methods (SSL2CG, MESM, etc.)",,,,unspecified,,,Charades-CG and ActivityNet-CG compositional temporal grounding datasets; training includes masked word reconstruction strategy,contrastive,not_applicable,,,FALSE,,FALSE,FALSE,,,,,,,other,"R@1 IoU=0.5, R@1 IoU=0.7, mIoU",,,,,,,other,"R@1 IoU=0.5, R@1 IoU=0.7, mIoU",,,,none,,,,,FALSE,,FALSE,,,,,Cross-modal feature alignment in a joint embedding space is described but no representation-level coherence/compositionality proxy is measured,none,,,,FALSE,FALSE,FALSE,,FALSE,,,none,not_addressed,TRUE,https://github.com/rushzy/PTAN,FALSE,,FALSE,partial,4,"Directly targets compositional generalization failure in video moment retrieval: test splits (Novel-Composition, Novel-Word) contain word/component combinations unseen in training, and the paper reports per-split gains, measuring the OOD gap across difficulty tiers on two benchmarks.",1,"No connection to AI alignment, safety, or goal misgeneralization; the work addresses compositional generalization in multimedia retrieval only.",FALSE,,,FALSE,,,,EX1,"ICMR 2024 (ACM conference). Excerpt reports only relative improvements vs SSL2CG (mIoU +2.9%/+2.09%/+4.56% on Charades-CG Trivial/Novel-Composition/Novel-Word; R@1 IoU=0.7 +2.71% on ActivityNet-CG Test-Trivial); absolute values in Tables 2-3 are garbled in the excerpt so no absolute numbers extracted. Metrics are recall-at-IoU, not accuracy."
S057,P02_0514,Towards Domain-Aware Stable Meta Learning for Out-of-Distribution Generalization,"Sun, M.; Li, Y.; Wang, Y.; Wang, X.",2024,ACM Transactions on Knowledge Discovery from Data,10.1145/3676558,,TRUE,empirical,,journal,PACS,VLCS; CIFAR100,,domain_shift,FALSE,,MLP,mlp,Domain-aware transformation module: 3 MLP layers with embedding dim limited to 16; base model backbone for PACS/VLCS/CIFAR-100 not specified in excerpt,,,,unspecified,,,"PACS (Photo/Art/Cartoon/Sketch, 7 classes), VLCS (4 domains, 5 classes), CIFAR-100 (20 superclasses treated as domains); toy dataset mixes CIFAR-10 first-channel pixels with MNIST pixels, 4 domains, leave-one-out",meta_learning,not_applicable,,standard_SGD,FALSE,,FALSE,TRUE,,,,,,,,,0.83,,,,,,accuracy,,,,,none,,,,,FALSE,No effect sizes reported in excerpt,FALSE,,,,,No representation-level coherence/compositionality proxy measured,none,,,,FALSE,FALSE,FALSE,,FALSE,,,none,not_addressed,FALSE,,FALSE,,FALSE,low,3,"Directly addresses OOD generalization via a domain-aware meta-learning framework (SMLG) on DG benchmarks (PACS/VLCS/CIFAR-100) and dissects data-level vs task-level domain shift, but targets broad domain generalization rather than compositional generalization failure per se.",2,"No explicit safety or alignment framing; only tangential link: argues domain labels act as shortcut signals that prevent invariant features, echoing shortcut-robustness concerns relevant to goal misgeneralization.",FALSE,,,FALSE,,,,EX1,"Excerpt truncated mid-section 7.2.2 (CIFAR-100 domain-quantity analysis missing); no seeds/SD/CI/significance reported; toy-dataset Table 2 partially garbled; arch_primary=MLP reflects only the 3-layer transformation module since base backbone is unspecified; prefill benchmark hint (Math/MW, OOD-CV) contradicted by excerpt."
S058,P02_0542,Bayesian Cross-Modal Alignment Learning for Few-Shot Out-of-Distribution Generalization,"Zhu, L.; Wang, X.; Zhou, C.; Ye, N.",2023,"Proceedings of the 37th AAAI Conference on Artificial Intelligence, AAAI 2023",10.1609/aaai.v37i9.26355,,TRUE,empirical,,conference,PACS,VLCS,,mixed,FALSE,,ViT,vit,"Bayes-CAL CLIP-based vision-language model: CLIP image encoder (ViT), text branch finetuned via variational Bayesian inference with IRM and gradient-orthogonalization losses; LV/W2V instances use learnable vectors or Word2Vec+2-layer MLP",40000,,,unspecified,304,,"Few-shot K-shot N-way DG; 19-way 16-shot NICO experiment (304 examples, 4 environments); 16-shot base classes for base-to-new setting; CLIP backbone large pre-trained",invariant_learning,not_applicable,,,FALSE,,FALSE,FALSE,,,,,,,accuracy,,0.9182,0.009,,,,,accuracy,,,,,none,,,,,FALSE,No effect size reported; Wilcoxon significance tests cited (Appendix F) but no p-values or effect sizes given in excerpt,FALSE,,,,,"No representation-level coherence proxy measured; 'disentangling causal/non-causal image features' is an architectural claim, not a measured coherence score",other,,Loss-landscape visualization: PCA of model parameters (first/second principal components) shows Bayes-CAL converges faster and reaches wider minima than conventional visual model; conventional model far from target minimum at epoch 50,,FALSE,TRUE,TRUE,3,TRUE,wilcoxon,,none,not_addressed,TRUE,https://github.com/LinLLLL/BayesCAL,,,,partial,3,"Directly studies few-shot OOD generalization failure under correlation and diversity shifts using Bayesian invariant alignment learning; relevant to OOD failure broadly but does not target compositional generalization, the core sigma-trap phenomenon.",2,"Discusses OoD robustness and a confidence-threshold filtering scheme (Acc*) framed as method 'security'; no direct treatment of AI alignment, safety, or goal misgeneralization.",FALSE,,Excerpt contains no limitations discussion; partial fulltext excerpt may omit the section,TRUE,Authors position Bayes-CAL as a foothold for future research in foundation models for few-shot OoD generalization.,,Acc* (high-confidence accuracy with thresholding); final training loss and target loss at epoch 50 (Table 5),EX1,"Prefill hints (Math/MW, OOD-CV benchmarks) not corroborated by excerpt; excerpt covers PACS/VLCS/NICO/CCD only. Table layout in excerpt scrambled: reading taken is Table 2 rows PACS=91.82(0.9) and VLCS=78.06(1.5) for Bayes-CAL (fits narrative 'around 10% on PACS', '>5% on VLCS'); NICO/CCD numeric rows not extractable. NICO/CCD not in task vocabulary (noted in tasks_secondary limitation). Main-form values = Bayes-CAL on PACS. param_count 40000 = Bayes-CAL(LV) instance (0.04M; conventional model 0.28M). n_seeds_value 3 = data trials in base-to-new setting only. Base-to-new results are on unseen (new) classes."
S059,P02_0556,Spectral Distribution Alignment for Enhanced Generalization in Regression,"Guo, K.; Wang, Z.; Lovell, B.C.; Baktashmotlagh, M.",2025,Lecture Notes in Computer Science,10.1007/978-3-032-06106-5_16,,TRUE,empirical,,conference,custom,,"OOD regression (BiwiKinect, dSprites, MPI3D, DTI)",domain_shift,FALSE,,TransformerEnc,transformer,Transformer-family and CNN backbones per screening; excerpt does not specify the backbone; method adds Lpml (proportional metric) loss plus Lsa spectral-norm feature alignment,,,,unspecified,,,"5 datasets for OOD regression: dSprites, MPI3D (multi-source DG), BiwiKinect (single-source DG), DTI (single-source); continuous regression labels",regularized,not_applicable,,,TRUE,synthetic data augmentation; synthesized and real distributions aligned via spectral-norm difference minimization,FALSE,FALSE,,,,,,,other,MSE/MAE (regression error),,,,,,,other,"MSE/MAE (regression error, lower is better)",,,,none,,,,,FALSE,No effect sizes reported; results are regression MSE/MAE comparisons,FALSE,,,,,"Spectral norm of feature matrices is used as a training objective, not measured as a coherence/compositionality proxy",none,,,,FALSE,FALSE,TRUE,3,FALSE,,,none,not_addressed,TRUE,https://github.com/workerbcd/SCR,FALSE,,FALSE,partial,2,"Addresses OOD generalization under domain shift for regression via metric learning and spectral-norm distribution alignment, but treats domain shift rather than compositional generalization and does not address the generalization-failure mechanism central to the sigma-trap.",1,"No connection to AI alignment, safety, or goal misgeneralization; the work targets OOD regression performance only.",FALSE,,,FALSE,,,"MSE/MAE; BiwiKinect unseen domains Full model MSE 0.3391 (F)/0.4695 (M), MAE 0.7276 (F)/0.8419 (M); hyper-parameter sensitivity on DTI (R value)",EX1,"Regression paper, no accuracy metric; MSE/MAE kept out of acc fields. Method: Lpml proportional metric loss + Lsa spectral-norm alignment with data augmentation. Variances over seeds in supplementary. Backbone unspecified in excerpt."
S060,P02_0576,Improving Group Robustness on Spurious Correlation via Evidential Alignment,"Ye, W.; Zheng, G.; Zhang, A.",2025,Proceedings of the ACM SIGKDD International Conference on Knowledge Discovery and Data Mining,10.1145/3711896.3737002,,TRUE,empirical,,conference,CelebA,MultiNLI; CivilComments; other,,covariate_shift,FALSE,,BERT,transformer,"BERT backbones for text datasets (MultiNLI, CivilComments); ResNet50 for CheXpert radiographs; method adds evidence regularization and last-layer evidential calibration",,,,unspecified,,,CheXpert chest radiographs confounded with gender and race; MultiNLI and CivilComments with spurious-correlation group labels,regularized,not_applicable,,,FALSE,,FALSE,FALSE,0.806,0.008,,,,,accuracy,,0.745,0.012,,,,,other,worst-group accuracy (WGA),0.061,,,none,,,,,FALSE,No effect sizes reported; the paper reports worst-group vs average accuracy gap per dataset,FALSE,,,,,No representation-level coherence/compositionality proxy measured,other,,t-SNE of test embeddings shows high-uncertainty samples cluster near minority groups; heatmap analysis shows upweighted samples focus on spurious background regions,,FALSE,TRUE,FALSE,,FALSE,,,none,not_addressed,FALSE,,FALSE,,FALSE,low,3,"Targets spurious-correlation-driven OOD generalization failure, a covariate-shift form of the sigma-trap, and shows robustness gains across architectures and modalities, but does not address compositional generalization or representation schema coherence.",3,"Motivated by trustworthiness and biased predictions in high-stakes settings (medicine, algorithmic fairness, criminal justice) and improves worst-group robustness, but does not frame results in terms of AI alignment or goal misgeneralization.",FALSE,,,FALSE,,,"worst-group accuracy (WGA), average accuracy (Acc.), accuracy gap (%)",EX1,Main-form values = Evidential Alignment (Ours) on MultiNLI with BERT backbone; WGA recorded as the OOD-side metric (ood_metric_type=other) and average accuracy as the ID-side metric; per-dataset and per-method values in sub_experiments. Prefill hint COGS not present in excerpt.
S061,P02_0594,COGS: A Compositional Generalization Challenge Based on Semantic Interpretation,Najoung Kim; Tal Linzen,2020,http://arxiv.org/abs/2010.05465v1,,2010.05465v1,TRUE,dataset_benchmark,,conference,COGS,,,compositional,FALSE,,TransformerEncDec,transformer,"Transformer 2 enc+dec layers, 4 heads, FFN 512, 9.5M params; LSTM and BiLSTM encoders 10-11M params; OpenNMT",9500000,2,512,medium,,,"COGS semantic parsing dataset, fragment of English; training/eval sets differ systematically (structural gaps)",standard_Adam,not_applicable,,standard_Adam,FALSE,,FALSE,FALSE,0.99,,5,,,,accuracy,,0.35,0.06,5,,,,accuracy,,0.64,,,none,,,,,FALSE,Benchmark paper; gap = ID - OOD accuracy,FALSE,,,,,No representation-level coherence proxy,none,,,,FALSE,TRUE,TRUE,5,FALSE,,,none,not_addressed,TRUE,https://github.com/najoungkim/COGS,TRUE,https://github.com/najoungkim/COGS,FALSE,medium,3,Introduces a benchmark directly measuring compositional generalization failure (ID near-perfect vs OOD 16-35%) across Transformer and LSTM architectures with seed sensitivity; measures a core sigma-trap component without connecting to training dynamics or schema coherence.,1,No connection to AI safety or alignment; semantic parsing benchmark only.,TRUE,COGS covers a fragment of English (small grammar); only seq2seq semantic parsing tested; authors note limitations of the dataset in capturing full natural language compositionality.,,TRUE,Whether architectural or training modifications improve compositional generalization; which structural properties of training data matter.,,,EX1,"Main-form values = Transformer. Per-arch values in sub_experiments. ID = in-distribution test, OOD = generalization split."
S062,P02_0595,Exploring Compositional Generalization (in COGS/ReCOGS_pos) by Transformers using Restricted Access Sequence Processing (RASP),William Bruns,2025,http://arxiv.org/abs/2504.15349v3,,2504.15349v3,FALSE,empirical,,preprint,COGS,,ReCOGS_pos (COGS variant with semantics-focused labels),compositional,FALSE,,TransformerEncDec,transformer,"RASP programs compiled to concrete Transformer EncDec weights; word-level POS-tagged tokens, 19 attention-head-compatible flat patterns, pp/cp masking; baseline = Wu et al. 2024 EncDec Transformer trained from scratch (2-layer)",,2,,unspecified,,,ReCOGS_pos train.tsv (default) and COGS training examples; 19 training-example-equivalent sentences cover 100% of COGS non-recursive input grammar,,not_applicable,,,TRUE,training data augmented with v_dat_p2 pp-moved-to-recipient examples,,,,,,,,,,,0.13,0.156,10,,0.04,0.23,exact_match,,,,,none,,,,,FALSE,No effect size reported; baseline results summarized as mean +/- SD with 95% CIs,FALSE,,,,,"No representation-level coherence proxy; RASP solution is by construction, not measured in trained representations",none,,,,TRUE,TRUE,TRUE,10,TRUE,t-test,,none,not_addressed,,,,,,low,4,"Directly investigates whether Transformers can achieve compositional generalization on COGS/ReCOGS_pos structural splits, proving by construction a flat non-hierarchical solution and analyzing attraction errors of baseline EncDec Transformers on the hardest splits.",1,"No connection to AI alignment, safety, or goal misgeneralization; the paper is confined to compositional generalization on synthetic semantic-parsing benchmarks.",,,,,,,grammar coverage (Zeller et al.); error-attribution analysis on obj_pp_to_subj_pp split,EX1,"Main-form ood values = Wu et al. 2024 baseline EncDec Transformer on new v_dat_p2_pp_moved_to_recipient split (13% +/- 15.6%, n=10). RASP models attain near-perfect exact match on all COGS/ReCOGS_pos splits but exact numbers not reported in excerpt. No ID results reported."
S063,P02_0596,SLOG: A Structural Generalization Benchmark for Semantic Parsing,Bingzhi Li; Lucia Donatelli; Alexander Koller; Tal Linzen; Yuekun Yao; Najoung Kim,2023,http://arxiv.org/abs/2310.15040v1,,2310.15040v1,FALSE,dataset_benchmark,,preprint,custom,COGS,SLOG,compositional,FALSE,,TransformerEncDec,transformer,"Seq2seq Vanilla Transformer (from scratch), pretrained T5, LLaMa, and structure-aware AM-Parser; SLOG out-of-domain generalization set; exact-match + reformatted exact-match metrics",,,,unspecified,,,SLOG extends COGS with 17 structural generalization cases (14 new + 3 existing); models trained on COGS training data and tested on the SLOG out-of-domain generalization set; dataset sizes not stated in excerpt,,not_applicable,,,FALSE,,FALSE,FALSE,,,,,,,,,0.406,0.01,,,,,accuracy,,,,,none,,,,,FALSE,,FALSE,,,,,,none,,,,FALSE,TRUE,FALSE,,FALSE,,,none,not_addressed,FALSE,,FALSE,,FALSE,low,4,"Directly quantifies compositional generalization failure: Transformers incl. pretrained T5/LLaMa reach only 40.6% vs 70.8% for a structure-aware parser and near-perfect COGS lexical results, isolating the failure mode as structural novelty; no link to training dynamics or flatness.",1,"No connection to AI alignment, safety, or goal misgeneralization; a semantic-parsing benchmark paper focused purely on compositional generalization evaluation.",FALSE,,,FALSE,,,,EX1,"Headline: best Transformer (T5) 40.6%, AM-Parser 70.8% on SLOG OOD set (reformatted exact-match); no ID accuracy (all experiments on OOD set); seed count not stated; main fields = best Transformer; per-arch values in sub_experiments."
S064,P02_0597,Grounded Graph Decoding Improves Compositional Generalization in Question Answering,Yu Gai; Paras Jain; Wendi Zhang; Joseph E. Gonzalez; Dawn Song; Ion Stoica,2021,http://arxiv.org/abs/2111.03642v1,,2111.03642v1,FALSE,empirical,,preprint,CFQ,SCAN,,compositional,TRUE,compound divergence,TransformerEncDec,transformer,"Sequence encoder with attention + grounded graph decoder (Grounded Graph Decoding, 0.3M params); grounding attention over input retains syntax; ablations: graph decoding only and syntax-aware graph decoding; baselines LSTM+attn, Transformer, Universal Transformer, Evolved Transformer, T5, T5-11B",300000,,,small,,,CFQ benchmark; MCD1/MCD2/MCD3 splits maximize compositional divergence between train and test; main results obtained without tuning on development sets to avoid test leakage,standard_Adam,not_applicable,,standard_Adam,FALSE,,FALSE,FALSE,,,,,,,accuracy,,0.986,,,,,,accuracy,,,,,none,,,,,FALSE,,FALSE,,,,,,none,,,,FALSE,FALSE,FALSE,,FALSE,,,none,explicit_no,TRUE,https://github.com/gaiyu0/cfq,FALSE,,FALSE,partial,4,"Directly targets compositional generalization failure (a core sigma-trap phenomenon) on CFQ MCD adversarial splits via grounded graph decoding, achieving 98.6% on MCD1, and includes an analysis of why only one syntactic composition type (conjunctive queries) limits MCD2/MCD3 performance; no connection to training dynamics or flatness.",1,"No connection to AI safety, alignment, or goal misgeneralization; purely a compositional generalization method for semantic parsing question answering.",TRUE,Grounded Graph Decoding incorporates only one type of syntactic composition (conjunctive 'A and B' queries) and cannot completely solve MCD2/MCD3; domain-specific intermediate representations (LIR/RIR) that ease the task are complex to apply to real-world datasets like CFQ; error analysis shows conjunctive structures mainly help MCD1.,,TRUE,Complement Grounded Graph Decoding with pre-training-based approaches; incorporate more complex syntactic structures beyond conjunctive queries to further boost accuracy.,,,EX1,"Main-form values = Grounded Graph Decoding on CFQ MCD1 without dev-set tuning (Table 1). Per-split and per-ablation values in sub_experiments (Tables 1 and 3). External baselines (HPD, CBR-KGQA, T5-3B, LIR+RIR) not emitted as sub_experiments."
S065,P02_0598,Towards Understanding the Relationship between In-context Learning and Compositional Generalization,Sungjun Han; Sebastian Padó,2024,http://arxiv.org/abs/2403.11834v1,,2403.11834v1,FALSE,empirical,,preprint,SCAN,COGS; GeoQuery,,compositional,FALSE,,TransformerDec,transformer,"Causal Transformer decoder trained from scratch plus GPT-2 (HuggingFace) with meta-in-context learning; support examples in context, label shuffling; M = max roll-out length of meta-training trajectories",,,,unspecified,,,"Meta-ICL: train on all few-shot problems derivable from the dataset (shuffled instance order and shuffled labels); datasets SCAN (MCD splits), COGS, GeoQuery (TMCD)",meta_learning,not_applicable,,other,FALSE,,FALSE,TRUE,,,,,,,,,0.712,0.07,2,,,,accuracy,,,,,none,,,,,FALSE,No effect size reported; means and SDs across runs reported without significance tests,FALSE,,,,,No representation-level coherence/compositionality proxy measured; analyses focus on behavior (support example curves) and memorization-vs-ICL tradeoff,none,,,,FALSE,TRUE,TRUE,2,FALSE,,,none,not_addressed,FALSE,,FALSE,,FALSE,low,5,"Centrally investigates compositional generalization failure on SCAN MCD, COGS, and GeoQuery TMCD, showing meta-in-context learning as an inductive bias that substantially closes the compositional gap, and analyzes the memorization-vs-in-context-learning tradeoff behind the failure.",1,"No connection to AI alignment, safety, or goal misgeneralization; a cognitive/NLP analysis of in-context learning without safety discussion.",TRUE,Results framed as relevant for a class of learning algorithms with memory; limitations section present but excerpt truncates before full text,,TRUE,"Future work: relative positional encodings (widely used in LLMs, shown to improve compositional generalization); retrieval method to better select support examples",,Mean sequence-level accuracy with SD across runs; relative improvement (RI) across support-example counts k,EX1,"Main form = Causal Transformer meta-ICL, SCAN MCD1 (best M), Table 2 Exp. 5. All splits are compositional/OOD; no ID accuracy reported. Run count (2) from screening hint; excerpt says 'across runs'. COGS k-sweeps on 20% test sample; k=49 fails due to position extrapolation."
S066,P02_0599,Compositional Generalization in Semantic Parsing: Pre-training vs. Specialized Architectures,Daniel Furrer; Marc van Zee; Nathan Scales; Nathanael Schärli,2020,http://arxiv.org/abs/2007.08970v3,,2007.08970v3,FALSE,empirical,,preprint,CFQ,SCAN,,compositional,TRUE,compound divergence,T5,transformer,"MLM pre-trained T5 variants (small-NP, small, base, large, 3B, 11B, 11B-mod with intermediate SPARQL representation) vs specialized archs: LSTM+A, Transformer, Universal Transformer, Evolved Transformer, CGPS, NSEN; hyperparameter tables for CGPS, Evolved Transformer, NSEN",11000000000,,,xl,,,"CFQ and SCAN with DBCA MCD splits; pre-training = masked language modeling (T5); T5-11B-mod uses intermediate SPARQL representation (group subjects/objects, sort alphabetically)",,not_applicable,,,FALSE,,FALSE,FALSE,,,,,,,accuracy,,0.421,,,,0.33,0.512,accuracy,,,,,none,,,,,FALSE,No effect sizes reported; significance claims (pre-training vs non-pretrained) stated without test statistics in the excerpt,FALSE,,,,,No representation-level coherence proxy measured; analyses operate on data splits (DBCA) and input/output lengths,none,,,,TRUE,FALSE,FALSE,,FALSE,,,none,not_addressed,FALSE,,FALSE,,FALSE,low,5,"Systematic quantitative study of compositional generalization failure (the sigma-trap): 13 architectures from RNN to transformer and neurosymbolic families evaluated on SCAN and CFQ MCD splits with accuracy-vs-compound-divergence curves, showing pre-training outperforms SCAN-inspired specialized architectures and all models fail (0 accuracy) beyond training length.",2,"No alignment or safety discussion; indirect relevance through robust compositional generalization of large pre-trained language systems, framed as language understanding capability rather than safety.",TRUE,Pre-training decreases SCAN length-split accuracy by 8.5% on average; no gains and 0 accuracy on inputs beyond max training length with or without pre-training; specialized architectures gains from SCAN do not transfer to CFQ,,FALSE,,,,EX1,"Main form = T5-11B-mod (MLM pre-training + intermediate SPARQL representation), CFQ MCD mean 42.1 +-9.1 (95% CI, mean of MCD1-3); no ID split reported for either benchmark; seed counts not reported. Per-architecture values in sub_experiments (CFQ Table 4, SCAN Table 3)."
S067,P02_0600,Learning to Substitute Components for Compositional Generalization,Zhaoyi Li; Gangwei Jiang; Chenwang Wu; Ying Wei; Defu Lian; Enhong Chen,2025,http://arxiv.org/abs/2502.20834v1,,2502.20834v1,FALSE,empirical,,preprint,SCAN,COGS; GeoQuery,COGSQL (in-context learning benchmark) also used,compositional,TRUE,SCAN MCD1/MCD2/MCD3 difficulty-graded splits and per-concept error rate analysis,LSTM,rnn_family,"Seq2seq LSTM and Transformer backbones for CompSub/LCS augmentation experiments; BART, LLaMA2-13B, LLaMA3-8B for LCS-ICL in-context learning on COGS-QL",,,,small,,,"GeoQuery original training set 519 examples; CompSub augments to 99,604 deduplicated examples (Table VI); SCAN, COGS, COGSQL also used; low-data regimes of 50/100/200 GeoQuery examples tested",augmentation,not_applicable,,,TRUE,CompSub component substitution: multi-grained compositional augmentation; LCS learns substitution probabilities end-to-end by maximizing model loss; LCS-ICL augments ICL demonstrations,FALSE,FALSE,,,,,,,accuracy,,0.802,,,,,,accuracy,,,,,none,,,,,FALSE,"Abstract reports improvements up to 66.5% (SCAN), 10.3% (COGS), 1.4% (GeoQuery), 8.8% (COGSQL) over prior augmentation baselines",FALSE,,,,,No representation-level coherence or compositionality proxy is measured,none,,,,FALSE,TRUE,FALSE,,FALSE,,,none,not_addressed,FALSE,,FALSE,,FALSE,low,4,"Directly targets compositional generalization failure across four benchmarks (SCAN MCD, COGS, GeoQuery, COGSQL), introduces multi-grained compositional augmentation to close the OOD gap, and analyzes difficulty-graded splits plus per-concept error rates — a core sigma-trap mechanism (compositional generalization failure).",1,"No connection to AI alignment, safety, or goal misgeneralization; the work addresses compositional generalization in NLP via data augmentation only.",FALSE,,,FALSE,,,,EX1,"arXiv 2502.20834v1 preprint (Feb 2025). Main-form ood value = LSTM seq2seq +CompSub+Learned Aug on SCAN-MCD3 (80.2%), flagship 'up to 66.5%' improvement case; all per-split/per-arch/per-task values in sub_experiments. Table X ICL rows report mean±sd (e.g., 46.3%±0.4%), seed count not stated. No ID-split accuracies reported in excerpt."
S068,P02_0601,Span-based Semantic Parsing for Compositional Generalization,Jonathan Herzig; Jonathan Berant,2020,http://arxiv.org/abs/2009.06040v2,,2009.06040v2,FALSE,empirical,,preprint,GeoQuery,SCAN; other,,compositional,FALSE,,,other,"SPANBASEDSP span-based semantic parser: category prediction per span, CKY inference with non-projective extension; span representations based on modern neural architectures (encoder unspecified in excerpt); baselines BERT2SEQ, BART",,,,unspecified,10000,,"CLEVR: SPANBASEDSP trained on 10K examples vs 695K for baselines (70x less); GeoQuery small training set; SCAN-SP, CLOSURE also used",,not_applicable,,,FALSE,,FALSE,FALSE,,,,,,,accuracy,,0.889,,,,,,accuracy,,,,,none,,,,,FALSE,No effect sizes reported; headline is raw accuracy gain 61.0 -> 88.9 on compositional splits,FALSE,,,,,"No internal representation-level proxy; tree F1 is output-structure faithfulness, not an internal coherence measure",other,,"Predicted span trees vs semi-automatically annotated gold trees (F1): SCAN-SP 100 on IID/RIGHT/AROUND RIGHT; GeoQuery 94.7/91.6/93.7 (IID/TEMPLATE/LENGTH); CLEVR 70.6 on IID and CLOSURE, residual errors due to genuine ambiguity (e.g., matte block parsing)",,FALSE,FALSE,FALSE,,FALSE,,,none,not_addressed,FALSE,,FALSE,,FALSE,low,5,"Directly targets the sigma-trap: documents seq2seq compositional generalization failure on GeoQuery/SCAN/CLOSURE compositional splits and shows a span-based compositional inductive bias lifts average accuracy from 61.0 to 88.9, with tree-faithfulness analysis of what is learned.",1,"No connection to AI safety, alignment, or goal misgeneralization; purely a semantic-parsing architecture and evaluation paper.",TRUE,"Assumes one-to-one mapping between domain constants and their linguistic manifestations; fails where predicates do not align to phrases (e.g., text-to-SQL min/max age example); only a class of non-projective trees supported, full Corro (2020) coverage is O(n^6) and impractical.",,TRUE,Future work: introduce the explicit compositional bias inherent to SPANBASEDSP directly into seq2seq models.,,,EX1,"arXiv 2009.06040v2, preprint (published as EMNLP 2020 in the full paper, but excerpt header is arXiv-only); IID splits treated as ID, compositional splits (RIGHT/AROUND RIGHT/TEMPLATE/LENGTH/CLOSURE) as OOD; near-perfect on SCAN-SP and CLEVR splits but exact per-split Table 2 values not in excerpt; parser encoder architecture unspecified."
S069,P02_0602,Harnessing Dataset Cartography for Improved Compositional Generalization in Transformers,Osman Batur İnce; Tanin Zeraati; Semih Yagcioglu; Yadollah Yaghoobzadeh; Erkut Erdem; Aykut Erdem,2023,http://arxiv.org/abs/2310.12118v1,,2310.12118v1,FALSE,empirical,,preprint,CFQ,COGS,,compositional,FALSE,,TransformerEncDec,transformer,Seq2seq Transformer models on CFQ and COGS; dataset cartography (Swayamdipta et al. 2020) training-dynamics data maps (easy-to-learn/hard-to-learn/ambiguous); subset selection at 33%/50% and curriculum learning (Hacohen & Weinshall 2019; Zhang et al. 2019),,,,unspecified,,,"CFQ and COGS; models trained on 33% and 50% subsets (easy-to-learn, hard-to-learn, ambiguous, and combinations) vs full training data",curriculum,not_applicable,,,FALSE,,TRUE,FALSE,,,,,,,accuracy,,,,,,,,accuracy,,,,,none,,,,,FALSE,"No effect sizes reported; narrative relative claims only (CFQ hard-to-learn Inv PPL subset exceeds full training by >4%, COGS by >10%)",FALSE,,,,,"No representation-level coherence proxy; dataset cartography uses instance-level training dynamics (confidence, variability), not internal representations",none,,,,FALSE,FALSE,FALSE,,FALSE,,,none,not_addressed,TRUE,https://github.com/cyberiada/cartography-for-compositionality,,,,partial,4,"Directly targets compositional generalization failure in seq2seq Transformers on CFQ and COGS; shows dataset-cartography hard-to-learn subset selection yields up to 10% accuracy gains over full-data training, linking training dynamics to OOD generalization without probing schema- or representation-level coherence.",2,"Motivates compositional generalization as crucial for robustness and practical use of deep learning models; no explicit discussion of AI safety, alignment, or goal misgeneralization.",FALSE,,"Excerpt covers results, curriculum analysis, and related work; no limitations section present in excerpt",FALSE,,No open-questions discussion present in excerpt,"Confidence/difficulty measures for sample ranking: BLEU, CHIA, Inverse Perplexity (Inv PPL); test-accuracy curves over training steps for curriculum strategies",EX1,"Table 3 numeric cells in excerpt are scrambled and not reliably attributable to (subset x confidence measure) configurations, so absolute accuracies left empty; recorded narrative claims only. Prefill hint seeds_runs=3 not corroborated in excerpt. Hard-to-learn subsets consistently beat random and full training; easy-to-learn subsets worse; hard-to-learn-first curricula (Hacohen & Weinshall 2019; Zhang et al. 2019) beat no-curriculum."
S070,P02_0603,Learning to Substitute Spans towards Improving Compositional Generalization,Zhaoyi Li; Ying Wei; Defu Lian,2023,http://arxiv.org/abs/2306.02840v1,,2306.02840v1,FALSE,empirical,,preprint,SCAN,COGS; GeoQuery,,compositional,FALSE,,LSTM,rnn_family,LSTM seq2seq with Bahdanau attention + copy mechanism as base model on SCAN/COGS; LSTM and BART on GeoQuery; T5 used as reference baseline,,,,small,,,"SCAN (jump, around right, MCD1-3), COGS, GeoQuery (i.i.d. question and compositional query splits); augmentation generates additional training sequences via SpanSub",augmentation,not_applicable,,,TRUE,compositional data augmentation (SpanSub multi-grained span substitution; L2S2 learns substitution probabilities end-to-end by maximizing base model loss),FALSE,TRUE,0.824,,5,,,,exact_match,,0.923,0.002,5,,,,exact_match,,-0.099,,,none,,,,,FALSE,"No effect sizes reported; relative improvements quoted (up to 66.5% on SCAN, 10.3% on COGS, 1.2% on GeoQuery)",FALSE,,,,,No representation-level coherence or compositionality proxy measured; analyses are augmentation-space and substitution-probability studies,none,,,,FALSE,FALSE,TRUE,5,FALSE,,,none,not_addressed,FALSE,,FALSE,,FALSE,low,4,"Directly targets compositional generalization failure on SCAN, COGS and GeoQuery, dissecting lexical vs structural generalization, arguing augmentation must supply multi-grained compositional bias, and learning difficulty-aware compositions (L2S2) that weigh elusive concepts; mechanism-level treatment of the sigma-trap rather than a surface benchmark.",1,"No connection to AI alignment, safety, or goal misgeneralization; the work concerns compositional generalization performance of semantic parsers.",FALSE,,,TRUE,"Whether L2S2 generalizes to other downstream neural sequence models beyond LSTM (e.g., Transformers); whether SpanSub fully explores the augmentation space; whether L2S2 truly learns hardness-aware augmentation.",,COGS generalization-type breakdown (lex/s1/s2/s3 accuracies); substitution-probability curves over training,EX1,"Base model LSTM seq2seq (attention+copy); 5 seeds, mean and SD. SCAN jump/around right solved completely with SpanSub; MCD avg ~64% improvement, L2S2 up to +6.2%. Comp-IBT baseline excluded as non-comparable (needs 30% of test). Screening hint listed CFQ but excerpt uses GeoQuery instead."
S071,P02_0604,On the Compositional Generalization Gap of In-Context Learning,Arian Hosseini; Ankit Vani; Dzmitry Bahdanau; Alessandro Sordoni; Aaron Courville,2022,http://arxiv.org/abs/2211.08473v1,,2211.08473v1,FALSE,empirical,,preprint,CFQ,SCAN; GeoQuery,,compositional,FALSE,,GPT,transformer,"Pretrained decoder-only LMs used via in-context learning with no weight updates: Codex (Cushman, DaVinci), CodeGen (350M-6B), OPT (350M-6.7B), BLOOM (350M-6.3B)",,,,unspecified,,,No fine-tuning: models solve tasks by conditioning on 1/5/10-shot prompts with oracle-sampled exemplars (near-complete primitive coverage at 10 shots),other,not_applicable,in-context learning (no parameter updates); prompts with 1/5/10 exemplars,,FALSE,,FALSE,FALSE,,,5,,,,exact_match,,0.16,,5,,,,exact_match,,,,,none,,,,,FALSE,"Paper's central quantity is relative generalization gap (ID-OOD)/ID, reported in figures rather than as extractable numeric values",FALSE,,,,,"No representation-level coherence proxy; primitive coverage statistics are data-level, not representational",none,,,,TRUE,TRUE,TRUE,5,FALSE,,,none,not_addressed,FALSE,,FALSE,,FALSE,low,4,"Directly measures the compositional generalization gap (the sigma-trap) of in-context learning, isolating ID vs OOD performance under compositional splits (CFQ-MCD1, SCAN-MCD1, GeoQuery-template) and tracing how the gap scales with model size, shots, and model family.",1,"No connection to AI safety, alignment, or goal misgeneralization; the paper is a scaling analysis of compositional generalization in in-context learning with no safety implications discussed.",TRUE,Authors note in-context learning performance on CFQ and SCAN is still very low (text truncated in excerpt); Codex experiments limited to 1045 examples due to API execution time constraints; only Codex achieves above-1% performance on CFQ/SCAN.,,FALSE,,,relative generalization gap (ID-OOD)/ID; primitive coverage (%) of exemplar sets; 95% CI via 5000 bootstrap samples,EX1,"Main-form values = Codex DaVinci; only explicit accuracy in text is SCAN-MCD1 average OOD (0.16 vs Cushman 0.02); ID accuracies not stated numerically in the excerpt (figures only). Relative gap is (ID-OOD)/ID with ID=(Test->Test + Train->Train)/2, OOD=(Test->Train + Train->Test)/2."
S072,P02_0605,Representational Homomorphism Predicts and Improves Compositional Generalization In Transformer Language Model,Zhiyu An; Wan Du,2026,http://arxiv.org/abs/2601.18858v2,,2601.18858v2,FALSE,empirical,,preprint,SCAN,,"Adapted SCAN (noise injection, primitive coverage manipulations)",compositional,FALSE,,TransformerDec,transformer,"Small decoder-only Transformers trained from scratch; depth ablated 1-10 layers; layer-wise MSE-based Homomorphism Error metric using linear, bilinear, and MLP operators; no pretraining (to avoid data spoilage)",,,,small,,,Adapted SCAN with controlled training set primitives (1 vs 2+ primitives) and randomly inserted noise tokens (0-15),,not_applicable,,,FALSE,,,,,,,,,,,,0.47,,5,,,,accuracy,,,,,none,,,,,FALSE,"No effect size reported; effects summarized via paired t-tests (p=1.1e-4, p=0.001, p=0.023) and R2=0.73 regression",TRUE,compositionality_score,,,0.002,Homomorphism Error (HE) measures deviation from compositional homomorphism between linguistic expression algebra and hidden-state space (layer-wise MSE); baseline modifier HE ~0.002 MSE at 0 noise tokens rising to ~0.012 at 15 noise; HE-regularized training significantly reduces HE (paired t-test p=1.1e-4),other,,HE predicts OOD compositional generalization under noise injection (R2=0.73); model depth has minimal effect on HE or OOD accuracy; noise tokens increase modifier HE while sequence HE stays stable; HE-regularization reduces HE and improves OOD accuracy,"all layers (1-10, layer-wise)",FALSE,TRUE,TRUE,5,TRUE,t-test,0.023,unclear,explicit_no,TRUE,https://github.com/ryeii/Representational-Homomorphism-for-Transformer-Language-Models,TRUE,https://github.com/ryeii/Representational-Homomorphism-for-Transformer-Language-Models,FALSE,medium,5,"Core sigma-trap study: introduces Homomorphism Error, a representation-level metric of compositional structure failure, shows it predicts OOD compositional generalization (R2=0.73), and demonstrates that regularizing HE during training significantly improves OOD accuracy (p=0.023) on an adapted SCAN benchmark.",2,"Not an alignment paper, but diagnosing and controlling internal compositional structure of models (via a regularizable representational metric) is a step toward interpretability and steering relevant to understanding goal misgeneralization; no explicit safety discussion.",TRUE,"Experiments on synthetic data with precisely controlled compositional structure; real-world language adds semantic ambiguity, context dependence, and irregular constructions. Evaluation on relatively small Transformer models; behavior of homomorphism error in large-scale pretrained LMs remains open.",,TRUE,Apply homomorphism error analysis to established compositional benchmarks using natural language; investigate how homomorphism error scales with model size and pretraining data; explore compositionally-aware architecture search and training procedures.,,"Homomorphism Error (modifier and sequence HE, layer-wise MSE averaged over linear/bilinear/MLP operators); R2 of HE-OOD accuracy regression",EX1,"Main-form ood values = baseline decoder-only Transformer on adapted SCAN, 0 noise tokens (~47%). No ID accuracies reported; study reports OOD accuracy only, with mean and std across 5 seeds. Under review (preprint); code/data open-sourced."
S073,P02_0606,Compositional Generalization in Dependency Parsing,Emily Goodwin; Siva Reddy; Timothy J. O'Donnell; Dzmitry Bahdanau,2021,http://arxiv.org/abs/2110.06843v2,,2110.06843v2,FALSE,dataset_benchmark,,preprint,CFQ,,,compositional,TRUE,compound divergence,LSTM,rnn_family,"Stanza dependency parser (Qi et al., 2020), graph-based parser with bi-LSTM features; evaluated on CFQ dependency-parsing splits (rand, MCD1, MCD2, MCD3)",,,,unspecified,,,CFQ English questions paired with gold-standard dependency parses (new annotation resource); MCD splits maximize compound divergence; split sizes not fully stated in excerpt,,not_applicable,,,FALSE,,FALSE,FALSE,0.9989,0.0001,,,,,accuracy,,0.7141,,,,,,accuracy,,0.2848,,,none,,,,,FALSE,,FALSE,,,,,,none,,,,FALSE,TRUE,FALSE,,FALSE,,,none,not_addressed,FALSE,,TRUE,,FALSE,partial,4,"Directly measures the sigma-trap: dependency parsing performance degrades on CFQ MCD splits as compound divergence rises, and attributes most failures to a small set of unseen syntactic constructions, giving a structural characterization of compositional generalization failure; no link to training dynamics or flatness.",1,"No connection to AI alignment, safety, or goal misgeneralization; the paper introduces a dependency-parsing benchmark and analyzes parser failure, with no discussion of safety implications.",FALSE,,,TRUE,Apply the subtree-predictive analysis to better understand failures of semantic parsers on CFQ; similar methods could be applied to *-CFQ with a straightforward grammar extension.,,WSCLAS (whole-sentence labeled attachment score); CLAS; LAS; per-subtree test-set delta analysis,EX1,"ID = rand split WSCLAS 99.89 +/-0.01. Table 3 reports accuracy on reduced test sets (predictive subtrees removed); original full-test MCD2 derived as 92.46-21.05 = 71.41%, MCD3 as 93.09-36.33 = 56.76%. Main ood = MCD2; MCD1 original accuracy not derivable. SDs in Table 3 refer to reduced test sets."
S074,P02_0607,Revisiting Iterative Back-Translation from the Perspective of Compositional Generalization,Yinuo Guo; Hualei Zhu; Zeqi Lin; Bei Chen; Jian-Guang Lou; Dongmei Zhang,2020,http://arxiv.org/abs/2012.04276v1,,2012.04276v1,TRUE,empirical,,conference,CFQ,SCAN,,compositional,FALSE,,TransformerEncDec,transformer,Dual seq2seq models (src2trg and trg2src) trained for iterative back-translation with on-the-fly tuning on pseudo-parallel data; semi-supervised and curriculum variants,,,,unspecified,,,CFQ '+mono30' setting with source- and target-side monolingual data for semi-supervised iterative back-translation; also evaluated on SCAN,curriculum,not_applicable,,standard_Adam,TRUE,Semi-supervised pseudo-parallel data generation via iterative back-translation with on-the-fly perturbations,TRUE,FALSE,,,,,,,accuracy,,,,,,,,accuracy,,,,,none,,,,,FALSE,,FALSE,,,,,,none,,,,FALSE,FALSE,FALSE,,FALSE,,,none,not_addressed,FALSE,,FALSE,,FALSE,low,4,"Directly investigates compositional generalization failure (a core sigma-trap phenomenon) on CFQ/SCAN MCD splits, showing iterative back-translation improves accuracy and proposing curriculum IBT; includes mechanism analysis (error correction in pseudo data, perturbation effects), though it does not connect to training dynamics or schema coherence.",1,"No connection to AI safety, alignment, or goal misgeneralization; purely a semi-supervised method for compositional generalization in semantic parsing.",FALSE,,,FALSE,,,BLEU (quality of source-side pseudo-parallel data / trg2src models),EX1,"Main-form accuracy left empty: Figure 4 numbers are garbled in the excerpt. Sub_experiments use explicit prose averages (Sec 4.3, CFQ +mono30): BT-Src2trg avg accuracy 20.1% over MCD splits, BT-Src2trg-with-OTF avg 33.3%. IBT baseline gain vs baseline reported as 4.0% accuracy (Src2trg); perturbation gain 13.3%."
S075,P02_0608,*-CFQ: Analyzing the Scalability of Machine Learning on a Compositional Task,Dmitry Tsarkov; Tibor Tihon; Nathan Scales; Nikola Momchev; Danila Sinopalnikov; Nathanael Schärli,2020,http://arxiv.org/abs/2012.08266v1,,2012.08266v1,FALSE,empirical,,preprint,CFQ,,,compositional,TRUE,compound divergence,TransformerEncDec,transformer,Seq2seq Transformer (Vaswani et al. 2017) trained 500k steps at fixed model size and fixed training steps (fixed compute),,,,unspecified,1031270,,"*-CFQ suite derived from CFQ with 10x example pool (U-CFQ); train sizes 10,314 to 1,031,270; compound divergence splits (0.0-0.6); fixed compute (500k steps)",,not_applicable,,,FALSE,,FALSE,FALSE,0.995,,5,,,,accuracy,,0.564,,5,,0.531,0.597,accuracy,,0.431,,,none,,,,,FALSE,No effect size reported; error rates with 95% CI over 5 replicas of 36 splits,FALSE,,,,,No representation-level coherence/compositionality proxy measured; analysis operates on data splits and error rates,none,,,,TRUE,TRUE,TRUE,5,FALSE,,,none,explicit_no,FALSE,,FALSE,,FALSE,low,4,"Directly examines compositional generalization failure on CFQ compound-divergence splits across training sizes at fixed compute, showing OOD error persists at all scales and rises with language scope - a core sigma-trap phenomenon - though focused on scaling limits rather than the failure mechanism itself.",1,"No connection to AI alignment, safety, or goal misgeneralization; a scaling analysis of semantic parsing with no safety discussion.",TRUE,N-CFQ/half-N-CFQ augmentation results hard to interpret due to large domain overlap with B-CFQ; lower starting accuracies are an artifact of the larger example pool in the compound divergence splitting algorithm,,TRUE,Whether ML can robustly solve NLU at the scale of arbitrary natural language across domains remains open; deeper investigation of N-CFQ blending side effects suggested,,"Mean error rate with 95% CI over 5 replicas of 36 splits; scalability curves (error vs train size, log-log); plateau error rates for half-L-CFQ (~0.03), L-CFQ (~0.02), half-X-CFQ (~0.04), X-CFQ (~0.03)",EX1,"Table 9 values: error converted to accuracy (1 - error); +/- is 95% CI over 5 replicas of 36 splits per divergence level and train size. Main form = largest train size 1,031,270, div 0.0 as near-ID, div 0.6 as hardest OOD. Optimizer not stated in excerpt."
S076,P02_0609,Compositional Generalization Requires Compositional Parsers,Pia Weißenhorn; Yuekun Yao; Lucia Donatelli; Alexander Koller,2022,http://arxiv.org/abs/2202.11937v1,,2202.11937v1,FALSE,empirical,,preprint,COGS,,,compositional,FALSE,,NeuralSymbolic,neurosymbolic,"AM parser (Groschwitz et al. 2021): neural supertagging + tree automaton over compositional AMR-style graph algebra; variants AM, AM+dist, AM+B, AM+B+dist; compared with LeAR (algebraic/compositional) and BART seq2seq (BART, BART+syn, BART+mtl, BART+mask)",,,,unspecified,,,COGS synthetic English semantic parsing corpus; test set has 21 generalization types; AM parser trained with alignments from xi graph nodes to input tokens,,not_applicable,,,FALSE,,FALSE,FALSE,,,,,,,exact_match,,0.984,0.013,5,,,,exact_match,,,,,none,,,,,FALSE,No effect sizes reported; class-level comparisons made descriptively,FALSE,,,,,No representation-level coherence proxy measured; analyses are at output level (exact match by generalization type),none,,,,FALSE,FALSE,TRUE,5,FALSE,,,none,not_addressed,FALSE,,FALSE,,FALSE,low,5,"Directly characterizes compositional generalization failure (the sigma-trap): seq2seq models (BART) achieve near-zero exact-match accuracy on structural generalization types in COGS, while compositionally-guided parsers (AM parser, LeAR) reach near-perfect accuracy, showing the failure is systematic across model classes and is remedied by structure-aware composition.",2,"No alignment or safety discussion; indirect relevance via demonstrating that compositional structure awareness, not scale, drives compositional generalization of language systems.",FALSE,,,FALSE,,,,EX1,"Main form = AM+B (best AM parser variant with cleanly visible total), COGS generalization set 98.4 +-1.3. AM+B+dist per-type values reach ~99.9 but its total row is truncated in the excerpt. Variance notation +-X not labeled in excerpt (assumed SD; n=5 from prefill hint). Tables jumbled by line-wrapping."
S077,P02_0610,Think before you act: A simple baseline for compositional generalization,Christina Heinze-Deml; Diane Bouchacourt,2020,http://arxiv.org/abs/2009.13962v2,,2009.13962v2,FALSE,empirical,,preprint,gSCAN,,,compositional,TRUE,"gSCAN test splits A (Random), B (Yellow squares), C (Red squares), E (Relativity)",LSTM,rnn_family,"Attention-inspired modification of the Ruis et al. (2020) gSCAN baseline: biLSTM command encoder, CNN grid-world state encoder, LSTM action decoder; weighs world encodings by target-position log-softmax scores; auxiliary target-prediction loss",,,,small,,,"gSCAN grid-world grounded command-following benchmark; splits A (Random), B (Yellow squares), C (Red squares), E (Relativity); models trained with auxiliary target prediction loss",,not_applicable,,,FALSE,,FALSE,FALSE,,,,,,,exact_match,,,,,,,,exact_match,,,,,none,,,,,FALSE,,FALSE,,,,,No representation-level coherence proxy; target prediction accuracy serves as a behavioral diagnostic only,none,,,,FALSE,TRUE,FALSE,,FALSE,,,none,not_addressed,FALSE,,FALSE,,FALSE,low,4,"Challenges the gSCAN compositional generalization benchmark: shows a simple attention-inspired 'think before act' baseline solves splits B and C but not split E, directly mapping which compositional difficulty tiers (sigma-trap components) remain failure modes for neural models.",1,"No connection to AI alignment, safety, or goal misgeneralization; purely a compositional generalization methodology paper for grounded instruction following.",FALSE,,,FALSE,,,target prediction accuracy (Table A.2); split (E) exact match by referred target (Table A.3),EX1,"arXiv 2009.13962v2 preprint (Oct 2020). Main exact-match results (Table 1) are NOT in the excerpt; only ablation-table values are available, so main-form numeric fields are left empty. Sub_experiments use Tables A.4 (ablated models: no weighing of world encodings by target-position log-softmax) reported as mean +/- sd. Split A (Random) treated as ID, B/C/E as OOD."
S078,P02_0611,How Do In-Context Examples Affect Compositional Generalization?,Shengnan An; Zeqi Lin; Qiang Fu; Bei Chen; Nanning Zheng; Jian-Guang Lou; Dongmei Zhang,2023,http://arxiv.org/abs/2305.04835v3,,2305.04835v3,FALSE,empirical,,preprint,custom,,COFE (test suite for in-context compositional generalization),compositional,FALSE,,GPT,transformer,"Pre-trained large language model used via few-shot in-context learning (no fine-tuning); code-davinci-002 shown in error-case analysis; test-suite categories PhraReco (phrase recombination), PrimAlte (primitive alteration), DeepNest (deep nesting)",,,,large,,,Backbone LLM pre-trained on large corpus; no task fine-tuning; few-shot in-context examples selected per similarity/diversity/complexity settings on the COFE suite,other,not_applicable,"in-context learning (few-shot prompting), no gradient-based training",,FALSE,,FALSE,FALSE,,,,,,,,,,,,,,,,,,,,none,,,,,FALSE,No effect sizes or numeric results in excerpt,FALSE,,,,,No representation-level coherence/compositionality proxy measured,none,,Error-case analysis only (Figures 12-13): word-level omissions and wrong parenthesis depth in fictional-word settings vs commonly used words,,FALSE,FALSE,FALSE,,FALSE,,,none,not_addressed,FALSE,,FALSE,,FALSE,low,4,"Studies compositional generalization failure directly, but in the in-context-learning paradigm: how example selection (structural similarity, diversity, simplicity) drives comp-gen success on the COFE suite, and where it fails (fictional words, uncovered structures).",1,"No connection to AI safety, alignment, or goal misgeneralization; a few-shot prompting analysis for compositional generalization in semantic parsing.",FALSE,,,FALSE,,,,EX1,"Excerpt contains no numeric results (only example/error-case listings); observed limitations (fictional words weaker, need for structural coverage) are empirical findings about the ICL paradigm, not the paper's own stated limitations; COFE is a custom suite built for ICL compositional generalization, so task= custom; prefill benchmark hint (SCAN/COGS/CFQ) contradicted."
S079,P02_0612,Hierarchical Poset Decoding for Compositional Generalization in Language,Yinuo Guo; Zeqi Lin; Jian-Guang Lou; Dongmei Zhang,2020,http://arxiv.org/abs/2010.07792v1,,2010.07792v1,TRUE,empirical,,conference,CFQ,,,compositional,FALSE,,other,other,"Hierarchical Poset Decoding (HPD): encoder-decoder with poset-based sketch prediction, phrase-table primitive prediction, and traversal path prediction; baselines: LSTM+Attention, Transformer, Universal Transformer (Keysers et al. 2020), Seq2Tree, CGPS; ablations replace sketch predictor or remove hierarchical mechanism",,,,unspecified,,,"CFQ over Freebase, MCD1/MCD2/MCD3 splits; accuracy = % of examples correctly parsed to gold SPARQL meaning representations; SPARQL simplified via merging similar triples in one baseline block",,not_applicable,,,FALSE,,FALSE,FALSE,,,,,,,accuracy,,0.69,,,,,,accuracy,,,,,none,,,,,FALSE,"No effect sizes reported; mean MCD accuracy 69.0% stated directly for HPD, 56.7% for Seq2Tree-based sketch ablation",FALSE,,,,,"No representation-level coherence proxy; poset structure is an output-decoding constraint, not a measured representation property",none,,,,FALSE,FALSE,FALSE,,FALSE,,,none,not_addressed,,,,,,low,4,"Directly attacks compositional generalization failure on CFQ MCD splits; hierarchical poset decoding enforces partial permutation invariance, improving mean MCD accuracy to 69.0% vs sub-20% seq2seq baselines, with ablations isolating the permutation-invariance and hierarchical mechanisms.",1,"No connection to AI safety, alignment, or goal misgeneralization; purely an architectural decoding method for compositional generalization in semantic parsing.",TRUE,Break-down analysis: sketch prediction fails on 8.7%/24.9%/25.2% of MCD1/2/3 test cases because the sequence encoder does not capture implicit syntactic structure; primitive prediction has low precision (34.4-35.0%) from a simple phrase table; traversal path prediction fails on 11.7%/15.5%/7.0% of cases due to many candidate paths.,,TRUE,Future work: enhance the encoder with compositionality and build attention between encoder and hierarchical poset decoder; improve primitive prediction recall via contextual information; reduce the number of candidate primitives for traversal path prediction.,,"Component-level metrics per split: Sketch Prediction accuracy (91.3/75.1/74.8); Primitive Prediction precision (34.4/35.0/34.1) and recall (99.9); Traversal Path Prediction precision/recall/F1 (e.g., 96.7/98.9/97.7 on MCD1)",EX1,"Main-form values = HPD with Seq2Seq-based sketch prediction, mean accuracy 69.0% across MCD splits (stated). Per-split and baseline/ablation values in sub_experiments; means computed from per-split cells where noted. Paper header stamps NeurIPS 2020 despite arXiv ID. Baselines (LSTM+Attention, Transformer, Universal Transformer) from Keysers et al. 2020."
S080,P02_0613,Unlocking Compositional Generalization in Pre-trained Models Using Intermediate Representations,Jonathan Herzig; Peter Shaw; Ming-Wei Chang; Kelvin Guu; Panupong Pasupat; Yuan Zhang,2021,http://arxiv.org/abs/2104.07478v1,,2104.07478v1,FALSE,empirical,,preprint,CFQ,,,compositional,FALSE,,T5,transformer,"T5-small/T5-base seq2seq; two-stage pipeline (Seq2Seq1 predicts intermediate representation, Seq2Seq2 conditions on IR + utterance to generate program); no architectural changes vs baseline",,,,small,,,CFQ (MCD splits) and three text-to-SQL datasets (template splits); results averaged over test sets; dev accuracy reported,,not_applicable,,,FALSE,,FALSE,FALSE,,,,,,,accuracy,,0.479,,,,,,accuracy,,,,,none,,,,,FALSE,"No effect sizes reported; gains quoted as accuracy points (CFQ +14.8, text-to-SQL +15.0 to +19.4)",FALSE,,,,,"No representation-level coherence proxy; analyses concern target-program structure (novel structures, program length), not internal representations",none,,,,FALSE,FALSE,FALSE,,FALSE,,,none,not_addressed,FALSE,,FALSE,,FALSE,low,4,"Directly targets compositional generalization failure in pre-trained seq2seq parsers on CFQ MCD and text-to-SQL template splits, showing that structural correspondence of the target representation (intermediate representations, RIR/LIR) unlocks OOD generalization, and analyzing why (novel structures, program length).",1,"No connection to AI alignment, safety, or goal misgeneralization; the work concerns semantic parsing compositional generalization only.",TRUE,"Approach requires customizing new intermediate representations for each formalism; this entails manual work, though it is done only once per formalism (same IRs reused across three text-to-SQL datasets).",,FALSE,,,Percentage of new structures in dev vs train; average program length in word-pieces,EX1,"IRs effective only with pre-training (Table 4: no-pretraining +IRs gives +1.8 CFQ, -11.8 text-to-SQL). LIR-ORACLE (gold LIR) boosts CFQ MCD 41.9 to 80.7. Best combo LIRd + RIR. Text-to-SQL not in task vocabulary; task_custom_name left empty, see train_data_note."
S081,P02_0614,Compositional Generalization by Learning Analytical Expressions,Qian Liu; Shengnan An; Jian-Guang Lou; Bei Chen; Zeqi Lin; Yan Gao; Bin Zhou; Nanning Zheng; Dongmei Zhang,2020,http://arxiv.org/abs/2006.10627v2,,2006.10627v2,TRUE,empirical,,conference,SCAN,,,compositional,FALSE,,NeuralSymbolic,neurosymbolic,"Memory-augmented model with two cooperative modules (Composer builds parse trees over the input using a Tree-LSTM; Solver generates output expressions), trained end-to-end via hierarchical RL with curriculum learning",,,,unspecified,,,"SCAN systematicity, distribution-based systematicity, SCAN-ext (productivity), and MiniSCAN (Limit) splits; no extra resources or data augmentation used",curriculum,not_applicable,,,FALSE,,TRUE,FALSE,,,,,,,accuracy,,1.0,,,,,,accuracy,,,,,none,,,,,FALSE,No effect sizes reported,FALSE,,,,,No representation-level coherence/compositionality proxy measured,other,,"Analysis of learned Composer tree structures shows 'twice' behaves differently under different contexts (Fig. 5), indicating context-dependent symbolic structure",,FALSE,TRUE,FALSE,,FALSE,,,none,not_addressed,FALSE,,FALSE,,FALSE,low,4,"Directly targets compositional generalization failure (the sigma-trap) on SCAN, achieving 100% on systematicity, distribution-based systematicity, productivity (SCAN-ext), and MiniSCAN splits without extra resources; the neurosymbolic design and curriculum are interventions against the gap.",1,"No connection to AI safety, alignment, or goal misgeneralization; the work is a compositional generalization method paper with no safety implications discussed.",FALSE,,,TRUE,Conclusion and Future Work section present but its text is truncated in the excerpt,,test accuracy per SCAN task; accuracy vs input length (productivity); train/test accuracy under different learning-rate combinations,EX1,"Main-form values = LANE on SCAN (100% OOD test accuracy across all tasks); ID accuracies not reported numerically. Ablations (Tab. 3): w/o Composer drops to near-zero (Simple 98.5, Add Jump 0.0, Length 11.1, Around Right 0.0, MCD1 5.3, MCD2 0.7, MCD3 2.6); w/o curriculum learning never converges (all 0); w/o simplicity-based reward fails on Around Right."
S082,P02_0615,Compositional Generalization in Multilingual Semantic Parsing over Wikidata,Ruixiang Cui; Rahul Aralikatte; Heather Lent; Daniel Hershcovich,2021,http://arxiv.org/abs/2108.03509v2,,2108.03509v2,FALSE,dataset_benchmark,,preprint,custom,,"MCWQ (Multilingual Compositional Wikidata Questions) - multilingual semantic parsing over Wikidata, MCD splits",compositional,TRUE,"compound divergence (MCD splits, MCDmean)",T5,transformer,"T5/mT5 seq2seq models with RIR (repeat-and-insert) decoder; mT5-small+RIR and mT5-base+RIR; pretrained multilingual encoders; monolingual English training + zero-shot cross-lingual transfer to Hebrew, Kannada, Chinese",,,,small,,,"MCWQ: multilingual parallel questions over Wikidata derived from CFQ via machine translation (MT) with gold-translation test-intersection-gold; models trained on English, zero-shot evaluated on Hebrew/Kannada/Chinese; 155-item intersection test sets",,not_applicable,,,,,,,,,,,,,,,0.383,,,,,,exact_match,,,,,none,,,,,FALSE,No effect sizes reported; comparisons are descriptive (monolingual vs zero-shot accuracy),FALSE,,,,,No representation-level coherence metric measured,none,,,,FALSE,FALSE,FALSE,,FALSE,,,none,not_addressed,,,,,,low,4,"Directly evaluates compositional generalization (MCD splits, compound divergence) in multilingual semantic parsing and demonstrates catastrophic failure of cross-lingual compositional generalization (<0.3% zero-shot vs 38.3% monolingual), a clear instance of compositional generalization breakdown.",1,"No connection to AI safety, alignment, or goal misgeneralization; the paper is a dataset contribution and behavioral evaluation for multilingual semantic parsing.",,,,TRUE,"Whether cross-lingual compositional transfer will be more effective on related languages (e.g., English to German) remains to be investigated; potential cause of failure is that the four languages belong to different language families with low linguistic similarity.",,"BLEU score of predicted SPARQL queries; error categorization (missing/extra/wrong property, missing/extra/wrong entity, multiple errors)",EX1,"Main-form ood values = monolingual mT5-small+RIR on English MCDmean (38.3%). Zero-shot cross-lingual mT5-small+RIR is below 0.3% accuracy. ID (random split) English exact match not numerically given in excerpt. Results averaged over models trained on three MCD splits, not seeds."
S083,P02_0616,Data Factors for Better Compositional Generalization,Xiang Zhou; Yichen Jiang; Mohit Bansal,2023,http://arxiv.org/abs/2311.04420v1,,2311.04420v1,FALSE,empirical,,preprint,SCAN,COGS; GeoQuery,,compositional,FALSE,,TransformerEncDec,transformer,3-layer seq2seq Transformer trained from scratch (main results); 6-layer Transformer and T5-base in appendix; difficulty-based sub-sampling experiments,,3,,small,,,"Data-factor manipulations (scale, diversity, example difficulty) over SCAN, COGS, GeoQuery; data augmentation up to 200x; repetition-frequency experiments; exact dataset sizes not in excerpt",,not_applicable,,,TRUE,training-example augmentation (2x/20x/200x data scaling),FALSE,FALSE,,,,,,,,,0.0414,0.0471,,,,,accuracy,,,,,none,,,,,FALSE,,FALSE,,,,,,none,,,,FALSE,TRUE,TRUE,5,FALSE,,,none,not_addressed,TRUE,https://github.com/owenzx/data4comp,TRUE,https://github.com/owenzx/data4comp,FALSE,medium,4,"Directly investigates the sigma-trap: Transformer models trained from scratch fail on SCAN/COGS compositional splits, and the paper identifies data-complexity factors (diversity, example repetition frequency, example difficulty) that modulate compositional generalization failure, bridging diagnostic-dataset failures and pretrained-model successes; no link to training dynamics or flatness.",1,"No connection to AI alignment, safety, or goal misgeneralization; the paper is an empirical analysis of data factors for compositional generalization with no safety discussion.",FALSE,,,FALSE,,,Example-difficulty metric: earliest training step at which an example is predicted correctly for 10 consecutive checkpoints; prototype-based difficulty metrics for sub-sampling,EX1,"Main paper results use 3-layer seq2seq Transformers; excerpt contains appendix numbers: Table 9 (6-layer, augmentation), Table 10 (T5-base, repetition). Main fields = SCAN Jump baseline from Table 9 (6-layer). T5 experiments report mean+/-sd over 3 runs; main experiments per screening = 5 seeds."
S084,P02_0617,Iterative Decoding for Compositional Generalization in Transformers,Luana Ruiz; Joshua Ainslie; Santiago Ontañón,2021,http://arxiv.org/abs/2110.04169v2,,2110.04169v2,FALSE,empirical,,preprint,PCFG_SET,CFQ; custom,Cartesian product dataset (Ontanón et al. 2021),compositional,FALSE,,TransformerEncDec,transformer,"Transformer seq2seq with relative attention (radius r=8) and copy decoding variants; iterative decoding decomposes mapping into intermediate steps fed back as inputs until end-of-iteration token, with short/long intermediate input and row/token decoding scenarios",,,,unspecified,,,PCFG (Hupkes et al. 2020) random/productivity/systematicity splits; Cartesian product easy (ID) + hard productivity splits; CFQ MCD1,standard_Adam,not_applicable,,standard_Adam,FALSE,,FALSE,FALSE,,,,,,,accuracy,,,,,,,,accuracy,,,,,none,,,,,FALSE,,FALSE,,,,,,none,,,,FALSE,FALSE,FALSE,,FALSE,,,none,not_addressed,FALSE,,FALSE,,FALSE,low,4,"Directly targets compositional generalization failure (a core sigma-trap phenomenon) in transformers on PCFG productivity/systematicity, Cartesian product, and CFQ MCD1 splits, showing seq2seq transformers fail to learn unrolled iterations while iterative decoding largely closes the gap; no connection to training dynamics or schema coherence.",1,"No connection to AI safety, alignment, or goal misgeneralization; purely a decoding-method study for compositional generalization in sequence learning.",TRUE,Iterative decoding underperforms seq2seq on CFQ MCD1 (32.5% vs 37.1%); it only generalizes to longer iterations that were unrolled during training (row-decoding fails when extra token pairs are added); PCFG iterative decoding test accuracy still below training accuracy.,,FALSE,,,,EX1,"Main-form accuracy left empty: results are per-dataset/per-split (Tables 1-3), no single headline number. PCFG Table 1 values not numerically reproduced in excerpt (prose: iterative decoding with relative attention exceeds 90% test accuracy on productivity and systematicity splits), so no PCFG sub_experiments. Cartesian product sentence accuracies (Table 2, relative attention r=8) and CFQ MCD1 (Table 3) in sub_experiments; 'easy' test split treated as ID."
S085,P02_0618,Structural generalization in COGS: Supertagging is (almost) all you need,Alban Petit; Caio Corro; François Yvon,2023,http://arxiv.org/abs/2310.14124v1,,2310.14124v1,FALSE,empirical,,preprint,COGS,,,compositional,FALSE,,NeuralSymbolic,neurosymbolic,"Neural graph-based semantic parser extended with supertagging step (ILP valency constraints, companionship principle), argument identification as maximum matching, factor-graph weakly-supervised loss, incremental early stopping",,,,unspecified,,,COGS dataset; training on in-distribution data with incremental early stopping (freezes part of the network) to prevent overfitting,,not_applicable,,,FALSE,,FALSE,FALSE,,,,,,,,,0.75,,3,,,,accuracy,,,,,raw_delta,0.239,,,,FALSE,Paper reports a 23.9 point increase from 51.1 to 75.0 accuracy on Obj-to-subj PP attributable to the incremental early-stopping training procedure,FALSE,,,,,"No representation-level coherence/compositionality proxy measured; supertagging accuracy is a pipeline-internal metric, not a representation analysis",none,,,,FALSE,FALSE,TRUE,3,TRUE,other,,none,not_addressed,TRUE,https://github.com/alban-petit/semantic-supertag-parser,FALSE,,FALSE,partial,4,"Directly addresses compositional (structural) generalization failure on COGS by adding supertagging with ILP valency constraints, matching-based argument identification, and incremental early stopping, reaching high accuracy on structural generalization cases where baselines score near zero - a targeted fix for the sigma-trap.",1,"No connection to AI alignment, safety, or goal misgeneralization; a semantic parsing method paper with no safety discussion.",TRUE,Cannot predict supertags unseen during training (meta-grammars could overcome this); ILP solver may be slow in more realistic settings; pipeline's local predictions cannot use argument identification scores to fix earlier errors,,FALSE,,,"Overall accuracy (mostly lexical generalization, 85.7% of test set); per-case structural generalization accuracies (Obj to subj PP, PP recursion, CP recursion); word-level supertagging accuracy with/without ILP",EX1,"COGS test contains 1,000 sentences per generalization case. Best config reaches 75.0 on Obj-to-subj PP (vs 51.1 without early stopping); PP recursion and CP recursion predicted perfectly; supertagging accuracy with ILP 90.2 vs 71.6 without for Obj-to-subj PP. Overall COGS accuracy not extractable from excerpt."
S086,P02_0619,When Can Transformers Ground and Compose: Insights from Compositional Generalization Benchmarks,Ankur Sikarwar; Arkil Patel; Navin Goyal,2022,http://arxiv.org/abs/2210.12786v2,,2210.12786v2,FALSE,empirical,,preprint,custom,gSCAN,ReaSCAN (grounded navigation); gSCAN (GSRR splits); RefEx (novel grounded referring-expression task),compositional,FALSE,,TransformerEnc,transformer,"GroCoT: attention-only transformer, command + world-state embeddings concatenated, stacked multi-head attention blocks with residual connections, 36-way softmax over grid cells; a single self-attention layer with a single head generalizes on RefEx; learned positional embeddings only for three-attr-rel variant; LLM baselines: GPT-3, Codex (few-shot in-context)",,,,unspecified,90000,,"RefEx: 90K train / 2.5K val / 2.5K test per variant; C2-deeper: 100K sampled train + 6,000 C2 test examples, 4,500 depth-3 test examples; ReaSCAN and gSCAN used for main experiments",,not_applicable,,,FALSE,,FALSE,FALSE,,,,,,,accuracy,,,,,,,,accuracy,,,,,none,,,,,FALSE,No effect sizes reported,FALSE,,,,,No representation-coherence proxy measured (no CKA/RSA/compositionality score),probing,,"Linear probe of target location in encoder representations: near-perfect localization accuracy on A1/A2/B1/B2 (up to ~100) but near 0 on A3 and C1 and 23.4 on C2, identifying target identification as the main OOD challenge; layer 0 (input embeddings) and random-embedding baselines also probed",per encoder layer (layer 0 = input embeddings),FALSE,FALSE,FALSE,,FALSE,,,none,not_addressed,FALSE,,FALSE,,FALSE,low,4,"Directly probes grounded compositional generalization (the sigma-trap): shows a simple attention-only transformer generalizes on ReaSCAN, gSCAN and RefEx novel attribute compositions, isolates target identification as the core OOD challenge, and shows the ReaSCAN C2 depth-generalization split is unfair, with transformers generalizing on an amended deeper split.",2,No alignment or safety discussion; indirect relevance via mechanistic insight into when transformers compose (single attention head suffices) and LLM failure on grounded compositionality.,FALSE,,,FALSE,,,,EX1,Main-benchmark accuracies (ReaSCAN/gSCAN/RefEx default settings) are not present in the excerpt; sub_experiments carry Table 13 action-seq accuracies (with ground-truth target locations; caption labels gSCAN but split names A1-A3/B1-B2/C1 match ReaSCAN) and LLM nonsense-grounded RefEx results. Metric = action sequence accuracy / target localization accuracy.
S087,P02_0620,Compositional Generalization for Natural Language Interfaces to Web APIs,Saghar Hosseini; Ahmed Hassan Awadallah; Yu Su,2021,http://arxiv.org/abs/2112.05209v1,,2112.05209v1,FALSE,dataset_benchmark,,preprint,custom,SCAN,Okapi NL2API (natural language to executable web API calls),compositional,TRUE,compound divergence (DBCA) applied to the Length split; Length vs Program split difficulty comparison,T5,transformer,"Three seq2seq baselines: LSTM+attention with value copying; Transformer+Copy (pre-trained BERT encoder + autoregressive Transformer decoder with attention-based copy mechanism); T5-Base fine-tuned (lr 3e-4, batch size 32, up to 200k steps)",,,,unspecified,,,"Okapi: 22,508 English questions, 9,019 unique API calls, three domains (Document, Email, Calendar); non-synthetic, low-resource; Length and Program splits; SCAN used for comparison",,not_applicable,,,FALSE,,FALSE,FALSE,,,,,,,exact_match,,,,,,,,exact_match,,,,,none,,,,,FALSE,,FALSE,,,,,"No representation-level coherence proxy; DBCA compound divergence is a data-split metric, not a representation proxy",none,,,,FALSE,FALSE,TRUE,5,FALSE,,,none,not_addressed,FALSE,,TRUE,https://aka.ms/nl2api/data,FALSE,partial,3,"Introduces Okapi, a non-synthetic compositional generalization benchmark for NL2API with Length and Program splits and applies DBCA compound divergence; reports that general seq2seq models largely fail OOD (best 78.5% Program, ~14.35% Length accuracy), documenting compositional failure in a low-resource setting.",1,"No connection to AI alignment, safety, or goal misgeneralization; the work is a dataset and baseline evaluation for compositional semantic parsing of web API calls.",FALSE,,,FALSE,,,"error-type analysis of erroneous predictions (wrong/missing/extra parameters, invalid calls, annotation mistakes) for T5-Base",EX1,arXiv 2112.05209v1 preprint (Dec 2021). Table 7 is garbled in the excerpt; values in sub_experiments are the best-effort reconstruction consistent with the author-stated anchors (best Program average 78.5% for Transformer+Copy; best Length average ~14.35% for T5-Base; best overall 15% exact match per abstract). Exact match averaged over 5 runs. Main-form numeric fields left empty because no single headline configuration is cleanly reported.
S088,P02_0621,Revisiting the Compositional Generalization Abilities of Neural Sequence Models,Arkil Patel; Satwik Bhattamishra; Phil Blunsom; Navin Goyal,2022,http://arxiv.org/abs/2203.07402v1,,2203.07402v1,FALSE,empirical,,preprint,SCAN,COGS,,compositional,FALSE,,LSTM,rnn_family,"Standard seq2seq models: LSTM and Transformer; LSTM capacity swept 6.7K-354K params; SCAN/Colors embedding analyses on LSTM (t-SNE, distance metrics)",,,,small,13194,,"SCAN: 13,185 base train + 9 extra isolated-primitive definitions = 13,194; Colors train sets with 0/10/20/100 extra primitives; COGS: train size fixed at 2,500, varying % of 129 example primitives",,not_applicable,,,FALSE,,FALSE,FALSE,,,,,,,,,0.945,,5,77060,,,accuracy,,,,,none,,,,,FALSE,No effect sizes reported,FALSE,,,,,No coherence/compositionality proxy of internal representations; only embedding geometry of isolated vs example primitives,other,,t-SNE plots and Euclidean/Manhattan/Cosine distances show the isolated primitive embedding moves closer to example-primitive embeddings as more example primitives are added to the train set (LSTM on Colors),,FALSE,FALSE,TRUE,5,FALSE,,,none,not_addressed,FALSE,,FALSE,,FALSE,low,5,"Directly targets the sigma-trap: compositional generalization failure on SCAN/COGS one-shot primitive generalization, and shows the failure is largely a training-distribution artifact, with detailed empirical analysis (capacity, distributions, seeds, embedding geometry) explaining when standard seq2seq models do and do not fail.",1,"No connection to AI safety, alignment, or goal misgeneralization; purely an empirical analysis of compositional generalization in sequence models.",FALSE,,,FALSE,,,,EX1,"Main-form numbers = multiple-isolated-primitives SCAN setting (best Transformer 94.5% on 77,060-example test set); per-setting values in sub_experiments; Colors dataset not in vocabulary (SCAN variant); Figure text partially garbled; 5-seed variance analysis in Section E.4 (high variance, decreasing with more primitives)."
S089,P02_0622,Measuring Compositional Generalization: A Comprehensive Method on Realistic Data,Daniel Keysers; Nathanael Schärli; Nathan Scales; Hylke Buisman; Daniel Furrer; Sergii Kashubin; Nikola Momchev; Danila Sinopalnikov; Lukasz Stafiniak; Tibor Tihon; Dmitry Tsarkov; Xiao Wang; Marc van Zee; Olivier Bousquet,2019,http://arxiv.org/abs/1912.09713v2,,1912.09713v2,TRUE,dataset_benchmark,,conference,CFQ,SCAN,,compositional,TRUE,compound divergence,TransformerEncDec,transformer,"3 baseline seq2seq archs: LSTM+attention (Bahdanau), Transformer, Universal Transformer; tensor2tensor defaults",,,,unspecified,239357,,"CFQ: 239,357 question-answer pairs over Freebase; MCD splits maximize compound divergence",standard_Adam,not_applicable,,standard_Adam,FALSE,,FALSE,FALSE,0.985,,5,,0.983,0.987,accuracy,,0.179,,5,,0.17,0.188,accuracy,,0.806,,,none,,,,,FALSE,Benchmark paper; gap captured via id_ood_gap_raw,FALSE,,,,,"No representation-level coherence proxy measured; DBCA operates on data splits, not internal representations",none,,,,TRUE,TRUE,TRUE,5,FALSE,,,none,explicit_no,TRUE,https://github.com/google-research/google-research/tree/master/cfq,TRUE,https://github.com/google-research/google-research/tree/master/cfq,FALSE,medium,3,"Directly measures one component of the sigma-trap (compositional generalization failure / OOD gap) across three architectures and introduces compound divergence as an OOD difficulty metric, but does not connect to training dynamics, flatness, or schema coherence.",1,"No connection to AI safety, alignment, or goal misgeneralization; purely a benchmark construction and evaluation paper.",TRUE,CFQ is restricted to Freebase QA over English; SPARQL answers anonymized; benchmark covers a single semantic-parsing-style task; authors note the method does not prescribe what distribution a learner should optimize for.,,TRUE,"Apply DBCA to other domains (e.g., visual reasoning based on CLEVR); explore whether improved architectures such as syntactic attention can achieve high accuracy at high compound divergence.",,,EX1,"Main-form values = Transformer on CFQ; per-arch/per-split values in sub_experiments. CFQ Random split treated as ID, MCD splits as OOD."
S090,P02_0623,Recursive Decoding: A Situated Cognition Approach to Compositional Generation in Grounded Language Understanding,Matthew Setzler; Scott Howland; Lauren Phillips,2022,http://arxiv.org/abs/2201.11766v2,,2201.11766v2,FALSE,empirical,,preprint,gSCAN,,,compositional,FALSE,,other,other,"Recursive Decoding (RD): training/decoding procedure for seq2seq models predicting one token at a time, incrementally updating and re-encoding the gSCAN grid-world input at each decoder step; baseline = standard attention-based seq2seq from gSCAN (Ruis et al.); also randomized initial-orientation variant",,,,unspecified,,,"gSCAN grid-world; original and randomized initial-orientation datasets plus intermediate-world control dataset; control trained 200,000 batches; RD models <72 GPU-hours, baseline <24 GPU-hours, single 16GB P100, ~1200 GPU-hours total",other,not_applicable,Recursive Decoding: model predicts one output token at a time; intermediate world states re-encoded as fresh inputs each decoder step,,FALSE,,FALSE,FALSE,0.9922,0.0016,,,,,exact_match,,0.8442,0.0324,,,,,exact_match,,0.148,,,none,,,,,FALSE,"No effect sizes reported; comparisons reported as exact-match percentages with std (e.g., RD 84.42±3.24 on Length vs baseline/SotA 2.10±0.05)",FALSE,,,,,No representation-level coherence proxy measured; analyses focus on agent ending-position heatmaps and non-canonical solution behavior,attention_patterns,,"Baseline successfully attends to the correct target cell despite 0% exact match on novel direction, navigating to correct row/column but never Southwest; RD produces non-canonical valid solutions (86.32% valid on simple-walking novel direction, 37.45% non-canonical), including error-correcting paths confirmed by null-model analysis",,FALSE,TRUE,TRUE,3,FALSE,,,none,not_addressed,,,,,,low,4,"Directly targets decode-side compositional generalization failure in gSCAN, achieving dramatic gains on novel-direction (0.0% to 43.6%) and length-extrapolation (2.1% to 84.4%) tasks, with failure analysis of the baseline and an experimental control isolating the procedural innovation.",1,"No connection to AI safety, alignment, or goal misgeneralization; framed purely as compositional generalization in grounded language understanding.",FALSE,,Excerpt discusses baseline failure modes but no explicit limitations section for RD; partial excerpt may omit discussion section,FALSE,,"Paper signals implications for naturalistic grounded language understanding and seq2seq generally, but no explicit open questions in excerpt","Exact match per gSCAN task; non-canonical solution rate (86.32±9.00% valid, 37.45% non-canonical); ending-position heatmap analysis; null-model analysis of error-correcting solutions",EX1,Main-form values = RD on Length task (OOD) and gSCAN Random split as ID (0.9922±0.0016). RD Random = RD trained on randomized initial-orientation dataset. n_seeds_value 3 inferred from 'Three instances of the Baseline model' and '2/3 models' statements (control/random-orientation runs); per-table run counts not explicit. gSCAN tasks treated as separate splits in sub_experiments.
S091,P02_0624,Compositional Generalization without Trees using Multiset Tagging and Latent Permutations,Matthias Lindemann; Alexander Koller; Ivan Titov,2023,http://arxiv.org/abs/2305.16954v1,,2305.16954v1,FALSE,empirical,,preprint,COGS,other,,compositional,FALSE,,BERT,transformer,"Two-stage: multiset tagger predicts a multiset of output tokens per input token, then a permutation model arranges tokens via an entropy-regularized linear program (backprop through solver); RoBERTa encoder; variant w/o pretraining uses biLSTM + GloVe",,,,small,,,"COGS (structural splits OS/CP/PP), ATIS (iid + length split: few conjuncts train to longer logical forms), Okapi (length splits in Calendar/Doc/Email domains)",,not_applicable,,,FALSE,,FALSE,FALSE,0.7665,0.0167,5,,,,accuracy,,0.4139,0.1347,5,,,,accuracy,,0.3526,0.0607009,,none,,,,,FALSE,No effect sizes reported; comparisons via accuracy mean and SD over 5 runs,FALSE,,,,,"No representation-level coherence or compositionality proxy; analysis is stage-wise output accuracy (multiset vs permutation), not internal representations",none,,,,FALSE,FALSE,TRUE,5,FALSE,,,none,not_addressed,TRUE,https://github.com/namednil/multiset-perm,FALSE,,FALSE,partial,4,"Directly attacks compositional generalization failure in semantic parsing: structural generalization on COGS (first tree-free model with high accuracy on deeper recursion depth) and length generalization on ATIS/Okapi, attributing errors to multiset vs permutation stages; mechanism-level treatment without tree inductive biases.",1,"No connection to AI alignment, safety, or goal misgeneralization; the work is about semantic parsing compositional generalization only.",FALSE,,,FALSE,,,"Stage-wise breakdown: multiset accuracy (Freq), permutation accuracy (Seq, Seq/Freq); training runtime 2h vs 12h for L'23; outlier run noted on ATIS length (18% accuracy)",EX1,"Main form: ATIS iid (ID) and length split (OOD) with RoBERTa-based model, 5 runs. Screening hint of 10 seeds contradicted by excerpt (5 runs); n_seeds_value corrected to 5. ATIS/Okapi not in task vocabulary; tasks_secondary=other."
S092,P02_0625,Compositional Generalization via Neural-Symbolic Stack Machines,Xinyun Chen; Chen Liang; Adams Wei Yu; Dawn Song; Denny Zhou,2020,http://arxiv.org/abs/2008.06662v2,,2008.06662v2,TRUE,empirical,,conference,SCAN,other,,compositional,FALSE,,NeuralSymbolic,neurosymbolic,"Neural-Symbolic Stack Machine (NeSS): a neural network controller generates traces executed by a symbolic stack machine with SHIFT/REDUCE/PUSH/POP/CONCAT operations, integrated into a sequence-to-sequence framework with a memory module",,,,unspecified,,,"SCAN trained without additional data; compositional MT uses 11,000 English-French pairs (1,000 introduce pseudoword 'daxy'); CFG parsing uses a curriculum of 100-150 samples enumerating grammar constructors",other,not_applicable,standard seq2seq training without execution-trace supervision; curriculum learning in the CFG parsing setting,,FALSE,,TRUE,FALSE,,,5,,,,accuracy,,1.0,,5,,,,accuracy,,,,,none,,,,,FALSE,No effect sizes reported,FALSE,,,,,No representation-level coherence/compositionality proxy measured,none,,,,FALSE,FALSE,TRUE,5,FALSE,,,none,not_addressed,FALSE,,FALSE,,FALSE,low,4,"Directly addresses compositional generalization failure (the sigma-trap) via a neural-symbolic stack machine achieving 100% across four domains (SCAN, few-shot instructions, compositional MT, CFG parsing), including length generalization to inputs 500x longer than training samples.",1,"No connection to AI safety, alignment, or goal misgeneralization; the paper is a compositional generalization method paper with no safety implications discussed.",FALSE,,,FALSE,,,"semantic equivalence accuracy (compositional MT); length generalization on CFG parsing (Test, Test-10, Test-5000)",EX1,"Main-form values = NeSS on SCAN (100% on all splits). Compositional MT measured by semantic equivalence (exact match would be 100% in 2 runs, 62.5% in 3 runs); CFG parsing 100% vs Seq2seq 81.29/0/0 on Test/Test-10/Test-5000; few-shot task vs human 84.3% and Seq2seq 2.5%."
S093,P02_0626,Compositional Generalization for Primitive Substitutions,Yuanpeng Li; Liang Zhao; Jianyu Wang; Joel Hestness,2019,http://arxiv.org/abs/1910.02612v1,,1910.02612v1,FALSE,empirical,,preprint,SCAN,,"SCAN Primitive substitution (Jump, TurnLeft, SCAN-ADJ); few-shot learning (Lake et al. 2019); EN-FR compositional MT",compositional,FALSE,,other,other,"Seq2seq with two representations (one generates attention maps, the other maps attended input words to output symbols) plus primitive and function entropy regularization; baselines: LSTM+Attn, GRU+Attn, pointer networks (Ptr-Bahdanau, Ptr-Loung); code at github.com/yli1/CGPS",,,,unspecified,,,"SCAN Primitive substitution tasks (Jump, TurnLeft, SCAN-ADJ), SCAN Simple/Length, few-shot learning task from Lake et al. 2019, and English-French compositional MT task (Lake and Baroni 2018); in Jump, 'jump' appears only as a single command in training",regularized,not_applicable,,,,,,,,,,,,,,,0.988,0.014,,,,,accuracy,,,,,none,,,,,FALSE,"No effect sizes; improvements reported as baseline vs proposed accuracies (e.g., 14.0% to 98.8% on Jump)",FALSE,,,,,"No representation-level coherence proxy; entropy reduction is a training objective, not a measured coherence metric",attention_patterns,,"Attention map visualization shows each output position attends on the correct primitive input word (including replicated words), consistent with expected compositional parsing; primitive and function entropy regularization both contribute (ablation A-E on Jump/TurnLeft)",,FALSE,TRUE,FALSE,,FALSE,,,none,not_addressed,TRUE,https://github.com/yli1/CGPS,,,,partial,4,"Directly targets compositional generalization failure on SCAN primitive-substitution splits, improving Jump accuracy from 14.0% to 98.8% via dual-representation attention with entropy regularization, with ablations isolating which components drive the compositional gain.",1,"No connection to AI safety, alignment, or goal misgeneralization; the paper is a method paper for compositional generalization in NLP sequence tasks.",,,,,,,Few-shot learning accuracy vs human performance (Lake et al. 2019); machine translation sentence accuracy; ablation study across 5 variants; attention map visualization,EX1,"Main-form ood values = Proposed method on SCAN Jump (98.8% +/- 1.4%). TurnLeft 99.7% +/- 0.4%. ID counterpart (SCAN Simple, same distribution as training) reported around 99.7-100% across methods but not attributed to a single config, so left empty. Seed counts not reported."
S094,P02_0627,Uncontrolled Lexical Exposure Leads to Overestimation of Compositional Generalization in Pretrained Models,Najoung Kim; Tal Linzen; Paul Smolensky,2022,http://arxiv.org/abs/2212.10769v1,,2212.10769v1,FALSE,empirical,,preprint,COGS,,,compositional,FALSE,,T5,transformer,T5-base and T5-small (pretrained) finetuned on modified COGS training sets; context-controlled lexical items replaced by novel character sequences or special tokens with novel embeddings,,,,unspecified,,,"Finetuned on modified COGS training sets (context-controlled lexical items substituted); 300K steps ~398 epochs, no early stopping; exposure examples learned to 100%; batch 32, AdamW, linear scheduling",standard_Adam,not_applicable,,standard_Adam,FALSE,,FALSE,FALSE,0.998,,5,,,,accuracy,,0.323,0.06,5,,,,accuracy,,0.675,,,none,,,,,FALSE,,FALSE,,,,,,none,,,,FALSE,TRUE,TRUE,5,FALSE,,,none,confirmed_yes,FALSE,,FALSE,,FALSE,low,4,"Directly quantifies compositional generalization failure in pretrained T5: under controlled lexical exposure (novel character sequences and novel-embedding tokens) COGS generalization drops from 83% to 6-32%, exposing pretraining-data leakage as the cause of overestimated compositional generalization and demonstrating inverse scaling with pretraining corpus size; central to the sigma-trap diagnosis.",2,"Concerns overestimation of generalization performance in pretrained models due to evaluation leakage, bearing on trustworthy capability assessment of foundation models, but it does not discuss alignment, safety, or goal misgeneralization directly.",FALSE,,,FALSE,,,Auxiliary test sets Test-Lex and Gen (Lex only); exposure-example accuracy; development set accuracy,EX1,"Main = T5-base with randomly initialized novel embeddings (Expt 2). Unmodified COGS baseline Gen = 83.3%, Test-ID ~99.8%; character-sequence setup Gen = 64-69% (range only, Table 1 not included); paper frames ~51pp overestimation; inverse scaling with pretraining corpus size in T5-small."
S095,P02_0628,A Neuroscience-Inspired Dual-Process Model of Compositional Generalization,Alex Noviello; Claas Beger; Jacob Groner; Kevin Ellis; Weinan Sun,2025,http://arxiv.org/abs/2507.18868v3,,2507.18868v3,FALSE,empirical,,preprint,SCAN,,,compositional,FALSE,,NeuralSymbolic,neurosymbolic,"MIRAGE dual-process model: System 1 = meta-trained Transformer Neural Decomposer (single-step compositional decomposition); System 2 = Schema Engine (rule-based, prioritized schemas, episodic bindings); iterative refinement loop; baselines: vanilla Transformer and Transformer+SC_Library prompt",,,,unspecified,,,System 1 meta-trained to perform single-step decomposition on a stream of random grammars; evaluated task-agnostically (zero-shot) on all SCAN splits,meta_learning,not_applicable,,standard_Adam,FALSE,,FALSE,TRUE,0.995,0.003,4,,,,accuracy,,0.9935,0.0041,4,,,,accuracy,,0.0015,0.00254018,,none,,,,,FALSE,,FALSE,,,,,No representation-level coherence proxy measured; the schema library is symbolic and interpretability is discussed qualitatively via stepwise traces,none,,,,FALSE,FALSE,TRUE,4,FALSE,,,none,not_addressed,TRUE,,FALSE,,FALSE,partial,5,"Directly confronts the sigma-trap: systematic compositional generalization failure in deep learning. MIRAGE achieves >99% accuracy on all SCAN splits (including Length, Add prim, Template designed to foil seq2seq models) via a dual-process neuro-inspired architecture, with ablations isolating schema priorities, iterative refinement, and accurate schemas as causes of systematic behavior; offers a processing and interpretability account of why compositional failure occurs and how it can be overcome.",2,"Not an alignment/safety paper, but its externalized, stepwise-verifiable schema traces and cognitive-architecture framing speak to interpretability and transparency concerns that are adjacent to AI safety; no direct treatment of goal misgeneralization.",TRUE,MIRAGE relies on reliable extraction of a consistent grammar; robustness to noisy or incomplete schemas is not yet addressed; evaluation is limited to SCAN.,,TRUE,Extend the schema extractor with probabilistic rule learning and active retrieval for noisy schemas; apply the architecture to more complex reasoning tasks; use its inspectable states to test neuroscientific hypotheses about HPC-PFC interactions during planning.,,,EX1,"Main-form values = MIRAGE on SCAN (Simple treated as ID, Length as representative OOD). Table 1 reports mean +/- SEM over 4 runs. Ablations (prose): removing schema priorities drops accuracy from 99.6% to 71.9%; corrupted schemas collapse to ~0%; single-pass end-to-end mapping fails to generalize."
S096,P02_0629,Compositional generalization in a deep seq2seq model by separating syntax and semantics,Jake Russin; Jason Jo; Randall C. O'Reilly; Yoshua Bengio,2019,http://arxiv.org/abs/1904.09708v3,,1904.09708v3,FALSE,empirical,,preprint,SCAN,,,compositional,FALSE,,other,rnn_family,"Syntactic Attention: seq2seq NMT (Bahdanau attention setup) with separate syntactic and semantic attention heads, inspired by distinct neural systems for syntax and semantics; no hand-engineered features or extra supervision",,,,unspecified,,,"SCAN; add-jump split (jump held out except basic context, up to 32 added jump commands in scaling experiment); template splits: jump around right, primitive right, primitive opposite right, primitive around right",,not_applicable,,,FALSE,,FALSE,FALSE,,,,,,,,,1,0.0001,5,,,,accuracy,,,,,none,,,,,FALSE,No effect size reported; mean accuracies with SDs across random samples,FALSE,,,,,"No representation-level coherence/compositionality proxy measured; attention visualizations are qualitative, not a scalar coherence metric",attention_patterns,,Attention visualizations (Figures 10-15) show the model applies the same syntactic rules learned on other verbs to the novel verb 'jump' on test examples; failure mode occurs when the model fails to attend to the correct sequence of commands,,FALSE,TRUE,TRUE,5,FALSE,,,none,not_addressed,FALSE,,FALSE,,FALSE,low,4,"Directly studies compositional generalization failure on SCAN add-jump and template splits, showing RNN seq2seq models fail catastrophically (12.5%) while the syntax/semantics-separated Syntactic Attention nearly solves it, with attention analyses of the underlying mechanism - squarely a sigma-trap investigation.",1,"No connection to AI alignment, safety, or goal misgeneralization; a cognitive-science-inspired seq2seq architecture paper with no safety discussion.",TRUE,Syntactic Attention fails on Primitive opposite right (10.5%) and Primitive around right (28.9%) template splits where the left-right symmetry is violated; attention mechanism sometimes fails to attend to the correct command sequence,,TRUE,Further research required on whether a model implementing similar principles can perform well on template splits where the symmetry between left and right is violated,,Mean accuracy (%) with SD over 5 random samples; attention weight visualizations,EX1,"Main form = Syntactic Attention on add-jump split with 2 jump examples (text cites 99.997%, Table 4 shows 100.0 +/- 0.01). Intro baselines on standard add-jump: best RNN (GRU+attn) 12.5%, CNN 69.2%. Screening hint of 25 runs contradicted by explicit 5 random samples in excerpt."
S097,P02_0630,Compositional Generalization and Decomposition in Neural Program Synthesis,Kensen Shi; Joey Hong; Manzil Zaheer; Pengcheng Yin; Charles Sutton,2022,http://arxiv.org/abs/2204.03758v1,,2204.03758v1,TRUE,empirical,,workshop,SCAN,other,RobustFill (string transformation program synthesis),compositional,FALSE,,TransformerEncDec,transformer,"Transformer program synthesizers with novel decomposition-inspired attention mechanisms vs natural Transformer baselines; trained on SCAN and RobustFill; zero-shot (SCAN 10k steps, RobustFill 1M steps, batch 128) and few-shot (20 train + 20 test examples, 30 epochs) settings",,,,unspecified,,,"SCAN and RobustFill benchmarks; benchmark suite characterizes axes of compositional generalization (length generalization, novel subroutine combinations, others)",,not_applicable,,,FALSE,,FALSE,FALSE,,,,,,,accuracy,,,,,,,,accuracy,,,,,none,,,,,FALSE,No effect sizes; results only in figures/tables referenced but not reproduced in excerpt,FALSE,,,,,No representation-level coherence proxy measured,none,,,,FALSE,TRUE,TRUE,3,FALSE,,,none,not_addressed,FALSE,,FALSE,,FALSE,low,4,"Directly addresses compositional generalization failure (the sigma-trap) in neural program synthesis: characterizes axes of compositional/OOD generalization (length generalization, novel subroutine combination), introduces a SCAN/RobustFill-based benchmark suite, and proposes decomposition-inspired attention mechanisms, finding modified Transformers beat baselines but tasks remain challenging.",2,"No alignment or safety discussion; indirect relevance via compositional robustness of neural code generators, an adjacent domain to goal misgeneralization.",FALSE,,,FALSE,,,,EX1,No numeric results present in the excerpt (Tables 1-2 and Figures 4-7 referenced but values not reproduced); mean test accuracy over 3 random initializations with 1-SD error bars reported in figures; modified Transformer models generally outperform baselines but tasks remain challenging.
S098,P02_0631,Learning to Recombine and Resample Data for Compositional Generalization,Ekin Akyürek; Afra Feyza Akyürek; Jacob Andreas,2020,http://arxiv.org/abs/2010.03706v6,,2010.03706v6,TRUE,empirical,,conference,SCAN,other,"SIGMORPHON 2018 morphology (Spanish, Swahili, Turkish)",compositional,FALSE,,LSTM,rnn_family,R&R learned data augmentation: prototype-based generative model recombines training examples and resamples generated examples to encourage extrapolation; applied to ordinary neural seq2seq models (Bahdanau et al. 2015 style); VAE variant in Table 6,,,,unspecified,,,"SCAN instruction following and SIGMORPHON 2018 morphology (Spanish, Swahili, Turkish); few-shot setting with 4/8/16 hint examples (past/future tense); R&R learns new constructions from as few as eight initial examples",augmentation,not_applicable,,,TRUE,R&R: recombination of original training examples via a prototype-based generative model plus resampling to encourage extrapolation; GECA used as an augmentation baseline,FALSE,FALSE,,,,,,,exact_match,,0.203,0.035,,,,,exact_match,"F1 (micro) also reported (Tables 6, 8)",,,,none,,,,,FALSE,Paired t-tests quantify differences (see sig_test fields) but no standardized effect size is reported,FALSE,,,,,No representation-level coherence or compositionality proxy is measured,none,,,,FALSE,TRUE,FALSE,,TRUE,t-test,2.56689e-15,none,not_addressed,FALSE,,FALSE,,FALSE,low,4,"Directly addresses compositional generalization failure: vanilla seq2seq models fail on rare/unseen subsequences (e.g., past-tense tags), and R&R's learned recombination and resampling closes part of the OOD gap, enabling few-shot (8-example) learning of new compositions on SCAN and SIGMORPHON.",1,"No connection to AI alignment, safety, or goal misgeneralization; the work targets compositional generalization in NLP via data augmentation.",FALSE,,,FALSE,,,"F1 (micro) accuracy for morphology tasks (Tables 6, 8); qualitative SCAN prediction examples (Table 12)",EX1,"ICLR 2021 conference paper (arXiv 2010.03706v6). SCAN results are in the body of the paper, not the excerpt, so no SCAN numbers extracted. Main-form ood value = Spanish FUT+PST (rare-tag OOD split) with recomb-2+resampling at HINTS=8, exact match 20.3% +/- 3.5%. Paired t-tests reported without Bonferroni correction (p-values down to ~1e-58). 'Several runs' averaged; seed count not stated."
S099,P02_0632,Can Transformers Jump Around Right in Natural Language? Assessing Performance Transfer from SCAN,Rahma Chaabouni; Roberto Dessì; Eugene Kharitonov,2021,http://arxiv.org/abs/2107.01366v2,,2107.01366v2,FALSE,empirical,,preprint,SCAN,other,,compositional,FALSE,,TransformerEncDec,transformer,"Vanilla Transformer with focused modifications: SAG (relative-position attention graph), convolution self-attention, fixed span, T5-style local attention with learned relative-position bias; fairseq setup with encoder/decoder normalize-before; ConvS2S-inspired localization",,,,unspecified,,,"SCAN splits (jump etc.); low-resource FLoRes MT (ne-en, si-en, en-ne, en-si); newly introduced distribution-shifted compositional English-French translation task; noun-adjective order agreement dataset",,not_applicable,,,FALSE,,FALSE,FALSE,,,,,,,,,0.73,0.01,,,,,other,COMP (accuracy-based compositionality metric),,,,none,,,,,FALSE,"No formal effect sizes; relative gains reported (13.1% BLEU low-resource, 14% COMP, 1.44% noun-adjective)",FALSE,,,,,No representation-level coherence/compositionality proxy measured,attention_patterns,,"Softmaxed learned relative-position biases (bij) show many heads strongly prefer fixed local positions; several heads dominantly attend to particular positions; local attention linked to SCAN compositional generalization; some heads retain ability to look beyond span, explaining T5's edge over fixed-span","all encoder/decoder layers, e.g. encoder layer 0 head 7, layer 2 heads 3,7; decoder layer 2 heads 3,4,5",FALSE,TRUE,FALSE,,TRUE,,0.001,none,not_addressed,FALSE,,FALSE,,FALSE,low,4,"Directly investigates compositional generalization on SCAN, shows Transformer variants with localized attention (SAG+T5) jump from near-zero to ~60% SCAN-jump accuracy, and tests whether this capability transfers to low-resource and distribution-shifted MT — a direct empirical probe of when comp-gen competence matters.",1,"No connection to AI safety, alignment, or goal misgeneralization; a transfer/architecture analysis across SCAN and machine translation.",FALSE,,,FALSE,,,BLEU on FLoRes dev-test (ne-en 8.40+/-0.02 vs Transformer 7.94+/-0.05 for SAG+T5; en-ne 5.01+/-0.10 vs 4.43+/-0.01) and on compositional En-Fr (41.43+/-0.29 vs 40.86+/-0.34); sig at p<1e-3 and p<0.05 respectively; noun-adjective SAG +1.44% relative,EX1,"Bold improvements marked statistically significant over Transformer (p<1e-3 on FLoRes, p<0.05 on En-Fr) but test type unspecified; +- = 1 SEM; main-form OOD = SAG+T5 COMP 0.73+/-0.01 on compositional En-Fr; SCAN-jump best model accuracy ~60% (the instance used for attention analysis); BLEU scores kept in other_metrics_reported as they are not 0-1 proportions."
S100,P02_0633,Learning to Generalize Compositionally by Transferring Across Semantic Parsing Tasks,Wang Zhu; Peter Shaw; Tal Linzen; Fei Sha,2021,http://arxiv.org/abs/2111.05013v1,,2111.05013v1,FALSE,empirical,,preprint,GeoQuery,COGS; SCAN,,compositional,FALSE,,T5,transformer,"DUEL algorithm: encoder and task-specific decoder layers trained on different compositional splits during pre-finetuning, then fine-tuned on the target task; encoder-decoder models T5-Base and BERT2SEQ (BERT encoder + seq2seq decoder)",,,,unspecified,,,"Pre-finetuning on compositional splits (CG General, length variants) of COGS/GeoQuery/SCAN used alternately, then fine-tuning on held-out target splits; COGS_VAR variants with disjoint lexicons (1/5/10 variants) for the structural-COGS study",multi_task,not_applicable,,,FALSE,,FALSE,FALSE,,,,,,,exact_match,,0.578,,,,,,exact_match,,,,,none,,,,,FALSE,"No effect sizes reported; comparisons reported as exact-match percentages (e.g., 57.8% GEO TMCD with SCAN cd pre-finetuning vs 56.6% NQG-T5)",FALSE,,,,,"No representation-level coherence proxy measured; the encoder is argued to acquire a transferable inductive bias, but no probing or coherence metric is reported",none,,,,FALSE,FALSE,FALSE,,FALSE,,,none,not_addressed,,,,,,low,4,"Directly addresses compositional generalization failure by transferring a compositional inductive bias across semantic parsing tasks (COGS, GeoQuery, SCAN); DUEL with compositional-split pre-finetuning surpasses the prior hybrid SotA on GeoQuery TMCD with a purely neural model, with ablations characterizing each step.",1,"No connection to AI safety, alignment, or goal misgeneralization; framed purely as improving compositional generalization via transfer learning in semantic parsing.",FALSE,,"No limitations section present in excerpt; COGS structural generalization noted as 'too difficult for purely neural models, even with DUEL'",TRUE,Future research: investigate why same-type compositional pre-finetuning splits yield only minor improvements on COGS structural generalization (4.5% to 5.2%) and develop approaches for extracting a stronger inductive bias.,,Pre-finetuning task accuracy 79.3% on structural generalization portions of COGS_VAR variants; ablation of MERGED vs DUEL pre-finetuning regimes,EX1,"Main-form values = headline result: GEO TMCD target split, T5-Base with SCAN cd pre-finetuning + DUEL, 57.8% (vs 56.6% NQG-T5 SotA). Table 3 (GEO len) cells partially scrambled; only prose-consistent values recorded: NONE baselines 38.6% (T5-Base) and 16.1% (BERT2SEQ), and DUEL-with-SCAN-len values 45.0% (T5-Base, +5.9 over MERGED 39.1%) and 17.7% (BERT2SEQ, +0.9 over 16.8%). COGS cg numbers recorded for structural challenge only."
S101,P02_0634,Compositional generalization in semantic parsing with pretrained transformers,A. Emin Orhan,2021,http://arxiv.org/abs/2109.15101v3,,2109.15101v3,FALSE,empirical,,preprint,SCAN,COGS,,compositional,FALSE,,T5,transformer,"T5-base and T5-3b fine-tuned on SCAN/COGS; pretraining domains varied: C4 (English), non-English corpora (marian), CodeT5 (programming languages), protein sequence modeling (pt5 base/xl)",,,,small,,,"SCAN and COGS, relatively small English datasets; models trained to convergence; average generalization accuracy over splits reported",,not_applicable,,,FALSE,,FALSE,FALSE,,,,,,,accuracy,,0.65,,,,,,accuracy,,,,,none,,,,,FALSE,"No effect sizes; gains quoted as absolute percentage-point improvements (e.g., ~23% and ~73% absolute in SCAN from C4 pretraining)",FALSE,,,,,No representation-level coherence or compositionality proxy; analysis is behavioral (downstream generalization accuracy),none,,,,FALSE,FALSE,FALSE,,FALSE,,,none,not_addressed,FALSE,,FALSE,,FALSE,low,3,"Directly quantifies compositional generalization failure on SCAN and COGS as a function of pretraining domain and model scale, showing pretraining (especially for larger models) narrows the OOD gap, but the study is behavioral with no mechanism, training-dynamics, or representation-level analysis of the sigma-trap.",1,"No connection to AI alignment, safety, or goal misgeneralization; the work is about pretraining transfer for semantic parsing.",FALSE,,,TRUE,"Whether the content-specificity conditions for successful transfer can be delineated; whether pretraining generalization benefits are explainable by content-independent modifications (embedding scale, relative position sensitivity); whether transfer tasks should be more challenging (zero-shot/few-shot) to reveal pretrained knowledge.",,Relative absolute improvements: non-English pretraining ~21% absolute in COGS; protein pt5 base ~11% lower (SCAN) and ~16% lower (COGS) than t5 base scr,EX1,All SCAN/COGS generalization accuracies in text are approximate (~%). Main form = T5-base with C4 pretraining on SCAN (~65%); from-scratch ~43%. No seed counts or per-split numeric tables in excerpt.
S102,P02_0635,CNNs found to jump around more skillfully than RNNs: Compositional generalization in seq2seq convolutional networks,Roberto Dessì; Marco Baroni,2019,http://arxiv.org/abs/1905.08527v1,,1905.08527v1,FALSE,empirical,,preprint,SCAN,,,compositional,FALSE,,other,cnn_family,"Out-of-the-box fairseq convolutional seq2seq: multi-layer CNN encoder-decoder with multi-layer attention; hyperparameter search over learning rate, layer dimensionality (128-512), layer count (6-10), kernel width (3-5), dropout (0-0.5)",,6,512,unspecified,,,"SCAN splits: random (80/20), jump, around-right, length, turn-left; CNN tested on random, jump and around-right (length near 0%, turn-left near-perfect)",,not_applicable,,,FALSE,,FALSE,FALSE,0.9992,,5,,,,accuracy,,0.6067,,5,,,,accuracy,,0.3925,,,none,,,,,FALSE,No effect sizes reported; comparisons are descriptive mean accuracies across seeds,FALSE,,,,,"No representation-level coherence/compositionality proxy measured; error analyses are behavioral, not representational",none,,,,FALSE,TRUE,TRUE,5,FALSE,,,none,not_addressed,FALSE,,FALSE,,FALSE,low,4,"Directly measures compositional generalization failure (the sigma-trap) on SCAN's jump and around-right splits, showing a CNN far outperforms RNNs, and analyzes kernel width, multi-layer attention, and error structure to explain why the CNN still does not induce systematic compositional rules.",1,"No connection to AI safety, alignment, or goal misgeneralization; the paper is an architecture comparison on a compositional generalization benchmark.",TRUE,CNN's learned positional embeddings do not generalize beyond training lengths (length split near 0%); shallow CNNs cannot handle even the random split; self-attentive networks left untested as more cumbersome to train; CNN induces no rule-like systematicity; best LSTM has 1/4 the parameters of the best CNN.,,TRUE,"Future work: investigate which CNN aspects (kernel width, multi-layer attention) are crucial for compositional generalization; formulate a tighter CNN vs LSTM comparison under matched depth and parameter budgets.",,error proportions across command words; output-length error variance under kernel-width variation; attention-layer ablation accuracies,EX1,"Main-form values = best-overall CNN config (LR 0.01, 6 layers, 512 dim, width-5 kernels, 0.25 dropout, 25-token batch): random 99.92%, jump 60.67%, around-right 53.25%, 5 seeds. Random split treated as ID (no systematic train/test difference). Table 2 per-split best CNN: random 100.0 +/-0.0, jump 69.2 +/-8.2, around-right 56.7 +/-10.2."
S103,P02_0636,SUBS: Subtree Substitution for Compositional Semantic Parsing,Jingfeng Yang; Le Zhang; Diyi Yang,2022,http://arxiv.org/abs/2205.01538v1,,2205.01538v1,FALSE,empirical,,preprint,GeoQuery,SCAN,,compositional,FALSE,,TransformerEncDec,transformer,"Seq2seq semantic parsers: LSTM and BART-large; method = subtree substitution data augmentation (exchanging subtrees whose roots share meaning functions, gold and induced tree variants); baselines: no augmentation, SCFG recombination (Jia and Liang 2016), GECA (Andreas 2019); code at github.com/GT-SALT/SUBS",,,,large,519,,"GeoQuery: 519 training examples (50/100/200 in few-shot scaling study); SCAN: 12,180 original + 6,660 subtree-substitution augmented examples; 3,351 of the 4,476 SCAN test examples recovered by substitution (74.87%)",,not_applicable,,,TRUE,subtree substitution data augmentation: exchange subtrees with similar semantic function roots across training examples (gold and induced parse-tree variants),,,,,,,,,,,0.88,,,,,,exact_match,,,,,none,,,,,FALSE,"No effect sizes; improvements reported as absolute accuracy gains (21% LSTM, 3% BART on GeoQuery Query split) and as full accuracies (e.g., 0.88 BART+SUBS)",FALSE,,,,,No representation-level coherence metric; analysis focuses on augmented-data complexity rather than internal representations,none,,,,FALSE,FALSE,FALSE,,FALSE,,,none,suspected,TRUE,https://github.com/GT-SALT/SUBS,,,,partial,4,"Directly attacks compositional generalization failure (the sigma-trap signature) via compositional data augmentation on SCAN and GeoQuery, raising LSTM exact match from 0% to 100% on SCAN RIGHT and reaching new SOTA on GeoQuery compositional split; limited to data-side remedies.",1,"No connection to AI safety, alignment, or goal misgeneralization; the paper is a data augmentation method for semantic parsing benchmarks.",,,,,,,"Augmented-data complexity statistics (avg/max exchanged segment, utterance, program lengths); training-data-size scaling (Table 4); convergence speed (updates to converge)",EX1,"Main-form = BART-large + SUBS on GeoQuery compositional Query split (0.88, from full-519-example column of Table 4). Note: 74.87% of SCAN test examples are recoverable from augmented training data, which the paper reports transparently but does not treat as a leakage concern."
S104,P02_0637,On graph-based reentrancy-free semantic parsing,Alban Petit; Caio Corro,2023,http://arxiv.org/abs/2302.07679v1,,2302.07679v1,TRUE,empirical,,journal,GeoQuery,SCAN,,compositional,FALSE,,NeuralSymbolic,neurosymbolic,"Graph-based span parser: CYK/ILP MAP inference with grammar constraints, constraint smoothing + conditional gradient solver; ~5 sentences/sec on GeoQuery; baselines: seq2seq, BERT2SEQ, BART, span-based SP",,,,unspecified,,,"SCAN, GeoQuery, CLEVR standard splits: IID plus compositional splits (RIGHT, ARIGHT, TEMPLATE, LENGTH, CLOSURE); weakly-supervised latent tag anchoring discussed; dataset sizes not in excerpt",,not_applicable,,,FALSE,,FALSE,FALSE,1.0,,,,,,accuracy,,0.749,,,,,,accuracy,,0.251,,,none,,,,,FALSE,,FALSE,,,,,,none,,,,FALSE,FALSE,FALSE,,FALSE,,,none,not_addressed,TRUE,https://github.com/alban-petit/geoquery-funql-executor,FALSE,,FALSE,partial,4,"Directly targets the sigma-trap: argues seq2seq models fail on compositional generalization splits and proposes a graph-based parser with grammar-constrained decoding that reaches 100% on SCAN generalization and outperforms span-based parsing on GeoQuery/CLEVR, though the length split remains hard; no link to training dynamics or flatness.",1,"No connection to AI alignment, safety, or goal misgeneralization; a semantic parsing methodology paper with complexity proofs and benchmark evaluations.",TRUE,Parser speed is a downside (~5 sentences per second on GeoQuery); accuracy is still significantly worse on the split requiring generalization to longer programs.,,TRUE,Extensions for ASTs containing reentrancies; cases where a single word anchors more than one predicate or entity; more general research on neural architectures that generalize better to longer sentences.,,Exact match accuracy (with and without CPLEX rounding heuristic); denotation accuracy with corrected GeoQuery executor; NP-hardness proofs for MAP inference and latent tag anchoring,EX1,"Table 1 flattening loses row breaks in the our-approach block; only confidently aligned cells reported. Ours: SCAN denotation 100 (ARIGHT), GeoQuery IID 100, GeoQuery LENGTH 74.9 (vs span-based 63.6; could be corrected-executor value). Baselines rows clean. CLEVR (IID/CLOSURE) evaluated but not in task vocabulary; excluded from sub_experiments."
S105,P02_0638,LAGr: Labeling Aligned Graphs for Improving Systematic Generalization in Semantic Parsing,Dora Jambor; Dzmitry Bahdanau,2021,http://arxiv.org/abs/2110.07572v2,,2110.07572v2,FALSE,empirical,,preprint,CFQ,COGS,,compositional,FALSE,,TransformerEnc,transformer,"LAGr graph-labeling parser: predicts node and edge labels for a multi-layer input-aligned graph using a shared Transformer encoder; PED (positional embedding downscaling) init; weakly-supervised variant with approximate MAP alignment via Hungarian matching (K candidates, noise sigma)",,,,unspecified,,,"CFQ MCD1/MCD2/MCD3 splits + random split (used as in-distribution for tuning); COGS train/gen sets. Metric is graph accuracy (predicted vs true graph isomorphism), comparable to exact-match accuracy of prior work",,not_applicable,,,FALSE,,FALSE,FALSE,0.997,0.0,10,,,,accuracy,,0.395,0.032,10,,,,accuracy,,0.602,,,none,,,,,FALSE,,FALSE,,,,,"No representation-level coherence/compositionality proxy; LAGr changes output structure (graph labeling), not internal representations",none,,,,FALSE,TRUE,TRUE,10,FALSE,,,none,not_addressed,FALSE,,FALSE,,FALSE,low,4,"Directly targets compositional generalization failure (the sigma-trap) on COGS and CFQ: LAGr graph-labeling raises CFQ MCD mean from ~18% seq2seq baselines to ~39% and beats all baselines on every MCD split, but does not study training dynamics, flatness, or representation-level schema coherence.",1,"No connection to AI alignment, safety, or goal misgeneralization; a semantic-parsing method paper concerned only with compositional accuracy.",TRUE,Weakly-supervised LAGr does not always converge on the training set; runs not reaching 99.5% training graph accuracy (~12%) were discarded. Duplicate node labels in 3.7-5.7% of CFQ examples complicate alignment inference (fixes 2.7% hard article cases via cached alignment candidate). Lexicons not integrated.,,TRUE,Future work: modify LAGr to condition edge predictions on node labels (based on error analysis); use a pretrained encoder; apply more advanced discrete optimization or amortized inference methods for alignment; lexicons can be integrated though not expected to help on COGS.,,,EX1,"Main-form values = best weakly-supervised LAGr config (K=5, sigma=10) on CFQ: ID=random split 99.7 (sd 0.0), OOD=mean over MCD1 62.8, MCD2 30.3, MCD3 25.4. Excerpt results table garbled; layout confirmed against arXiv source, all numbers present in excerpt. 8-11 runs per split reported; n_seeds recorded as 10. Optimizer not specified in excerpt. COGS results only qualitative in excerpt."
S106,P02_0639,ReCOGS: How Incidental Details of a Logical Form Overshadow an Evaluation of Semantic Interpretation,Zhengxuan Wu; Christopher D. Manning; Christopher Potts,2023,http://arxiv.org/abs/2303.13716v2,,2303.13716v2,FALSE,empirical,,preprint,COGS,,ReCOGS (COGS with semantically redundant LF tokens removed),compositional,FALSE,,TransformerEncDec,transformer,"Encoder-decoder models trained from scratch, no pretraining. LSTM: 2-layer encoder (global attention, dot-product scoring) + 2-layer decoder, hidden 512, ~9M params. Transformer: two 2-layer blocks, 4 attention heads, learnable absolute positional embeddings, hidden 300, ~4M params. Batch 128 (Transformer) / 512 (LSTM); fixed LR 1e-4 (T) / 8e-4 (LSTM); 300 (T) / 200 (LSTM) epochs",,2,300,small,,,"COGS train set with LF token-removal variants: plain COGS LFs and redundant-token removal sets {x _}, {x _ ( )}, {x _ ( ) ,}; no data leakage by design",,not_applicable,,,FALSE,,FALSE,FALSE,,,,,,,,,0.834,,20,,0.828,0.84,accuracy,,,,,none,,,,,FALSE,"No effect size reported; intervention differences across LF variants captured per-sub_experiment (e.g., Transformer Prim->Obj Proper 62.4 -> 81.1 after {x _} removal)",FALSE,,,,,"No representation-level coherence proxy; study manipulates surface LF format, not internal representations",none,,,,TRUE,TRUE,TRUE,20,FALSE,,,none,explicit_no,TRUE,,,,,partial,4,"Directly interrogates compositional generalization failure (the sigma-trap) on COGS: shows apparent failure of LSTMs and Transformers on generalization splits is partly an artifact of semantically irrelevant LF syntax, and proposes ReCOGS to isolate genuine semantic compositionality; no connection to training dynamics or flatness.",2,"Only indirect relevance: reliable compositional generalization is a precondition for safe/OOD generalization, but the paper is a benchmark-critique study with no engagement with alignment, safety, or goal misgeneralization.",FALSE,,,FALSE,,,,EX1,"arXiv-only preprint. Main-form values = Transformer with full redundant-token removal set ({x _ ( ) ,}, i.e. ReCOGS LFs) on the Overall mean of COGS lexical generalization splits, 20 seeds, bootstrapped 95% CI. Optimizer not named in excerpt (train_regime left empty). Per-intervention Overall values in sub_experiments; plain COGS LFs = baseline variants."
S107,P02_0640,ReaSCAN: Compositional Reasoning in Language Grounding,Zhengxuan Wu; Elisa Kreiss; Desmond C. Ong; Christopher Potts,2021,http://arxiv.org/abs/2109.08994v1,,2109.08994v1,TRUE,dataset_benchmark,,conference,gSCAN,SCAN,"ReaSCAN (grounded navigation, built on gSCAN)",compositional,FALSE,,GCN,gnn,Two models: M-LSTM (multi-modal LSTM baseline) and GCN-LSTM (graph convolutional network + LSTM); both described as LSTM-based seq2seq models,,,,unspecified,,,"ReaSCAN splits (A novel modifiers, B novel co-occurrences, C novel phrase structures); B2 training includes 58,863 unique examples of 'inside of' co-occurring with other relations",,not_applicable,,,FALSE,,FALSE,FALSE,,,,,,,accuracy,,,,,,,,accuracy,,,,,none,,,,,FALSE,"Only relative accuracy drops reported (C1: 37.15%/42.39%; C2: 67.43%/77.70%), no absolute accuracies or effect sizes in excerpt",FALSE,,,,,No representation-level coherence proxy; excerpt only speculates qualitatively about GCN relational embeddings,none,,,,FALSE,FALSE,,,FALSE,,,none,not_addressed,,,,,,low,4,"Directly quantifies compositional generalization failure in grounded language understanding via controlled splits (novel attribute modifiers, novel concept co-occurrences, novel phrase structures), showing catastrophic drops up to 77.7% and that gSCAN overestimates compositional capability, though it does not address training dynamics or schema coherence.",1,"No connection to AI safety, alignment, or goal misgeneralization; purely a benchmark construction and evaluation paper.",TRUE,ReaSCAN's controlled command space is far from the full complexity of natural language; only grid-world grounded navigation is covered.,,TRUE,Extend ReaSCAN with interpreted naturalistic English commands; GCN-LSTM failure on novel relations suggests further study of relational embedding mechanisms.,,,EX1,Absolute accuracies in Table 3 not present in excerpt; only relative drops are reported. Screening hint of 3 seeds not confirmable from excerpt. Archs per prefill hint (Transformer) contradicted: both models are LSTM-based; used GCN for GCN-LSTM.
S108,P02_0642,Compositional Semantic Parsing with Large Language Models,Andrew Drozdov; Nathanael Schärli; Ekin Akyürek; Nathan Scales; Xinying Song; Xinyun Chen; Olivier Bousquet; Denny Zhou,2022,http://arxiv.org/abs/2209.15003v2,,2209.15003v2,FALSE,empirical,,preprint,CFQ,SCAN; COGS,,compositional,FALSE,,TransformerDec,transformer,Large pretrained language models (LLMs) prompted via dynamic least-to-most prompting; tree-structured syntactic decomposition selects exemplars and sequentially generates the semantic parse,,,,large,,,CFQ: prompting uses ~1% of the training data used by traditional finetuning approaches; absolute counts not given in excerpt,other,not_applicable,prompting; dynamic least-to-most prompting with no finetuning of the LLM,,FALSE,,FALSE,FALSE,,,,,,,,,,,,,,,,,,,,none,,,,,FALSE,,FALSE,,,,,,none,,,,,,,,,,,none,not_addressed,,,,,,low,4,"Directly addresses compositional generalization failure (the sigma-trap) in neural semantic parsing: argues standard transformers and RNNs fail to generalize compositionally and shows LLM-based dynamic least-to-most prompting sets new SOTA on CFQ with only 1% of training data, making the paper a direct intervention on OOD compositional failure.",2,"Indirect relevance to alignment via LLM reliability and compositional capability at scale, but the paper does not discuss safety, goal misgeneralization, or alignment mechanisms.",,,,,,,,EX1,"arXiv preprint 2209.15003; LLM prompting study. Excerpt contains abstract, intro, and prompt-construction appendix only, no quantitative results section, so all numeric fields are empty. The 99.7% SCAN figure is a citation of prior least-to-most prompting work (Zhou et al., 2022), not this study's result."
S109,P02_0643,A Benchmark for Systematic Generalization in Grounded Language Understanding,Laura Ruis; Jacob Andreas; Marco Baroni; Diane Bouchacourt; Brenden M. Lake,2020,http://arxiv.org/abs/2003.05161v2,,2003.05161v2,TRUE,dataset_benchmark,,conference,gSCAN,,,compositional,FALSE,,LSTM,rnn_family,"Baseline: seq2seq with biLSTM command encoder, CNN state encoder, LSTM decoder with double attention; GECA compositional method as comparison",,,,unspecified,,,"gSCAN grid-world grounded language task; splits A-I covering novel compositions, relativity, adverbs, length",standard_Adam,not_applicable,,standard_Adam,FALSE,,FALSE,FALSE,0.9769,0.0022,3,,,,accuracy,exact match accuracy,0.3502,0.0235,3,,,,accuracy,exact match accuracy,0.6267,0.0136271,,none,,,,,FALSE,Benchmark paper; per-split accuracy in sub_experiments,FALSE,,,,,No representation-level coherence proxy,attention_patterns,,"Attention analysis shows model fails to attend correctly to target when compositionality required (e.g., 'red squares' split), consistent with systematic generalization failure",,FALSE,TRUE,TRUE,3,FALSE,,,none,not_addressed,TRUE,https://github.com/LauraRuis/groundedSCAN,TRUE,https://github.com/LauraRuis/groundedSCAN,FALSE,medium,3,"Introduces a benchmark that directly measures compositional (systematic) generalization failure in grounded language understanding across multiple OOD split types; measures a central sigma-trap component but does not connect to training dynamics, flatness, or schema coherence.",1,No connection to AI safety or alignment; grounded language benchmark only.,TRUE,Authors note the benchmark covers a subset of systematic generalization (grounded language in a synthetic grid world); agent receives symbolic world representation rather than raw images.,,TRUE,"Whether models with stronger compositional inductive biases (e.g., GECA) generalize better on relational splits; extension to richer visual input.",,,EX1,"Main-form values = Baseline model on split E (Relativity, representative mid-level OOD); ID = split A (Random). Per-split values in sub_experiments (Baseline model)."
S110,P02_0647,Compositional generalization through meta sequence-to-sequence learning,Brenden M. Lake,2019,http://arxiv.org/abs/1906.05381v2,,1906.05381v2,TRUE,empirical,,conference,SCAN,,,compositional,FALSE,,LSTM,rnn_family,"Memory-augmented seq2seq (LSTM encoder-decoder + external memory + decoder attention; 'seq2seq recurrent' per excerpt); baselines: standard seq2seq RNN, syntactic-attention Transformer",,,,unspecified,,,"SCAN; meta-training on episodes of 4 primitives sampled from 24 (plus direction variants in Exp 4.5); seq2seq training augmented with 20 extra primitive/action pairs; length split trains on ~17,000 instructions (<=22 actions)",meta_learning,not_applicable,,,FALSE,,FALSE,TRUE,,,,,,,,,0.9871,0.0149,5,,,,accuracy,,,,,none,,,,,FALSE,No effect size reported; raw accuracies with SD across 5 runs,FALSE,,,,,No representation-level coherence proxy; external memory usage is analyzed only via lesion ablations of support loss and decoder attention,none,,,,FALSE,FALSE,TRUE,5,TRUE,,,none,not_addressed,,,,,,low,4,"Directly studies the sigma-trap: standard seq2seq models fail catastrophically on SCAN compositional splits (12.26% on the jump split), and meta seq2seq learning with memory augmentation restores near-perfect compositional accuracy, while length split still shows systematic generalization failure.",1,"No connection to AI safety, alignment, or goal misgeneralization; a purely cognitive-science-driven machine learning study of compositional learning.",TRUE,Meta seq2seq learner lacks the truly systematic generalization needed to extrapolate to longer sequences (16.64% on the length split); standard seq2seq still fails on compositional splits.,,FALSE,,,,EX1,"Main-form values = Exp 4.4 meta seq2seq learner on SCAN jump-compositional test split (98.71%, SD 1.49, 5 runs). ID accuracy not reported in excerpt; only '>99% accuracy during training' for standard seq2seq. arXiv:1906.05381 (NeurIPS 2019)."
S111,P02_0648,Inducing Transformer's Compositional Generalization Ability via Auxiliary Sequence Prediction Tasks,Yichen Jiang; Mohit Bansal,2021,http://arxiv.org/abs/2109.15256v1,,2109.15256v1,FALSE,empirical,,preprint,SCAN,gSCAN,,compositional,FALSE,,TransformerEncDec,transformer,CGPS-Transformer: encoder-decoder Transformer with dual functional/syntactic + primitive/semantic embeddings and two auxiliary sequence prediction heads; decoder has 2 layers (L1/L2 vector ablations),,2,,unspecified,,,SCAN MCD splits (Keyers-style compound divergence). Few-shot variants: 418 (5%) and 836 (10%) of ground-truth auxiliary sequences; full command-action pairs = 8360 (~7947 extra beyond 418). No total train count stated for main runs,,not_applicable,,,FALSE,,FALSE,FALSE,,,,,,,,,,,,,,,accuracy,,,,,none,,,,,FALSE,"No effect sizes reported in excerpt; SCAN MCD has no ID split, so no gap computable",FALSE,,,,,"No representation-level coherence proxy; auxiliary sequences are data-side supervision, not a measured internal-coherence metric",other,,Ablation of attention query vectors: using less-contextualized representations (decoder layer-1 intermediate/output vectors) as attention queries consistently beats final (L2) output vectors on MCD3; action-sequence accuracy tracks auxiliary-sequence prediction accuracy,1,FALSE,FALSE,TRUE,5,FALSE,,,none,not_addressed,TRUE,https://github.com/jiangycTarheel/compositional-auxseq,FALSE,,FALSE,partial,4,"Directly targets compositional generalization failure (sigma-trap): turns Transformer performance on SCAN from <=10% to 100% via auxiliary sequence supervision, shows compositionality is inducible with minimal data, and dissects which internal vectors preserve compositional structure; but does not analyze training dynamics, loss landscape, or alignment failure mechanisms.",1,"No connection to AI alignment, safety, or goal misgeneralization; purely a language-model compositionality induction and architecture analysis paper.",TRUE,"Method developed on synthetic SCAN; unclear transfer to large-scale natural datasets; applying auxiliary sequences to natural language requires designing a heuristic to approximate the underlying grammar, which is infeasible in general.",,TRUE,Whether/how a neural network can recognize compositionality in language as a first step in simpler settings; possibility of using small numbers of human-annotated auxiliary sequences to improve performance on large-scale natural datasets where automatic generation is infeasible.,,,EX1,"arXiv 2109.15256v1, preprint (EMNLP 2021 submission not evidenced in excerpt). Top-level ood_acc left empty because headline '<=10% to 100%' spans multiple splits; per-setting values in sub_experiments. Table 6 (MCD3) reports dev accuracy. n_seeds=5 from prefill hints; not restated in excerpt. id accuracies empty: SCAN MCD has no ID split."
S112,P02_0649,Laziness Is a Virtue When It Comes to Compositionality in Neural Semantic Parsing,Maxwell Crouse; Pavan Kapanipathi; Subhajit Chaudhury; Tahira Naseem; Ramon Astudillo; Achille Fokoue; Tim Klinger,2023,http://arxiv.org/abs/2305.04346v1,,2305.04346v1,FALSE,empirical,,preprint,CFQ,GeoQuery,,compositional,TRUE,maximum compound divergence (MCD),T5,transformer,"LSP (Lazy Semantic Parser): bottom-up, semi-autoregressive decoding built on pretrained T5-base, reusing the full language model; LSTM-encoder variant with random embeddings used for the GeoQuery experiment",,,,unspecified,,,"CFQ (MCD1-3 splits), three Text-to-SQL datasets (ATIS, GeoQuery, Scholar) of Finegan-Dollak et al. 2018, and GeoQuery lambda-calculus; training set sizes not stated in excerpt",,not_applicable,,,FALSE,,,,,,,,,,,,0.887,,,,,,exact_match,,,,,none,,,,,FALSE,,FALSE,,,,,No representation-level coherence proxy measured,none,,,,FALSE,FALSE,FALSE,,FALSE,,,none,not_addressed,,,,,,low,4,"Directly targets compositional generalization failure on the CFQ MCD splits and three Text-to-SQL benchmarks, attributing the failure to top-down autoregressive decoding and showing a bottom-up semi-autoregressive parser (LSP) significantly outperforms T5-base and LSTM, mitigating the sigma-trap at the decoding level without data augmentation.",1,"No connection to AI safety, alignment, or goal misgeneralization; purely a semantic-parsing architecture and decoding strategy paper.",TRUE,"Unordered n-ary relations (e.g., WHERE, and) can yield many valid logical forms per question, causing significant runtime issues; the method assumes the logical form is given as a graph, imposing an annotation burden absent in text-to-text systems such as fine-tuned LLMs.",,FALSE,,,,EX1,"Main-form OOD accuracy = CFQ MCD1 (88.7, LSP+T5-base); MCD2/MCD3 and Text-to-SQL results in sub_experiments. ATIS and Scholar not in task vocabulary; used 'other'. Optimizer, seeds, and training details not reported in excerpt."
S113,P02_0651,Early-Warning Signals of Grokking via Loss-Landscape Geometry,Yongzhong Xu,2026,http://arxiv.org/abs/2602.16967v3,,2602.16967v3,FALSE,empirical,,preprint,SCAN,custom,Dyck-1 language depth prediction,,FALSE,,TransformerEncDec,transformer,Transformer encoder-decoder (SCAN); weight-decay grokking runs (lambda=1.0) vs no-weight-decay controls (lambda=0),,,,unspecified,,,Grokking regime on small datasets: SCAN compositional splits and Dyck-1 depth prediction,,not_applicable,,other,FALSE,,FALSE,FALSE,,,,,,,,,,,,,,,,,,,,none,,,,,FALSE,"No formal effect sizes; causal interventions accelerate grokking ~32% (SCAN) and ~50% (Dyck), reported as percentage changes in grokking time",FALSE,,,,,"No representation-coherence proxy; analysis is of weight-space geometry (loss-landscape curvature, PCA of weight trajectories), not data representations",PCA,,PC1 de-concentration precedes grokking in Dyck but follows it in SCAN; spectral concentration (PC1 70-90%) specific to grokking runs vs diffuse 15-30% in no-weight-decay controls; attention projections show 70-85% PC1 concentration vs 40-60% for MLP weights,"deepest layer; attention projections (WQ,WK,WV,WO) vs MLP weights",FALSE,FALSE,TRUE,3,TRUE,other,1e-06,none,not_addressed,FALSE,,FALSE,,FALSE,low,3,"Directly probes the dynamics of generalization on the SCAN compositional benchmark: grokking transitions (memorization to generalization) can be anticipated via loss-landscape curvature, so it speaks to when compositional generalization emerges, but it does not measure OOD gaps or generalization failure.",2,"Abrupt, hard-to-predict generalization transitions bear on deployment-time behavior and the commutator-defect early warning is a candidate monitoring signal, but the paper makes no explicit alignment or safety claims.",,,,,,,"Grok step, defect onset step, lead time and lead fraction, power-law exponents with R2, PC1 variance ratios, z-scores vs random-walk null, exec/random integrability ratios, intervention acceleration (32%/50%)",EX1,"arXiv preprint (2026); no mean ID/OOD accuracies reported - analysis focuses on grokking timing and loss-landscape geometry; seeds {42, 137, 2024} (3 seeds) | sig p reported as <1e-6 (stored as bound)"
S114,P02_0654,A Compositional Framework for Open-ended Intelligence,Ida Momennejad; Roberta Raileanu,2026,http://arxiv.org/abs/2606.15386v2,,2606.15386v2,FALSE,theoretical,,preprint,,,,,FALSE,,,,,,,,,,,,,not_applicable,,,FALSE,,FALSE,FALSE,,,,,,,,,,,,,,,,,,,,none,,,,,FALSE,No quantitative results reported; no experiments or evaluation in the excerpt.,FALSE,,,,,No representation-level coherence/compositionality proxy measured; latent primitives discussed only conceptually.,none,,,,FALSE,FALSE,FALSE,,FALSE,,,none,not_addressed,FALSE,,FALSE,,FALSE,low,4,"Framework is centrally about compositional generalization: defines compositional closure L(P,C) over primitives and operators as the mechanism for transfer across novel task families and proposes the NPP objective plus curriculum/selfplay to make compositional generalization native, directly addressing why non-compositional systems fail OOD, though no empirical failure measurements are reported.",2,"Frames open-endedness as required for superhuman intelligence/ASI and surveys ASI-relevant systems (e.g., Hughes et al. open-endedness for ASI), touching capability-growth debates relevant to long-term alignment, but never addresses value alignment, safety, or goal misgeneralization.",,,,TRUE,"Proposes complementary research agendas: evaluation metrics for explanation and interpretability, and novel architectures where compositional generalization is native; curriculum learning and selfplay are proposed to expand the closure by discovering reusable primitives and transition motifs across settings.",,,EX1,arXiv preprint (2606.15386v2); theoretical/position paper formalizing open-ended intelligence as compositional closure over primitives and proposing next primitive prediction (NPP). No experiments or quantitative results in the excerpt; all numeric fields left empty; no sub-experiments emitted.
S115,P02_0657,Sequence-Level Mixed Sample Data Augmentation,Demi Guo; Yoon Kim; Alexander M. Rush,2020,http://arxiv.org/abs/2011.09039v1,,2011.09039v1,FALSE,empirical,,preprint,SCAN,GeoQuery; other,"Also neural machine translation (IWSLT de-en/en-de/en-it, WMT en-es)",compositional,FALSE,,LSTM,rnn_family,"One-layer LSTM encoder-decoder, hidden size 512, embedding 64 for SCAN and GeoQuery (following Andreas 2020, plus copy mechanism for GeoQuery); Transformer baselines for MT",,1,512,small,,,"SCAN splits (jump, around-right, turn-left); GeoQuery SQL queries subset has 880 English question-SQL pairs",,not_applicable,,,TRUE,"SeqMix sequence-level mixed-sample soft interpolation; compared against WordDrop, SwitchOut, GECA (Andreas 2020)",FALSE,FALSE,,,,,,,,,,,,,,,accuracy,,,,,none,,,,,FALSE,No effect sizes reported; point estimates per split and condition only,FALSE,,,,,No representation-level coherence or compositionality proxy measured,none,,,,FALSE,FALSE,FALSE,,FALSE,,,none,not_addressed,,,,,,low,4,"Directly targets compositional generalization failure on SCAN, the canonical sigma-trap diagnostic: SeqMix recovers jump split from 0% to 49% and turn-left from 49% to 99% but fails on around-right; no training-dynamics, flatness, or representation-level theory of the failure is offered.",1,"No connection to AI safety, alignment, or goal misgeneralization; purely an empirical data augmentation paper for sequence-to-sequence models.",TRUE,"SeqMix fails on the SCAN around-right split (model must combine 'around' with 'right' though unseen together in training) and does not outperform GECA (Andreas, 2020) on its own; authors call it a crude approximation to compositional phenomena",,TRUE,"The unified framework over data augmentation strategies naturally suggests future research avenues, e.g., a relaxed variant of GECA",,BLEU on IWSLT de-en/en-de/en-it and WMT en-es (about 1.0 BLEU gain for SeqMix); accuracy on GeoQuery SQL query/question splits,EX1,"arXiv preprint (Nov 2020). SCAN accuracies are per-split compositional OOD results reported as single point estimates without variance or seed counts; no ID accuracy reported; MT results use BLEU, not accuracy, so main-form numeric fields left empty"
S116,P02_0667,Does Data Scaling Lead to Visual Compositional Generalization?,Arnas Uselis; Andrea Dittadi; Seong Joon Oh,2025,http://arxiv.org/abs/2507.07102v1,,2507.07102v1,FALSE,empirical,,preprint,custom,MNIST,"Controlled concept-combination benchmarks: PUG Shapes3D, dSprites, FunnySprites (introduced), Colored-MNIST, MPI3D",compositional,TRUE,combination coverage (% observed concept combinations),ResNet,cnn_family,"ResNet-50 trained from scratch as primary baseline; comparisons with ViT (patch 8/16, depth 4-8, width 384-512, heads 8/12, MLP 384-512); pretrained DINOv2 ViT-L, DINOv1 ResNet-50, DINO ViT-L, CLIP ViT-L; linear and 2-layer MLP [512,512] probes",,,,medium,60000,,"Controlled concept-combination datasets with two concept dimensions (e.g., shape x color); training samples typically 60k (Table 2: 60x10^3), one ViT run at 120k; combination coverage varied 25-100%",,not_applicable,,,FALSE,,FALSE,FALSE,0.997,,,,,,accuracy,,0.951,,,,,,accuracy,,0.046,,,none,,,,,FALSE,,TRUE,linear_probe_acc,,0.86,0.79,Core thesis: linearly factored representations (concepts as additive components) enable compositional generalization; linear probe accuracy on FSprites at 93% observed combinations: intervention DINO ViT-Large 0.86 (linear) vs baseline ResNet-50 ImageNet 0.79 (linear); non-linear probes higher for DINO models,probing,,"Linear probes show partial linearly-factored structure; non-linear (2-layer MLP) probes exceed linear for DINO ResNet-50/ViT-Large, indicating some compositional info not linearly accessible; ResNet-50 and CLIP ViT-L are more linearly separable for the evaluated concepts",,FALSE,FALSE,FALSE,,FALSE,,,none,not_addressed,TRUE,https://github.com/oshapio/visual-compositional-generalization,FALSE,,FALSE,partial,5,"Central to the sigma-trap thesis: shows vision models fail compositional generalization under sparse concept combinations and memorize frequent pairs, demonstrates OOD generalization is driven by combination diversity rather than data scale, and identifies linearly factored representations as the structure enabling efficient compositional learning - directly linking schema coherence to compositional OOD performance.",1,"No connection to AI alignment, safety, or goal misgeneralization; concerns vision-model compositional accuracy and dataset design only.",FALSE,,,TRUE,"Motivates stronger emphasis on constructing diverse datasets for compositional generalization and on representational structure that enables efficient compositional learning; notes partial presence of factored structure in pretrained models (DINO, CLIP) warranting further study.",,"linear and non-linear (2-layer MLP [512,512]) probe accuracies on FSprites",EX1,"Multi-dataset controlled study (PUG Shapes3D, dSprites, FunnySprites, Colored-MNIST, MPI3D). Key finding: OOD compositional generalization improves with data diversity (combination coverage, number of classes), not data quantity; MPI3D object-shape generalization especially hard. Main-form values = ResNet-50 from scratch on CMNIST at 80% combinations; ID accuracy 99.7% for both ResNet-50 and ViT."
S117,P02_0668,Towards Robust Out-of-Distribution Generalization Bounds via Sharpness,Yingtian Zou; Kenji Kawaguchi; Yingnan Liu; Jiashuo Liu; Mong-Li Lee; Wynne Hsu,2024,http://arxiv.org/abs/2403.06392v1,,2403.06392v1,TRUE,theoretical,,conference,WILDS,PACS,,domain_shift,FALSE,,MLP,mlp,"Theory built on two-layer ReLU random-feature models f(w,A,x)=(1/sqrt(m)) sum w_i sigma(x,a_i) with m hidden units and random features on the unit sphere; experiments on deep-learning ERM classifiers for WILDS-Camelyon17 and PACS; sharpness computed via Hessian of last FC layer; experiment backbone architectures not named in excerpt",,,,unspecified,,,"WILDS-Camelyon17: 455,954 tumor/normal tissue slide images from 5 hospitals, one hospital assigned as test environment. PACS: 9,991 images of 7 objects in 4 styles (art painting, cartoon, photo, sketch), each environment used as test in turn (Gulrajani & Lopez-Paz setup)",,not_applicable,,,FALSE,,FALSE,FALSE,,,,,,,,,,,,,,,,,,,,none,,,,,FALSE,"No numeric accuracy or effect sizes in excerpt; sharpness-OOD accuracy relationship reported only via scatter figures (Figures 3, 5, 6)",FALSE,,,,,"No representation-level coherence proxy; the paper analyzes loss-landscape sharpness (Hessian of last FC layer) vs OOD accuracy, not internal representation coherence",none,,,,FALSE,FALSE,TRUE,60,FALSE,,,none,not_addressed,,,,,,low,4,"Rigorously connects sharpness/flatness of learned minima to OOD generalization via robustness-based bounds, directly supporting the sigma-trap thesis that optimization flatness governs OOD/compositional generalization; empirical sharpness-OOD accuracy correlation on WILDS-Camelyon17 and PACS, though no compositional/parse tasks.",1,"No engagement with AI safety, alignment, or goal misgeneralization; a theory paper on worst-case OOD generalization and sharpness, at most a distant prerequisite for alignment.",FALSE,,,FALSE,,,,EX1,"ICLR 2024 (arXiv:2403.06392). Primary contribution is theoretical OOD generalization bounds; experiments show correlation between Hessian-based sharpness (last FC layer) and OOD accuracy via figures only, no numeric results in excerpt. n_seeds_value=60 = PACS ERM models per test environment; WILDS-Camelyon17 used 18 ERM models; prefill hint of 6 seeds is contradicted by the excerpt."
S118,P02_0669,Aggregation Hides Out-of-Distribution Generalization Failures from Spurious Correlations,Olawale Salaudeen; Haoran Zhang; Kumail Alhamoud; Sara Beery; Marzyeh Ghassemi,2025,http://arxiv.org/abs/2510.24884v1,,2510.24884v1,FALSE,empirical,,preprint,custom,PACS; VLCS; TerraIncognita; Camelyon17; CivilComments,"Domain generalization benchmarks: PACS, VLCS, TerraIncognita, WILDS Camelyon17/CivilComments, ChestX-ray",domain_shift,FALSE,,,,,,,,unspecified,,,"Standard ID/OOD domain splits from DomainBed (Gulrajani & Lopez-Paz 2020) and WILDS (Koh et al. 2021); e.g., TerraIncognita ID=L100/L38/L43, OOD=L46",,not_applicable,,,FALSE,,FALSE,FALSE,,,,,,,accuracy,,,,,,,,accuracy,,,,,none,,,,,FALSE,"No effect sizes on accuracy; paper reports Pearson R(ID,OOD) correlations (e.g., TerraIncognita full OOD set 0.89 vs OODSelect subset -0.77) with Fisher z confidence intervals",FALSE,,,,,No representation-level coherence proxy measured,none,,,,TRUE,TRUE,,,FALSE,,,none,not_addressed,TRUE,,TRUE,,FALSE,medium,4,"Directly addresses OOD generalization failure: shows that aggregating heterogeneous OOD examples masks systematic failures (AoTIL subsets where higher ID accuracy predicts lower OOD accuracy), implying benchmarks underestimate spurious-correlation failures; does not address compositional generalization or training dynamics.",2,"Failure modes hidden by aggregation are relevant to robust deployment of models, but the paper does not discuss AI alignment, safety, or goal misgeneralization.",,,,,,,"Pearson R(ID,OOD) correlations per model set; Fisher z confidence intervals; OODSelect subset sizes (Table 1: e.g., 55000/75% ChestXrays, 250/6% PACS, 800/30% VLCS, 1500/25% TerraIncognita, 35000/25% Camelyon-H4, 60000/40% Camelyon-H5, 25000/50% CivilComments)",EX1,"Excerpt truncated at results section; no absolute ID/OOD accuracies appear in the excerpt, only ID-OOD accuracy correlations. Models described only as 'N diverse models' (N=710-4200 per dataset), architectures not named; prefill hint architectures not confirmable. Table 1 reports # models per dataset (1800, 2804, 4200, 2980, 944, 944, 710)."
S119,P02_0673,Learning to Think in Physics: Breaking Shortcut Learning in Scientific Diffusion via Representation Alignment,Haozhe Jia; Pengyu Yin; Wenshuo Chen; Shaofeng Liang; Lei Wang; Bowen Tian; Xiucheng Wang; Nanqian Jia; Yutao Yue,2026,http://arxiv.org/abs/2605.20780v1,,2605.20780v1,FALSE,empirical,,preprint,custom,,"PDE generation: Darcy flow, topology optimization, electrostatic potential, turbulent channel flow",covariate_shift,FALSE,,Diffusion,diffusion,Physics-informed diffusion model (REPA-P) on U-Net and Diffusion Transformer (DiT) backbones; lightweight 1x1 projection heads decode hidden activations to physical states with PDE residual losses during training,,,128,unspecified,,,"Four PDE tasks (Darcy flow, topology optimization, electrostatic potential, turbulent channel flow); Darcy training runs 120K iterations; no dataset sizes in excerpt",regularized,not_applicable,,,FALSE,,FALSE,FALSE,,,,,,,,,,,,,,,,,,,,none,,,,,FALSE,"Metrics are physics residuals, data losses, PSNR, and compliance errors (lower-is-better); no accuracy-style effect sizes reported",TRUE,other,physical decodability (1x1 projection heads decode hidden activations to PDE state variables),,,REPA-P aligns intermediate diffusion features with physical states via projection heads and PDE residual losses; Figure 5 shows 47%-100% physics residual reduction across U-Net layers vs output-only physics loss,probing,,"Intermediate features are decodable to physical quantities (Physical Decodability); bottleneck alignment best, 47%-100% physics residual reduction vs output-only alignment; heads discarded at inference with zero overhead",encoder/bottleneck/decoder positions ablated; bottleneck best,FALSE,TRUE,TRUE,3,,,,none,not_addressed,TRUE,https://github.com/Hxxxz0/REPA-P,,,,partial,3,"Addresses OOD generalization failure (shortcut learning under shifted boundary conditions) in scientific diffusion models via intermediate representation alignment, targeting the memorization-vs-understanding failure mode behind the sigma-trap, though the domain is PDE generation rather than compositional language or vision benchmarks.",1,"No connection to AI alignment, safety, or goal misgeneralization; the focus is robustness and physical consistency of scientific generative models.",,,,,,,U-Net turbulence reconstruction PSNR 37.64->39.95 dB (REPA-P bottleneck); DiT PSNR 38.16->39.65; DiT Darcy data loss -57.64% and physics loss -25.73% vs PIDM; charge physics loss -66.4%; OOD robustness (unseen boundary conditions) improved up to 49.3%; compliance error reduced under ID and OOD boundary conditions,EX1,"arXiv preprint 2605.20780. All reported metrics are losses/residuals/PSNR/CE%, not accuracies, so accuracy fields are left empty; relative improvements (%, dB) cannot be converted to proportions without base data. Figure 4 shaded regions = std over 3 runs. CoCoGen is a baseline method, not the evaluation task."
S120,P02_0678,"Sharp analysis of out-of-distribution error for ""importance-weighted"" estimators in the overparameterized regime",Kuo-Wei Lai; Vidya Muthukumar,2024,http://arxiv.org/abs/2405.06546v1,,2405.06546v1,FALSE,theoretical,,preprint,custom,,Binary classification on overparameterized Gaussian Mixture Model with spurious feature,covariate_shift,FALSE,,other,other,"Overparameterized linear model, cost-sensitive minimum-norm interpolation (cMNI) with importance weights; ridge-estimator closed form; theoretical analysis",,,,unspecified,200,,"Synthetic Gaussian mixture model with spurious feature; simulations fix d=10^5, n=200, n-=10 (minority group heavily under-represented)",other,not_applicable,cost-sensitive minimum-norm interpolation (importance-weighted ridge),,FALSE,,FALSE,FALSE,,,,,,,accuracy,,,,,,,,accuracy,,,,,none,,,,,FALSE,Results are asymptotic rates and error curves; no numeric accuracies or effect sizes reported,FALSE,,,,,No representation-level coherence proxy; analysis is on generalization-error rates,none,,,,FALSE,TRUE,TRUE,10,FALSE,,,none,not_addressed,,,,,,low,3,"Provides sharp matching upper and lower bounds on worst-group OOD error for overparameterized interpolating estimators under spurious-correlation shift, and unveils an average-accuracy versus worst-group robustness tradeoff, but targets covariate shift rather than compositional generalization.",1,"No connection to AI safety, alignment, or goal misgeneralization; a pure statistical learning theory analysis on a synthetic Gaussian mixture setting.",TRUE,"The exact impact of the ridge parameter tau on bound constants is not formally investigated (footnote 3); results are proven for a specific Gaussian mixture with spurious feature, with simulations only as illustration.",,FALSE,,,,EX1,"Theory paper (arXiv:2405.06546, 2024; short version presented at IEEE ISIT 2024). No numeric accuracy values in excerpt; groupwise errors reported as vanishing conditions (rate bounds) and error curves in Figure 2. Prefill hint 'Math/MW; OOD-CV' benchmarks contradicted by excerpt (synthetic GMM)."
S121,P02_0679,Principled Out-of-Distribution Generalization via Simplicity,Jiawei Ge; Amanda Wang; Shange Tang; Chi Jin,2025,http://arxiv.org/abs/2505.22622v1,,2505.22622v1,FALSE,theoretical,,preprint,custom,,compositional image generation via diffusion models (abstract theoretical setting),compositional,FALSE,,Diffusion,diffusion,"Diffusion models (empirical motivation: generating images with unseen attribute combinations); theory developed over general model classes with simplicity metric R(beta) and regularized MLE; proofs use abstract linear-parameter settings (beta, information matrices IS/IT)",,,,unspecified,,,"No concrete dataset; sample size n appears only as a variable in sample-complexity bounds (e.g., n >= cN' thresholds)",regularized,not_applicable,,,FALSE,,FALSE,FALSE,,,,,,,,,,,,,,,,,,,,none,,,,,FALSE,"No empirical results; paper proves sample-complexity bounds, not effect sizes",FALSE,,,,,No representation-level coherence proxy measured,none,,,,FALSE,FALSE,TRUE,10,FALSE,,,none,not_addressed,FALSE,,FALSE,,FALSE,low,3,"Develops a simplicity-metric theory of OOD generalization with sharp sample-complexity guarantees for regularized MLE, framing why the generalizable model is the simplest one consistent with training data; speaks to OOD generalization failure broadly but stays abstract, with no empirical compositional benchmarks, training-dynamics, or flatness analysis.",2,"Concerns OOD generalization of foundation models (diffusion models, LLMs), which underpins the reliability of deployed systems, but contains no discussion of alignment, safety, or goal misgeneralization.",FALSE,,,FALSE,,,,EX1,"arXiv 2505.22622v1 (stat.ML), preprint. Pure theory paper: constant-gap and vanishing-gap regimes for regularized MLE with simplicity metric R(beta); excerpt contains no empirical results, so all accuracy/CI/effect-size fields empty. n_seeds=10 taken from prefill hints (no contradiction in excerpt; excerpt itself shows no experiments). ood_split_type=compositional because the motivating phenomenon is generation of unseen attribute combinations."
S122,P02_0688,Using Interventions to Improve Out-of-Distribution Generalization of Text-Matching Recommendation Systems,Parikshit Bansal; Yashoteja Prabhu; Emre Kiciman; Amit Sharma,2022,http://arxiv.org/abs/2210.10636v2,,2210.10636v2,FALSE,empirical,,preprint,custom,,text-matching item-to-item recommendation: Amazon products; AskUbuntu/SuperUser/Quora question recommendation,mixed,FALSE,,BERT,transformer,Bi-encoder text-matching: DistilBERT-base sentence embeddings (NLI-DistilBERT or MSMARCO-DistilBERT) fine-tuned on paired relevance data; ITVReg intervention-based regularizer constrains per-token importance toward the base model,,,,unspecified,,,"Amazon product-pair data and three forum question-recommendation datasets (AskUbuntu, SuperUser, Quora); sizes not stated in excerpt",regularized,not_applicable,,,,,,,0.7124,0.0062,3,,,,AUC,,0.7889,0.0059,3,,,,AUC,,-0.0765,0.00494132,,none,,,,,FALSE,,FALSE,,,,,No representation-level coherence proxy measured,other,,Intervention-based token-importance analysis shows fine-tuned models capture spurious correlations and fail to learn causal relevance features; ITVReg keeps token importance aligned with the base model to improve OOD,,FALSE,TRUE,TRUE,3,FALSE,,,none,not_addressed,,,,,,low,3,"Studies OOD generalization failure of fine-tuned text-matching recommenders (fine-tuning worse than the base model under category, temporal, and cross-forum shifts) and proposes an intervention-based regularizer; captures the spurious-correlation failure mode of the sigma-trap but not compositional generalization per se.",2,"OOD robustness of deployed recommenders bears on reliability under distribution shift, but the paper has no safety or goal-misgeneralization framing; relevance to alignment is indirect.",TRUE,Setting limited to short text-matching recommenders; results may not transfer to systems using longer descriptions or metadata; all experiments use offline data; OOD benefit depends on base model quality; under extreme shifts (Quora) the base model or OutReg is more suitable than ITVReg.,,TRUE,Study performance of the proposed methods when deployed on a real-world system that faces distribution shifts.,,P@1,EX1,"Metric is AUC(0.05) (partial AUC, FPR in 0-0.05). Main-form values = ITVReg with NLI-DistilBERT, trained on AskUbuntu: IID = AskUbuntu eval, OOD = SuperUser eval. OOD shift kinds: new categories, future time periods (Amazon), cross-forum domain shift. Finetuned baseline on same setting: 65.68 +/-0.54 (IID), 72.70 +/-0.73 (OOD). Quora is treated as extreme OOD."
S123,P02_0689,Correct-N-Contrast: A Contrastive Approach for Improving Robustness to Spurious Correlations,Michael Zhang; Nimit S. Sohoni; Hongyang R. Zhang; Chelsea Finn; Christopher Ré,2022,http://arxiv.org/abs/2203.01517v2,,2203.01517v2,FALSE,empirical,,preprint,Waterbirds,CelebA; ColoredMNIST,,covariate_shift,FALSE,,,,Backbone architecture not specified in excerpt; deep neural networks trained with ERM (Stage 1) then contrastive fine-tuning (Stage 2),,,,unspecified,,,"Spurious-correlation benchmarks: Waterbirds (water/land background), CelebA (gender/hair color), CMNIST (color/class)",contrastive,not_applicable,,,FALSE,,FALSE,FALSE,0.909,0.001,,,,,accuracy,,0.885,0.003,,,,,accuracy,worst-group accuracy,0.024,,,none,,,,,FALSE,No formal effect sizes; abstract reports 3.6% average absolute worst-group accuracy lift over prior methods,TRUE,mutual_info,,"I(Y;Z)=0.356, I(A;Z)=0.002 (CnC, Waterbirds; reported x0.1 scaled in Table 4)",,Reports representation alignment loss Lalign and mutual-information estimates of class dependence I(Y;Z) and spurious-attribute dependence I(A;Z); CnC reduces alignment loss and spurious-attribute dependence,other,,CnC reduces alignment loss Lalign and spurious-attribute dependence I(A;Z) while maintaining class dependence I(Y;Z); GradCAM visualizations show ERM attends to spurious background while CnC attends to the class-relevant object,,FALSE,FALSE,TRUE,,FALSE,,,none,not_addressed,FALSE,,FALSE,,FALSE,low,3,"Addresses a central OOD failure mode (reliance on spurious correlations causing poor worst-group accuracy) with a representation-level contrastive fix, but the failure is covariate/spurious shift rather than compositional generalization, so it is tangential to the sigma-trap core.",2,"Motivated by algorithmic fairness and medical ML bias from spurious attributes, which bears on safe deployment, but the paper makes no direct alignment or goal-misgeneralization claims.",,,,,,,"Representation alignment loss Lalign, mutual information I(Y;Z) and I(A;Z), worst-group vs average accuracy gap, noise-robustness of Stage 1 predictions",EX1,"Two-stage method: ERM Stage 1 provides spurious-attribute proxies, contrastive Stage 2 aligns same-class representations. Main Table 1 absent from excerpt; main-form values taken from Table 4 CnC row (Waterbirds). Table 3 uses true spurious labels (CnC*)."
S124,P02_0690,CausPref: Causal Preference Learning for Out-of-Distribution Recommendation,Yue He; Zimu Wang; Peng Cui; Hao Zou; Yafeng Zhang; Qiang Cui; Yong Jiang,2022,http://arxiv.org/abs/2202.03984v2,,2202.03984v2,TRUE,empirical,,conference,custom,,OOD recommendation with implicit feedback (C2C click/purchase histories),mixed,FALSE,,MLP,mlp,"NeuMF prediction model with MLP layers (linear variant replaces MLP with a weight matrix); causal DAG learner on user preference; baselines include NeuMF variants, IPS, CausE, DICE, Light-GCN (GCN)",,,,unspecified,,,"Cloud Theme Click Dataset (Taobao/Alibaba C2C purchase histories) and Dinning-Out dataset; train/val/test split 8:1:2; OOD settings built via feature bias, degree bias and region bias (city A train / city B test)",,not_applicable,,,FALSE,,FALSE,FALSE,,,,,,,other,"NDCG@K, Recall@K (top-K ranking)",,,,,,,other,"NDCG@K, Recall@K (top-K ranking)",,,,none,,,,,FALSE,Results tables (NDCG/Recall) present in excerpt but values cannot be reliably attributed to method rows/columns; no effect size reported.,FALSE,,,,,No representation-level coherence/compositionality proxy measured; causal structure learning of user preference discussed but not probed.,none,,,,FALSE,FALSE,TRUE,10,FALSE,,,none,not_addressed,TRUE,https://github.com/HeYueThu/CausPref,TRUE,,FALSE,medium,3,"Directly targets OOD generalization for recommender systems under user/item feature bias, degree bias and region shift using causal invariant preference learning and anti-preference negative sampling, addressing the OOD-failure half of the sigma-trap, though not compositional generalization specifically.",1,"No connection to AI safety, alignment, or goal misgeneralization; the work concerns stable performance of commercial recommendation under distribution shift.",,,,,,,,EX1,"WWW '22 (ACM Web Conference 2022) paper. Excerpt covers abstract, method, and experiment setup (5 OOD settings: user/item feature bias, user/item degree bias, region bias) plus dense result tables that cannot be reliably mapped to methods in the OCR excerpt; all numeric accuracy fields left empty. Experiments run 10 times with different random seeds. Code released at github.com/HeYueThu/CausPref."
S125,P02_0692,Fishr: Invariant Gradient Variances for Out-of-Distribution Generalization,Alexandre Rame; Corentin Dancette; Matthieu Cord,2021,http://arxiv.org/abs/2109.02934v3,,2109.02934v3,TRUE,empirical,,conference,ColoredMNIST,,"Also: linear toy dataset (Shi et al., 2021); main paper evaluates DomainBed (not in excerpt)",covariate_shift,FALSE,,MLP,mlp,"3-layer MLP with ReLU, hidden dim 390, Adam (IRM hyperparameters); linear logistic regression for the toy dataset",,3,390,small,,,"Colored MNIST (IRM setup): binary digit classification, 2 train domains with green-label correlation 90% and 80%, reversed correlation (10%) at test; 501 epochs, batch size 25,000",standard_Adam,not_applicable,,standard_Adam,FALSE,,FALSE,FALSE,0.97,0.002,,,,,accuracy,,0.953,0.004,,,,,accuracy,,0.017,,,none,,,,,FALSE,No effect sizes reported; mean +/- SD point estimates per method,FALSE,,,,,"No representation-level coherence proxy; analyses concern loss-landscape Hessians, not internal representation structure",other,,Fishr aligns domain-level Hessians and gradient variances at convergence on Colored MNIST; with ERM the Frobenius distance between domain-level Hessians grows during training; Hessian norm (flatness) does not correlate with generalization,all network weights theta,FALSE,TRUE,TRUE,,FALSE,,,none,not_addressed,TRUE,https://github.com/alexrame/fishr,,,,partial,3,"Addresses OOD generalization failure by enforcing domain invariance of gradient variances (Fishr), with consistent gains over ERM on Colored MNIST and the DomainBed suite; not compositional generalization and no schema-coherence mechanism, so only indirectly relevant to the sigma-trap.",2,"Invariant learning for OOD robustness is upstream of safe deployment, but the paper makes no connection to AI alignment, goal misgeneralization, or safety.",TRUE,"Proper approximation bounds for using gradient covariance as a Hessian proxy are out of scope; full gradient covariance is computationally prohibitive (memory), so Fishr targets only the diagonal; methods compared under IRM-optimized hyperparameters",,TRUE,"Future work should investigate the diagonal variance approximation further or provide cheaper alternatives (e.g., K-FAC approximations) to reduce computational cost",,"Train/test accuracy on the linear toy dataset (Shi et al., 2021) with learned weight vectors; Hessian distance, cosine similarity, and gradient-variance distance trajectories during training",EX1,Excerpt covers appendix results (Colored MNIST in IRM setup and linear toy dataset); main-paper DomainBed results not present. Main-form values = Fishr (Fishr-omega variant) on Colored MNIST without label flipping; seed count not stated in excerpt (prefill hints suggest 10 but unconfirmed)
S126,P02_0693,Early Period of Training Impacts Adaptation for Out-of-Distribution Generalization: An Empirical Study,Chen Cecilia Liu; Iryna Gurevych,2024,http://arxiv.org/abs/2403.15210v2,,2403.15210v2,FALSE,empirical,,preprint,CIFAR10,MNIST; CIFAR100; DomainNet,"Also cross-lingual NLP: XQuAD, MLQA (QA), XNLI (NLI) with XLM-R + LoRA; all under covariate shift (noise-corrupted input, language shift, domain shift)",covariate_shift,FALSE,,ResNet,cnn_family,"ResNet-18 on MNIST/CIFAR10/CIFAR100 (scratch, noise-corrupted shift); XLM-R with LoRA adapters for cross-lingual NLP; fine-tuning under domain shift on DomainNet; gradual unfreezing (GU) of trainable parameters as the intervention",,,,medium,,,"Vision: MNIST, CIFAR10, CIFAR100 with noise-corrupted input shift; text: XQuAD/MLQA/XNLI cross-lingual; DomainNet domain shift; gradual unfreezing schedules unfreeze parameters at step k during early training",,not_applicable,,,FALSE,,FALSE,FALSE,0.9302,0.001,6,,,,accuracy,,0.7356,0.0045,6,,,,accuracy,,0.1946,0.00188193,,none,,,,,FALSE,,FALSE,,,,,"No representation-level coherence/compositionality proxy; uses loss-landscape metrics (trace of Fisher Information, sharpness S_worst/S_avg) as optimization-dynamics indicators, not schema coherence",none,,,,FALSE,TRUE,TRUE,6,FALSE,,,none,not_addressed,FALSE,,FALSE,,FALSE,low,3,"Studies OOD generalization failure under covariate shift and shows early-training interventions (gradual unfreezing) improve OOD accuracy, with sharpness and trace of Fisher Information as indicators; relevant to flat-minima training dynamics but does not address compositional generalization or schema coherence.",1,"No connection to AI alignment, safety, or goal misgeneralization; an empirical study of training dynamics and OOD robustness only.",TRUE,"Evaluates only three model architectures and three covariate-shift data types; does not test real-world data. Results are correlational (hand-crafted stabilization algorithm), not causal; leveraging early training dynamics requires additional computation compared to standard training.",,TRUE,"Develop theoretical metrics to better predict OOD generalization; use causal interventions to understand the relationship between training dynamics and OOD generalization; explore more efficient, theory-driven algorithms and metrics for practical use.",,"trace of Fisher Information tr(F), loss sharpness (S_worst, S_avg) over training steps; cross-lingual F1 and exact match (XQuAD, MLQA)",EX1,"Main-form = CIFAR10 ResNet-18 with GUtr(F) under noise-corrupted covariate shift (ID 93.02, OOD 73.56); standard training ID 93.32 OOD 72.36. Three GU variants (S_worst, S_avg, tr(F)); tr(F) slightly best overall. Language shift gains e.g. +4.30pts at k=50; winning rates 60-90%."
S127,P02_0698,Invariance Principle Meets Information Bottleneck for Out-of-Distribution Generalization,Kartik Ahuja; Ethan Caballero; Dinghuai Zhang; Jean-Christophe Gagnon-Audet; Yoshua Bengio; Ioannis Mitliagkas; Irina Rish,2021,http://arxiv.org/abs/2106.06607v2,,2106.06607v2,TRUE,empirical,,conference,ColoredMNIST,custom,AC-CMNIST; CS-CMNIST (ColoredMNIST variants); linear unit tests (Aubin et al. 2021),covariate_shift,FALSE,,,,Featurizer architecture not named in excerpt; IB and IRM penalties applied on the featurizer feature map conditional on environment; linear unit tests use linear models; single Tesla V100-SXM2-16GB with 18 CPU cores,,,,unspecified,,,"ColoredMNIST variants AC-CMNIST and CS-CMNIST (~50,000 total data points; 5-20% used for validation, tuned via Gulrajani & Lopez-Paz procedures); synthetic linear unit tests; oracle variants fed background-color-uncorrelated images",invariant_learning,not_applicable,,other,FALSE,,FALSE,FALSE,,,,,,,,,0.719,0.0078,4,,,,accuracy,,,,,none,,,,,FALSE,No effect sizes reported; method comparisons captured as per-method accuracies in sub_experiments,FALSE,,,,,"No representation-level coherence proxy; invariance/IB penalties are training-objective interventions, not measured coherence of learned representations",none,,,,FALSE,FALSE,TRUE,4,FALSE,,,none,not_addressed,,,,,,low,3,Directly addresses OOD generalization failure from spurious correlations/shortcuts in classification; proves linear-classification impossibility results and proposes IB-IRM (invariance + information bottleneck); no compositional tasks and no connection to flatness or sigma dynamics.,2,"Relevant to safe generalization through shortcut/spurious-feature robustness with a medical-safety motivation (e.g., COVID-19 detection), but no direct engagement with alignment or goal misgeneralization.",FALSE,,,FALSE,,,,EX1,"NeurIPS 2021. Appendix captions are internally inconsistent (AC/CS labels and validation-procedure labels swap between text and table captions); sub_experiments use 5% validation column. Main-form = IB-IRM on CS-CMNIST, oracle test-domain validation (Table 9): 71.90 +- 0.78, 4 seeds. AC-CMNIST oracle 70.39 +- 0.47; CS-CMNIST oracle 99.03 +- 0.08. n_seeds=4 confirms prefill hint."
S128,P02_0700,What Matters to You? Towards Visual Representation Alignment for Robot Learning,Ran Tian; Chenfeng Xu; Masayoshi Tomizuka; Jitendra Malik; Andrea Bajcsy,2023,http://arxiv.org/abs/2310.07932v2,,2310.07932v2,FALSE,empirical,,preprint,custom,,XMAGICAL (avoid/grouping) and Franka/Kuka robotic manipulation with preference-based rewards,domain_shift,FALSE,,,,"RAPL: visual reward learned via optimal-transport feature matching on pre-trained visual representations (ImageNet, R3M, MVP, fine-tuned MVP backbones); RL policy trained with learned reward; baselines RLHF, TCC",,,,unspecified,,,"Human preference feedback on videos; in-domain = videos from robot's own embodiment, cross-embodiment = videos from a different embodiment (e.g., short-stick X-Magical agent, Franka videos for Kuka deployment)",other,not_applicable,preference-based reward learning from human feedback with optimal transport feature matching; RL policy optimization,,FALSE,,FALSE,FALSE,,,,,,,other,policy success rate (approximate),,,,,,,other,policy success rate (approximate),,,,none,,,,,FALSE,No effect sizes; success rates reported approximately and Spearman correlations between GT and learned rewards (Table 1),FALSE,,,,,"Representation 'alignment' is measured via reward-space Spearman correlation, not a representation-level coherence proxy (no probing/CKA/RSA)",other,,Average Spearman's rank correlation between ground-truth and learned visual reward trajectories across 100 video trajectories (Table 1); RAPL highest in all three tasks,,FALSE,FALSE,,,FALSE,,,none,not_addressed,,,,,,low,3,"Addresses zero-shot OOD generalization (cross-embodiment transfer of learned visual rewards, +33% success under transfer) and robustness to spurious correlations (color distractor) in learned rewards, but does not address compositional generalization or model training dynamics.",4,"Core contribution is aligning robot reward/behavior with end-user preferences via human feedback, explicitly framed as eliminating behaviors 'misaligned with user preferences' caused by proxy-task fine-tuning and spurious correlations; a direct preference-based alignment study, though scoped to robot manipulation rather than AGI safety.",TRUE,Only controlled simulation experiments; no real human feedback or robotic hardware validation.,,TRUE,"Strategic active-learning preference queries, robustness to noisy feedback, multi-modal (language) feedback, online visual reward fine-tuning from human feedback, crowd-sourced multi-human preferences.",,Policy success rates; average Spearman's rank correlation between GT and learned reward trajectories (100 video trajectories); sample efficiency of reward learning,EX1,"Preprint. Success rates approximate (e.g., ~65%, ~80%, ~10%). RAPL trains reward on one embodiment and deploys on another (zero-shot). Spearman values Table 1: Franka Group RAPL 0.59; Kuka Group 0.47; Franka Clutter 0.61. Architecture names not fully specified in excerpt; prefill hint architectures not confirmable. 33% improvement = cross-embodiment success ~80% vs in-domain ~60%."
S129,P02_0702,Benign Overfitting in Out-of-Distribution Generalization of Linear Models,Shange Tang; Jiayun Wu; Jianqing Fan; Chi Jin,2024,http://arxiv.org/abs/2412.14474v1,,2412.14474v1,FALSE,theoretical,,preprint,,,,covariate_shift,FALSE,,other,other,"Over-parameterized linear models: ridge regression and Principal Component Regression (PCR); non-asymptotic statistical analysis, no neural architectures",,,,unspecified,,,"Theoretical analysis with abstract source/target distributions (covariances Sigma_S, Sigma_T); no datasets used",regularized,not_applicable,ridge regression (L2-regularized least squares); closed-form estimation,,FALSE,,FALSE,FALSE,,,,,,,,,,,,,,,,,,,,none,,,,,FALSE,No empirical results; analysis is in terms of excess-risk statistical rates,FALSE,,,,,,none,,,,FALSE,FALSE,FALSE,,FALSE,,,none,not_addressed,,,,,,low,3,"Provides non-asymptotic theory of benign overfitting under OOD covariate shift for over-parameterized linear models, identifying covariance conditions under which ridge regression and PCR generalize OOD and proving PCR achieves a fast O(1/n) rate where ridge gets only O(1/sqrt(n)) - relevant to understanding OOD generalization failure, but purely theoretical with no neural architectures or compositional benchmarks.",1,"No connection to AI alignment, safety, or goal misgeneralization; a purely mathematical study of generalization bounds for linear estimators.",,,,,,,Excess risk and statistical rates: ridge regression achieves slow rate O(1/sqrt(n)) under large shift in minor directions while PCR achieves fast rate O(1/n); theory recovers Tsigler & Bartlett (2023) ID benign overfitting bound and Ge et al. (2024) under-parameterized OOD bound as special cases,EX1,"arXiv preprint 2412.14474. Purely theoretical paper (Theorems 1-2, non-asymptotic guarantees under covariate shift with source/target covariances); no experiments, datasets, or empirical numbers, so all empirical fields are empty. Prefill hints (Transformer-family, benchmarks) do not match: the paper analyzes linear models only."
S130,P02_0703,Can Agents Run Relay Race with Strangers? Generalization of RL to Out-of-Distribution Trajectories,Li-Cheng Lan; Huan Zhang; Cho-Jui Hsieh,2023,http://arxiv.org/abs/2304.13424v1,,2304.13424v1,TRUE,empirical,,conference,custom,,"MuJoCo continuous-control RL (Humanoid, Walker2d, Hopper, Ant)",covariate_shift,FALSE,,MLP,mlp,"Model-free RL policies (SAC, TD3, PPO; MLP actor-critic networks); network structure among varied hyperparameters; no layer counts given",,,,unspecified,,,"MuJoCo environments via RL interaction; STA (Self-Trajectory Augmentation) resets environment to agent's old states according to Q function during training, without extra environment interactions",augmentation,not_applicable,,,TRUE,Self-Trajectory Augmentation (STA): reset environment to agent's old states selected by Q function during training,FALSE,FALSE,0.961,,,,,,accuracy,,0.184,,,,,,accuracy,,0.777,,,none,,,,,FALSE,No effect size; STA claim of >3x failure-rate reduction without exact numbers in excerpt,FALSE,,,,,No representation-level coherence proxy; only t-SNE visualization of states,none,,,,FALSE,FALSE,FALSE,,FALSE,,,none,not_addressed,TRUE,https://github.com/lan-lc/STA,,,,partial,3,"Demonstrates and quantifies OOD generalization failure of RL agents (relay generalization: PPO failure rate rises from 3.9% on regular evaluation to 81.6% on stranger-agent states) and proposes STA to mitigate it, though the shift is over controllable states rather than compositional structure.",2,"Motivated by safety-critical take-over scenarios (e.g., self-driving handoff from humans or other AIs), and agent failure on OOD states bears on reliable deployment, but no explicit alignment or goal-misgeneralization connection is made.",FALSE,,,FALSE,,,"Average returns (Table 13), e.g., Humanoid: SAC 5645.73±233.54, TD3 5011.30±1515.59, PPO 5173.36±236.10, SA-PPO 6614.09±340.69",EX1,"Paper reports FAILURE RATES; acc fields are success rate = 1 - failure rate (disclosed). Main-form = PPO on Humanoid: regular test 3.9% failure (ID), relay evaluation on stranger-PPO states 81.6% failure (OOD). Sub-exp failure rates from Table 11 (test agent SAC, L=500). ICLR 2023; arXiv:2304.13424."
S131,P02_0705,Diagnosing Generalization Failures from Representational Geometry Markers,Chi-Ning Chou; Artem Kirsanov; Yao-Yuan Yang; SueYeon Chung,2026,http://arxiv.org/abs/2603.01879v1,,2603.01879v1,TRUE,empirical,,conference,ImageNet,other,"OOD transfer learning to 9 datasets: Flowers102, Stanford Cars, Places365, Food101, Oxford-IIIT Pet, etc. (linear probe test accuracy)",domain_shift,FALSE,,other,other,"20 popular ImageNet-pretrained architectures from PyTorch official repository, each with two weight sets (v1/v2); exploratory experiments across diverse architectures, optimizers, and datasets",,,,unspecified,,,ImageNet-pretrained models (weights from PyTorch hub); v2 weights achieve higher ImageNet ID accuracy than v1; OOD transfer evaluated with linear probes on 9 downstream datasets,,not_applicable,,,FALSE,,FALSE,FALSE,,,,,,,accuracy,,,,,,,,accuracy,,,,,raw_delta,0.358,,,,TRUE,Derived: marker-based OOD-transfer prediction accuracy 73.02% minus ID-accuracy-based prediction 37.22% = +0.358 raw delta in prediction accuracy (92/126 correct predictions vs ID-accuracy baseline),TRUE,effective_rank,,,,Prognostic markers are ID object-manifold geometry: effective manifold dimensionality (Deff) and utility (Psi_eff); reduced values (overcompression) predict weaker OOD generalization and overspecialization. No numeric marker values reported in excerpt; effective_rank used as closest vocabulary proxy for Deff,other,PCA,"Object-manifold geometry analysis: low effective manifold dimensionality (Deff) and utility (Psi_eff) of ID representations forecast poor OOD generalization; with comparable ID validation accuracy, larger Deff/Psi_eff reflect richer task-relevant variability while excessive compression signals ID overspecialization; geometry predicted v1>v2 OOD transfer in 14/20 architectures despite v2's higher ID accuracy",,FALSE,FALSE,,,FALSE,,,none,not_addressed,TRUE,https://github.com/chung-neuroai-lab/ood-generalization-geometry,FALSE,,FALSE,partial,4,"Directly addresses anticipating OOD generalization failure: shows overcompression of ID object manifolds (low Deff/Psi_eff) predicts weaker OOD performance across diverse architectures, optimizers, and datasets, and beats ID accuracy as a transfer model-selection signal; a diagnostic biomarker framework for the sigma-trap, though not about compositional structure or training dynamics.",2,"Implicitly supports safe deployment by predicting OOD failures and improving model selection, and frames diagnostics as a complement to mechanistic interpretability for anticipating vulnerabilities, but contains no direct discussion of alignment, safety, or goal misgeneralization.",FALSE,,,TRUE,"Strengthening theoretical foundations linking manifold overcompression to feature overspecialization; causal mechanisms and interventions (geometry-aware regularization, early stopping, robustness-oriented model selection); extending the diagnostic framework beyond vision to language, RL, and multimodal models; linking diagnostics to parameter transfer (Net2Net); parallels with neuroscience.",,"Prognostic-marker prediction accuracy 73.02% (92/126) vs 37.22% for ID test accuracy as OOD-performance predictor, across 15 models x 9 OOD datasets; Neural Collapse and Participation Ratio markers also predictive; early fine-tuning dynamics differ by initialization (v1 sometimes faster learning)",EX1,"ICLR 2026 conference paper. ood_acc fields empty at top level because excerpt reports predictor accuracies, not model OOD accuracies; sub_experiment E001 records the marker method's prediction accuracy with explicit annotation. n_seeds unreported in excerpt and prefill hint empty. arch_primary=other because the 20 ImageNet architectures are heterogeneous and unnamed in the excerpt."
S132,P02_0708,Making Foresight Actionable: Repurposing Representation Alignment in World Action Models,Lu Qiu; Yizhuo Li; Yi Chen; Yuying Ge; Yixiao Ge; Xihui Liu,2026,http://arxiv.org/abs/2606.12217v1,,2606.12217v1,FALSE,empirical,,preprint,custom,,real-world robot manipulation with world action models (IRON-R01-1.11 humanoid); CLOSURE-style semantic/instance/attribute generalization splits,compositional,FALSE,,Diffusion,diffusion,World Action Model with dual DiT: Cosmos-Predict2.5 video DiT (world model) + action DiT head; AGRA aligns video hidden states with frozen DINOv2 foundation-encoder semantic features via an MLP alignment projector,,,,unspecified,,,Real-world robot manipulation demonstrations (IRON-R01-1.11 humanoid); dataset sizes not stated in excerpt,regularized,not_applicable,,,,,,,0.8,,,,,,accuracy,,,,,,,,accuracy,,,,,none,,,,,FALSE,"OOD reported only as relative improvements (27%/32%/32%) over baseline; absolute OOD success rates not given, so no effect size derivable",FALSE,,,,,AGRA aligns features toward DINOv2 semantic structure but no quantitative coherence/compositionality proxy is measured,attention_patterns,PCA,Action-head cross-attention analysis shows the decoder ignores hand-object interaction regions despite plausible visual foresight; causal interventions show decisions are driven by task-irrelevant background; PCA shows DINOv2 features form spatially coherent structures while Cosmos features remain entangled with local appearance,,FALSE,FALSE,FALSE,,FALSE,,,none,not_addressed,,,,,,low,4,"Directly diagnoses the action-grounding gap: plausible visual futures do not guarantee correct actions because representations are not organized for action decoding and attention drifts to task-irrelevant regions; AGRA's representation alignment improves ID and OOD (semantic/instance/attribute) generalization, targeting the sigma-trap's representation-mismatch failure mode in embodied control.",3,"OOD robustness of robot manipulation policies is safety-relevant for embodied deployment, and the paper shows task-irrelevant perturbations can corrupt actions; however, alignment/safety or goal-misgeneralization are not framed explicitly.",,,,,,,object localization accuracy; affordance understanding,EX1,"Main-form ID success rate = AGRA 80% (baseline WAM 34%). OOD reported only as relative gains over baseline: Semantic +27%, Instance-Level +32%, Attribute +32%; absolute OOD values not in excerpt. Project page: https://xpeng-robotics.github.io/agra. Excerpt is partial (ends mid-Section 3.2), so limitations/open-questions status unverifiable."
S133,P02_0712,Low-rank Orthogonal Subspace Intervention for Generalizable Face Forgery Detection,Chi Wang; Xinjue Hu; Boyu Wang; Ziwen He; Zhangjie Fu,2026,http://arxiv.org/abs/2601.11915v2,,2601.11915v2,FALSE,empirical,,preprint,custom,,face forgery detection (deepfake detection),domain_shift,FALSE,,ViT,vit,"CLIP ViT-B/32 backbone with SeLop low-rank orthogonal subspace intervention (LROR); rank=32, 12 intervention layers; 0.39M trainable parameters",390000,12,1024,small,,,"Face forgery detection benchmarks: Celeb-DF v1/v2, DFDC, DFDCP, DFD, e4s, FaceDancer, DF40, FF++ (C23), DDL",,not_applicable,,other,FALSE,,FALSE,FALSE,0.999,,,,,,AUC,frame-level AUC,0.94,,,,,,AUC,frame-level AUC,0.059,,,none,,,,,FALSE,"No formal effect sizes; reports AUC lifts over second-best method (6.5% on e4s, 3.6% on FaceDancer) and ~15% Cross Avg. AUC improvement over CFM in cross-manipulation",FALSE,,,,,"Diagnostic PCA/rank analysis of CLIP feature space (low-rank spurious bias) and counterfactual subspace intervention, but no coherence/compositionality score of the final representation is reported",PCA,attention_patterns,Vanilla CLIP's 1024-dim feature space: few dominant PCs encode forgery-irrelevant info (low-rank spurious bias); removing the low-rank spurious subspace (rank=32) yields clear T-SNE class separation; GradCAM shows CLIP attends to identity/background while SeLop attends to forgery regions,,FALSE,FALSE,,,FALSE,,,none,not_addressed,FALSE,,FALSE,,FALSE,low,3,"Diagnoses and fixes a concrete OOD generalization failure of vanilla CLIP (cross-dataset and cross-manipulation deepfake detection) by removing spurious low-rank correlations at the representation level, but the shift is domain-style rather than compositional, so it is tangential to the sigma-trap core.",2,"Deepfake detection is motivated by social security and media credibility threats, but the paper makes no claims about AI alignment, safety frameworks, or goal misgeneralization.",,,,,,,"AP, EER, image-level AUC (0.933 on DDL), robustness under 6 perturbation types (5 severity levels), cross-manipulation AUC (FF++ C23)",EX1,arXiv preprint (2026; LaTeX template header not a real journal stamp). Main-form values: ID = intra-dataset Celeb-DF-v2 AUC 0.999; OOD = cross-dataset e4s AUC 0.940. Table II cross-dataset columns (0.855/0.933) could not be attributed to named datasets and were omitted.
S134,P02_0717,Incorporating Surrogate Gradient Norm to Improve Offline Optimization Techniques,Manh Cuong Dao; Phi Le Nguyen; Thao Nguyen Truong; Trong Nghia Hoang,2025,http://arxiv.org/abs/2503.04242v1,,2503.04242v1,TRUE,empirical,,conference,custom,,"Offline black-box optimization (Design-Bench style: TF-BIND-10, D'Kitty, Ant, Superconductor, Chembl)",covariate_shift,FALSE,,,,"Model-agnostic regularizer (IGNITE) on surrogate models; search baselines GA, REINFORCE, CbAS, BO-qEI; surrogate architecture not specified in excerpt",,,,unspecified,,,Static offline datasets of previous input-output queries for design tasks; surrogate becomes inaccurate outside offline data regime (the OOD issue),regularized,not_applicable,,,FALSE,,FALSE,FALSE,,,,,,,other,task performance score (normalized oracle utility),,,,,,,,,,,,none,,,,,FALSE,Improvements reported as percentage gains (+0.2% to +2.1% in Table 4; peak 9.6%); no standardized effect size reported.,FALSE,,,,,"No representation-level coherence/compositionality proxy; surrogate sharpness (rho*||grad h||) is a loss-landscape measure, not a schema-coherence proxy.",none,,"Surrogate sharpness approx. rho*||grad w h(w)|| on unseen design candidates (Table 3): REINFORCE Ant 0.18->0.09, TF-BIND-10 0.24->0.14; GA Ant 1.88->1.69, TF-BIND-10 1.07->0.63, with IGNITE.",,FALSE,TRUE,TRUE,,FALSE,,,none,not_addressed,TRUE,https://github.com/cuong-dm/IGNITE,FALSE,,FALSE,partial,3,"Directly addresses OOD failure of surrogate models in offline optimization by regularizing surrogate sharpness, with theory bounding worst-case generalized sharpness from empirical sharpness; the flatness-OOD connection is sigma-relevant, but the domain is black-box optimization rather than compositional generalization.",1,"No connection to AI safety, alignment, or goal misgeneralization; applied to material/chemical design optimization with no safety framing.",,,,TRUE,"Adaptation of the IGNITE regularizer to related domains such as robust optimization (RO) and reinforcement learning (RL), suggested as potential future research directions.",,"Peak improvement 9.6%; 91% probability of not degrading baseline and 79.55% likelihood of improving it. Noisy-oracle results (Table 4): Superconductor REINFORCE 0.471+-0.011 to 0.492+-0.015 (+2.1%), GA 0.514+-0.021 to 0.517+-0.011 (+0.3%); Chembl REINFORCE 0.634+-0.001 to 0.636+-0.008 (+0.2%), GA 0.635+-0.005 to 0.640+-0.009 (+0.5%). Epsilon=0.1 and eta_lambda=1e-3 chosen as optimal.",EX1,"NeurIPS 2024 paper (arXiv 2503.04242v1). IGNITE regularizer reduces surrogate sharpness to improve OOD generalization; compared against L1, L2, and SAM regularizers. No ID/OOD accuracy split reported, so numeric accuracy fields left empty; all quantitative results captured in other_metrics_reported. Screening hint of 16 seeds not confirmable from excerpt."
S135,P02_0719,Temporal Representation Alignment: Successor Features Enable Emergent Compositionality in Robot Instruction Following,Vivek Myers; Bill Chunyuan Zheng; Anca Dragan; Kuan Fang; Sergey Levine,2025,http://arxiv.org/abs/2502.05454v2,,2502.05454v2,FALSE,empirical,,preprint,custom,,Robotic manipulation instruction following: BridgeData tabletop tasks + OGBench goal-conditioned locomotion,compositional,FALSE,,ResNet,cnn_family,"Real-world: ResNet visual encoder with CLIP embeddings, behavior cloning with Gaussian policy; OGBench: MLP state and goal encoders (64,64,64), latent dim 64; TRA adds time-contrastive successor-feature alignment loss",,,64,unspecified,,,"BridgeData tabletop manipulation (13 tasks, 4 scenes, 5-10 trials per task) and OGBench; tasks are compositionally OOD: each subtask's goal image lies in the training distribution but combinations are unseen",contrastive,not_applicable,,,FALSE,,FALSE,FALSE,,,,,,,,,,,,,,,other,success rate (%) in OGBench environments; real-world results reported only as >40% relative improvement across 13 tasks,,,,none,,,,,FALSE,No effect sizes reported; per-environment success rates with SD,FALSE,,,,,No measured representation-level coherence proxy; TRA shapes representations via a temporal alignment loss but no probing/CKA/compositionality score is reported,other,,"Temporal alignment (NCE) loss over successor-feature state/goal representations enables compositional stitching; Theorem 1 proves compositional generalization error bound E[RR(pi;D*)] <= E[RR(pi;D)] + (alpha-1)/2alpha + (alpha-2)/2alpha*1{alpha>2}, tighter than worst-case and decreasing in alpha",,FALSE,TRUE,TRUE,10,FALSE,,,none,not_addressed,,,,,,low,4,"Directly targets compositional generalization failure in robot instruction following: tasks are compositionally OOD (subtasks in-distribution, compound combinations unseen) and temporal alignment of successor-feature representations yields >40% improvement across 13 tasks plus a proven bound showing compositional generalization error decreases with alignment strength.",2,"Robust compositional generalization in instruction-following robots is safety-relevant deployment behavior, but the paper makes no connection to AI alignment, goal misgeneralization, or safety.",TRUE,TRA cannot counteract failures inherited from behavior cloning with a Gaussian policy; failure cases arise from inability to learn depth reasoning (early grasping or late release) and difficulty reconciling multimodal behavior,,FALSE,,,"OGBench success rate (%) over 7 environments (10 seeds, final 3 eval epochs averaged); real-world >40% compositional improvement across 13 tasks in 4 evaluation scenes",EX1,"arXiv preprint (Feb 2025). Quantitative results in excerpt are OGBench success rates comparing GCBC vs GCBC-phi (TRA formulation with alpha=0, i.e., temporal alignment off); real-world TRA results only given qualitatively (>40%). Main-form arch = ResNet from real-world policy; OGBench sub-experiments use MLP encoders"
S136,P02_0738,DSL: Understanding and Improving Softmax Recommender Systems with Competition-Aware Scaling,Bucher Sahyouni; Matthew Vowels; Liqun Chen; Simon Hadfield,2026,http://arxiv.org/abs/2602.07206v1,,2602.07206v1,FALSE,empirical,,preprint,custom,,"Top-K recommendation on Amazon-Health, Amazon-Electronic, Amazon-Movie, Gowalla (implicit feedback)",label_shift,FALSE,,GCN,gnn,"LightGCN (GNN) and matrix factorization (MF) backbones; proposed DSL (Dual-scale Softmax Loss) with hardness/item-similarity negative reweighting and per-example temperature; baselines BPR, GuidedRec, LLPAUC, AdvInfoNCE, BSL, PSL, SL@K",,,,unspecified,,,Implicit-feedback recommender benchmarks; OOD evaluation via popularity-filtered test sets (head and tail 20% item buckets) and popularity shift,,not_applicable,,,FALSE,,FALSE,FALSE,,,,,,,other,Recall@20 / NDCG@20,,,,,,,other,Recall@20 / NDCG@20,,,,none,,,,,FALSE,,FALSE,,,,,No representation-level coherence/compositionality proxy; loss-function study on recommender objectives,none,,,,FALSE,FALSE,FALSE,,FALSE,,,none,not_addressed,FALSE,,FALSE,,FALSE,low,2,"Recommender-systems loss paper; only tangentially OOD-relevant through an OOD popularity-shift evaluation (DSL gains avg 9.31% over softmax loss) and head/tail robustness, with no compositional generalization or training-dynamics analysis.",1,"No connection to AI alignment, safety, or goal misgeneralization; a recommender loss-function and robustness study.",FALSE,,,TRUE,Extend DSL to incorporate uncertainty-aware weighting and alternative negative sampling strategies to handle exposure bias.,,"Recall@20, NDCG@20 (IID and OOD); DSL avg +6.22% over SL across datasets/metrics/backbones (IID), +9.31% over SL under OOD popularity shift; head vs tail item bucket analysis; DRO theoretical analysis of robust payoff and KL deviation",EX1,"Recommender loss paper; metrics are Recall@20/NDCG@20 (not accuracy), so main-form acc fields left empty. Best IID DSL: MF Electronic Recall@20 0.1875 (+10.10% over SL). Sub_experiments report DSL rows; DSL-kappa (negative reweighting) drives more gains than per-example temperature. Exact graph values in sub_exp notes."
S137,P02_0740,VLA^2: Empowering Vision-Language-Action Models with an Agentic Framework for Unseen Concept Manipulation,Han Zhao; Jiaxuan Zhang; Wenxuan Song; Pengxiang Ding; Donglin Wang,2025,http://arxiv.org/abs/2510.14902v1,,2510.14902v1,FALSE,empirical,,preprint,custom,,LIBERO simulation manipulation (custom OOD benchmark with novel object concepts),concept_shift,TRUE,"custom LIBERO benchmark with three difficulty levels: color changes, semantic reinterpretations (e.g., wine bottle -> Moutai), synonym substitutions (e.g., plate -> saucer)",TransformerDec,transformer,"VLA2 agentic framework wrapping OpenVLA (vision-language-action backbone) with external modules: web image/text retrieval, MMGroundingDINO object detection, lexical normalization (replace), transparent mask/color-mask injection, subtask planning and process verifier; evaluated in LIBERO simulation; baselines: OpenVLA-OFT, pi0, pi0-FAST (fine-tuned), Agentic Robot (RP)",,,,unspecified,,,"Custom benchmark built on LIBERO simulation; novel objects and object descriptions (textures, synonyms, brand reinterpretations) introduced; no training performed for VLA2 itself, baselines fine-tuned on original LIBERO dataset",other,not_applicable,"agentic framework (no training); OpenVLA backbone augmented with retrieval, detection, lexical substitution and mask injection at inference",other,FALSE,,FALSE,FALSE,0.801,,,,,,other,success rate (SR),0.762,,,,,,other,success rate (SR),0.039,,,none,,,,,FALSE,No formal effect sizes; paper reports relative SR improvements (44.2% on Hard vs standalone OpenVLA; average 20.2% across custom environments) and ablation deltas,FALSE,,,,,"No representation-level coherence proxy; framework-level interventions (retrieval, masks, lexical substitution) evaluated only via task success rate",none,,,,FALSE,FALSE,FALSE,,FALSE,,,none,not_addressed,,,,,,low,3,"Directly targets OOD/concept generalization failure of VLA models on unseen object concepts (textures, descriptions, synonyms) via an agentic retrieval-and-grounding framework, framing the drop as generalization failure; embodied rather than compositional/semantic, and no link to training dynamics, flatness, or sigma.",2,"Concerns embodied agents operating in simulation with explicit focus on out-of-distribution concept handling; relevant to safe manipulation and robust autonomy but no engagement with alignment, oversight, or goal misgeneralization.",TRUE,Framework confined to relatively rigid procedural structures; no real-world experiments at this stage; extension to open-world real-world grasping evaluations is essential.,,TRUE,Enhance VLA2 to achieve greater system autonomy and enable invocation of more external tools to handle a wider range of tasks; extend to open-world real-world grasping evaluations.,,,EX1,"arXiv preprint (arXiv:2510.14902). Main-form ID = VLA2 Class 2 average SR 80.1% (in-domain LIBERO, no ID degradation); OOD = VLA2 76.2% average SR on custom LIBERO-Hard (three difficulty levels). Reported gains: +44.2% vs standalone OpenVLA on Hard; +20.2% average across custom envs; beats pi0 by 16.2% and OpenVLA-OFT by 28.8% on Hard. Project website: https://vla2.github.io. No seeds/CIs in excerpt."
S138,P02_0741,Navigating High Dimensional Concept Space with Metalearning,Max Gupta,2025,http://arxiv.org/abs/2508.01948v3,,2508.01948v3,TRUE,empirical,,workshop,custom,,Few-shot Boolean concept classification from PCFG-generated logical statements,compositional,FALSE,,,,Gradient-based meta-learner Meta-SGD (learned initialization and step sizes; first- and second-order variants; K adaptation steps) vs vanilla SGD baseline on few-shot Boolean concept classification,,,,unspecified,,,"Task distribution from a PCFG concept generator (extension of Goodman et al. 2008); featural dimensionality F in {8,16,32} (binary literals), compositional depth D in {3,5,7}; few-shot acquisition",meta_learning,not_applicable,,standard_SGD,FALSE,,FALSE,TRUE,,,,,,,accuracy,,,,,,,,accuracy,,,,,none,,,,,FALSE,"No effect sizes; relative accuracy improvements of Meta-SGD over SGD reported (+15.5% simple, +34.1% medium, +11.1% complex concepts), not absolute accuracies",FALSE,,,,,"No representation-level coherence proxy; analysis concerns optimization loss landscapes, not internal representations",none,,,,FALSE,TRUE,TRUE,5,FALSE,,,none,not_addressed,,,,,,low,4,"Directly studies compositional versus featural complexity in few-shot concept learning: meta-learners are robust to increased compositional recursion (D=3 to D=7) but collapse under featural dimensionality (F=32), with loss-landscape analysis (roughness, local minima counts) explaining when compositional structure generalizes and when it fails.",1,"No connection to AI safety, alignment, or goal misgeneralization; a study of meta-learning optimization for few-shot concept acquisition.",TRUE,"Loss-landscape analysis is a local approximation (trajectories sampled in a small, locally convex region); findings may not extend to higher dimensions or more complex models.",,TRUE,Whether compositional depth preserves loss-surface navigability in higher-dimensional settings and with more complex models deserves further investigation.,,"Samples required to reach 60% accuracy (data efficiency); relative accuracy improvement vs SGD (+15.5% simple, +34.1% medium, +11.1% complex); loss trajectory roughness (std of discrete 2nd derivatives); local minima counts; trajectory geodesic length (90-99% reduction vs SGD); K=10 vs K=1 adaptation gains (5-8% simple, 15-20% complex)",EX1,"Absolute accuracies not present in excerpt; only relative improvements and landscape metrics. Complexity regimes by literals: simple 2-3 (roughness 0.0002, 0.3+/-0.1 minima), medium 4-6 (4x roughness, 1.2+/-0.4), complex 7+ (12x roughness, 2.8+/-0.6). First-order Meta-SGD K=10 needs orders of magnitude fewer samples than SGD at F=8, D=3. Base network architecture not named in excerpt; prefill hint architectures not confirmable."
S139,P02_0753,Evaluating Reward Model Generalization via Pairwise Maximum Discrepancy Competitions,Shunyang Luo; Peibei Cao; Zhihui Zhu; Kehua Feng; Zhihua Wang; Keyan Ding,2026,http://arxiv.org/abs/2601.16987v1,,2601.16987v1,FALSE,empirical,,preprint,custom,,reward model preference evaluation (RewardBench2; open-domain prompt pool),covariate_shift,FALSE,,TransformerDec,transformer,"10 LLM-based reward models re-evaluated; fine-tuning experiment uses ArmoRM-Llama3-8B-v0.1; LLM oracle judges ClaudeSonnet-4, Gemini-2.5-Pro, GLM-4-Plus",8000000000,,,large,4500,,Fine-tuning on 4500 oracle-annotated PMDC-selected preference pairs; prompt pool = 1000 questions with 5 candidate responses each,other,not_applicable,fine-tuning reward model on PMDC-selected preference pairs,other,FALSE,,FALSE,FALSE,0.599,,,,,,accuracy,,,,,,,,,,,,,raw_delta,0.031,,,,TRUE,Extractor-computed: overall RewardBench2 gain = 0.599 (fine-tuned) - 0.568 (baseline) from Table 2,FALSE,,,,,,none,,,,FALSE,FALSE,TRUE,5,FALSE,,,none,not_addressed,,,,,,low,3,"Directly evaluates OOD generalization of reward models under distribution shift via pairwise maximum discrepancy selection from an open-domain prompt pool and uncovers systematic generalization failures - relevant to OOD generalization failure in alignment-critical components, though it is an evaluation-methodology paper rather than a study of compositional generalization mechanisms.",4,"Reward models are the core alignment signal in RLHF; the paper directly studies whether RMs generalize to unseen prompts and shifting distributions, uncovers systematic generalization failures (length bias, context insensitivity), and shows PMDC-guided fine-tuning improves alignment fidelity on RewardBench2, making it directly relevant to alignment reliability.",TRUE,"O(N^2) pairwise comparisons limit scalability to very large RM collections; LLM-oracle inherent biases (e.g., stylistic preferences) may affect evaluation fidelity (mitigated by high inter-judge agreement); prompt pool coverage of highly specialized or rapidly evolving domains remains limited",,TRUE,Enhance oracle reliability through multi-judge ensembles; extend PMDC to multi-dimensional evaluation frameworks; scale the framework to larger model sets and prompt pools,,"LLM judge agreement: 95.0% (Claude vs Gemini), 96.0% (Claude vs GLM), 94.5% (Gemini vs GLM); vs human oracle: 94.5%/92.5%/93.0%; annotation cost 10000->450 comparisons (95.5% reduction); Spearman ranking stability vs top-k; per-dimension RewardBench2 gains: Math +4.5%, Safety +7.1%, IF -1.6%, Focus -5.4%",EX1,"arXiv preprint 2601.16987. Study re-evaluates 10 RMs with PMDC under distribution shift; quantitative ID results from Table 2 (RewardBench2 accuracy-style scores) for the ArmoRM-Llama3-8B-v0.1 baseline and PMDC-fine-tuned variant; no OOD accuracy reported, OOD aspect is ranking/robustness under open-domain contentious pairs; 5 seeded evaluation runs for ranking stability."
S140,P02_0757,FedSoup: Improving Generalization and Personalization in Federated Learning via Selective Model Interpolation,Minghui Chen; Meirui Jiang; Qi Dou; Zehua Wang; Xiaoxiao Li,2023,http://arxiv.org/abs/2307.10507v1,,2307.10507v1,FALSE,empirical,,preprint,Camelyon17,,"Retinal fundus image classification (secondary, not in vocabulary)",domain_shift,FALSE,,other,cnn_family,"CNN backbone for medical image classification (Camelyon17 pathology, retinal fundus); cross-silo FL with per-client local models; exact backbone not specified in excerpt",,,,unspecified,,,"Cross-silo federated learning on Camelyon17 pathology (5 clients per Fig 1) and retinal fundus datasets; distribution shifts across sites from imaging device vendor, parameter settings, and patient demographics",other,not_applicable,cross-silo federated learning; FedSoup selective model interpolation (monitoring interpolated local-global models to seek flat minima),,FALSE,,FALSE,FALSE,0.892,0.0053,,,,,accuracy,,0.8644,0.0112,,,,,accuracy,,0.0276,,,none,,,,,FALSE,No effect size; relative 'significant improvements' claims without statistics,FALSE,,,,,No representation-level coherence proxy; flat-minima motivation discussed qualitatively (sharp valley in local model inhibits OOD generalization),none,,,,FALSE,FALSE,FALSE,,FALSE,,,none,not_addressed,TRUE,https://github.com/ubc-tea/FedSoup,,,,partial,3,"Addresses OOD generalization failure in federated learning under cross-site distribution shifts, proposing FedSoup selective model interpolation to seek flat minima and improve global/OOD generalization, but does not address compositional generalization.",2,"Aims to improve robust generalization of medical models trained across hospitals (safety-relevant deployment context), but makes no explicit alignment, safety, or goal-misgeneralization connection.",TRUE,"With very small numbers of clients (e.g., only two on the Retina dataset), FedSoup's ability to accumulate diverse models is curtailed, impacting its efficacy in achieving flat minima; average performance then nearly matches FedRep.",,FALSE,,,"AUC throughout (e.g., pathology global 93.46(0.74), local 95.08(0.61)); Test-Time Adaptation (Tent) global performance; unseen-domain DG results (Table 2)",EX1,"arXiv:2307.10507. Main-form = FedSoup on Camelyon17 pathology: global (OOD) Acc 86.44 (SD 1.12), AUC 93.46 (0.74); local (ID) Acc 89.20 (0.53), AUC 95.08 (0.61). SDs in parentheses in tables."
S141,P02_0768,Neural Language of Thought Models,Yi-Fu Wu; Minseung Lee; Sungjin Ahn,2024,http://arxiv.org/abs/2402.01203v2,,2402.01203v2,FALSE,empirical,,preprint,custom,,"object-centric image generation and unsupervised representation learning (2D Sprites, CLEVR-Easy/Hard/Tex, Google Scanned Objects)",compositional,FALSE,,other,other,"NLoTM = Semantic Vector-Quantized VAE (SVQ) + Autoregressive LoT Prior (ALP): Transformer decoder 8 layers, 4 heads, model dim 192, ff 768, dropout 0.1 (NLoTM-large: 16 layers, 8 heads, d 512, codebook 256). Baselines: dVAE (patch VQ-VAE with 20-layer PixelCNN prior), SLATE, Slot Attention, SysBinder",,8,192,small,,,"2D Sprites 64x64, CLEVR 128x128; SVQ trained 400k iterations (~80h CLEVR / ~50h 2D), ALP prior 1M iterations (~40h); Sprites: first train on random-shape data, then prior on odd-one-out datasets; GSO uses Shoe + Bottles/Cans/Cups objects",standard_Adam,not_applicable,,standard_Adam,FALSE,,FALSE,FALSE,,,,,,,,,,,,,,,,,,,,none,,,,,FALSE,"No effect sizes reported; results are FID, Generation Accuracy, and FG-ARI, not classification accuracies",FALSE,,,,,"No representation-coherence/compositionality proxy of the contract types; discrete codebook structure and generation accuracy are evaluated behaviorally (FID, FG-ARI), not via a coherence metric",clustering,,"FG-ARI slot-object segmentation (slot-pixel clustering vs ground-truth masks) on CLEVR: NLoTM 91.37/90.48/70.93 on Easy/Hard/Tex, comparable to SysBinder (92.58/90.43/78.12), above SLATE (91.65/76.79/73.85) and Slot Attention (85.85/81.29/24.67); NLoTM slightly underperforms SysBinder on CLEVR-Tex",,FALSE,FALSE,,,FALSE,,,none,not_addressed,FALSE,,FALSE,,FALSE,low,3,"Aims at compositional OOD generalization by learning LoTH-style composable discrete representations (SVQ + autoregressive LoT prior), squarely in the compositional-generalization space of the sigma-trap; but the excerpt reports generation/segmentation metrics (FID, FG-ARI, Generation Accuracy) rather than OOD accuracy, and the contribution is representation learning rather than failure diagnosis or training dynamics.",1,"A cognitive-science-inspired unsupervised representation learning paper aiming at more human-like understanding; no connection to AI alignment, safety, or goal misgeneralization.",FALSE,,,FALSE,,,"FID (CLEVR-Hard: NLoTM 43.12 vs dVAE 65.89/61.74/60.75 for 8/12/16-layer priors; GSO: NLoTM-large 72.68 vs NLoTM-small 114.16); Generation Accuracy (2D Sprites 3 obj, 8 blocks/codebook 64: 75.00%, FID 6.61); FG-ARI segmentation (see repr_analysis_finding); ablations: #blocks and codebook size on Sprites (best 8 blocks / size 64)",EX1,"arXiv 2402.01203v2, preprint. All models trained with Adam (beta1=0.9, beta2=0.999); prior lr 0.0003, SVQ lr 0.0001; downstream transformers: Sprites 3 layers/8 heads/d192, CLEVR-Hard 8 layers/4 heads/d192. ood_split_type=compositional inferred from odd-one-out/unseen-combination evaluation setting; not explicitly named as compositional in excerpt. No classification accuracies reported; Generation Accuracy treated as ood_acc in E003 with explicit annotation."
S142,P02_0769,GA-Field: Geometry-Aware Vehicle Aerodynamic Field Prediction,Zhenhua Zheng; Lu Zhang; Junhong Zou; Shitong Liu; Zhen Lei; Xiangyu Zhu; Zhiyong Liu,2026,http://arxiv.org/abs/2602.20609v1,,2602.20609v1,FALSE,empirical,,preprint,custom,,"vehicle aerodynamic field prediction: surface pressure, wall shear stress, and 3D velocity fields on DrivAerNet++ and ShapeNet-Car",domain_shift,FALSE,,TransformerEnc,transformer,"GA-Field: geometry-aware field network with grouped vector attention and grid pooling, global geometry injection at multiple stages, and coarse-to-fine detail refinement; 10k points per test case; stable from 16,384 to 131,072 input points",,,,unspecified,,,"DrivAerNet++ with OOD settings split by aerodynamic archetype (Fastback/Estateback/Notchback; e.g., Setting 1 trains on 5,376 Fastback samples, tests on 1,386-5,332 other-category samples); plus ShapeNet-Car benchmark",,not_applicable,,,,,,,,,,,,,,,0.7004,,,,,,other,"coefficient of determination R2 (pressure field, unnormalized values, 10k points/test case)",,,,none,,,,,FALSE,"Paper reports relative error reductions (e.g., rel L2 improved 18.6% over Transolver in Setting 3) rather than effect sizes",FALSE,,,,,No representation-level coherence proxy measured,none,,,,FALSE,FALSE,FALSE,,FALSE,,,none,not_addressed,,,,,,low,3,Directly evaluates OOD generalization to unseen vehicle categories (CarBench-style settings) and shows that repeated global geometry conditioning improves OOD performance (Setting 3 relative L2 0.398 vs Transolver 0.4894); addresses distribution-shift failure but not compositional structure or neural representation alignment.,1,"No connection to AI safety, alignment, or goal misgeneralization; purely an applied engineering benchmark paper for aerodynamic field prediction.",,,,,,,"MSE, MAE, MaxAE, relative L1/L2 error (%), R2, drag-force contribution analysis",EX1,"No accuracy metric; performance measured via relative errors and R2. Main-form OOD = GA-Field R2 0.7004 (rel L2 0.3980) on Setting 3 (Estateback/Notchback train, Fastback test). ID numbers are field-error reductions (MSE -9.8% vs AdaField; WSS MSE -8.6%, MAE -21.3% vs FigConvNet; velocity MSE -8.9% vs TripNet) and are not accuracies. Excerpt partial; limitations/open questions unverifiable."
S143,P02_0773,Robust OOD Graph Learning via Mean Constraints and Noise Reduction,Yang Zhou; Xiaoning Ren,2025,http://arxiv.org/abs/2506.19281v1,,2506.19281v1,FALSE,empirical,,preprint,custom,,graph OOD classification (drugood_lbap_core_ki; synthetic datasets),,FALSE,,other,gnn,"Graph OOD classifier with mean pooling, embedding dimension 32; CMO mean-constraint optimization + NNR neighbor-aware noise reweighting on ERM backbone",,,32,unspecified,,,Synthetic graphs with class imbalance and controlled noise rates (0.15/0.2); real-world drugood_lbap_core_ki (assay/scaffold/size) with scaffold-based splits,other,not_applicable,ERM + CMO (constrained mean optimization) + NNR (neighbor-aware noise reweighting),,FALSE,,FALSE,FALSE,,,5,,,,,,0.593,0.008,5,,,,accuracy,minority class accuracy,,,,none,,,,,FALSE,"No formal effect sizes; reports accuracy gains (e.g., 80.2% minority-class max vs 71.6% best baseline on synthetic noise 0.2)",FALSE,,,,,No representation-level coherence or compositionality proxy reported,none,,,,FALSE,FALSE,TRUE,5,FALSE,,,none,not_addressed,TRUE,https://anonymous.4open.science/r/CMO-NNR-2F30,FALSE,,FALSE,partial,2,"Addresses Graph OOD generalization failure under class imbalance and structural noise via mean-constraint optimization and noise reweighting, but the shift is noise/imbalance-driven rather than compositional, with no link to the sigma-trap mechanism.",1,"No connection to AI safety, alignment, or goal misgeneralization; the work targets graph classification accuracy under distribution shift.",TRUE,NNR slightly reduces average accuracy and increases variance (about 0.2-0.3%) because its noise estimation can misclassify clean samples; increased variance on real-world tasks due to absence of dataset-specific weighting strategies; limited gains on Scaffold (6.9%) due to few outliers,,,,,"Minority class max accuracy, all-classes average accuracy, Q values of worst-case optimization, class-wise accuracies, noise-rate sweeps",EX1,"arXiv preprint (2025; ACM Reference Format template header, no venue stamp). Main-form values: synthetic dataset, noise 0.2, ERM+NNR+CMO-KL minority-class average accuracy (5 seeds: 1-5). Max minority accuracy at noise 0.2 is 80.2% vs best baseline 71.6%."
S144,P02_0783,Improving Latent Generalization Using Test-time Compute,Arslan Chaudhry; Sridhar Thiagarajan; Andrew Lampinen,2026,http://arxiv.org/abs/2604.01430v1,,2604.01430v1,FALSE,empirical,,preprint,custom,,"Latent generalization: syllogism, reversal (strict/non-strict), category-as-subject/target fact recall",compositional,FALSE,,TransformerDec,transformer,Finetuned decoder-only language model (exact model not named in excerpt); trained via RL from correctness feedback to produce long chain-of-thought (thinking); ICL condition as reference,,,,unspecified,,,"Knowledge finetuning tasks (syllogisms, reversal facts, category-subject/target facts); OOD = holdout knowledge not trained on (no RL performed on it)",other,not_applicable,Reinforcement learning from correctness feedback for long chain-of-thought (thinking),,TRUE,"Train-time data augmentation (e.g., strings in forward and reverse directions); Augmentation and Augmentation+RL baselines",FALSE,FALSE,,,,,,,F1,,,,,,,,F1,,,,,none,,,,,FALSE,Qualitative claims (thinking resolves many latent generalization failures; above-chance on reversal via generate-and-verify; below ICL) without extractable effect sizes.,FALSE,,,,,No representation-level coherence/compositionality proxy measured; only behavioral accuracy metrics.,none,,,,FALSE,FALSE,FALSE,,FALSE,,,none,not_addressed,FALSE,,FALSE,,FALSE,low,4,"Directly studies a generalization failure mode of finetuned LMs (latent generalization deficit, including the reversal curse) where in-weights knowledge fails to compose into logically implied OOD queries, and tests whether test-time thinking with RL-from-correctness closes the OOD gap versus augmentation baselines that fail OOD, though training sharpness and schema coherence are not examined.",1,"No connection to AI safety, alignment, or goal misgeneralization; the work targets capability (deductive reasoning over in-weights knowledge) with no alignment or risk discussion.",,,,,,,"All F1, Train Recall, Heldout Recall, Primary Reference In Prediction, Pass@1 and Pass@16 at N=1 and N=16 (best-of-n sampling); thinking consistently outperforms Finetuning+RL and Augmentation+RL baselines, often matching ICL on ID and OOD; augmentation fails to generalize OOD similarly to plain finetuning; on pure reversal tasks thinking remains below ICL.",EX1,"Google DeepMind preprint (arXiv 2604.01430v1), marked confidential. ID vs OOD holdout types: syllogism, reversal_strict, reversal_non_strict, category_as_subject, category_as_target. Result figures (Figs 5-8) contain numeric labels that cannot be reliably attributed to method-by-holdout-type cells in the OCR excerpt, so all numeric accuracy fields left empty. N refers to number of samples (best-of-n), not seeds."
S145,P02_0789,Frequency Bias and OOD Generalization in Neural Operators under a Variable-Coefficient Wave Equation,Runlong Xie; An Luo,2026,http://arxiv.org/abs/2605.12997v1,,2605.12997v1,FALSE,empirical,,preprint,custom,,1D variable-coefficient wave equation neural operator (function-to-function mapping),covariate_shift,FALSE,,other,other,"Fourier Neural Operator: spectral convolution in Fourier space (16 retained modes, 4 hidden Fourier layers, width 64, GELU, padding enabled); DeepONet branch-trunk: branch/trunk hidden dim 128, latent 128, depth 3, ReLU, output bias, Dirichlet envelope",,4,64,small,,,"1D variable-coefficient wave equation: initial condition mapped to terminal solution; structured OOD splits independently vary input frequency and coefficient smoothness; 128 grid points, batch 32, 100 epochs",standard_Adam,not_applicable,,standard_Adam,FALSE,,FALSE,FALSE,0.198913,,,,,,other,mean relative L2 error (lower is better),1.356445,,,,,,other,mean relative L2 error (lower is better),-1.15753,,,none,,,,,FALSE,No effect sizes reported; mean relative L2 error per split and architecture,FALSE,,,,,No representation-level coherence or compositionality proxy measured,other,,"FNO builds global representations via spectral convolution in Fourier space and shows sharp error increase under unseen high-frequency inputs, while DeepONet degrades more mildly with higher overall error; differences attributed to how each architecture represents frequency structure",Fourier layer (FNO),FALSE,FALSE,FALSE,,FALSE,,,none,not_addressed,,,,,,low,3,"Studies OOD generalization failure of neural operators under structured distribution shifts (input frequency, coefficient smoothness), showing FNO's sharp error increase under unseen high-frequency inputs and a fundamental ID-vs-OOD performance gap; not compositional generalization and no training-dynamics or schema-coherence mechanism.",1,"No connection to AI safety, alignment, or goal misgeneralization; focused purely on PDE surrogate model generalization.",,,,,,,"Mean relative L2 error across validation, ID, OOD-frequency, and OOD-smoothness splits; spectral error curves across sine modes for FNO and DeepONet",EX1,"arXiv preprint (May 2026). All values are mean relative L2 errors (lower is better), not accuracies. Main-form values = FNO with 16 retained Fourier modes; OOD-frequency is the primary failure condition. DeepONet comparison is qualitative in excerpt (milder degradation, higher overall error). Single random seed 2026; FNO retained-mode ablation (8/16/32) in sub_experiments"
S146,P02_0791,SynthDocBench: Controlled Benchmark for Long-Context Visual Document Understanding,Abhigya Verma; Khyati Mahajan; Amit Kumar Saha; Shruthan Radhakrishna; Sagar Davasam; Vikas Yadav; Sai Rajeswar Mudumba,2026,http://arxiv.org/abs/2607.10400v1,,2607.10400v1,TRUE,dataset_benchmark,,conference,custom,,"Long-context visual document understanding (SynthDocBench): chart reading, cross-modal integration, complex reasoning over synthetic reports",,FALSE,,GPT,transformer,"Seven frontier vision-language models evaluated: Gemini-3.1-Pro, GPT-4o, GPT-5.4, Claude-Sonnet-4.5, InternVL3-78B, Qwen3-VL, Qwen2.5-VL-7B, Qwen3.5-VL-122B (autoregressive multimodal LLMs)",,,,large,,,"SynthDocBench: 200 synthetic documents generated end-to-end via LLM pipeline across 6 layout archetypes; combinatorial factor control (length, layout, modality, question type); 40% random override to prevent spurious-correlation exploitation",,not_applicable,,,FALSE,,FALSE,FALSE,,,,,,,accuracy,,,,,,,,,,,,,none,,,,,FALSE,,FALSE,,,,,"No representation-level coherence/compositionality proxy; benchmark controls data factors (length, layout, modality, difficulty), not internal representations",none,,,,FALSE,FALSE,FALSE,,FALSE,,,none,not_addressed,TRUE,https://github.com/ServiceNow/SynthDocBench,TRUE,https://huggingface.co/datasets/ServiceNow-AI/SynthDocBench,FALSE,medium,3,"Combinatorial-design benchmark that surfaces VLM failure modes (sharp length degradation, middle-third positional sensitivity, cross-modal breakdown) in long-context document understanding and suggests models overfit benchmark artifacts; controlled diagnostic of OOD-style degradation, not compositional generalization per se.",1,No connection to AI alignment or safety; a benchmark construction and VLM evaluation paper for document understanding.,FALSE,,,FALSE,,,"ACC (tau=6) by question subset (chart/complex/cross-modal), by topic domain (Gemini-3.1-Pro on 57 annotated reports, 513 questions), by fine-grained category (Table 12); failure-mode analyses: length degradation, middle-third positional sensitivity, Early->Late trend (steepest 8.3pp), chart breakdown",EX1,"COLM 2026 benchmark paper: 200 synthetic documents, 6 layout archetypes, combinatorial factor control, 40% random override; 7 frontier VLMs. Metric ACC (tau=6), not a classic ID/OOD split. Failure modes: length degradation, middle-third positional sensitivity (5/6 models), Early->Late negative trend (steepest 8.3pp), cross-modal hardest subset. Sub_exps = per-model ACC from Table 12 (chart value-reading as headline)."
S147,P02_0795,TerraIncognita: A Dynamic Benchmark for Species Discovery Using Frontier Models,Shivani Chiranjeevi; Hossein Zaremehrjerdi; Zi K. Deng; Talukder Z. Jubery; Ari Grele; Arti Singh; Asheesh K Singh; Soumik Sarkar; Nirav Merchant; Harold F. Greeney; Baskar Ganapathysubramanian; Chinmay Hegde,2025,http://arxiv.org/abs/2506.03182v1,,2506.03182v1,FALSE,dataset_benchmark,,preprint,custom,,TerraIncognita insect species discovery (hierarchical taxonomic classification Order->Family->Genus->Species),concept_shift,FALSE,,other,transformer,"Zero-shot evaluation of 12 frontier multimodal VLMs: GPT-4o, GPT-4.1, o3, Claude-3-Opus, Claude-3.5-Haiku, Claude-3.7-Sonnet, Gemini-2.5-Flash, LLaMA-4-Scout, LLaMA-4-Maverick, Grok-2-Vision, Qwen2-VL, Qwen2.5-VL; hierarchical taxonomic classification with abstention; main-form values = o3 (best overall)",,,,unspecified,,,"TerraIncognita: ~450 expertly annotated insect images covering ~200 species across 8 orders, collected from underexplored biodiversity hotspots; known-species set unbalanced and skewed toward Lepidoptera; novel-species set contains rare/poorly known taxa with labels limited to Order/Family; strict zero-shot evaluation with no exposure to training taxonomies or in-domain examples",other,not_applicable,zero-shot evaluation; no training or fine-tuning,,FALSE,,FALSE,FALSE,1.0,,,,,,F1,,0.5298,,,,,,F1,,0.4702,,,none,,,,,FALSE,No effect sizes reported; per-model taxonomic F1 captured in sub_experiments,FALSE,,,,,"No representation-level coherence proxy; model explanations reviewed qualitatively by expert entomologists, not quantified as a coherence/compositionality metric",none,,,,FALSE,FALSE,FALSE,,FALSE,,,none,explicit_no,,,TRUE,,,partial,3,"Benchmark measures OOD detection and abstention on novel (open-set) insect species, quantifying a sharp F1 gradient across taxonomic levels and frontier-model failure to generalize to unseen taxa; ecological domain with no compositional/semantic tasks and no connection to flatness or sigma dynamics.",3,"Frames abstention, calibration, overcommitment, and hallucination ('right for the right reasons') as critical for trustworthy AI decision-making beyond biodiversity, relevant to reliable deployment and safe abstention, though not to alignment or goal misgeneralization directly.",TRUE,"Dataset modest in scale (~450 images, 200 species, 8 orders) limiting statistical power; bias toward over-represented Lepidoptera; novel-species ground-truth labels partial (Order/Family only); model-generated explanations diverge from expert reasoning (morphological hallucinations, speculative inference, taxonomic overreach).",,TRUE,Longitudinal benchmarking via quarterly additions of 400+ new samples; biologically grounded explanation benchmarks; track evolution as VLMs improve or are fine-tuned on biodiversity datasets.,,discovery accuracy (correctly not abstaining on known examples); expert-reviewed explanation quality (Table 5),EX1,"arXiv preprint. Main-form = o3 (best overall): Known-species Order F1 100% (ID), Novel-species Order F1 52.98% (OOD). Top models >90% Order F1 on known species but <2% Species F1 (Qwen2.5-VL 1.47%, o3 1.36%). Discovery accuracy: only GPT-4.1 >60% on known; Claude-3-Opus/Grok-2-Vision/LLaMA-4-Maverick >87% on novel. 'All TerraIncognita data, results, and future updates are available here' (no literal URL in excerpt)."
S148,P02_0797,Predictable GRPO: A Closed-Form Model of Training Dynamics,Rajat Ghosh; Datta Nimmaturi; Aryan Singhal; Vaishnavi Bhargava; Henry Wong; Johnu George; Debojyoti Dutta,2026,http://arxiv.org/abs/2606.30789v2,,2606.30789v2,FALSE,theoretical,,preprint,custom,,"GRPO RL post-training on GSM8K; OOD eval on 8 math benchmarks (GSM-Plus, Math-500, AIME-2026, MetaMathQA, NuminaMath, OpenMath2, IMO-Bench, HMMT-2025)",covariate_shift,FALSE,,TransformerDec,transformer,"GRPO RL post-training (LoRA rank 16, alpha 64) of decoder-only LLMs DeepSeek-7B, DeepSeek-R1-Qwen-1.5B, Nemotron-4B; paper's contribution is a closed-form reduced-order (stochastically-forced damped oscillator) model of GRPO training dynamics",,,,unspecified,,,"GRPO on GSM8K; config: LR 1e-5, 2 epochs, batch size 4 (grad accum 4), temperature 0.8, KL beta 0.005, clip 0.2, LoRA r=16 alpha=64 on q,k,v,o,up,down,gate; OOD eval on 8 math benchmarks (pass@k)",other,not_applicable,GRPO (group relative policy optimization) reinforcement learning from verifiable rewards; heavy-ball optimizer with momentum,,FALSE,,FALSE,FALSE,,,,,,,accuracy,,,,,,,,other,"pass@k (pass@1, pass@5) on math benchmarks",,,,none,,,,,FALSE,No effect sizes; key quantitative claim is closed-form trajectory fitting training reward to R2>=0.91 and group-size invariance of the mean trajectory (OOD transfer to eight math benchmarks),FALSE,,,,,"No representation-level coherence proxy; analysis is of training reward dynamics, not internal representations",none,,,,FALSE,TRUE,TRUE,,FALSE,,,none,not_addressed,,,,,,low,2,"Studies GRPO training dynamics via closed-form reduced-order modeling with OOD evaluation on eight math benchmarks, but its focus is optimizer dynamics and reward scaling laws rather than compositional or OOD generalization failure mechanisms.",3,"Provides diagnostics that separate reward hacking, advantage degeneracy, and policy concentration in RL post-training of LLMs — failure modes directly relevant to reward misalignment in RLHF-style training; scope is mechanism and scaling, with no treatment of AGI safety or goal misgeneralization.",TRUE,"Stability threshold and overdamped-to-oscillatory transition only exercised in a softmax-bandit exact reduction (deep-network demonstration left to future work); reduction is local (linearization at fixed point) so it describes approach to saturation, not the global trajectory; curvature-scaling exponent K(M) inherited from empirical fits, not derived; within-group reward spread retains residual group-size dependence.",,TRUE,Deep-network demonstration of the stability sweep; a model of residual group-size structure in within-group spread sigma_adv; treatment of the pre-linear phase; relating the fitted curvature-scaling exponent to lazy/NTK-regime slowdown to convert it into a predicted exponent.,,Closed-form fit R2>=0.91 to training reward; pass@1/pass@5 on 8 OOD math benchmarks; stability threshold K*eta*Kref>1-mu (Proposition 9); refresh-interval stability threshold; 1/G stationary fluctuation scaling; group-size invariance of mean trajectory,EX1,"Table 1 column layout is misaligned in the extracted text; only clearly anchored cells recorded (DeepSeek-7B GSM-Plus Base and G=16). Results are mean +/- std over random seeds (n unspecified). GSM8K runs sit deep in the overdamped regime (small LR 1e-5), so oscillatory predictions verified only on a softmax-bandit reduction. R2 fit and OOD transfer group-size invariance hold across three models (DeepSeek-7B, DeepSeek-R1-Qwen-1.5B, Nemotron-4B) and two group sizes (G=16, G=4)."
S149,P02_0798,Can Large Reasoning Models do Analogical Reasoning under Perceptual Uncertainty?,Giacomo Camposampiero; Michael Hersche; Roger Wattenhofer; Abu Sebastian; Abbas Rahimi,2025,http://arxiv.org/abs/2503.11207v2,,2503.11207v2,FALSE,empirical,,preprint,custom,,"I-RAVEN / I-RAVEN-X analogical reasoning (Raven's progressive matrices, symbolic)",mixed,FALSE,,TransformerDec,transformer,"Large Reasoning Models (OpenAI o3-mini, DeepSeek R1) with test-time compute scaling; neuro-symbolic probabilistic abductive model ARLC (VSA-based) with entropy regularization",,,,unspecified,,,"Symbolic I-RAVEN and I-RAVEN-X puzzles (10 panels per row vs 3, up to 100x more attribute values); I-RAVEN-X extended with confounding attributes and smoothened attribute distributions; no dataset sizes in excerpt",other,not_applicable,no training for LRMs (prompting with test-time reasoning); ARLC trained with entropy-regularized probabilistic abduction,other,FALSE,,FALSE,FALSE,0.866,,,,,,accuracy,,0.17,,,,,,accuracy,,0.696,,,raw_delta,0.696,,,,FALSE,Paper directly reports 'o3-mini loses up to 69.6% accuracy' from standard I-RAVEN to I-RAVEN-X with uncertainty; converted from percentage to proportion,FALSE,,,,,,none,,,,FALSE,FALSE,FALSE,,FALSE,,,none,not_addressed,TRUE,https://github.com/IBM/raven-large-language-models,,,,partial,4,"Directly quantifies OOD/compositional generalization failure in large reasoning models: extending reasoning rules (I-RAVEN to I-RAVEN-X) plus perceptual uncertainty collapses o3-mini from 86.6% to 17.0% and R1 from 80.6% to 23.2% (near chance), while a neuro-symbolic model stays at 88.0% - a sharp quantitative demonstration of the generalization failure at the heart of the sigma-trap, though the uncertainty manipulation is synthetic.",2,"No explicit alignment framing; relevance is indirect through reliability of large reasoning models under OOD conditions, which matters for trustworthy deployment, but the paper does not discuss safety, goal misgeneralization, or alignment mechanisms.",TRUE,"Three-bin discretization oversimplifies real perception modules which would distribute uncertainty more broadly; encoding uncertainty yields longer and less efficient LRM prompts that may impair reasoning; unimodal nature of LLMs/LRMs constrains evaluation to purely symbolic datasets, not extended to the visual domain",,TRUE,Open-domain robust analogical reasoning models remain a mirage and need future investment; more thorough investigation of the simulated perceptual-uncertainty limitations is left to future work,,"Reasoning tokens for o3-mini: 7209 (base) -> 18,589 (combined noise), 53,596 at high reasoning effort (accuracy 31.0%); arithmetic reasoning gains up to 65.4% for LRMs; random chance accuracy 12.5%; ARLC Pareto-frontier accuracy-cost scaling vs o3-mini",EX1,"arXiv preprint 2503.11207. Main-form values = o3-mini; I-RAVEN treated as ID, I-RAVEN-X with confounders + smoothened attribute distributions as OOD. Abstract and Section 5.3 differ slightly on R1 combined-noise accuracy (23.2% vs 22.8%); abstract value used. Confounder-only task-accuracy drops: o3-mini 11.2%, R1 5.8%; smoothening-only: o3-mini 5.4%, R1 up to 19.8%."
S150,P02_0810,Compositional Generalization via Semantic Tagging,Hao Zheng; Mirella Lapata,2020,http://arxiv.org/abs/2010.11818v2,,2010.11818v2,FALSE,empirical,,preprint,GeoQuery,,Also ATIS and WikiSQL subset (not in vocabulary); semantic parsing to lambda-calculus and SQL,compositional,FALSE,,LSTM,rnn_family,"Two-stage decoding: input first tagged with semantic symbols, then seq2seq parser generates meaning representation conditioning on utterance and tag sequence; base seq2seq archs: Transformer, LSTM, RoBERTa; ST = semantic tagging, AS = attention supervision",,,,unspecified,,,"GeoQuery (lambda-calculus and SQL), ATIS (lambda-calculus and SQL), WikiSQL subset; question-based vs query-based splits; results averaged over 5 random seeds",other,not_applicable,two-stage decoding with semantic tagging (ST); attention supervision (AS) variant; GECA baseline uses data augmentation,,FALSE,,FALSE,FALSE,,,,,,,,,0.521,,5,,,,accuracy,,,,,none,,,,,FALSE,"No effect size; absolute-point gains reported descriptively (6.2 on ATIS lambda, 10.8 on GeoQuery SQL over RoBERTa)",FALSE,,,,,"No representation-level coherence proxy; semantic tagger is a task-level decoding component (per-word semantic symbol prediction), not a representation analysis",none,,,,FALSE,FALSE,TRUE,5,FALSE,,,none,not_addressed,TRUE,https://github.com/mswellhao/Semantic-Tagging,TRUE,https://github.com/mswellhao/Semantic-Tagging,,medium,4,"Directly targets compositional generalization failure (sigma-trap): standard seq2seq semantic parsers fail on unseen compositions of seen components, and the semantic-tagging two-stage decoding framework improves compositional generalization across architectures (Transformer, LSTM, RoBERTa) and semantic formalisms, though it still fails on unseen syntactic structure.",1,"No connection to AI safety, alignment, or goal misgeneralization; purely a natural language semantic parsing methodology paper.",TRUE,"Semantic tagging requires alignments between linguistic expressions and atomic semantic symbols; gains are limited on ATIS SQL due to bridging columns that do not align with any linguistic expression, and the method fails to generalize to unseen compositions of seen syntactic structures (e.g., Cats like fish that like water).",,TRUE,How to automatically select appropriate symbols as semantic tags is left for future work; the authors would like to extend the approach to learning syntactic generalizations.,,"Execution accuracy on WikiSQL (Coarse2Fine+ST 71.3); where-clause accuracy (75.0 with ST, 4.3-point absolute gain); tagger semantic-symbol accuracy 86.2% on GeoQuery lambda",EX1,"arXiv:2010.11818v2. Main-form = LSTM+ST on GeoQuery lambda-calculus (52.1%, the flagship discussed number); Table 3 does not specify question vs query split in the excerpt, so ID/OOD labels are uncertain. Prefill hint benchmarks 'SCAN; Vision' contradicted by excerpt (GeoQuery/ATIS/WikiSQL)."
S151,P02_0811,Systematic Generalization with Edge Transformers,Leon Bergen; Timothy J. O'Donnell; Dzmitry Bahdanau,2021,http://arxiv.org/abs/2112.00578v1,,2112.00578v1,TRUE,empirical,,conference,CFQ,COGS; other,CLUTRR relational reasoning (test k=2..10); CFQ dependency parsing,compositional,FALSE,,TransformerEncDec,transformer,"Edge Transformer: Transformer variant with 3D tensor edge states (vector per pair of input nodes) and triangular attention inspired by unification in logic programming, O(n^3) complexity; encoder-decoder version for CFQ semantic parsing; graph version for COGS; baselines: Universal Transformer, vanilla Transformer, Relation-aware Transformer, BiLSTM, LSTM+Lex, T5-small",,,,unspecified,20000,,"CFQ: random-split training reduced from ~90K to ~20K examples to increase hyperparameter sensitivity; SPARQL queries >50 tokens filtered out; hyperparameters tuned on random split, compositional splits kept for testing. COGS: trained on graph representation of semantic parses",standard_Adam,not_applicable,,standard_Adam,FALSE,,FALSE,FALSE,0.9908,0.001,5,,,,exact_match,,0.2469,0.0127,5,,,,exact_match,,0.7439,0.00569719,,none,,,,,FALSE,"No effect sizes reported; head-to-head MCD advantage vs baselines described in text (17-30% EM on MCD2/3 dependency parsing, ~3pp on CFQ, +9pp on COGS) without formal effect sizes",FALSE,,,,,No representation-level coherence proxy measured; edge-state architecture analyzed behaviorally via ablations only,none,,,,FALSE,FALSE,TRUE,5,FALSE,,,none,not_addressed,TRUE,https://github.com/bergen/EdgeTransformer,FALSE,,FALSE,partial,4,"Directly targets the sigma-trap: documents systematic generalization failure of Transformers, GNNs, and pretrained models on compositional benchmarks, then shows an edge-state + triangular-attention architecture (inspired by symbolic AI) recovers large OOD gains (CFQ MCD ~24.7%, COGS 87.4%, CLUTRR extrapolation), with ablations isolating the mechanism; focused on architecture, not training dynamics or schema coherence.",1,"No connection to AI alignment, safety, or goal misgeneralization; a model-architecture paper on systematic generalization in NLP and reasoning tasks.",TRUE,"O(n^3) computational complexity and memory footprint limit applicability: CFQ training requires filtering SPARQL queries >50 tokens and 1-2 days on 4 V100 GPUs, making larger hyperparameter search prohibitively expensive; hyperparameters for COGS were not tuned (taken from Ontanon et al. 2021).",,FALSE,,,"CFQ dependency parsing MCD3: EM 89.1 +-0.2, LAS 96.3 +-0.1 (10 runs); CLUTRR accuracy across test k=6..10; dependency-tree F1 mentioned for the dependency parsing setting; CFQ MCD per-split EM: MCD1 47.73+-3.63, MCD2 13.14+-2.12, MCD3 13.2+-1.38",EX1,"NeurIPS 2021 (35th Conference on Neural Information Processing Systems). Main-form values = Edge Transformer on CFQ semantic parsing: ID = filtered random split 99.08+-0.1% (5 runs), OOD = MCD average 24.69+-1.27 (text says 24.67; table value used). n_seeds_value=5 for CFQ runs; CLUTRR/COGS ablation results averaged over 10 runs. 95% CIs of cited baseline papers converted to SEs; Edge Transformer's own +- are SEs."
S152,P02_0812,Compositional Generalization from First Principles,Thaddäus Wiedemer; Prasanna Mayilvahanan; Matthias Bethge; Wieland Brendel,2023,http://arxiv.org/abs/2307.05596v1,,2307.05596v1,FALSE,theoretical,,preprint,custom,,synthetic sprite-image reconstruction from latent factors (5-d component latents mapped to 64x64 RGB images),compositional,FALSE,,other,cnn_family,"Compositional model: component functions as 4 fully-connected layers followed by 4 upsampling-convolution stages, with soft pixel-wise sigmoid composition; contrasted with a monolithic non-compositional model matched in parameter count",,,,unspecified,,,"Synthetic 64x64 RGB sprite images: two sprites overlaid on a black canvas with position, size, shape, color factors; training supports varied: random full-latent coverage, orthogonal support with two planes for the foreground, normal orthogonal support, uniform diagonal support",,not_applicable,,,FALSE,,FALSE,FALSE,,,,,,,,,,,,,,,,,,,,none,,,,,FALSE,Table 1 (reconstruction MSE) values are not reproduced in the excerpt; only qualitative results are available,FALSE,,,,,Paper analyzes compositional structure of the data-generating process theoretically but measures no representation-level coherence proxy empirically,none,,,,FALSE,FALSE,TRUE,5,FALSE,,,none,not_addressed,TRUE,https://github.com/brendel-group/compositional-ood-generalization,,,,partial,4,"Foundational theoretical treatment of compositional generalization: derives sufficient conditions (compositional support, sufficient support, non-collapsed composition) on training support and architecture under which compositional generalization provably occurs, targeting exactly the sigma-trap failure observed even in models with explicit compositional priors; empirically shows failure localizes precisely where conditions are violated.",2,Broader-impact discussion notes that better generalization could increase reliability and robustness but may amplify existing biases and hinder interpretability and certifiability; no direct safety or goal-misgeneralization analysis.,TRUE,Only supervised regression with ground-truth latents studied (unsupervised setting left open); composition function assumed known; proof relies on the Jacobian of the ground-truth model and an initial-point technicality; guarantees hold only when the model perfectly matches ground truth on the training distribution.,,TRUE,Extend to unsupervised identifiable representation learning; relax the initial-point condition via a self-consistency condition; learn unknown composition functions; extend error bounds beyond perfect training fit; relax conditions using inductive biases such as shift invariance.,,reconstruction MSE on ID test set (P) and entire latent space (Q),EX1,"No quantitative results extractable: Table 1 MSE values are not reproduced in the excerpt. Qualitative findings: compositional model generalizes to the full latent space when sufficient conditions hold; generalization fails at gaps in training support, under insufficient training variability, while a collapsed composition function (alpha compositing) still generalizes. Excerpt states 'Preprint. Under review.'"
S153,P02_0813,Improving Compositional Generalization in Semantic Parsing,Inbar Oren; Jonathan Herzig; Nitish Gupta; Matt Gardner; Jonathan Berant,2020,http://arxiv.org/abs/2010.05647v1,,2010.05647v1,FALSE,empirical,,preprint,GeoQuery,custom,"text-to-SQL semantic parsing (Advising, ATIS, Scholar); DROP QA",compositional,FALSE,,LSTM,rnn_family,"Seq2Seq LSTM encoder-decoder with attention; grammar-based decoder variant; contextual ELMo/BERT concatenated with GloVe; attention extensions AttnSup (alignment supervision), Coverage, AttnSpan; hidden size 300",,,300,unspecified,,,"5 semantic parsing datasets (4 text-to-SQL: Advising, ATIS, GeoQuery, Scholar; plus DROP); compositional program-template splits following Finegan-Dollak et al. (2018); downsampling of frequent program templates",standard_Adam,not_applicable,,standard_Adam,FALSE,,FALSE,FALSE,0.722,,5,,,,exact_match,dev exact match (EM),0.512,,5,,,,exact_match,dev exact match (EM) on program-template split,0.21,,,none,,,,,FALSE,No formal effect sizes; reports relative gap (Rel. gap) between iid and program-split EM per model/dataset,FALSE,,,,,No representation-level coherence or compositionality proxy measured; analysis is at the level of attention mechanisms and decoding,none,,,,FALSE,FALSE,TRUE,5,FALSE,,,none,not_addressed,FALSE,,FALSE,,FALSE,low,5,"Directly targets compositional generalization failure in semantic parsing across five datasets: identifies four factors (contextual representations, attention supervision, coverage loss, template downsampling) that reduce the ID-OOD gap on program-template splits, while showing OOD performance remains substantially below ID - an empirical study of the sigma-trap phenomenon itself.",1,"No connection to AI alignment, safety, or goal misgeneralization; the paper is a modeling study of compositional generalization in semantic parsing.",,,,,,,"Relative gap (Rel. gap) between iid and program-split EM, development-set EM, average training duration per model",EX1,"arXiv preprint (2020; later published at EMNLP, but excerpt shows arXiv only). Main-form values = best model SEQ2SEQ+COVERAGE+ELMO on GeoQuery (dev EM). 5 random seeds, Adam, dropout p=0.5 (SQL)/0.2 (DROP), GloVe 100-dim, hidden size 300."
S154,P02_0814,A Survey on Compositional Generalization in Applications,Baihan Lin; Djallel Bouneffouf; Irina Rish,2023,http://arxiv.org/abs/2302.01067v1,,2302.01067v1,FALSE,survey_ma,,preprint,,,,,FALSE,,,,"Survey covers neural, rule-based and graph-based approaches across applications; discusses disentangled representations, emergent language learning, graph neural networks and transformers",,,,,,,,,not_applicable,,,FALSE,,FALSE,FALSE,,,,,,,,,,,,,,,,,,,,none,,,,,FALSE,Survey paper; no quantitative results or effect sizes reported.,FALSE,,,,,No representation-level coherence proxy measured; disentangled representation learning discussed only as a reviewed technique.,none,,,,FALSE,FALSE,FALSE,,FALSE,,,none,not_addressed,FALSE,,FALSE,,FALSE,low,5,"Entirely devoted to compositional generalization: provides a taxonomy of real-life application domains (healthcare, finance, dynamic pricing, recommendation, dialogue, anomaly detection), reviews systematicity/productivity formulations and neural vs rule-based approaches, and surveys the very phenomena of compositional generalization failure that the sigma-trap formalizes, though as a review it presents no new failure measurements.",2,"No direct alignment or safety content; touches on error-tolerance in sensitive domains such as healthcare and on modular, interpretable AI-augmented knowledge systems, but never addresses safety, alignment, or goal misgeneralization explicitly.",,,,TRUE,"Open problems: multitask and transfer learning across compositional domains; continuous/lifelong learning with pseudo-rehearsal to avoid catastrophic forgetting; non-stationary compositional generalization settings (e.g., anomaly detection with drift conditions for adversarial anomalies).",,,EX1,"arXiv preprint (2302.01067v1). Survey/review of compositional generalization in applications (systematicity, productivity; rule-based vs neural approaches; domains: healthcare, finance, recommendation, dialogue, anomaly detection). Discusses SCAN (Lake & Baroni 2018), disentangled representations, emergent language, and streaming-recommendation compositional embeddings (LCE). No experiments; all numeric fields empty; no sub-experiments."
S155,P02_0815,Composition-Incremental Learning for Compositional Generalization,Zhen Li; Yuwei Wu; Chenchen Jing; Che Sun; Chuanhao Li; Yunde Jia,2025,http://arxiv.org/abs/2511.09082v1,,2511.09082v1,TRUE,empirical,,conference,custom,,Compositional zero-shot learning (CZSL): MIT-States-CompIL and C-GQA-CompIL attribute-object compositions,compositional,FALSE,,ViT,vit,CLIP ViT-L/14 (CSP baseline) and CLIP ViT-B/16 (Troika) vision-language encoders; proposed pseudo-replay framework adds visual synthesizer and linguistic primitive distillation on top of CZSL baselines,,,,large,,,CZSL on MIT-States-CompIL and C-GQA-CompIL; CompIL setting: compositions arrive incrementally within a fixed primitive set; experiments vary number of compositions vs number of samples,other,not_applicable,continual composition-incremental learning: task-by-task gradient updates with pseudo-replay of synthesized compositions,,TRUE,Pseudo-replay: visual synthesizer generates visual representations of previously learned compositions; linguistic primitive distillation maintains aligned primitive representations,FALSE,FALSE,0.2081,,,,,,accuracy,,0.2754,,,,,,accuracy,,-0.0673,,,none,,,,,FALSE,"No effect sizes reported; U/S accuracies, AUC, mAUC, and forgetting fS point estimates per method",FALSE,,,,,"Linguistic primitive distillation maintains aligned primitive representations during training, but no measured representation-level coherence proxy is reported",none,,,,FALSE,FALSE,FALSE,,FALSE,,,none,not_addressed,,,,,,low,4,"Directly targets compositional generalization failure via CZSL with unseen attribute-object compositions: shows training composition count (not sample count) drives compositional capability and proposes pseudo-replay that progressively improves unseen-composition accuracy (U) while mitigating forgetting, surpassing second-best by ~2%.",1,"No connection to AI safety, alignment, or goal misgeneralization; a continual-learning compositional zero-shot methods paper.",,,,,,,"Seen/unseen composition accuracy (S/U), AUC, mAUC, forgetting fS; CCZSL primitive-incremental setting with average AUC gains of 0.6% (CSP) and 2.1% (Troika)",EX1,arXiv copy of the AAAI version (Copyright 2026 AAAI). Main-form values = proposed framework on CSP backbone (CLIP ViT-L/14) on C-GQA-CompIL. Figure 1 shows increasing training compositions boosts unseen-composition accuracy significantly more than increasing samples; prompt-based L2P/AttriCLIP fail in the CompIL setting
S156,P02_0816,Toward Compositional Generalization in Object-Oriented World Modeling,Linfeng Zhao; Lingzhi Kong; Robin Walters; Lawson L. S. Wong,2022,http://arxiv.org/abs/2204.13661v2,,2204.13661v2,TRUE,empirical,,conference,custom,,Object Library (object-oriented world modeling),compositional,FALSE,,other,gnn,"HOWM: differentiable homomorphic object-oriented world model with CNN object extractor, MLP object encoder (hidden 512), GNN transition (node/edge models share encoder arch); baselines: Sigma-N-CSWM, Monet attention (VAE)",,,512,unspecified,,,"Object Library: K objects from library of N per episode; train on subset of object combinations, eval on novel combinations; negative samples with controllable object combinations",,not_applicable,,,,,,,,,,,,,,,,,,,,,,,,,,none,,,,,FALSE,,FALSE,,,,,No representation-level coherence/compositionality proxy reported in excerpt,none,,,,,,,,,,,none,explicit_no,,,,,,low,4,"Directly formalizes compositional generalization in object-oriented world modeling via equivariance to object replacement, proposes soft compositional generalization through learned binding in latent space, and measures generalization to novel object combinations; a direct study of compositional OOD failure (the sigma-trap).",2,"World modeling for RL agents is a component of agent competence and could bear on goal misgeneralization, but the paper does not address alignment, safety, or goal misgeneralization explicitly; relevance is only indirect via compositional generalization of learned world models.",,,,,,,,EX1,Excerpt lacks results section; no quantitative results available. Proposed HOWM vs Sigma-N-CSWM and Monet baselines on Object Library. Task (RL world modeling) not in task vocabulary -> custom. n_seeds_value prefill hint (3) unconfirmed by excerpt.
S157,P02_0817,On Evaluating Multilingual Compositional Generalization with Translated Datasets,Zi Wang; Daniel Hershcovich,2023,http://arxiv.org/abs/2306.11420v1,,2306.11420v1,FALSE,dataset_benchmark,,preprint,custom,,MCWQ-R (multilingual KBQA semantic parsing),compositional,TRUE,maximum compound divergence (MCD),TransformerEncDec,transformer,mBART50 and mT5 encoder-decoder transformers; ZX-Parse adds a trained aligning layer; mT5* setup freezes the pretrained encoder and trains a randomly initialized encoder-decoder,,,,unspecified,,,"MCWQ-R: faithful rule-based translation of MCWQ (Wikidata questions, English/Chinese/Japanese) replacing neural-machine-translated MCWQ; MCD train/test splits with within-language and cross-lingual settings",,not_applicable,,,FALSE,,FALSE,FALSE,,,,,,,exact_match,,0.366,0.078,,,,,exact_match,,,,,none,,,,,FALSE,No effect size reported; cross-lingual vs within-language gaps reported as raw exact-match means,FALSE,,,,,No representation-level coherence/compositionality proxy measured; only t-SNE visualization of latent alignment,other,,"t-SNE shows latent representations of compositional utterances (especially English) remain distinct from natural MKQA utterances even after the ZX-Parse aligning layer, evidencing a domain gap, although the mechanism aligns representations across languages as intended",mBART50 embedding layers and ZX-Parse encoder (trained aligning layer),FALSE,TRUE,FALSE,,FALSE,,,none,not_addressed,TRUE,https://github.com/ziwang-klvk/CFQ-RBMT,TRUE,https://github.com/ziwang-klvk/CFQ-RBMT,FALSE,medium,4,"Directly targets compositional generalization failure (the sigma-trap): it shows neural semantic parsers generalize compositionally within language but nearly fail cross-lingually on MCD splits (mT5-small ~0.1%), quantifies the OOD gap across three models, and diagnoses how translation-induced distributional shifts confound compositional evaluation; relevance is tempered by its focus on benchmark construction rather than training dynamics or mitigation.",2,"No direct treatment of AI alignment or goal misgeneralization; relevance is indirect, through compositional generalization and cross-lingual robustness as components of dependable generalization for deployed multilingual parsers.",TRUE,"Even rule-based translation suffers distributional divergence: train-test overlap analysis shows JA/ZH structurally 'simplify' the compositions (one structure per SPARQL fragment vs several in EN); neural-translated MCWQ contains systematic GT errors that models fit, inflating monolingual scores; MCWQ-R is restricted to Chinese and Japanese KBQA over Wikidata.",,FALSE,,,,EX1,arXiv preprint (2306.11420v1). Table 8 (supplement) is garbled in the source; ood_acc_mean/sd at study level and in sub_experiments = mean/SD across the six reported cross-lingual cell means (JA/ZH x MCD1-3) per model on MCWQ-R; per-cell values listed in sub_exp notes. ID (within-language) cells could not be attributed reliably and are left empty. Subscript * = frozen-encoder mT5 setup.
S158,P02_0818,Learning Algebraic Recombination for Compositional Generalization,Chenyao Liu; Shengnan An; Zeqi Lin; Qian Liu; Bei Chen; Jian-Guang Lou; Lijie Wen; Nanning Zheng; Dongmei Zhang,2021,http://arxiv.org/abs/2107.06516v1,,2107.06516v1,FALSE,empirical,,preprint,CFQ,COGS; GeoQuery,,compositional,FALSE,,NeuralSymbolic,neurosymbolic,"LEAR: latent Tree-LSTM encoder (Composer) + Interpreter assigning semantic operations; ablations w/o Tree-LSTM, w/o abstraction, w/o semantic locality; baselines incl. Transformer, T5, HPD",,,,unspecified,,,"CFQ (MCD1/MCD2/MCD3), COGS, GEO; AdaDelta optimizer; curriculum cut-off NCL=11 applied to CFQ only; all results averaged over 5 random seeds",curriculum,not_applicable,,,FALSE,,TRUE,FALSE,,,,,,,,,0.909,,5,,0.897,0.921,accuracy,,,,,none,,,,,FALSE,No effect sizes reported; accuracies reported with 95% confidence intervals,FALSE,,,,,No representation-level coherence proxy measured; latent syntax modeled via Tree-LSTM but not evaluated with a coherence/compositionality metric,none,,,,TRUE,TRUE,TRUE,5,FALSE,,,none,not_addressed,TRUE,https://github.com/microsoft/ContextualSP,,,FALSE,partial,4,"Proposes LEAR, a neuro-symbolic model for algebraic recombination, and directly evaluates compositional generalization failure on CFQ MCD1/MCD2/MCD3, COGS, and GEO; quantifies the gap between lexical-recombination/seq2seq methods and the proposed model (e.g., HPD 67.3 to LEAR 90.9 on CFQ).",1,"No connection to AI safety, alignment, or goal misgeneralization; a semantic-parsing method paper.",FALSE,,,FALSE,,,Accuracy by input length (Fig 4); learning-rate-ratio ablations (Table 6); error case analysis (Composer/Interpreter errors),EX1,LEAR CFQ MCD-mean 90.9+/-1.2 (95% CI) read from Table 6 (LR ratio 1:0.5:0.1); COGS 97.7+/-0.7 (Table 4); GEO 84.1 (Table 5). No ID (Random split) accuracy reported. Excerpt tables partially garbled.
S159,P02_0819,Scalable Evaluation and Neural Models for Compositional Generalization,Giacomo Camposampiero; Pietro Barbiero; Michael Hersche; Roger Wattenhofer; Abbas Rahimi,2025,http://arxiv.org/abs/2511.02667v2,,2511.02667v2,TRUE,empirical,,conference,custom,,dSprites; I-RAVEN; Cars3D; MPI3d-real (visual attribute composition),compositional,TRUE,ladder of compositional generalization (c); orthotopic vs pair-wise evaluation,ResNet,cnn_family,"Evaluates vision backbones (ResNet-18/50/101/152, DenseNet, ConvNeXt, Swin, ViT, MLP, WideResNet); proposes Attribute Invariant Networks (AIN) and Entangled/ED models; ResNet-101 grokking control (43,548,619 params)",,,,unspecified,,,,,not_applicable,,,,,,,,,,,,,accuracy,,,,,,,,accuracy,,,,,none,,,,,FALSE,No effect size reported; headline claim is 23.43% accuracy improvement of AIN over baselines with parameter overhead reduced from 600% to 16%,FALSE,,,,,No representation-level coherence proxy (probing/CKA/RSA) reported in the excerpt; compositionality assessed only via OOD accuracy on attribute combinations,none,,,,FALSE,FALSE,TRUE,2,FALSE,,,none,not_addressed,TRUE,github.com/IBM/scalable-compositional-generalization,FALSE,,FALSE,partial,4,"Directly targets compositional generalization failure (the sigma-trap) in vision: a unified orthotopic evaluation framework with a difficulty ladder, >5000 models trained, AIN achieving 23.43% improvement, and a grokking control showing extended training does not yield compositional representations; no analysis of training-dynamics or schema-coherence mechanisms.",2,"No explicit connection to AI safety or alignment; relevance is indirect through compositional generalization as a failure mode, and the paper provides measurement infrastructure (evaluation framework) for it but never discusses goal misgeneralization.",,,,,,,"SEM reported per model in appendix tables; parameter count of ResNet-101 (43,548,619); training accuracy curves for grokking control",EX1,"Main-form accuracies left empty: no single primary configuration (results-section excerpt truncated); quantitative values placed in sub_experiments. Table 9 = Noisy-MPI3d-Real with 10% label noise and 2 unlabeled generative factors, c = compositional-similarity ladder level (c=3 easiest, all models 0.0 at c=0). Grokking control (ResNet-101, lr 1e-4, weight decay 0.1, up to 60k epochs, best of 2 seeds) yielded no grokking; training acc converged to 100% while OOD diverged. n_seeds_value=2 from grokking control; seeds for Table 9 not reported."
S160,P02_0820,Improving Compositional Generalization in Math Word Problem Solving,Yunshi Lan; Lei Wang; Jing Jiang; Ee-Peng Lim,2022,http://arxiv.org/abs/2209.01352v1,,2209.01352v1,FALSE,empirical,,preprint,custom,,"Math word problem solving (Math23K, MAWPS, SD)",compositional,TRUE,compound divergence,other,other,"Evaluates multiple MWP solvers: GTS (seq2seq w/ tree decoder), MathEN, BERTGen (BERT defaults), GPT-2 (GPT-2 defaults); augmentation method is model-agnostic",,,,unspecified,,,"MWP datasets Math23K, MAWPS, SD; compositional splits via compound divergence (ComDiv); synthetic SD splits isolate structural vs lexical generalization",augmentation,not_applicable,,,TRUE,iterative data augmentation composing expression trees with data ranker and two operations,FALSE,FALSE,,,,,,,accuracy,,,,,,,,accuracy,,,,,none,,,,,FALSE,,FALSE,,,,,No representation-level coherence proxy; DBCAc measures data-level compound divergence only,none,,,,FALSE,FALSE,FALSE,,FALSE,,,none,not_addressed,TRUE,https://github.com/demoleiwang/CGMWP,,,,partial,4,"Directly quantifies compositional generalization failure (the sigma-trap) on math word problems: all evaluated methods suffer severe loss on compositional splits, and compound divergence is validated as an OOD difficulty metric; proposes augmentation as mitigation but does not analyze training dynamics, flatness, or schema coherence.",1,"No connection to AI safety, alignment, or goal misgeneralization; purely a compositional-generalization benchmark and data-augmentation study for MWP solvers.",FALSE,,,TRUE,The problem is stated as still open; augmentation iteration time is a trade-off between performance gain and training time cost.,,"Human evaluation of augmented data quality: 83%/84% qualified, Cohen's kappa 0.71; training time per epoch",EX1,"IID accuracies not visible in excerpt (garbled table); per-config OOD accuracies in sub_experiments. PREFILL hint 'seeds_runs: 13' is a misread: 13 is the number of manual synthesis rules, not seeds. No seed count reported."
S161,P02_0821,Improving Compositional Generalization in Classification Tasks via Structure Annotations,Juyong Kim; Pradeep Ravikumar; Joshua Ainslie; Santiago Ontañón,2021,http://arxiv.org/abs/2106.10434v1,,2106.10434v1,FALSE,empirical,,preprint,CFQ,,CFQ classification (binary classification derived from CFQ semantic parsing),compositional,TRUE,maximum compound divergence (MCD),TransformerEnc,transformer,"ETC (Extended Transformer Construction) 6 layers, hidden 128, 16 heads; attention masks modified with parse-tree/block/cross-link structure annotations (hard and soft); baselines: LSTM (2 hidden layers, hidden 512) and vanilla Transformer (2 or 6 layers)",,6,128,small,,,"CFQ converted to binary classification (positive/negative query pairs); splits: Random, MCD; negatives: random vs model negatives",standard_Adam,not_applicable,,standard_Adam,FALSE,,FALSE,FALSE,0.9867,,,,,,accuracy,,0.9249,,,,,,accuracy,,0.0618,,,none,,,,,FALSE,No effect sizes reported; headline result is accuracy difference from adding structure annotations,FALSE,,,,,Attention masks are modified but no representation-level coherence/compositionality proxy is measured,none,,,,FALSE,FALSE,FALSE,,FALSE,,,none,not_addressed,TRUE,http://goo.gle/compositional-classification,,,FALSE,partial,4,"Directly attacks compositional generalization failure (sigma-trap) by converting CFQ into compositionally hard classification tasks and showing structure-annotation attention masks recover large accuracy gains (0.843 to 0.925 dev), arguing vanilla Transformers fail to suppress non-compositional attention.",2,No explicit connection to AI alignment or safety; contribution is architectural (attention masking) with implications for robust generalization but no safety framing.,FALSE,,Excerpt lacks a limitations section,FALSE,,Excerpt lacks an open questions section,F1; AUC,EX1,"Task is CFQ converted to binary classification; excerpt reports Train, Train (hold-out) and Dev acc/F1/AUC. ID proxy = Train (hold-out); OOD = Dev on MCD split with model negatives. Main-form values = best ETC configuration (hard+soft structure annotations). F1/AUC reported for all configs."
S162,P02_0822,Compositional Generalization with Tree Stack Memory Units,Forough Arabshahi; Zhichu Lu; Pranay Mundra; Sameer Singh; Animashree Anandkumar,2019,http://arxiv.org/abs/1911.01545v5,,1911.01545v5,FALSE,empirical,,preprint,custom,,"Equation verification (symbolic math, depth-based splits)",compositional,FALSE,,NeuralSymbolic,neurosymbolic,"Tree-SMU: recursive neural network with differentiable stack memory units; baselines: LSTM, Transformer, Tree Transformer, Tree-RNN, Tree-LSTM",,,,unspecified,40000,,"Depth-balanced equation verification dataset; ~40k train/validation equations of depth 1-7; large test set ~200k equations of depth 1-19 (~10k per depth), depths 8-19 unseen in training",,not_applicable,,,FALSE,,FALSE,FALSE,0.9352,0.0028,,,,,accuracy,,0.7957,0.0016,,,,,accuracy,,0.1395,,,none,,,,,FALSE,,FALSE,,,,,,other,,"t-SNE of learned representations: Tree-RNN representations are highly sensitive to irrelevant syntactic details (e.g., order of multiplication by 0) while Tree-LSTM and Tree-SMU cluster equivalent expressions; these representation variations propagate errors as expressions deepen",,FALSE,TRUE,FALSE,,FALSE,,,none,not_addressed,,,,,,low,4,"Directly targets compositional generalization (zero-shot generalization to novel compositions) on math reasoning, evaluating models on four compositionality tests with a depth-based OOD split (depths 8-19) against strong baselines, and proposes a memory-augmented architecture to mitigate the generalization gap.",1,"No connection to AI safety, alignment, or goal misgeneralization; purely a model architecture and generalization-performance study on symbolic math.",FALSE,,,FALSE,,,precision and recall on equation verification; stack-size ablation (stack usage vs equation depth); t-SNE visualization,EX1,"arXiv preprint (1911.01545v5). ID = validation (depths 1-7), OOD = test (depths 8-19) per Table 4. Table 4 values were partially jumbled in the text; Tree-RNN/Tree-LSTM/Tree-SMU rows reconstructed by column alignment, flagged for verification. Optimizer not specified in excerpt."
S163,P02_0823,Reinforcement Learning for Compositional Generalization with Outcome-Level Optimization,Xiyan Fu; Wei Liu,2026,http://arxiv.org/abs/2605.04920v1,,2605.04920v1,FALSE,empirical,,preprint,SCAN,CFQ; GeoQuery,,compositional,FALSE,,,,"Base model architecture not specified in excerpt; GRPO applied to a neural seq2seq model, RL-agent style outcome-level optimization",,,,unspecified,,,"Compositional benchmarks: SCAN-Length, CFQ-MCD1/2/3, GeoQuery (Geo-template, Geo-length); train/test splits unseen compositions",other,not_applicable,"GRPO (Group Relative Policy Optimization), outcome-level RL with binary or composite reward vs SFT baseline",,FALSE,,FALSE,FALSE,,,,,,,,,0.8328,,,,,,exact_match,pass@1 sampled top-k exact-match,,,,none,,,,,FALSE,No effect sizes reported in excerpt,FALSE,,,,,No representation-level coherence proxy measured,none,,Trigram-frequency analysis on model outputs (not representations) shows SFT predicts more frequent training trigrams than GRPO; GRPO reshapes output distribution,,FALSE,FALSE,FALSE,,FALSE,,,none,not_addressed,FALSE,,FALSE,,FALSE,low,4,"Directly studies compositional generalization failure (the sigma-trap): compares token-level SFT against outcome-level GRPO RL on compositional splits (SCAN-Length, CFQ-MCD, GeoQuery) and analyzes how RL reshapes the output distribution to reduce overfitting to frequent training compositions, including trigram-frequency and length-extrapolation analyses.",2,"RL-based reward training for compositional generalization is tangential to alignment; the paper does not discuss safety, goal misgeneralization, or value alignment, only reward design for benchmark performance.",TRUE,"RL adds computational cost vs standard SFT, limiting practicality at scale; only simple reward formulations (binary and composite) explored; more sophisticated reward designs or alternative outcome-level feedback left to future work.",,TRUE,Whether more sophisticated reward designs or alternative outcome-level feedback signals can further improve compositional generalization.,,"pass@k (top-1/5/10 sampled), primitive accuracy, composition accuracy, average training trigram frequency of incorrect predictions",EX1,Excerpt partial: main results (Table 1) absent. Numeric values are pass@1 from Table 3. Base model architecture not specified in excerpt (prefill hints: Transformer-family; RNN-family). Second benchmark in Table 3 inferred as CFQ-MCD3. No ID results reported; all splits OOD-only.
S164,P02_0824,Provable Compositional Generalization for Object-Centric Learning,Thaddäus Wiedemer; Jack Brady; Alexander Panfilov; Attila Juhos; Matthias Bethge; Wieland Brendel,2023,http://arxiv.org/abs/2310.05327v2,,2310.05327v2,FALSE,theoretical,,preprint,custom,,synthetic object-centric image data (object-centric representation learning),compositional,FALSE,,other,other,"Autoencoders (encoder-decoder) with slot-structured latent space; theoretical analysis via identifiability of latents, validated on synthetic image data",,,,unspecified,,,,,not_applicable,,,,,,,,,,,,,,,,,,,,,,,,,,none,,,,,FALSE,,FALSE,,,,,No quantitative representation-coherence proxy values reported in excerpt; paper proves slot identifiability theoretically rather than measuring coherence empirically,none,,,,FALSE,FALSE,FALSE,,FALSE,,,none,not_addressed,TRUE,https://github.com/brendel-group/objects-compositional-generalization,FALSE,,FALSE,partial,4,"Core theory paper on compositional generalization: proves when autoencoders with slot-structured latents provably generalize compositionally via identifiability, compositionality and irreducibility assumptions; addresses the sigma-trap directly but only theoretically, without reporting generalization gaps on standard benchmarks.",1,"No connection to AI safety, alignment, or goal misgeneralization; the work targets perception representation learning and identifiability theory only.",,,,,,,,EX1,"Theoretical identifiability result with validation on synthetic image data; excerpt contains no quantitative results, seeds, or optimizer details, so all numeric fields left empty. Compositional generalization defined w.r.t. latent slots (training latent space Z^S to full Z)."
S165,P02_0825,A General Theory for Compositional Generalization,Jingwen Fu; Zhizheng Zhang; Yan Lu; Nanning Zheng,2024,http://arxiv.org/abs/2405.11743v1,,2405.11743v1,FALSE,theoretical,,preprint,,,,,FALSE,,,,,,,,unspecified,,,,,,,,FALSE,,FALSE,FALSE,,,,,,,,,,,,,,,,,,,,none,,,,,FALSE,,FALSE,,,,,,none,,,,FALSE,FALSE,FALSE,,FALSE,,,none,not_addressed,FALSE,,FALSE,,FALSE,low,4,"Builds a task-agnostic theory of compositional generalization: first No Free Lunch theorem for CG, a generalization bound for any CG problem, and the generative effect. Directly targets the sigma-trap (compositional generalization failure) at the level of theory, complementary to task-specific empirical studies.",1,"No connection to AI safety, alignment, or goal misgeneralization; purely a formal learning-theoretic treatment of compositional generalization.",TRUE,Retains the Lipschitz assumption (author notes the primary focus does not lie in removing it and defers that task to future work); results are task-agnostic and rely on assumptions including homeomorphism and Lipschitz conditions.,,TRUE,Author defers removal/weakening of the Lipschitz assumption to future work; combining the general theory with prior task-specific theorems is left as a path to a comprehensive understanding of CG.,,,EX1,"Pure theoretical paper (arXiv:2405.11743, Preprint. Under review.); no empirical experiments, benchmarks, or quantitative results in the excerpt, so all numeric/accuracy fields are empty. PREFILL_HINTS listed architectures (Transformer/RNN/RL-agent) and benchmarks (Math/MW) that do not appear in the excerpt."
S166,P02_0826,Disentangled Sequence to Sequence Learning for Compositional Generalization,Hao Zheng; Mirella Lapata,2021,http://arxiv.org/abs/2110.04655v2,,2110.04655v2,FALSE,empirical,,preprint,COGS,CFQ,,compositional,FALSE,,TransformerEncDec,transformer,"Seq2seq Transformer with DANGLE-ENC (adaptive re-encoding of source at each decode step); absolute/relative position encodings; GloVe embeddings; ROBERTA encoder for CFQ; baselines: TREE-MAML, LEX-LSTM, T5-BASE, ROBERTA-BASE",,,,unspecified,,,"COGS splits (CP/PP recursion, OSM, lexical, structural); CFQ MCD splits; CoGnition MT benchmark; recursion-depth splits built by moving examples with depth <= n from Gen to Train",,not_applicable,,,,,,,,,,,,,,,,,,,,,,,,,,none,,,,,FALSE,"No effect sizes reported; tables 2-4 lack reliable column-to-value mapping in excerpt, so accuracies not extracted",TRUE,disentanglement_metric,,0.26,0.63,"Entanglement ratio R = intra/inter-class variance of last-layer predicate hidden states; COGS test set, +DANGLE-ENC 0.26 vs T RANSFORMER 0.63 (lower = more disentangled); CFQ test: 0.08 vs 0.30",other,clustering,"DANGLE-ENC yields lower intra/inter-class variance ratios (COGS test R 0.26 vs 0.63; CFQ test R 0.08 vs 0.30), i.e. less entangled predicate representations; t-SNE shows predicate hidden states remain separable across unseen PP-recursion contexts, unlike vanilla Transformer",last-layer hidden states before softmax for preposition predicates,,,,,,,,none,not_addressed,TRUE,https://github.com/mswellhao/Dangle,,,,partial,4,"Directly studies compositional generalization failure (the sigma-trap) on COGS and CFQ, links failure to entangled representations in seq2seq models, and proposes DANGLE-ENC which improves CP/PP recursion and CFQ MCD generalization while yielding more disentangled hidden representations.",1,"No connection to AI safety, alignment, or goal misgeneralization; the paper is purely about improving compositional generalization in semantic parsing and MT seq2seq models.",,,,,,,,EX1,Excerpt header carries arXiv-only stamp (2110.04655v2) so peer_reviewed=FALSE. Result tables 2-4 in excerpt lack reliable column-to-value mapping; no accuracies extracted. Qualitative results: DANGLE-ENC improves CP/PP recursion; ROBERTA+DANGLE-ENC beats T5-11B-MOD on CFQ.
S167,P02_0827,"Concepts, Properties and an Approach for Compositional Generalization",Yuanpeng Li,2021,http://arxiv.org/abs/2102.04225v1,,2102.04225v1,FALSE,position,,preprint,,,,,FALSE,,,,Architecture-agnostic proposal: architecture design connecting each output component Yi only to its corresponding hidden component representation Hi (disentangled decoding) plus entropy regularization (L2 norm with added normal noise) to control representation information,,,,unspecified,,,"No dataset used; report surveys applications (instruction learning, grounding, continual learning, QA, reasoning, zero-shot learning, language inference) as related work only",,not_applicable,,,FALSE,,FALSE,FALSE,,,,,,,,,,,,,,,,,,,,none,,,,,FALSE,No experimental results or effect sizes reported,FALSE,,,,,Discusses disentangled representations and entropy conceptually but reports no measured representation-level coherence/compositionality proxy,none,,,,FALSE,FALSE,FALSE,,FALSE,,,none,not_addressed,FALSE,,FALSE,,FALSE,low,4,"Directly addresses compositional generalization failure (the sigma-trap) as its central topic, proposing an information-theoretic account (component entropy, conditional independence) and an approach combining architecture design and entropy regularization to make networks learn compositionality; relevance is tempered by the absence of any empirical evaluation, benchmark, or quantitative result in the report.",2,"No direct treatment of AI alignment, safety, or goal misgeneralization; indirect relevance only through compositional generalization as a foundational capability for robust, dependable generalization of AI systems.",FALSE,,,TRUE,"Shares conjectures to partially explain human behaviors (e.g., system 1 and system 2 cognition); aims to clarify fundamentals of compositional generalization and advance AI; notes the inference problem of whether models still work on test distributions.",,,EX1,"Conceptual position report (arXiv 2102.04225v1) connecting a series of the author's prior works; contains no experiments, datasets, or quantitative results in the excerpt, so all numeric and result fields are left empty; SGD is discussed as an implicit source of training losses (stochastic sampling, gradient descent bias), not as an experimental regime."
S168,P02_0828,Consistency of Compositional Generalization across Multiple Levels,Chuanhao Li; Zhen Li; Chenchen Jing; Xiaomeng Fan; Wenbo Ye; Yuwei Wu; Yunde Jia,2024,http://arxiv.org/abs/2412.13636v1,,2412.13636v1,TRUE,empirical,,conference,custom,,GQA-CCG (visual question answering); Charades-CG (temporal video grounding),compositional,FALSE,,MLP,mlp,"Model-agnostic meta-learning framework (MLO) with multiple meta-weight-nets (small MLPs) generating sample weights; best config CFR+MLO; applied to MAC, LCGN, MMN, CFR, VL-T5; LVLM baselines BLIP-2, MiniGPT-4",,,,unspecified,,,GQA-CCG dataset (multi-level novel compositions over GQA); training set divided into multiple validation sets by compositional complexity,meta_learning,not_applicable,,,FALSE,,FALSE,TRUE,0.7051,,,,,,accuracy,,0.7423,,,,,,accuracy,,-0.0372,,,none,,,,,FALSE,"No effect sizes reported; absolute percentage gains in consistency mentioned (e.g., 2.81% for CFR)",FALSE,,,,,"No representation-level coherence proxy measured; consistency is evaluated behaviorally across composition levels, not on internal representations",none,,,,FALSE,FALSE,FALSE,,FALSE,,,none,not_addressed,TRUE,https://github.com/NeverMoreLCH/CCG,TRUE,https://github.com/NeverMoreLCH/CCG,FALSE,medium,4,"Directly studies compositional generalization failure (the sigma-trap) across phrase-phrase, phrase-word, and word-word composition levels; shows VQA models, even 37B-parameter LVLMs, reach only ~40% consistency, and proposes a meta-learning framework to fix it.",1,"No connection to AI safety, alignment, or goal misgeneralization; a VQA compositional generalization method paper.",FALSE,,,FALSE,,,Consistency score (49.27 for CFR+MLO); phrase-phrase/phrase-word/word-word accuracy; recall@0.5 and R5@0.5 on Charades-CG temporal grounding,EX1,"Main values from CFR+MLO: GQA-CCG overall accuracy 74.23%, consistency 49.27%; IID GQA test-dev 70.51% (Table 2). MAC+MLO ablation values differ (62.07 baseline to 63.98 with S-to-C learning). No seeds reported in excerpt."
S169,P02_0829,On Provable Length and Compositional Generalization,Kartik Ahuja; Amin Mansouri,2024,http://arxiv.org/abs/2402.04875v6,,2402.04875v6,FALSE,theoretical,,preprint,other,,,compositional,FALSE,,TransformerEncDec,transformer,"Theory covering deep sets, transformers, state space models (SSMs) and RNNs as sequence-to-sequence hypothesis classes; limited-capacity variants with structured and less-structured assumptions; chain-of-thought supervision for higher capacity counterparts",,,,unspecified,,,,,not_applicable,,,FALSE,,FALSE,FALSE,,,,,,,other,"risk R(h, t) per sequence length",,,,,,,other,"risk R~(h, t) per sequence length",,,,none,,,,,FALSE,"Theoretical guarantees stated as epsilon-error bounds (R~(h, t) <= epsilon for all t), not effect sizes",FALSE,,,,,No representation-level coherence proxy measured; theoretical analysis of hypothesis classes only,none,,,,FALSE,FALSE,FALSE,,FALSE,,,none,not_addressed,FALSE,,FALSE,,FALSE,low,4,"Directly addresses the sigma-trap by giving the first provable guarantees for when length and compositional generalization hold for seq2seq models (deep sets, transformers, SSMs, RNNs), identifying diversity of training distribution and capacity constraints as the governing conditions, and proving limits of the existing paradigm; theoretical only, no empirical measurement of failure magnitude.",2,"Motivated by reasoning and planning failures of LLMs (memorization vs general algorithms debate), which is relevant to capability reliability, but the paper does not discuss alignment, safety, or goal misgeneralization.",TRUE,"Assumptions: realizability, limited-capacity structured hypothesis classes, constrained learner requiring epsilon-optimal error per training sequence length; nonlinear attentions but not softmax attention covered in main theorems; optimization bias toward subsets of solutions not modeled",,TRUE,Conjecture 1: adapt Theorem 12 to softmax attention; Conjecture 2: account for optimization bias toward subsets of solutions and its effect on length-generalization thresholds T0; extend guarantees to the non-realizable case,,"epsilon-error bounds per sequence length (R~(h, t) <= epsilon)",EX1,"Theory paper (arXiv only, not peer-reviewed); results-section excerpt contains theorems and proofs, no empirical results, so no accuracy numbers or seed counts (prefill hint of 5 seeds not confirmable). Studies both length generalization and compositional generalization; length generalization is the more emphasized form. Task benchmarks (COGS/CLOSURE/Math) hinted at screening but not named in the excerpt, so task_primary left as other."
S170,P02_0830,On Compositional Generalization of Neural Machine Translation,Yafu Li; Yongjing Yin; Yulong Chen; Yue Zhang,2021,http://arxiv.org/abs/2105.14802v1,,2105.14802v1,FALSE,dataset_benchmark,,preprint,custom,,NMT en-zh translation (CoGnition),compositional,TRUE,compound translation error rate,TransformerEncDec,transformer,"Transformer BASE (Fairseq): 6-layer encoder + 6-layer decoder, hidden 512, tied target embeddings, BPE 3k merges (5.5k subwords), Adam (beta1=0.1, beta2=0.98), 100k steps, best val checkpoint",,12,512,small,196246,,"CoGnition en-zh: 196,246 train / 10,000 val / 10,000 random test / 10,800 CG test sentence pairs; 2,160 compounds x 5 contexts",standard_Adam,not_applicable,,standard_Adam,FALSE,,FALSE,FALSE,0.6958,,,10000,,,BLEU,,0.4866,,,10800,,,BLEU,,0.2092,,,none,,,,,FALSE,,FALSE,,,,,No representation-level coherence proxy measured,none,,,,FALSE,FALSE,FALSE,,FALSE,,,none,explicit_no,,,,,,low,4,"Builds the CoGnition benchmark to quantify compositional generalization failure (sigma-trap) in NMT: CG test drops >20 BLEU vs random test, 27.31% instance / 61.62% aggregate compound error, with systematic analysis of frequency, length, co-occurrence, and linguistic factors; single architecture only, no training-dynamics or representation-level analysis.",1,"No connection to AI safety, alignment, or goal misgeneralization; purely an NMT compositional-generalization benchmark and analysis paper.",FALSE,,,FALSE,,,"Compound translation error rate (instance 27.31%, aggregate 61.62%; NP/VP/PP subsets; zero-shot 27.53%, few-shot 5.00%, many-shot 0); BLEU 99.74 on training context sentences",EX1,Main-form values = Transformer BASE on CoGnition; BLEU converted to 0-1 proportions. Per-split values in sub_experiments. BPE/jieba preprocessing noted.
S171,P02_0831,DiNeR: a Large Realistic Dataset for Evaluating Compositional Generalization,Chengang Hu; Xiao Liu; Yansong Feng,2024,http://arxiv.org/abs/2406.04669v1,,2406.04669v1,FALSE,dataset_benchmark,,preprint,custom,,DiNeR (DIsh NamE Recognition) - recognize dish names composed of food/action/flavor components from Chinese recipe instructions,compositional,TRUE,"compound divergence (TMCD splits at 0.98, 0.8, 0.6)",T5,transformer,"T5-base pretrained on large Chinese corpus, with continual pretraining on 500k recipes and CP-FT (compositional prompting fine-tuning with auxiliary component-prediction subtasks); LLM baseline: GPT-3.5-turbo with selective demonstrations",,,,small,,,"Dataset: 3,811 dishes, 228,114 recipes (223,581 samples per Table 1); 20% of training set held as validation; continual pretraining corpus ~500k recipes",standard_Adam,not_applicable,,standard_Adam,FALSE,,FALSE,FALSE,0.844,,,,,,F1,micro F1 over predicted dish-name components; exact match also reported,0.592,,,,,,F1,micro F1 over predicted dish-name components; exact match also reported,0.252,,TRUE,none,,,,,FALSE,"Paper reports raw ID-OOD drops (31.6% F1, 44.7% EM for plain T5) but no standardized effect sizes",FALSE,,,,,No representation-level coherence/compositionality proxy measured,none,,,,FALSE,FALSE,FALSE,,FALSE,,,none,not_addressed,TRUE,https://github.com/Jumpy-pku/DiNeR,TRUE,https://github.com/Jumpy-pku/DiNeR,FALSE,medium,4,"Large realistic compositional generalization benchmark (TMCD splits via compound divergence) directly quantifying sigma-trap failure: plain seq2seq T5 drops 31.6% F1 and 44.7% EM from ID to OOD, with an inverse-scaling phenomenon between OOD accuracy and training data scale under large distribution shift.",2,"Documents GPT-3.5 failure to compositionally generalize (overfitting observed dish names, 9.1% EM on AddOne) but has no explicit alignment or safety framing.",TRUE,,Excerpt contains a 'Limitations' section header but its content is truncated in the excerpt,TRUE,The ID-OOD performance gap remains unsolved; further study of inverse-scaling under distribution shift.,,exact match accuracy; F1 by component type (food/action/flavor); F1 by generalization form (CombTwo/AddOne/RecoTwo/RecoThree),EX1,Metric primary = micro F1. Main-form values = best T5-based config (continual pretraining + CP-FT) on Random (ID) and TMCD (OOD) splits. TMCD splits at compound divergence 0.98; 0.8/0.6 variants used for controllability analysis. GPT-3.5 evaluated on annotated test set only.
S172,P02_0832,The Mystery of Compositional Generalization in Graph-based Generative Commonsense Reasoning,Xiyan Fu; Anette Frank,2024,http://arxiv.org/abs/2410.06272v1,,2410.06272v1,FALSE,empirical,,preprint,custom,,"CGGC (Compositional Generalization Challenge for Graph-based Commonsense Reasoning, built on CommonGen)",compositional,FALSE,,GPT,transformer,"Seven decoder-only LLMs with in-context learning: Llama2, Llama2-chat, Mistral, Mistral-chat, Falcon, Falcon-chat, GPT-J; verification model = Llama2 + feed-forward classification layer",,,,unspecified,11591,,"CGGC extends CommonGen: graph-based generative commonsense reasoning over ConceptNet graphs; composition split train 11,591 concept sets, test 7,728; verification split train 6,375, val 1,125; 468 compositional graph labels; graphs with two relation primitives; ~11 words per target sentence",other,not_applicable,in-context learning; demonstration order arranged easy-to-hard by graph-structure difficulty,,FALSE,,FALSE,FALSE,,,,,,,,,,,,,,,,,,,,none,,,,,FALSE,,FALSE,,,,,,none,,,,FALSE,FALSE,FALSE,,FALSE,,,none,not_addressed,TRUE,https://github.com/Heidelberg-NLP/CGGC,TRUE,https://github.com/Heidelberg-NLP/CGGC,,medium,4,"Directly studies compositional generalization of LLMs on a new benchmark where reasoning graphs contain previously unseen combinations of relation types, analyzes graph-structure difficulty, and shows easy-to-hard demonstration ordering improves compositional generalization of performant LLMs.",2,"Relevant to alignment via LLM reliability: documents that performant LLMs struggle on compositional generalization in graph-based reasoning, a precursor to goal misgeneralization, but the paper itself makes no safety or alignment claims.",FALSE,,,FALSE,,,"verification-model filtering rate (%) per model (id vs ood, Table 13); human evaluation of graph relevance (91% relevance accuracy, 96% agreement, Cohen's kappa 81.13%)",EX1,"Excerpt contains dataset construction details and verification-model filtering rates but no main task accuracies for the seven evaluated LLMs; numeric accuracy fields left empty. Easy-to-hard demonstration ordering is a prompting curriculum, not a training curriculum, so curriculum_used=FALSE."
S173,P02_0833,Simple and effective data augmentation for compositional generalization,Yuekun Yao; Alexander Koller,2024,http://arxiv.org/abs/2401.09815v1,,2401.09815v1,FALSE,empirical,,preprint,COGS,CFQ; GeoQuery; SCAN,,compositional,FALSE,,T5,transformer,Pretrained seq2seq T5 parser (BART also mentioned); backtranslation model used to map sampled MRs to sentences,,,,unspecified,,,"COGS, CFQ (MCD1-3), GeoQuery (template/turnleft/length), SCAN (length) compositional splits; augmented data synthesized by sampling MRs from an induced grammar (P_train/P_test/P_uniform) and backtranslating them",augmentation,not_applicable,"Grammar-based MR sampling + backtranslation augmentation; sampling distributions P_train (training), P_test (test, upper bound), P_uniform; integration via concatenation or pretraining on synthesized data",,TRUE,MR grammar sampling + backtranslation; uniform rule weights vs training-distribution vs test-distribution sampling,FALSE,FALSE,,,,,,,,,0.993,0.004,,,,,exact_match,GeoQuery reported as execution accuracy,,,,none,,,,,FALSE,No effect sizes reported; SDs over seeds available in Table 16,FALSE,,,,,No representation-level coherence proxy measured,none,,"Perplexity curves over training show P_test-augmented models reach lowest test perplexity; analysis of why augmentation distribution matters, not a representation-level analysis",,FALSE,TRUE,FALSE,,FALSE,,,none,not_addressed,FALSE,,FALSE,,FALSE,low,4,"Directly targets compositional generalization failure (the sigma-trap): shows augmentation distribution choice (training vs test vs uniform) determines whether semantic parsers generalize to OOD compositional splits, with per-split results across COGS, CFQ, GeoQuery and SCAN and analyses of why the training distribution fails.",1,"Purely a data augmentation method for semantic parsing; no connection to AI safety, alignment, or goal misgeneralization.",TRUE,"Backtranslation model introduces noise into augmented training data (misses/alters structures, adds extra phrases); hyperparameters of the backtranslation model directly adapted from the parser without tuning; improving the backtranslation model could increase the method's benefit.",,TRUE,Better sampling methods for backtranslated sentences; converting MRs into more text-similar representations; compositional generalization in MR-to-text generation as an underexplored area.,,Test-set perplexity over training steps; execution accuracy (GeoQuery); exact-match accuracy (COGS/CFQ/SCAN); breakdown by recursion depth and observed local structures,EX1,"Main-form values = T5 +Ptest (concat) on COGS overall (best reported). Table 16 column alignment partially reconstructed from PDF text (columns: T5 | +Ptrain | +Ptest | +Punif | +Ptrain | +Ptest | +Punif, Concat then Pretrain blocks). On CFQ/COGS pretrain mode preferred (concat hurts); on SCAN concat better. PP-recursion pretrain-block cells uncertain. n_seeds_value hint '1' conflicts with reported SDs, left empty."
S174,P02_0834,Unobserved Local Structures Make Compositional Generalization Hard,Ben Bogin; Shivanshu Gupta; Jonathan Berant,2022,http://arxiv.org/abs/2201.05899v2,,2201.05899v2,FALSE,empirical,,preprint,custom,,"semantic parsing (COVR, Overnight, S2Q, ATIS)",compositional,TRUE,n-LS (unobserved local structures) decision-rule AUC,TransformerEncDec,transformer,"Fine-tuned seq2seq T5, BART, T5-L, BART-L; LSTM decoder with copying mechanism + BERT-Base encoder variant",,,,unspecified,,,"5 semantic parsing datasets; compositional splits with no program overlap between train and test (template, MCD, and adversarial n-LS splits)",,not_applicable,,,,,,,,,,,,,,,0.197,0.346,,,,,exact_match,,,,,none,,,,,FALSE,"Paper reports raw EM differences between conditions (e.g., 74.9/45.8 absolute points on 2-LS-NOSIB vs template) but no formal effect size",FALSE,,,,,,none,,,,FALSE,FALSE,FALSE,,FALSE,,,none,not_addressed,FALSE,,FALSE,,FALSE,low,4,"Directly characterizes when compositional generalization fails at the instance level: proposes unobserved local structures (n-LS) as the difficulty criterion, validates it across 5 semantic parsing datasets, and constructs adversarial compositional splits that collapse seq2seq model EM from ~94 to ~20 points; central to the sigma-trap analysis of compositional failure.",1,"No connection to AI safety, alignment, or goal misgeneralization; the work concerns instance-level difficulty prediction and data sampling for semantic parsing.",,,,,,,"Decision-rule AUC (2-LS Transformer COVR 93.3, LSTM 80.0; Overnight syn/nat 84.6/67.9); 2-LS split EM COVR 32.8±43.6, Overnight 23.1±33.6; LSTM EM COVR 70.0, Overnight 50.8/20.5, S2Q 54.1, ATIS 64.4",EX1,"Main ood fields = COVR 2-LS-NOSIB adversarial split, EM averaged across splits and 4 seq2seq models (std across models/splits, not seeds). Template splits are compositional (held-out templates), not true ID, so id fields left empty. Table 7 conditions per dataset in sub_experiments."
S175,P02_0836,"Compositional Generalization Requires Linear, Orthogonal Representations in Vision Embedding Models",Arnas Uselis; Andrea Dittadi; Seong Joon Oh,2026,http://arxiv.org/abs/2602.24264v2,,2602.24264v2,FALSE,empirical,,preprint,custom,,Compositional generalization in vision embedding models on dSprites / MPI3D / PUG-Animal (unseen concept recombinations),compositional,FALSE,,ViT,vit,"Pretrained vision-language image encoders: OpenAI CLIP (ViT-L/14), OpenCLIP, MetaCLIP, SigLIP, SigLIP2, DINO(Dv3); evaluated as frozen encoders",,,,unspecified,,,"Models are pretrained web-scale encoders (e.g., CLIP on LAION-400M); study itself does not train encoders",,,,,FALSE,,FALSE,FALSE,,,,,,,,,,,,,,,,,,,,none,,,,,FALSE,,TRUE,other,projected R2 of linear per-concept factorization; within- vs across-concept cosine similarity (orthogonality); spectral SVD analysis of residuals,,,"Measures how linearly and orthogonally representations decompose into per-concept components; e.g., within-concept cosine ~0.66-0.68 vs across-concept ~0.09-0.20 on dSprites, projected R2 ~0.22-0.68 varying by model/dataset; degree of linear factorization correlates with compositional accuracy",other,,Representations show partial linear factorization into low-rank near-orthogonal per-concept factors; residual variance spread across many SVD components (not low-rank structured); within-concept similarity consistently exceeds across-concept similarity across models and datasets,"image encoder embedding space (e.g., CLIP ViT-L/14)",FALSE,TRUE,TRUE,3,FALSE,,,none,not_addressed,TRUE,https://github.com/oshapio/necessary-compositionality,FALSE,,FALSE,partial,4,"Directly addresses compositional generalization failure (the sigma-trap) in vision embedding models: formalizes necessary geometric conditions (divisibility, transferability, stability) for CG and empirically shows partial linear/orthogonal factorization correlates with compositional accuracy on unseen combinations, explaining when and why CG fails.",2,"Grounds the Linear Representation Hypothesis as a necessary consequence of compositional generalization, which is relevant to interpretability research; no explicit discussion of AI safety, alignment, or goal misgeneralization.",,,,,,,projected R2 vs compositional accuracy correlation across train fractions; within-/across-concept cosine similarity with SDs; residual spectral explained-variance-ratio (EVR),EX1,"arXiv:2602.24264v2. Excerpt is appendix-heavy (H.5/H.6) reporting R2, orthogonality, and spectral analyses; no clean single ID/OOD accuracy numbers, so accuracy fields left empty. Main-text accuracy values not in excerpt. PREFILL_HINTS (Transformer/RNN/VAE/Diffusion; Math/MW) not supported by excerpt."
S176,P02_0837,When and How Does CLIP Enable Domain and Compositional Generalization?,Elias Kempf; Simon Schrodi; Max Argus; Thomas Brox,2025,http://arxiv.org/abs/2502.09507v3,,2502.09507v3,FALSE,empirical,,preprint,DomainNet,,,mixed,FALSE,,ResNet,cnn_family,"CLIP (contrastive vision-language) with ResNet-50 vision encoder; ablations with ViT-S-32 and Swin-T encoders, SigLIP vs CLIP loss, BLIP, and base datasets ImageNet-Captions, CC3M, CC12M; embedding dim 384-512; AdamW",,,512,unspecified,,,"Controlled training distributions over DomainNet-like domains (Clipart, Infograph, Painting, Quickdraw, Sketch); four setups: Natural-only, Leave-out-domain, CG low-diversity, CG high-diversity; base datasets ImageNet-Captions, CC3M, CC12M",standard_Adam,not_applicable,,,,,,,,,,,,,accuracy,,,,3,,,,accuracy,,,,,none,,,,,FALSE,,,,,,,Mechanistic analyses of shared representations in intermediate layers/circuits are mentioned but no coherence proxy values reported in excerpt,other,,Mechanistic analyses conclude successful domain and compositional generalization requires learning sufficiently shared representations in intermediate layers and circuits; exact proxy and values not in excerpt,intermediate layers,FALSE,TRUE,TRUE,3,,,,none,suspected,,,,,,low,4,"Directly investigates when compositional and domain generalization succeed or fail in CLIP with controlled domain-diversity and class-exposure distributions, showing compositional generalization can be weaker than domain generalization, and links success to shared intermediate-layer representations; a mechanistic study of compositional OOD failure.",1,"No connection to AI safety, alignment, or goal misgeneralization; purely an empirical/mechanistic study of CLIP's domain and compositional generalization on image domains.",,,,TRUE,Effect of dataset size and diversity of the base dataset left for future work; further investigation into CC12M domain contamination and its benefit to compositional generalization.,,,EX1,"arXiv-only stamp (2502.09507v3). Table 6 (ResNet-50/ImageNet-Captions, mean +/- SD over 3 runs): Natural-only Clipart/Infograph/Painting/Quickdraw/Sketch = 20.3+-0.7/11.8+-0.2/34.1+-1.4/0.8+-0.1/19.5+-0.7; Leave-out-domain = 27.4+-1.2/13.6+-0.6/33.8+-0.5/4.8+-1.1/30.1+-1.4. CG-setup rows in Table 6 too garbled to map; sub_experiments use Tables 7/8 (means over 3 runs, no SD shown)."
S177,P02_0838,When does compositional structure yield compositional generalization? A kernel theory,Samuel Lippl; Kim Stachenfeld,2024,http://arxiv.org/abs/2405.16391v3,,2405.16391v3,TRUE,theoretical,,conference,custom,,symbolic addition; context dependence; transitive equivalence/ordering (compositional toy tasks),compositional,FALSE,,other,other,"Kernel models with fixed, compositionally structured representations (theory object); empirical validation on convolutional networks, residual networks, and Vision Transformers; salience analysis of random-weight networks (0-20 layers, step/ReLU/leaky ReLU/rectified quadratic/Gaussian nonlinearities)",,,,unspecified,,,"Compositional tasks built from component conjunctions (symbolic addition, context dependence, transitive equivalence/ordering); DSprites disentangled-representation models in appendix",standard_SGD,not_applicable,,,FALSE,,FALSE,FALSE,,,,,,,,,,,,,,,,,,,,none,,,,,FALSE,No effect sizes or quantitative accuracy results reported in the excerpt,TRUE,compositionality_score,,,,"Introduces representational salience S(k;C), a normalized metric of how strongly each component conjunction is encoded in the representation (computed from kernel similarities); analyzed qualitatively across depth and nonlinearity (Fig. 3), no numeric values given in the excerpt",other,,"Representational salience analysis shows deep random ReLU networks increasingly encode only the full conjunction (S(C;C) approaches 1 with depth), so very deep networks implement a look-up table memorizing training data without generalizing to novel component combinations; moderately conjunctive representations still suffer memorization leak and shortcut bias.",layers of random-weight networks (0-20 layers),FALSE,FALSE,FALSE,,FALSE,,,none,not_addressed,FALSE,,FALSE,,FALSE,low,4,"Provides a formal kernel theory of when compositional structure fails to yield compositional generalization (the sigma-trap): it proves compositionally structured kernel models are restricted to conjunction-wise additive functions, identifies two concrete failure modes (memorization leak and shortcut bias) driven by training-data statistics, and shows when very deep networks memorize rather than generalize; relevance tempered by the absence of benchmark-scale empirical results in the excerpt.",2,"No direct treatment of AI alignment, safety, or goal misgeneralization; relevance is indirect via understanding and remedying compositional generalization failure modes in deep learning models, which bears on dependable generalization.",TRUE,"Theory is restricted to kernel models with fixed, compositionally structured representations (treated as the best-case scenario for compositional generalization); extension to randomly sampled or learned representations is a conjecture with preliminary evidence (in expectation, and empirically on DSprites in the appendix).",,TRUE,"Whether learned disentangled representations are useful for downstream compositional generalization remains unclear; framework grounds research into learning mechanisms that implement compositional computations other than conjunction-wise additivity, and helps design hard benchmark tasks not solvable by kernel models.",,,EX1,"ICLR 2025 conference paper (arXiv 2405.16391v3). Central contribution is theoretical (Theorem 4.2: conjunction-wise additivity; impossibility of transitive equivalence generalization); empirical validation on CNNs/ResNets/ViTs and DSprites is claimed in the abstract but the excerpt contains no quantitative accuracy values, so all numeric result fields are left empty."
S178,P02_0839,Syntax-Guided Transformers: Elevating Compositional Generalization and Grounding in Multimodal Environments,Danial Kamali; Parisa Kordjamshidi,2023,http://arxiv.org/abs/2311.04364v1,,2311.04364v1,FALSE,empirical,,preprint,gSCAN,custom,GSRR; ReaSCAN (grounded instruction following),compositional,FALSE,,TransformerEnc,transformer,Syntax-guided Transformer encoder with dependency-parsing attention masking and weight sharing across the encoder; multimodal grounding over image cells; 1.9M parameters,1900000,,,small,,,"gSCAN, GSRR, ReaSCAN multimodal instruction-following datasets; results averaged over 3 runs",,not_applicable,,,FALSE,,FALSE,FALSE,,,,,,,,,0.6049,0.002,3,,,,accuracy,,,,,none,,,,,FALSE,No effect sizes reported; accuracy with std over 3 runs,FALSE,,,,,No representation-level coherence proxy; attention-masking effects analyzed via cross-attention maps,attention_patterns,,"Cross-attention focuses on the target object in 86% of validation samples after masking; masked attention distributions are sparser, phrase tokens attend to cohesive environment cells","cross-attention, encoder layers",FALSE,TRUE,TRUE,3,FALSE,,,none,not_addressed,FALSE,,FALSE,,FALSE,low,4,"Directly targets compositional generalization failure (the sigma-trap) in grounded multimodal settings; shows syntax-guided attention masking improves gSCAN/GSRR/ReaSCAN generalization, including unobserved reasoning depths (ReaSCAN C1), while failing on systematic-output splits D and G.",1,"No connection to AI safety, alignment, or goal misgeneralization; a multimodal grounding and generalization method paper.",TRUE,"Controlled synthetic datasets may not capture real-world complexity; performance tied to pre-trained parser accuracy (error propagation); hyperparameter search limited by computational constraints; failure on gSCAN splits D, G, and H (systematic output-sequence generalization).",,FALSE,,,"Parameter counts (74K LSTM, 3M/4.6M baselines, 1.9M ours); cross-attention focus analysis (86% of validation samples)",EX1,"Main values = Syntax-guided Transformer (Dependency masking) on gSCAN: 60.49 +/-0.20 avg across splits, with D and G splits 0.00 (included in average). GSRR avg 99.07 +/-0.16; ReaSCAN avg 85.22 +/-0.87. All results average of 3 runs."
S179,P02_0840,Diverse Demonstrations Improve In-context Compositional Generalization,Itay Levy; Ben Bogin; Jonathan Berant,2022,http://arxiv.org/abs/2212.06800v3,,2212.06800v3,FALSE,empirical,,preprint,GeoQuery,,SMCalFlow-CS (third semantic parsing dataset not named in excerpt),compositional,TRUE,unobserved local structure (ULS) rate,T5,transformer,"Pretrained LMs for in-context learning: T5 (finetuned setup), Codex and GPT-3 (pure ICL setup); SBERT embeddings for utterance similarity",,,,unspecified,,,,other,not_applicable,in-context learning prompting (24 demonstrations) plus optional finetuning,,,,,,,,,,,,accuracy,,,,,,,,accuracy,,,,,none,,,,,FALSE,No numeric accuracy values in the excerpt to derive an effect size from; qualitative claim that Cover-LS outperforms Top-K by a significant margin,FALSE,,,,,"No representation-level coherence proxy measured; structural coverage is measured in the prompt space, not the model's internal representations",none,,,,FALSE,FALSE,FALSE,,FALSE,,,none,not_addressed,TRUE,https://github.com/itayle/diverse-demonstrations,TRUE,,FALSE,medium,4,"Directly targets compositional generalization failure (the sigma-trap) in semantic parsing under in-context learning: proposes diversity-based demonstration selection (Cover-LS) covering predicted output structures, shows it outperforms similarity-based Top-K across compositional splits, and ties hardness to unobserved local structures (ULS); limited to prompting methodology with no analysis of internal mechanisms.",1,"No connection to AI safety, alignment, or goal misgeneralization; purely an in-context-learning prompting methodology paper for semantic parsing.",TRUE,Assumes diversity is obtained via different program structures and that recall matters more than precision in Cover-LS; does not predict whether a specific structure should be covered; does not consider more complex utterance features beyond words/symbols; retriever choice differs between NoFT and FT setups without a principled explanation,,TRUE,Understand why different retrievers are preferred in different setups; consider both input utterances and programs for retrieval; improve gold-structure coverage with diversity-targeted beam search methods,,"Prompt metrics for 24-demonstration prompts: symbol coverage, LS coverage, utterance similarity (SBERT cosine), number of unique LSs; ULS rate and T5 accuracy by test-example group (Fig. 4)",EX1,"Results reported only via figures and a referenced Table 4 whose values are absent from the excerpt, so no numeric accuracies or seed counts are extractable (prefill hint of 3 seeds not confirmable). Datasets: GeoQuery TMCD and SMCalFlow-CS 8-C explicitly named; third dataset not named. Qualitative findings: Cover-LS beats Top-K and random across compositional splits in both pure ICL and finetuning setups; oracle Cover-LS best; Top-K good on i.i.d. splits but poor on compositional splits; limiting training-time coverage to LS size 1 (Cover-LS1) is crucial."
S180,P02_0841,Exploring the Compositional Generalization in Context Dependent Text-to-SQL Parsing,Aiwei Liu; Wei Liu; Xuming Hu; Shuang Li; Fukun Ma; Yawen Yang; Lijie Wen,2023,http://arxiv.org/abs/2306.04480v1,,2306.04480v1,FALSE,empirical,,preprint,custom,,"Context-dependent text-to-SQL (SParC-CG, CoSQL-CG)",compositional,FALSE,,other,other,"Multiple parsers evaluated: STaR, RASAT, LGESQL, SCoRe, T5-3B; base models for p-align: SPIC (CONCAT) with BERT-Base/Large, LGESQL+ELECTRA-Large",,,,unspecified,,,"Two constructed compositional benchmarks SParC-CG and CoSQL-CG, built by recombining modification patterns of SQL statements",,not_applicable,,,FALSE,,FALSE,FALSE,,,,,,,accuracy,,,,,,,,accuracy,,,,TRUE,none,,,,,FALSE,Paper reports average QM-accuracy decreases on CG benchmarks directly (39.3 and 33.6 points) - captured in sub_experiments id_ood_gap,FALSE,,,,,"No representation-level coherence proxy measured; p-align operates on utterance-query alignment during training, not on internal representations",none,,,,FALSE,FALSE,FALSE,,FALSE,,,none,not_addressed,,,,,,low,4,"Constructs two compositional-generalization benchmarks (SParC-CG, CoSQL-CG) and shows all current context-dependent text-to-SQL models degrade severely on CG splits (39.3 and 33.6 points on average), diagnosing the sigma-trap in a real database-querying setting; mitigation (p-align) is task-specific with no link to training dynamics or schema coherence.",1,"No connection to AI safety, alignment, or goal misgeneralization; a compositional generalization study of text-to-SQL parsers.",FALSE,,,TRUE,Improving alignment between utterances and queries is proposed as a potential direction for future research on compositional generalization.,,"Per-SQL-component QM accuracy (SELECT, WHERE, GROUP BY, etc.); error-type statistics (context info vs modification info errors); per-difficulty (easy/medium/hard/extra hard) and per-conversation-turn analyses",EX1,"Numbers in excerpt are averages over model sets (STaR/RASAT/LGESQL etc.) or deltas; per-model accuracies not reliably attributable due to garbled table layout, so only directly-reported deltas are recorded. QM = question match accuracy."
S181,P02_0842,Improving Compositional Generalization Using Iterated Learning and Simplicial Embeddings,Yi Ren; Samuel Lavoie; Mikhail Galkin; Danica J. Sutherland; Aaron Courville,2023,http://arxiv.org/abs/2310.18777v1,,2310.18777v1,TRUE,empirical,,conference,custom,,"Molecular graph property prediction (ogbg-molhiv AUROC, ogbg-molpcba avg precision, PCQM4Mv2 MAE); controlled vision tasks with known latent factors",,FALSE,,GCN,gnn,Standard GCN and GIN backbones (OGB defaults) with SEM (simplicial embedding method: linear transform + softmax-like discretizing operation) and SEM-IL (SEM + iterated learning with reset-and-relearn across generations); baseline+ adds an embedding layer for parameter fairness,,,,small,,,OGB molecular datasets; half-split = train on half of training data less similar to validation/test sets; vision experiments (Figure 3) on datasets with known generating factors,other,not_applicable,iterated learning: multiple generations of reset-and-relearn with simplicial embeddings under compressibility and expressivity pressures,other,FALSE,,FALSE,FALSE,0.8489,0.0068,5,,,,AUC,,0.7402,0.0078,5,,,,AUC,,0.1087,0.00462774,,none,,,,,FALSE,No effect sizes; differences reported as mean AUROC with SD across 5 seeds,TRUE,linear_probe_acc,graph probing (linear head on frozen z predicting molecular substructure fingerprints),0.878,0.801,"Graph-probing AUROC averaged over 10 substructures (GCN, trained on molhiv): SEM-IL 0.878 vs baseline 0.801, Init.base 0.732; z of SEM-IL is more similar to ground-truth generating factors",probing,,Linear probes on frozen z show SEM-based methods consistently beat baseline (avg AUROC up to 0.931); task complexity in interaction phase (expressivity pressure) is the key driver of representation quality,"z (learned representation, width set equal to h, m=30, v=10)",FALSE,TRUE,TRUE,5,FALSE,,,none,not_addressed,,,,,FALSE,low,4,"Directly targets compositional generalization failure via iterated learning with simplicial embeddings, motivated by a Kolmogorov-complexity analysis of compositionality; shows consistent OOD improvements (e.g., GCN molhiv test-half AUROC 0.723 to 0.740) and that SEM-IL representations better match generating factors.",1,"Cognitive-science-inspired training method for improved generalization with no connection to AI safety, alignment, or goal misgeneralization.",FALSE,,Excerpt lacks a limitations section,TRUE,"Development of more efficient algorithms that impose compressibility and expressivity pressures simultaneously; using more complex interaction tasks (referential games, reconstruction) to strengthen expressivity pressure.",,average precision (molpcba); MAE (PCQM4Mv2); topological similarity of z in vision experiments,EX1,"OOD setting = 'half' splits (train on less-similar half of training data); the specific OOD split kind (compositional vs covariate) is not stated in the excerpt, left blank. Main-form values = GCN SEM-IL, molhiv Valid-full (ID) and Test-half (OOD). Means of 5 seeds."
S182,P02_0843,Towards Compositional Generalization of LLMs via Skill Taxonomy Guided Data Synthesis,Yifan Wei; Li Du; Xiaoyan Yu; Yang Feng; Angsheng Li,2026,http://arxiv.org/abs/2601.03676v1,,2601.03676v1,FALSE,empirical,,preprint,custom,,Complex instruction following and agent-based skill composition (SKILL-MIX / SkillBench-style),compositional,FALSE,,GPT,transformer,LLMs post-trained with synthesized data; base LLM architecture/size not specified in excerpt; STEPS framework = skill cooccurrence graph + hierarchical skill taxonomy + constrained information maximization for data synthesis,,,,unspecified,,,"Post-training data synthesis: STEPS selects skill combinations maximizing marginal structural information within a hierarchical skill taxonomy (long-tailed, power-law skill-combination distribution targeted)",other,not_applicable,post-training data synthesis (STEPS); no fine-tuning details in excerpt,,FALSE,,FALSE,FALSE,,,,,,,,,,,,,,,,,,,,none,,,,,FALSE,,FALSE,,,,,,none,,,,FALSE,FALSE,FALSE,,FALSE,,,none,not_addressed,TRUE,https://github.com/STEPS,TRUE,https://github.com/STEPS,,medium,4,"Directly targets compositional generalization failure in LLMs and agent-based systems caused by long-tailed skill-combination data scarcity, and proposes taxonomy-guided data synthesis (STEPS) to generate compositionally challenging examples and improve downstream compositional generalization.",3,"Concerns reliable multi-skill instruction following and agent-based task execution, which bear on goal-directed behavior and instruction-fidelity in AI systems; however, no explicit safety or alignment framing is present.",FALSE,,,FALSE,,,"SkillBench judgment protocol: weighted 0.0-10.0 scoring (skill synthesis 40%, data fidelity 30%, technical precision 30%) with hallucination ceiling 3.0, tool-usage bonus +2.0, generic-text penalty -1.0",EX1,"Excerpt covers abstract, intro, and appendix examples (skill-combination dialogues, judgment prompt); no quantitative results reported, so all numeric fields left empty. Base LLM not named, arch_primary=GPT as closest supported value for a decoder-only LLM."
S183,P02_0845,Are Object-Centric Representations Better At Compositional Generalization?,Ferdinand Kapl; Amir Mohammad Karimi Mamaghan; Maximilian Seitzer; Karl Henrik Johansson; Carsten Marr; Stefan Bauer; Andrea Dittadi,2026,http://arxiv.org/abs/2602.16689v1,,2602.16689v1,FALSE,empirical,,preprint,custom,,"VQA on CLEVRTex, SuperCLEVR, MOVi-C (new compositional generalization benchmark)",compositional,TRUE,EASY/MEDIUM/HARD: fraction of unique object property combinations seen in training (decreased to increase difficulty),ViT,vit,Dense vision encoders DINOv2 and SigLIP2 vs object-centric counterparts DINOSAURv2 (DINOv2 + slot attention) and SigLIPSAUR2; +CA and +KMeans feature-grouping variants; downstream Transformer decoder with TF2/TF5 layers; image representations large/small,,,,unspecified,,,"Three controlled visual worlds (CLEVRTex, SuperCLEVR, MOVi-C); difficulty variants EASY/MEDIUM/HARD; sample-size sweeps 2^10-2^15 images shown in figures",,not_applicable,,,FALSE,,FALSE,FALSE,,,,,,,accuracy,,,,,,,,accuracy,,,,,none,,,,,FALSE,Results presented as accuracy-vs-compute and accuracy-vs-sample-size curves; no numeric point values in excerpt,FALSE,,,,,No explicit coherence/compositionality proxy measured; slot decomposition is the intervention itself,none,,"Core comparison is dense (DINOv2/SigLIP2) vs object-centric (DINOSAURv2/SigLIPSAUR2) representations evaluated via downstream VQA accuracy, sample efficiency and compute; no probing/CKA-style analysis of the representations themselves",,FALSE,FALSE,FALSE,,FALSE,,,none,not_addressed,FALSE,,FALSE,,FALSE,low,4,"Directly measures the sigma-trap in vision: VQA generalization to unseen combinations of object properties across three controlled worlds at three difficulty levels, comparing object-centric vs dense representations with careful controls for data diversity, sample size, representation size, downstream capacity and compute; finds OC representations win under constrained data, diversity, or compute.",2,"Relevant to alignment only via representation robustness: whether representation structure (object-centric slots) improves generalization to novel combinations bears on distributional robustness of downstream systems, but the paper never discusses safety, alignment, or goal misgeneralization.",FALSE,,,FALSE,,,VQA in-distribution and compositional OOD accuracy; sample efficiency (accuracy vs training sample size); downstream compute in PFLOPS; question-only baseline,EX1,"Excerpt contains only results figures (Figs 13-17: accuracy-vs-PFLOPS and accuracy-vs-sample-size curves per dataset and difficulty); no numeric point values extractable, so no sub_experiments emitted. Prefill hints mention NLP-OOD/RNN/MLP/RL/Diffusion but excerpt shows only ViT-based vision encoders."
S184,P02_0847,A Short Survey of Systematic Generalization,Yuanpeng Li,2022,http://arxiv.org/abs/2211.11956v1,,2211.11956v1,FALSE,survey_ma,,preprint,,,,compositional,FALSE,,,,"Survey covering Classicist vs Connectionist approaches and diverse neural architectures (RNN, Transformer, CNN, GNN, etc.) for systematic generalization",,,,unspecified,,,"Surveys language, vision, and VQA systematic generalization benchmarks (SCAN, COGS, CFQ, gSCAN, etc.)",,not_applicable,,,,,,,,,,,,,,,,,,,,,,,,,,none,,,,,FALSE,,FALSE,,,,,,none,,,,FALSE,FALSE,FALSE,,FALSE,,,none,not_addressed,FALSE,,FALSE,,FALSE,low,3,"Survey organizing the systematic (compositional) generalization literature, including Classicist/Connectionist debate, variable binding, and causality; relevant background to the sigma-trap but reports no new experiments or results.",1,"No connection to AI safety, alignment, or goal misgeneralization; purely a literature survey of systematic generalization.",TRUE,Authors note they could cover only a small portion of the many contributions in systematic generalization.,,,,,,EX1,"Survey paper; no experiments, models, or quantitative results in the excerpt, so all numeric fields left empty and a single default sub-experiment emitted."
S185,P02_0848,Compositional Generalization for Multi-label Text Classification: A Data-Augmentation Approach,Yuyang Chai; Zhuang Li; Jiahui Liu; Lei Chen; Fei Li; Donghong Ji; Chong Teng,2023,http://arxiv.org/abs/2312.11276v3,,2312.11276v3,TRUE,empirical,,conference,custom,,multi-label text classification (MLTC) on AAPD and SemEval-2018 emotion datasets with compositional label-combination splits,compositional,FALSE,,BERT,transformer,"BERT classifier; augmentation generators: Flan-T5, GPT-2-PT (prefix tuning), LS-PT, and proposed LD-VAE (label-disentangled VAE); BERT-based quality control filter",,,,unspecified,,,Compositional generalization splits of AAPD and SemEval; support set sizes varied 0/50/100/250 for ablation,augmentation,,,,TRUE,"synthetic training text generated by conditional text generators (LD-VAE, Flan-T5, GPT2-PT, LS-PT) plus BERT-based quality control filtering",FALSE,FALSE,,,,,,,,,0.3111,,,,,,accuracy,,,,,none,,,,,FALSE,,FALSE,,,,,Disentanglement of label latent representations shown only qualitatively via t-SNE (LD-VAE and Flan-T5 more disentangled than GPT2-PT); no numeric coherence/disentanglement metric reported,other,,"t-SNE visualization of label-phrase representations shows GPT2-PT encodes entangled label representations while Flan-T5 representations stay invariant across label compositions and same-label reps cluster; LD-VAE produces more disentangled, continuous latent label representations",,FALSE,FALSE,FALSE,,FALSE,,,none,not_addressed,TRUE,https://github.com/yychai74/LD-VAE,FALSE,,FALSE,partial,3,"Constructs compositional splits for multi-label text classification, shows models fail on rare label-composition concepts (a direct compositional-generalization-failure instance of the sigma-trap), and introduces a data-augmentation remedy; scope is limited to the MLTC domain.",1,"No connection to AI safety, alignment, or goal misgeneralization; a domain-specific augmentation method paper.",,,,,,,Accuracy only; t-SNE visualization of label representations; ablations on support-set size and quality-control filtering,EX1,"AAAI 2024 (copyright stamp), arXiv:2312.11276v3. Main-form ood_acc_mean = AAPD BERT+LD-VAE augmented with QC filter (Table 5, 31.11). No ID accuracy reported. Support-size ablation (Table 4): BERT classifier 32.37 (support 0) to 35.23 (support 250) on AAPD; zero-shot label generator ~10% lower than with 50 support examples; replacing label-conditioned priors with a normal prior drops BERT accuracy ~5 points on AAPD."
S186,P02_0849,Exploring Continual Learning of Compositional Generalization in NLI,Xiyan Fu; Anette Frank,2024,http://arxiv.org/abs/2403.04400v2,,2403.04400v2,FALSE,empirical,,preprint,custom,,C2Gen NLI (Continual Compositional Generalization in Inference),compositional,FALSE,,TransformerEnc,transformer,Pre-trained language model (PLM) fine-tuned for NLI; exact backbone not specified in excerpt; continual learning across primitive inference stages S1/S2 then compositional inference (TaskCI),,,,unspecified,,,"C2Gen NLI: continual learning over primitive inference tasks (veridical 'ver', customary NLI 'nat') in stages S1/S2, then compositional inference; orders ver->nat and nat->ver; CGen NLI offline baseline; continual strategies ER-Res/ER-Buff/ER-Mir/AGEM/KD",other,not_applicable,continual learning with experience replay,,,,FALSE,FALSE,,,,,,,accuracy,,,,,,,,accuracy,,,,,none,,,,,FALSE,,FALSE,,,,,No coherence/compositionality proxy quantified; representation analysis is qualitative cluster-density visualization,clustering,,"Primitive representations form clear clusters after S1; clusters loosen in S2 without continual strategy and density recovers with ER-Res; ver->nat shows denser clusters than nat->ver, consistent with lower forgetting of the easier veridical primitive",primitive representation layer (unspecified),FALSE,TRUE,,,FALSE,,,none,not_addressed,TRUE,https://github.com/Heidelberg-NLP/C2Gen,TRUE,https://github.com/Heidelberg-NLP/C2Gen,,medium,4,"Directly studies compositional generalization failure (the sigma-trap) in NLI, showing that a continual learning scenario further degrades unseen-composition inference (TaskCI drops ~7-9 points vs offline CGen), and analyzes catastrophic forgetting of primitives as the mechanism, with continual strategies recovering partial performance.",1,"No connection to AI safety, alignment, or goal misgeneralization; the paper is purely about compositional NLI generalization under continual learning.",,,,,,,,EX1,"arXiv-only stamp (2403.04400v2). ood_acc_mean = TaskCI (accuracy on unseen compositional inferences); multiple settings, values in sub_experiments. Table 6 subscripts are SDs (over runs; seed count not given). CGen TaskCI 46.67; C2Gen ver->nat 39.40, nat->ver 37.36; ER-Res ver->nat 44.89 (Table 7 also decomposes TaskP x TaskCI outcomes)."
S187,P02_0850,Layer-wise Representation Fusion for Compositional Generalization,Yafang Zheng; Lei Lin; Shuangtao Li; Yuxuan Yuan; Zhaohong Lai; Shan Liu; Biao Fu; Yidong Chen; Xiaodong Shi,2023,http://arxiv.org/abs/2307.10799v2,,2307.10799v2,TRUE,empirical,,conference,CFQ,,"CoGnition (German translation, CG-test)",compositional,TRUE,maximum compound divergence (MCD),TransformerEncDec,transformer,"Seq2seq Transformer (6 encoder + 6 decoder layers); LRF adds a fuse-attention module at each encoder and decoder layer (~12M extra parameters); variants LRF-Small, LRF-Rela, LRF-onlytop, Transformer-accu; RoBERTa-based and HPD baselines",,12,,unspecified,,,CFQ with MCD splits (MCD1-3); CoGnition German translation dataset with CG-test set; results averaged over 3 random runs,,not_applicable,,,FALSE,,FALSE,FALSE,,,,,,,exact_match,,0.524,,3,,,,exact_match,,,,,none,,,,,FALSE,"No formal effect sizes; improvements reported as raw percentage-point deltas (e.g., -8.4% CTERInst, -12.6% CTERAggr, ~21% relative EM improvement over RoBERTa)",FALSE,,,,,"Representation entanglement (RE) is discussed as the failure cause and analyzed via attention visualizations, but no representation-level coherence/compositionality proxy metric is reported",attention_patterns,,"Visualization of fuse-attention probabilities per layer shows LRF learns layer-specific fusion weights (e.g., lower layers concentrate on a few prior layers while higher layers attend more broadly), supporting the claim that shallow residual connections under-fuse earlier-layer information and cause representation entanglement; encoder-side fusion helps more than decoder-side.",fuse-attention modules at each of the 6 encoder and 6 decoder layers,FALSE,FALSE,TRUE,3,FALSE,,,none,not_addressed,TRUE,https://github.com/thinkaboutzero/LRF,FALSE,,FALSE,partial,4,"Directly targets compositional generalization failure (the sigma-trap): proposes LRF to fix representation entanglement in seq2seq Transformers, diagnoses the mechanism (shallow residual connections causing information forgetting and entanglement), and evaluates on CFQ MCD splits and CoGnition CG-test with clear quantitative gains (CFQ MCD-mean 43.4 -> 52.4; CTER -8.4% instance-level); relevance limited by its single-method focus and lack of training-dynamics or schema-coherence measurements.",2,"No direct connection to AI alignment or goal misgeneralization; relevance is indirect through improving compositional generalization, a capability related to robust generalization of deployed language models.",TRUE,"Improvements on CoGnition are moderate and LRF is worse than Dangle there, attributed to natural-language compositionality being more complex than rigid arithmetic-like operations; LRF adds ~12M parameters; task-optimized HPD still outperforms LRF on CFQ; simple accumulation (Transformer-accu) hurts performance.",,FALSE,,,"CTER (compatibility test error rate, instance- and aggregate-level) on CoGnition CG-test; fuse-attention probability visualizations",EX1,"AAAI 2024 (arXiv 2307.10799v2). Study-level values = LRF on CFQ MCD-mean exact match (52.4%, averaged over 3 runs). CTER values on CoGnition are error rates (lower is better) and are kept in notes only to avoid corrupting accuracy aggregation. ID (CFQ Random split) results are not present in the excerpt."
S188,P02_0851,Block-Operations: Using Modular Routing to Improve Compositional Generalization,Florian Dietz; Dietrich Klakow,2024,http://arxiv.org/abs/2408.00508v1,,2408.00508v1,FALSE,empirical,,preprint,custom,MNIST,"Synthetic algorithmic tasks (double-addition, logical rules/variable assignment); BPMNIST (block-permuted MNIST)",compositional,FALSE,,MLP,mlp,SMFR = Stack of Multiplexers and FNNs with gated residual connections implementing modular representation-preserving mappings (block-operations); Multiplexer enhances the FNN; grid sizes ~20k-500k params; BPMNIST ~4M params,,,,small,,,"Synthetic algorithmic task (double-addition) with OOD even/odd iterations; BPMNIST with 8 block permutations, one number held out per test permutation",,not_applicable,,,FALSE,,FALSE,FALSE,,,,,,,,,1.0,,,,,,accuracy,,,,,none,,,,,FALSE,No effect sizes reported; accuracy and OODeven/OODodd metrics reported,FALSE,,,,,No coherence proxy scored; modularity assessed qualitatively via routing-weight inspection and attention indicators,attention_patterns,other,"On BPMNIST, attention sharpness, permutation-undoing, and attention fairness tracked over training (good SMFR runs: high sharpness, learned to undo permutations); on double-addition, routing-weight inspection showed irrelevant inputs receive weight 0 and important ones 0.5, with learned interpolation B1=0.5*A1+0.5*A2 and FNNR gating weights approaching zero",,FALSE,FALSE,FALSE,,FALSE,,,none,not_addressed,FALSE,,FALSE,,FALSE,low,4,Directly addresses the sigma-trap by attributing compositional generalization failure to static routing in neural networks; shows FNNs and Transformers only learn heuristic approximations while the SMFR learns the underlying atomic operations and generalizes perfectly OOD on algorithmic tasks.,1,"No connection to AI safety, alignment, or goal misgeneralization; an architecture-level generalization paper.",TRUE,Prior stability issue (softmax/sigmoid weights kept growing despite zero gradient) fixed via a regularization loss with threshold 20; regularization slows convergence but increases reliability,,TRUE,Use the principles of block-operations to improve other existing architectures (future work),,"OODeven/OODodd accuracy by model-size category (Table 7); OOD accuracy over training (convergence behavior); attention sharpness, permutation-undoing, and attention fairness indicators on BPMNIST",EX1,"Headline result: 25 SMFR architectures reached OOD accuracy 1.0 on the algorithmic task; OOD accuracy never dropped after reaching 1.0. Averages over all models (Table 7): SMFR high OODeven 0.954, OODodd 0.900; FNN high 1.000/0.241; Transformer high 0.967/0.159. BPMNIST numbers not in excerpt. Preprint, under review."
S189,P02_0852,Local Mechanisms of Compositional Generalization in Conditional Diffusion,Arwen Bradley,2025,http://arxiv.org/abs/2509.16447v3,,2509.16447v3,FALSE,empirical,,preprint,custom,,CLEVR conditional diffusion (location- and color-conditioned image generation),compositional,TRUE,Kmax (max number of conditioned locations successfully generated beyond training count),Diffusion,diffusion,"EDM2-based conditional diffusion models trained on CLEVR (Exp. 1/2/3 differ in labeling scheme); local patch-based intervention variants 2L/3L (grid_size 16, patch radius k=2); SDXL analyzed in pixel- and feature-space",,,,unspecified,,,CLEVR models trained on multi-object samples with 1-3 (or 1-5) objects; tested on up to 10 locations,,not_applicable,,,,,,,,,,,,,other,Kmax (length-generalization capability count),,,,,,,other,Kmax (length-generalization capability count),,,,none,,,,,FALSE,No accuracy or effect-size statistics reported; results are Kmax generalization-capability counts,TRUE,other,local conditional score / conditional locality metric (score-gradient dependence structure),,,Proves exact equivalence between conditional projective composition and local conditional scores; quantifies conditional locality (conditioner gradient magnitudes) and pixel locality (gradient energy) but no numeric values given in the excerpt; SDXL shows local conditional scores in feature-space but mostly absent conditional locality in pixel-space,other,,"CLEVR models that succeed at length generalization exhibit local conditional scores; failing models (Exp. 2, 3) do not; explicitly enforcing local conditional scores (Exp. 2L, 3L) enables length generalization; SDXL pixel-space shows spatial locality but mostly absent conditional locality, with local conditional scores found in learned feature-space",,FALSE,FALSE,FALSE,,FALSE,,,none,not_addressed,FALSE,,TRUE,,FALSE,partial,5,"Directly dissects the sigma-trap mechanism in conditional diffusion: proves an exact equivalence between a compositional structure (conditional projective composition) and local conditional scores, empirically shows that CLEVR models which succeed at length generalization exhibit local conditional scores while failing models do not, and demonstrates a causal architectural intervention that converts a failing model into a generalizing one; the locality analysis is a representation-level schema-coherence account of why compositional generalization fails.",2,No explicit discussion of AI safety or alignment; relevance is indirect: understanding the mechanisms by which generative models do or do not compose conditioners bears on reliable out-of-distribution behavior but the paper never frames this in alignment terms.,,,,,,,"Kmax counts from automated classifier over 1024 samples; conditional-locality and pixel-locality gradient metrics (conditioner gradient magnitudes, gradient energy, 90% energy area); color-experiment manual counting over 64 samples with 25% success threshold",EX1,"No accuracy proportions reported; the quantitative outcome is Kmax (number of locations to which the model generalizes beyond training). Exp.1 = all objects labeled; Exp.2 = single random object labeled; Exp.3 = list-style conditioner (padded slots for up to 10 objects); 2L/3L = local patch-based causal interventions (k=2 neighborhood, not equivariant, positive/negative patch sampling). Exp.3L struggles with location accuracy even in-distribution but reaches Kmax=9 vs Exp.3 Kmax=3. Prefill seed hint (10) not confirmable in excerpt."
S190,P02_0853,A Theoretical Analysis of Compositional Generalization in Neural Networks: A Necessary and Sufficient Condition,Yuanpeng Li,2025,http://arxiv.org/abs/2505.02627v1,,2505.02627v1,FALSE,theoretical,,preprint,custom,,Minimal boolean compositional example (XOR chain),compositional,FALSE,,MLP,mlp,"Hand-designed feed-forward model (embeddings + FFN fh, fy) whose graph matches the compositional structure; baseline fully-connected MLP on all inputs; regularization = noise injection + power constraint",,,,unspecified,6,,"Synthetic boolean data over {0,1}^3 from true function z=x1 xor x2, y=z xor x3; 6 training samples (Table 1); test samples are unseen full input combinations of seen components",regularized,not_applicable,,,FALSE,,FALSE,FALSE,,,,,,,accuracy,,1.0,0.0,5,,,,accuracy,,,,,none,,,,,FALSE,,FALSE,,,,,"Unambiguous/minimized representation conditions are proven (Lemma 3) and illustrated, not measured via a quantitative coherence proxy",other,,"Theoretical: proves structural alignment, unambiguous representation, and minimized representation are necessary and sufficient for compositional generalization; analyzes hypothesis values of hidden nodes",,FALSE,FALSE,TRUE,5,FALSE,,,none,explicit_no,TRUE,https://github.com/yuanpeng16/tacg,,,,partial,5,"Provides a necessary and sufficient condition for compositional generalization (structural alignment, unambiguous and minimized representations) with proofs, directly explaining why most deep learning models fall into the sigma-trap and what conditions would escape it, including a pre-training assessment criterion.",2,"No explicit safety or alignment discussion; indirect relevance only through a fundamental capability condition for compositional generalization, which underpins misgeneralization-adjacent concerns.",TRUE,"Conclusions rest on mathematical proofs rather than empirical validation; large-scale empirical validation lies beyond the scope; minimal example serves illustration, not statistical validation.",,TRUE,Discusses the potential of the condition for assessing compositional generalization before training; analysis of attention via effectively equal representations.,,,EX1,"Accuracy on compositional test set (mean +/- std over 5 repeats) for designed model and baseline; all ablations (no regularization, no structure, modified training data) drop to 0.0. Theoretical paper; task is a toy boolean XOR-chain example."
S191,P02_0854,The Role of Linguistic Priors in Measuring Compositional Generalization of Vision-Language Models,Chenwei Wu; Li Erran Li; Stefano Ermon; Patrick Haffner; Rong Ge; Zaiwei Zhang,2023,http://arxiv.org/abs/2310.02777v1,,2310.02777v1,TRUE,empirical,,workshop,custom,,Vision-language compositional generalization: VG Attribution / ARO benchmarks (attribute-relation caption selection),compositional,TRUE,hard test accuracy; linguistic gap,ViT,vit,"Pre-trained vision-language models: CLIP, CLIP FT, NegCLIP (replicated, trained with hard negative text mining only), BLIP (ITC and ITM heads), FLAVA (CONTR and ITM heads); evaluated on VG Attribution and other ARO datasets",,,,unspecified,,,VG Attribution dataset; hard instances = ~15% of dataset where AVG LM mistakes the true vs false caption,other,not_applicable,pretrained models evaluated; CLIP FT / NegCLIP fine-tuned with hard negative text mining,other,FALSE,,FALSE,FALSE,,,,,,,,,0.749,,,,,,accuracy,,,,,none,,,,,FALSE,"No effect sizes; paper reports total acc, hard test acc, and linguistic gap",FALSE,,,,,No representation-level coherence proxy measured,none,,,,FALSE,FALSE,FALSE,,FALSE,,,none,not_addressed,,,,,FALSE,low,4,"Dissects where compositional generalization in vision-language models comes from: shows language models can beat most VLMs on compositional benchmarks without images, decomposes uni-modal vs multi-modal sources, and proposes hard test accuracy to strip out linguistic-prior confounds from the sigma-trap measurement itself.",2,"Reveals that compositional benchmark gains (e.g., NegCLIP) may reflect prior leakage rather than true compositional ability, relevant to measuring model capability honestly, but no explicit alignment or safety framing.",FALSE,,Excerpt lacks a limitations section,TRUE,"Apply the framework to more models, benchmarks and modalities; better ways of generating hard negatives; investigate why multi-modal networks show this behavior, possibly in the shared embedding space.",,linguistic gap (overall accuracy minus hard test accuracy),EX1,"Whole benchmark is a compositional (OOD) evaluation with no separate ID test, so ID fields left empty. Main-form values = NegCLIP (the study's replicated model and focus of analysis): total acc 74.90, hard acc 61.66, linguistic gap 13.24."
S192,P02_0855,Compositional Generalization and Natural Language Variation: Can a Semantic Parsing Approach Handle Both?,Peter Shaw; Ming-Wei Chang; Panupong Pasupat; Kristina Toutanova,2020,http://arxiv.org/abs/2010.12725v2,,2010.12725v2,FALSE,empirical,,preprint,GeoQuery,SCAN,,compositional,TRUE,compound divergence (DC) and %ZA (share of test atoms unseen in training),T5,transformer,NQG-T5: hybrid of high-precision grammar-based NQG (QCFG grammar induction) with pretrained T5 seq2seq; also evaluated standalone NQG and T5 (T5-Base; T5-3B on Spider-XSP); also applies new Template/TMCD/Length splits to GeoQuery and Spider,,,,unspecified,,,"Non-synthetic semantic parsing datasets: GeoQuery, Spider (SSP/XSP splits), plus synthetic SCAN; new template/TMCD/length train-test splits proposed; 51 databases in Spider",,not_applicable,,,FALSE,,FALSE,FALSE,0.929,,,,,,accuracy,,0.543,,,,,,accuracy,,0.386,,,none,,,,,FALSE,,FALSE,,,,,,none,,,,FALSE,FALSE,FALSE,,FALSE,,,none,not_addressed,,,,,,low,4,"Systematically evaluates out-of-distribution compositional generalization of seq2seq semantic parsers on non-synthetic data via new template/TMCD/length splits, quantifies split difficulty with compound divergence and %ZA, and proposes a hybrid grammar+pretrained model to bridge the compositional generalization gap.",1,"No connection to AI safety, alignment, or goal misgeneralization; a semantic parsing benchmark and architecture study focused on compositional generalization and natural language variation.",TRUE,Evaluation restricted to semantic parsing datasets in English; NQG-T5 relies on computationally expensive pretrained T5 fine-tuning and inference (T5-3B especially); NQG limited by QCFG expressiveness and greedy grammar induction; QCFGs cannot represent semantic similarity or logical equivalence relations,,TRUE,"Handling both OOD compositional generalization and natural language variation remains open; future work on alternative template/TMCD split construction, SemQL intermediate representations to increase source-target correspondence, and more flexible grammar learning/inference approaches",,NQG coverage and precision per split; %ZA (test atoms unseen in training); error analysis via trigram language-model probability of first incorrect symbol,EX1,"Main form = T5-Base on GeoQuery: ID Standard split 92.9%, OOD TMCD 54.3%. Per-split results in sub_experiments. Spider-SSP results also reported (not in task vocabulary). Prefill seeds_runs=3 not confirmable from excerpt."
S193,P02_0856,Enhancing Compositional Generalization via Compositional Feature Alignment,Haoxiang Wang; Haozhe Si; Huajie Shao; Han Zhao,2024,http://arxiv.org/abs/2402.02851v2,,2402.02851v2,TRUE,empirical,,journal,custom,OfficeHome; DomainNet; WILDS; FMoW,"CG-Bench: compositional (unseen domain-class combination) splits of OfficeHome, DomainNet, iWildCam, FMoW",compositional,TRUE,zero-shot accuracy of each domain-class combination (lowest 20% designated OOD set),ViT,vit,"Pretrained vision foundation models OpenAI CLIP ViT-B/16 and Meta DINOv2 ViT-B/14; finetuning: full FT, linear-probe-then-FT (LP-FT), reweighting, and CFA (two orthogonal linear heads with multi-label CE + orthogonality, frozen during stage-2 encoder finetuning); optional WiSE-FT interpolation",,,,unspecified,,,"CG-Bench derived from OfficeHome, DomainNet, iWildCam (WILDS), FMoW; E x K domain-class matrix masked so all rows/columns covered but some combinations unseen; ID train/val 9:1, OOD split into val/test",regularized,not_applicable,"CFA two-stage finetuning: orthogonal class/domain linear heads with multi-label CE + L2 orthogonality (lambda=0 in stage 2), frozen heads during encoder finetuning; AdamW + cosine annealing",standard_Adam,FALSE,,FALSE,FALSE,0.943,,,,,,accuracy,,0.543,,,,,,accuracy,FMoW OOD = worst region accuracy,0.4,,,none,,,,,FALSE,No effect sizes reported,FALSE,,,,,"No quantified coherence proxy; CFA imposes head orthogonality and is motivated theoretically via compositional feature learning, but no representation-level coherence metric is measured",other,,Feature visualization of CLIP ViT-B/16 encoder on DomainNet before vs after CFA finetuning shows the encoder learns compositionally structured features (class x domain),,FALSE,FALSE,FALSE,,FALSE,,,none,not_addressed,TRUE,https://github.com/Haoxiang-Wang/Compositional-Feature-Alignment,FALSE,,FALSE,partial,4,"Directly addresses compositional generalization failure as unseen domain-class combinations: builds CG-Bench from four real-world image datasets, shows CLIP/DINOv2 pretraining-finetuning struggles, and proposes Compositional Feature Alignment (orthogonal class/domain heads) with theoretical and empirical justification, reporting ID and OOD top-1 accuracy per method per dataset.",2,"Relevant to alignment only through OOD/compositional robustness of foundation-model finetuning; the paper never discusses safety, alignment, or goal misgeneralization.",FALSE,,,TRUE,"Authors note a persistent ID-OOD performance gap, indicating compositional generalization remains challenging and needs future algorithm advancement.",,F1-macro (ID and OOD); median/quantile test accuracy vs training data size (DomainNet); zero-shot accuracy distributions; feature visualizations,EX1,"Main-form values = CFA on OfficeHome (CLIP). Table 1 CLIP blocks for OfficeHome/DomainNet/FMoW parsed cleanly; iWildCam and DINOv2 blocks not reliably attributable from PDF text and omitted. FMoW OOD = worst region accuracy. n_seeds hint '3' not confirmable from excerpt, left empty."
S194,P02_0857,Evaluating Morphological Compositional Generalization in Large Language Models,Mete Ismayilzada; Defne Circi; Jonne Sälevä; Hale Sirin; Abdullatif Köksal; Bhuwan Dhingra; Antoine Bosselut; Duygu Ataman; Lonneke van der Plas,2024,http://arxiv.org/abs/2410.12656v4,,2410.12656v4,FALSE,empirical,,preprint,custom,,"morphological compositional generalization (productivity, systematicity) in Turkish and Finnish",compositional,TRUE,morphological complexity (number of morphemes),GPT,transformer,"Instruction-finetuned multilingual LLMs: GPT-4, Gemini 1.5 Flash, Qwen 2.5 7B/32B, aya-23 8B/35B",,,,large,,,Few-shot prompting (1/3/5-shot) of pretrained instruction-finetuned multilingual LLMs; no fine-tuning; tasks on Turkish and Finnish morphology with ID vs OOD words,,not_applicable,,,,,,,0.542,,,,,,accuracy,,0.439,,,,,,accuracy,,0.103,,,none,,,,,FALSE,"No formal effect sizes; paper reports accuracy gaps (e.g., performance declining sharply with morphological complexity, significant gaps vs humans)",FALSE,,,,,,none,,,,FALSE,FALSE,FALSE,,FALSE,,,none,not_addressed,FALSE,,FALSE,,FALSE,low,4,"Systematic evaluation of compositional generalization in LLMs under ID/OOD splits (novel word roots and morpheme combinations), showing sharp performance decline with morphological complexity and lack of systematicity; direct empirical probe of compositional generalization failure in modern LLMs.",1,"No connection to AI safety, alignment, or goal misgeneralization; purely a linguistic evaluation of morphological generalization in LLMs.",,,,,,,Morphological systematicity macro-F1 and coherence scores for all models across Turkish/Finnish and few-shot settings (Tables 37-51),EX1,"Main fields = GPT-4 5-shot morphological productivity accuracy on Turkish, no-context condition (ID 54.2, OOD 43.9, Tables 43/46). LLM API evaluation; no seeds or error bars reported in excerpt. Additional models (Qwen 2.5, Gemini 1.5 Flash, aya-23) cover a wide accuracy range."
S195,P02_0858,Evaluating the Impact of Model Scale for Compositional Generalization in Semantic Parsing,Linlu Qiu; Peter Shaw; Panupong Pasupat; Tianze Shi; Jonathan Herzig; Emily Pitler; Fei Sha; Kristina Toutanova,2022,http://arxiv.org/abs/2205.12253v2,,2205.12253v2,FALSE,empirical,,preprint,CFQ,COGS; GeoQuery,,compositional,FALSE,,T5,transformer,Encoder-decoder T5 fine-tuned or prompt-tuned (Small to 11B); decoder-only PaLM (8B-540B) with in-context learning (non-oracle and oracle exemplar retrieval via BM25/BERT and target overlap); also includes SMCalFlow-CS,,,,large,,,"Scale sweep of pretrained LMs applied to COGS, CFQ (Random/MCD1-3), GeoQuery (Std/Template/TMCD/Length), SMCalFlow-CS (8/16/32 cross splits); ICL exemplar counts reported per split (means ~12-59)",other,,"fine-tuning all parameters, prompt tuning, and in-context learning of pretrained LMs",,FALSE,,FALSE,FALSE,,,,,,,,,,,,,,,exact_match,,,,,none,,,,,FALSE,,FALSE,,,,,No representation-level coherence or compositionality proxy measured,none,,,,FALSE,FALSE,FALSE,,FALSE,,,none,not_addressed,FALSE,,FALSE,,FALSE,low,4,"Directly probes the sigma-trap across model scales in semantic parsing: shows fine-tuning yields flat or negative scaling curves on OOD compositional splits (COGS Gen, CFQ MCD1-3, GeoQuery TMCD, SMCalFlow-CS) while in-distribution accuracy saturates near 100%, isolating scale as a variable in compositional generalization failure.",1,"No connection to AI safety, alignment, or goal misgeneralization; a model-scaling analysis for NLP compositional generalization.",,,,TRUE,Improving retrieval for in-context learning is an important direction for future work; modeling the order of sub-structures in the target-overlap oracle could lead to further improvements.,,Exact-match accuracy; retrieval coverage/precision (BERT/BM25/oracle/target-overlap); syntax-error rate (unbalanced parentheses); fraction of errors matching training outputs (overfitting) and cross-domain predicate errors,EX1,"arXiv:2205.12253v2. Multi-dataset scale study (COGS, CFQ, GeoQuery, SMCalFlow-CS) across T5 (FT/PT) and PaLM (ICL); no single flagship config, so main accuracy fields left empty; representative per-config values in sub_experiments. SMCalFlow-CS not representable in task vocabulary."
S196,P02_0859,Real-World Compositional Generalization with Disentangled Sequence-to-Sequence Learning,Hao Zheng; Mirella Lapata,2022,http://arxiv.org/abs/2212.05982v1,,2212.05982v1,FALSE,empirical,,preprint,custom,,"Machine translation (CoGnition, ReaCT, IWSLT2014); semantic parsing (SMCalFlow-CS)",compositional,TRUE,compositional degree,TransformerEncDec,transformer,"R-Dangle: Dangle variant with periodic re-encoding of source keys at interval, keys/values represented separately (R-Danglesep) or shared (R-Dangleshr); Transformer encoder-decoder; BART-large pretrained for SMCalFlow-CS; baselines Dangle, vanilla Transformer, BERT2SEQ, C2F, T5(+CSL)",,,,unspecified,,,"ReaCT: compositional MT benchmark from IWSTL14 + 1.3M WMT candidates (filtered OOV); CoGnition; IWSLT2014 De->En; SMCalFlow-CS with 8/16/32 cross-domain examples added (avg target length 99.5, max 411)",,not_applicable,,,FALSE,,FALSE,FALSE,0.707,,5,,,,BLEU,,0.634,,5,,,,BLEU,,0.073,,,none,,,,,FALSE,,FALSE,,,,,No representation-level coherence proxy measured in excerpt,none,,,,FALSE,FALSE,TRUE,5,TRUE,other,,none,not_addressed,,,,,,low,4,"Directly targets compositional generalization failure (the sigma-trap) in real-world machine translation and semantic parsing, extending the disentanglement-based Dangle model with interval-based re-encoding, and shows gains over Transformer/Dangle baselines on ReaCT, CoGnition and SMCalFlow-CS without sacrificing in-domain BLEU.",1,"No connection to AI safety, alignment, or goal misgeneralization; purely an architecture/empirical study of compositional generalization in MT and semantic parsing.",,,,TRUE,"Finding a tradeoff between generalization and efficiency (re-encoding interval) left to future work, e.g., interval 40 yields 4x speed-up vs interval 10 at 50.3% accuracy on SMCalFlow-CS 16-C.",,compound translation error rate (instance-wise ErrRInst and aggregate ErrRAggr),EX1,"arXiv-only stamp (2212.05982v1). Main-form = R-Danglesep interval 1 on CoGnition; BLEU stored as proportion (x/100). Results averaged over 5 random runs (CoGnition) and 3 runs (ReaCT, SMCalFlow-CS). Code URL in excerpt is placeholder (xxx.yyy.zzz). 'significantly superior' claim reported as sig test without details."
S197,P02_0861,Improving Compositional Generalization with Latent Structure and Data Augmentation,Linlu Qiu; Peter Shaw; Panupong Pasupat; Paweł Krzysztof Nowak; Tal Linzen; Fei Sha; Kristina Toutanova,2021,http://arxiv.org/abs/2112.07610v2,,2112.07610v2,FALSE,empirical,,preprint,GeoQuery,SCAN; COGS; other,SMCalFlow-CS (calendar-domain semantic parsing),compositional,FALSE,,T5,transformer,"Pre-trained T5 seq2seq model fine-tuned on original plus CSL-sampled synthetic examples; CSL is a generative model with an induced quasi-synchronous context-free grammar (QCFG) backbone and a parametric state-cluster model; compared with NQG-T5, LeAR, GECA, SpanBasedSP, C2F",,,,unspecified,,,"SCAN, COGS, GeoQuery (template, TMCD, length splits), SMCalFlow-CS (8/16/32-shot compositional splits); T5 fine-tuned on original + CSL-sampled recombined examples",,not_applicable,,,TRUE,example recombination via induced generative grammar (CSL); compared with GECA recombination,FALSE,FALSE,,,,,,,exact_match,,0.749,,,,,,exact_match,,,,,none,,,,,FALSE,No effect sizes reported; gains reported as accuracy points and relative improvements,FALSE,,,,,"Compositional bias is transferred via training-data augmentation, not via representation-level coherence proxies; no probing/CKA/RSA-style analysis",none,,,,FALSE,FALSE,FALSE,,FALSE,,,none,not_addressed,FALSE,,FALSE,,FALSE,low,4,"Directly addresses out-of-distribution compositional generalization failure (the sigma-trap) with a data-augmentation solution: induces a compositional grammar (CSL) from training data and recombines examples to transfer compositional bias to T5, achieving new state-of-the-art on GeoQuery and SMCalFlow-CS compositional splits and nearly solving SCAN; relevance tempered by its focus on a specific augmentation method rather than training dynamics or a general theory of failure.",2,"No direct connection to AI alignment, safety, or goal misgeneralization; indirect relevance through improving compositional generalization of deployed semantic parsing systems that must handle novel combinations in the wild.",TRUE,"CSL grammars can lack coverage (e.g., %XCSL as low as 6.6% for SMCalFlow-CS 8-C); T5+CSL-Aug. is slightly worse than prior models on SMCalFlow-CS single-domain splits, attributed to inherent ambiguity in remaining errors; GECA can over-generate incorrect examples; CSL sampling may not be biased toward target-relevant examples; QCFG limitations analyzed in appendix.",,TRUE,Important direction: biasing CSL sampling towards examples most relevant to improving target-distribution performance; using pre-trained representations in CSL's parametric model; updating the parametric model with unlabeled target-distribution examples improves sample efficiency.,,Grammar coverage (%XCSL); CSL eval-set coverage 99.9% on COGS vs 64.9% for NQG; 90%+ runtime decrease in grammar induction for GeoQuery,EX1,"arXiv 2112.07610v2 (Google Research). Study-level values = T5+CSL-Aug. on GeoQuery TMCD (74.9, 'All' column of Table 2, exact match). SCAN/COGS gains reported qualitatively (nearly solves SCAN, state-of-the-art on COGS) with no numbers in the excerpt. Excerpt states averaging over 3 new GeoQuery template and TMCD splits but no seed counts are reported, so n_seeds is left empty."
S198,P02_0862,Compositional Generalization in Image Captioning,Mitja Nikolaus; Mostafa Abdou; Matthew Lamm; Rahul Aralikatte; Desmond Elliott,2019,http://arxiv.org/abs/1909.04402v2,,1909.04402v2,FALSE,empirical,,preprint,custom,,COCO image captioning with held-out adjective-noun and noun-verb concept pairs (paradigmatic gaps),compositional,FALSE,,LSTM,rnn_family,"Captioning models: SAT (Show, Attend and Tell), BUTD (Bottom-Up and Top-Down Attention), and BUTR (proposed multi-task: caption generation + image-sentence ranking with re-ranking decoding); 1000D language LSTM, 1024D visual-semantic embedding, 2048D image features, 300D word embeddings, vocab 10000",,,1000,unspecified,,,"COCO splits with held-out concept pairs (e.g., black cat, eat man); training ~79,600-79,900 images, evaluation ~1,350-1,455 images per split",standard_Adam,not_applicable,,standard_Adam,FALSE,,FALSE,FALSE,,,,,,,,,0.3329,,,,,,other,recall@5,,,,none,,,,,FALSE,No effect sizes reported; per-pair Recall@5 values in Table 10,FALSE,,,,,No representation-level coherence proxy measured,none,,,,FALSE,FALSE,FALSE,,FALSE,,,none,not_addressed,FALSE,,FALSE,,FALSE,low,4,"Directly probes the sigma-trap in image captioning: defines compositional COCO splits with paradigmatic gaps over concept pairs, shows state-of-the-art captioners (SAT, BUTD) fail badly, and localizes the failure to the language-generation component's reliance on distributional statistics.",1,"No connection to AI safety, alignment, or goal misgeneralization; a captioning generalization study.",FALSE,,,FALSE,,,Per-pair Recall@5 (Table 10); bounding-box size correlation analysis with unpaired t-tests (only table p~0.007 significant); transitive vs intransitive verb object analysis (p < 10^-38),EX1,"Main value = mean Recall@5 of FULL model (BUTR multi-task with re-ranking) computed by extractor as arithmetic average over the 24 held-out pairs in Table 10 (799.0/24 = 33.29%). Derived column means: SAT 3.00%, BUTD 6.45%, BUTR+RR 6.46%. No ID accuracy, seeds, or CIs reported. Dataset-stats t-tests are not model-significance tests."
S199,P02_0863,Can LLM find the green circle? Investigation and Human-guided tool manipulation for compositional generalization,Min Zhang; Jianfeng He; Shuo Lei; Murong Yue; Linhang Wang; Chang-Tien Lu,2023,http://arxiv.org/abs/2312.07763v1,,2312.07763v1,FALSE,empirical,,preprint,custom,,ReaSCAN; GSRR (grounded compositional question answering),compositional,TRUE,question complexity levels P1-P3; test splits A/B/C with C2 hardest,GPT,transformer,"LLMs via in-context learning (Zero-Shot, Standard, CoT, PoT, proposed HTM with Python-interpreter tool generation); task-specific baselines MMLSTM, GCN, TRF, GroCoT",,,,unspecified,,,,other,not_applicable,in-context learning prompting (zero-shot/standard/CoT/PoT/HTM); no gradient training; baselines trained or finetuned,,,,,,,,,,,,exact_match,,0.979,,,,,,exact_match,,,,,none,,,,,FALSE,No formal effect size; paper claims outperforming existing methods on the most challenging split (C2) by 70%; HTM C2 95.8% vs GroCoT 27.3% and best ICL 20.6%,FALSE,,,,,No representation-level coherence proxy measured; the LLM's compositional ability is probed indirectly by comparing performance on symbolic vs original semantic expressions,none,,,,FALSE,FALSE,FALSE,,FALSE,,,none,not_addressed,FALSE,,TRUE,,FALSE,partial,4,"Directly targets compositional generalization failure in LLMs (the sigma-trap): empirically shows prevailing ICL methods fail on complex compositional questions due to cumulative errors in long reasoning steps and intricate tool-making logic, and proposes human-guided tool manipulation (HTM) reaching 95.8% EM on the hardest ReaSCAN split C2 versus 27.3% for GroCoT; no analysis of training dynamics or representations.",2,"Relevant to LLM reliability under compositional distribution shift but the paper does not discuss alignment, safety, or goal misgeneralization; human-guided tool generation touches on oversight only in an engineering sense.",,,,,,,Tool-generation validation pass rate (5/5 for HTM vs 0/5 purely automatic); ablation of code comments (C2 drops 12.8% to 83.0%); comparison of symbolic vs semantic expression performance,EX1,"All EM accuracies are OOD compositional splits; no i.i.d./ID split reported, so id_acc left empty. Table 1 in the excerpt is text-mangled; only values corroborated by the surrounding text or clean rows were used (GroCoT ReaSCAN/G SRR averages 82.2/98.8; best ICL 73.4/85.3; PoT C2 4.8; GroCoT C2 27.3; HTM ReaSCAN avg 97.9 with C2 95.8, GSRR avg 99.1). P1-P3 complexity results are over question complexity tiers. GSRR is the dataset introduced by the paper."
S200,P02_0864,Multi-Sourced Compositional Generalization in Visual Question Answering,Chuanhao Li; Wenbo Ye; Zhen Li; Yuwei Wu; Yunde Jia,2025,http://arxiv.org/abs/2505.23045v1,,2505.23045v1,FALSE,empirical,,preprint,custom,,"Visual question answering (GQA-MSCG, GQA, VQA v2)",compositional,TRUE,co-occurrence-based difficulty levels (Level-1 to Level-3),other,other,"Evaluates multiple VQA models: MAC, LCGN, MMN, BLIP-2, MiniGPT-4, LLaVA-1.5/1.6, CFR, Qwen-VL, PNP-VQA etc.; proposed retrieval-augmented training (RAG) framework with Dq/Dv retrieval databases applied on top of baselines",,,,unspecified,,,"New GQA-MSCG benchmark built on GQA with three types of novel multi-sourced compositions (LL, VV, LV splits) and difficulty levels by co-occurrence count",augmentation,not_applicable,,,TRUE,"retrieval-augmented training: retrieve semantically equivalent primitives from question (Dq) and image (Dv) databases and aggregate features with weights wq=0.6, wv=0.4",FALSE,FALSE,0.717,,,,,,accuracy,,,,,,,,accuracy,,,,,none,,,,,FALSE,,FALSE,,,,,"Framework aims at consistent cross-modality primitive representations, but no coherence proxy (CKA/RSA/probing) is measured",none,,,,FALSE,FALSE,FALSE,,FALSE,,,none,not_addressed,TRUE,https://github.com/NeverMoreLCH/MSCG,TRUE,https://github.com/NeverMoreLCH/MSCG,,medium,4,"Constructs GQA-MSCG to probe multi-sourced compositional generalization failure (a sigma-trap variant) in VQA: LLaVA-1.5 accuracy drops from 70.22% to 64.14% as novel-composition co-occurrence increases, and proposes retrieval-augmented training as mitigation; no analysis of training dynamics, flatness, or schema coherence.",1,"No connection to AI safety, alignment, or goal misgeneralization; purely a VQA compositional-generalization method and benchmark paper.",FALSE,,,FALSE,,,"Parameter sensitivity of retrieval weights wq and wv (best wq=0.6, wv=0.4); qualitative case analysis",EX1,"Main-form values = CFR+RAG on GQA test-dev (IID, 71.70%). GQA-MSCG per-split accuracies in sub_experiments. LLaVA-1.5 trend across cumulative difficulty levels: 70.22% (Level-1) -> 67.04% (Level-2) -> 64.14% (Level-3)."
S201,P02_0865,Analyzing the Inner Workings of Transformers in Compositional Generalization,Ryoma Kumon; Hitomi Yanaka,2025,http://arxiv.org/abs/2502.15277v1,,2502.15277v1,FALSE,empirical,,preprint,custom,,Semantic parsing with PP-attachment compositional generalization (PP-SUBJ/PP-IOBJ patterns); machine translation task-conditioning,compositional,FALSE,,TransformerEncDec,transformer,Transformer encoder-decoder (3 encoder + 3 decoder layers) trained from scratch with task-conditioning (MT/SP patterns); subnetworks extracted via weight pruning (Cao et al. 2021) with ~50-70% unmasked weights per layer; causal concept-removal analyses per layer,,6,,small,,,SLOG-style semantic parsing data with PP-SUBJ and PP-IOBJ generalization patterns; training on NVIDIA V100 GPUs (~300 hours total),other,not_applicable,Transformer trained from scratch with task-conditioned patterns (MT/SP),other,FALSE,,FALSE,FALSE,,,,,,,,,,,,,,,,,,,,none,,,,,FALSE,No effect sizes; causal ablation of concepts compared via accuracy differences over training epochs,FALSE,,,,,"No representation-level coherence/compositionality proxy (probing, CKA, RSA) measured",other,,"Whole model depends on syntactic features for correct output, but the extracted subnetwork with much better generalization relies on a non-compositional algorithm alongside syntactic features; non-compositional solution is acquired in early training and generalization performance improves slower than ID performance over epochs","Enc.0-2, Dec.0-2 (per-layer causal concept removal; attention vs MLP blocks)",FALSE,TRUE,TRUE,,FALSE,,,none,not_addressed,TRUE,,TRUE,,FALSE,medium,4,"Mechanistic dissection of the sigma-trap: causal analyses show the model depends on syntactic features yet its better-generalizing subnetwork implements a non-compositional algorithm acquired early in training, directly explaining why high benchmark scores can coexist with non-compositional competence.",2,"Reveals that compositional competence on benchmarks can rest on non-compositional shortcuts acquired early in training, relevant to honest capability assessment, but with no explicit alignment or safety framing.",FALSE,,Excerpt lacks a limitations section,FALSE,,Excerpt lacks an explicit future-work/open-questions statement,proportion of unmasked weights per layer and block; per-layer average accuracy of concept-removal ablations,EX1,"Excerpt reports per-layer average accuracies for PP-SUBJ (Overall: Enc0 55.7±0.2 to Dec2 68.5±0.1; Attention/MLP ablation columns) and unmasked-weight proportions (50-70%, larger in deeper layers and decoder; more in MLP than attention blocks). No single overall ID/OOD benchmark accuracy is reported in the excerpt, so numeric accuracy fields are left empty. URL for code/data is truncated in the excerpt ('https://github.') so left blank."
S202,P02_0866,Improving Systematic Generalization Through Modularity and Augmentation,Laura Ruis; Brenden Lake,2022,http://arxiv.org/abs/2202.10745v1,,2202.10745v1,FALSE,empirical,,preprint,gSCAN,,,compositional,FALSE,,other,other,"Modular neural network separating cognitive processes (e.g., perception and navigation modules) vs non-modular baseline; exact backbone (CNN/RNN/Transformer) not specified in excerpt; modules trained on gSCAN grounded language learning",,,,unspecified,,,gSCAN with structured adverb augmentation: up to ~150 extra adverbs (almost forty times more adverbs than original problem); k-shot variants; vocabulary-size ablations 0-150 adverbs; adverb types grouped by manner of navigation,augmentation,not_applicable,,,TRUE,structured data augmentation with additional adverbs (vocabulary-size and k-shot variants; adverb-type similarity ablations),FALSE,FALSE,0.9634,0.0028,5,,,,exact_match,,0.8004,0.0606,5,,,,exact_match,,0.163,0.0271301,,none,,,,,FALSE,,FALSE,,,,,,none,,,,FALSE,TRUE,TRUE,5,FALSE,,,none,not_addressed,,,,,,low,4,"Directly studies systematic (compositional) generalization in grounded language learning on gSCAN, targeting the hard adverb-verb composition splits (Cautiously k=5-shot, Pull while spinning) and showing that structured augmentation plus modular architecture is required to overcome the generalization gap.",1,"No connection to AI safety, alignment, or goal misgeneralization; a study of modularity and augmentation for systematic generalization in a synthetic grounded-language benchmark.",FALSE,,,TRUE,Future work: eliminate the need for designing a structured augmentation method by hand; better understand when added data helps vs hurts per adverb type,,"exact match across 8 gSCAN splits for 4 configurations; vocabulary-size effect (0-150 extra adverbs); k-shot effect (k=1,5,10,50); adverb manner-similarity transfer analysis",EX1,"Main form = Modular & Augmentation config: ID Random split 96.34%, OOD Cautiously k=5-shot 80.04%. Table 1 OCR shows identical Yellow squares/Red squares/Relativity values for Modular-only and Modular&A, likely row alignment issue in text. Augmentation-only and Modular-only ablations partly omitted from sub_experiments."
S203,P02_0867,NeSyCoCo: A Neuro-Symbolic Concept Composer for Compositional Generalization,Danial Kamali; Elham J. Barezi; Parisa Kordjamshidi,2024,http://arxiv.org/abs/2412.15588v1,,2412.15588v1,TRUE,empirical,,conference,custom,,"CLEVR-family vision-language reasoning: ReaSCAN, CLEVR-CoGenT, CLEVR-SYN, CLEVR-Ref, CLEVR-Puzzle, CLEVR-RPM",compositional,TRUE,CLEVR-SYN easy/medium/hard: number of replaced unseen synonym concepts per program (1 / up to 3 / all),NeuralSymbolic,neurosymbolic,"NeSyCoCo: LLM generates symbolic programs (dependency-augmented NL input), distributed word representations (GloVe-6B-300D, RoBERTa, SpaCy, one-hot tested) link linguistically motivated predicates to neural modules, soft composition of normalized predicate scores; baselines: MDETR, NSCL, LEFT, LLaVA, OpenFlamingo, ViperGPT, VisProg",,,,unspecified,,,Trained with CLEVR programs (GT and LLM-generated); CLEVR-SYN built by replacing concepts in CLEVR validation programs with unseen synonyms via regex substitution,other,not_applicable,Neural module training with GT/LLM-generated programs; soft composition of normalized predicate scores; LLM program generation with syntactic parsing context,,FALSE,,FALSE,FALSE,0.997,0.0002,3,,,,accuracy,,0.921,0.0026,3,,,,accuracy,,0.076,0.00150555,,none,,,,,FALSE,No effect sizes reported; ID-OOD gap visible across CLEVR (99.7) vs CLEVR-SYN (92.1/81.2/73.4) but not reported as a gap number,TRUE,other,Pearson correlation (rho) between learned predicate scores of semantically similar (synonym) concepts; cosine similarity of predicate embeddings vs score correlation,,,"Per-pair rho values (Table 6): left/left-of 1.00, large/huge 0.97, front/front-of 0.98, small/little 0.91; weak for ball/sphere -0.02 and brown/chocolate 0.20. Embedding cosine similarity correlates with score correlation (Fig 5).",other,,"Analysis of predicate-score space: substituted-concept scores correlate strongly with original predicate scores when embeddings are semantically close (cosine > 0.4); significant Pearson correlations (e.g., left/left-of p<0.01, large/huge p=0.01)",,FALSE,TRUE,TRUE,3,TRUE,other,0,none,not_addressed,TRUE,https://github.com/HLR/NeSyCoCo,FALSE,,FALSE,partial,4,"Directly targets compositional generalization failure in vision-language reasoning: NeSyCoCo composes primitive concepts via differentiable soft composition of normalized predicate scores from LLM-generated symbolic programs, achieves SOTA on ReaSCAN and CLEVR-CoGenT, and measures zero-shot generalization to novel synonym concepts (CLEVR-SYN easy/medium/hard) with per-split accuracy.",2,"Neuro-symbolic compositional reasoning for vision-language agents bears on robustness and interpretability relevant to AI safety, but the paper never discusses alignment, safety, or goal misgeneralization; relevance is indirect.",TRUE,"Method struggles with semantically similar but context-sensitive predicates (e.g., ball/sphere, brown/chocolate) not fully captured by frozen embeddings; generalization depends on high-quality embeddings (cosine similarity above ~0.4); 5 CLEVR-Puzzle errors attributed to incorrect annotations.",,TRUE,Integrate NeSyCoCo into the DomiKnowS neuro-symbolic framework to make underlying neural models programmable instead of using a fixed neural architecture for predicates.,,"Pearson correlation (rho) and p-values of predicate-score substitutions; cosine similarity of predicate embeddings; language-encoder ablation (SpaCy, RoBERTa, one-hot, GloVe-6B-300D) on CLEVR and CLEVR-SYN Easy",EX1,"Venue inferred as AAAI 2025 from copyright line (arXiv:2412.15588v1 header). Main-form: NeSyCoCo, ID = CLEVR validation 99.7 +/- 0.02 (3 runs); OOD = CLEVR-SYN Easy 92.1 +/- 0.26. LEFT baseline CLEVR-SYN: 81.9/64.8/49.5."
S204,P02_0868,Compositional Generalization via Forced Rendering of Disentangled Latents,Qiyao Liang; Daoyuan Qian; Liu Ziyin; Ila Fiete,2025,http://arxiv.org/abs/2501.18797v2,,2501.18797v2,TRUE,empirical,,conference,custom,,"synthetic 2D Gaussian bump generation (decode (x,y) coordinates into spatial image)",compositional,FALSE,,MLP,mlp,MLP decoder networks for coordinate-to-pixel generation; forced rendering via modular output-level embedding filters (one per disentangled input dimension) with low-rank regularization or factor-isolated data curation,,,,unspecified,,,Synthetic 2D bump/stripe datasets parameterized by image size N (2N stripes + 0-50 bumps); data requirement scales linearly in N with stripes training vs ~N^3 for bumps-only,regularized,not_applicable,,,FALSE,,FALSE,FALSE,,,,,,,,,,,,,,,,,,,,none,,,,,FALSE,No effect sizes; results reported as data-scaling thresholds to 90% target accuracy and representational volume metrics,TRUE,effective_rank,,,,"Volume metric (effective dimensionality of representation manifold) measured as a function of layer depth; representations remain smooth and uniform in OOD regions for the forced-rendering models, contrasting with re-entangling failure-mode models",other,,"Networks that fail OOD extrapolation re-entangle factors in later layers via manifold warping (volume metric collapse, memorization via data superposition); successful forced-rendering networks show early-layer stripe scaffolds that localize into bumps in downstream layers, with uniform smooth OOD representations",layer 0 to layer 3,FALSE,FALSE,FALSE,,FALSE,,,none,not_addressed,FALSE,,FALSE,,FALSE,low,4,"Mechanistic analysis of why disentangled latents fail for compositional/OOD generalization (re-entanglement, manifold warping, memorization via superposition) plus an architectural/data intervention (forced rendering) that achieves zero-shot OOD composition; directly addresses the sigma-trap's compositional failure mechanism.",1,"No connection to AI safety, alignment, or goal misgeneralization; the work targets disentangled representation learning and compositional generalization on a toy generation task.",TRUE,"Toy synthetic 2D bump setting limits scope; translation to large-scale models (diffusion, autoregressive, Transformers) and high-dimensional domains (vision, language) is an open next step; authors do not claim universal applicability and note interactive compositionality likely needs no one-size-fits-all solution.",,TRUE,Scaling the principles to standard disentanglement datasets and naturalistic settings; whether modular embedding and low-rank factorization constraints retain utility at scale; need for new metrics and frameworks for partial and hierarchical compositional structures.,,Data-scaling thresholds to 90% accuracy on x/y coordinate generation as function of image size N; volume metric vs layer depth; neural tuning curves,EX1,"No quantitative accuracy numbers in the excerpt (results reported as scaling laws and representational metrics), so all id/ood numeric fields left empty; single default sub-experiment emitted. OOD regions = novel compositions of the x,y factors."
S205,P02_0869,ChatGPT as Data Augmentation for Compositional Generalization: A Case Study in Open Intent Detection,Yihao Fang; Xianzhi Li; Stephen W. Thomas; Xiaodan Zhu,2023,http://arxiv.org/abs/2308.13517v1,,2308.13517v1,FALSE,empirical,,preprint,custom,,open intent detection with compositionally constructed subsets Banking_CG and OOS_CG derived from Banking77 / OOS benchmarks,compositional,FALSE,,BERT,transformer,"BERT-base backbone for all settings, optimized with ADAM gradient descent",,,,unspecified,,,"Banking_CG and OOS_CG datasets with per-intent instance counts (e.g., Banking_CG training ~31-89 instances per intent across ~77 intents); compositionally diverse subsets of existing benchmarks",augmentation,,,standard_Adam,TRUE,ChatGPT-generated paraphrases of training instances injected into training data,FALSE,FALSE,,,,,,,,,,,,,,,,,,,,none,,,,,FALSE,,FALSE,,,,,No representation-level coherence or compositionality proxy measured,none,,,,FALSE,FALSE,TRUE,10,FALSE,,,none,not_addressed,FALSE,,FALSE,,FALSE,low,3,"Directly addresses compositional generalization failure in open intent detection: constructs compositionally diverse splits (Banking_CG, OOS_CG) where train/test share only short n-gram spans, and shows ChatGPT paraphrase augmentation mitigates the failure; scope is limited to the intent-detection domain.",1,"No connection to AI safety, alignment, or goal misgeneralization; an NLP data-augmentation case study.",,,,,,,Rouge-L used to characterize compositional (dis)similarity between training and test utterance pairs; full results in Tables 13-20,EX1,"arXiv:2308.13517v1. Excerpt contains dataset statistics and methodological description (10 seeds 0-9, BERT-base, ADAM) but no accuracy numbers, so all accuracy fields left empty. PREFILL_HINT benchmark 'Vision' not supported by excerpt (NLP task); arch hint Transformer-family confirmed via BERT."
S206,P02_0870,The Impact of Depth on Compositional Generalization in Transformer Language Models,Jackson Petty; Sjoerd van Steenkiste; Ishita Dasgupta; Fei Sha; Dan Garrette; Tal Linzen,2023,http://arxiv.org/abs/2310.19956v2,,2310.19956v2,FALSE,empirical,,preprint,COGS,GeoQuery,,compositional,FALSE,,TransformerDec,transformer,Decoder-only transformer LMs in 3 equal-parameter size classes (41M/134M/374M); depth traded against width (feed-forward dim) to hold total params constant,,,,medium,,,"Pretrained as causal language models, fine-tuned on COGS, COGS-vf, GeoQuery, and English passivization task; depth-for-width tradeoff keeps parameters constant within size class",,not_applicable,,,FALSE,,FALSE,FALSE,,,,,,,accuracy,,,,,,,,accuracy,,,,,none,,,,,FALSE,No quantitative accuracy results in excerpt; relative depth-vs-generalization trends reported via figures,FALSE,,,,,"No representation-level coherence/compositionality proxy; singular-value rank analysis of feed-forward transforms performed (see repr_analysis), not a coherence score",other,,"Rank analysis of feed-forward affine transforms: in deeper models transforms become increasingly skewed away from full rank use, with the image increasingly accounted for by the best i-rank approximations",,FALSE,FALSE,TRUE,1,FALSE,,,none,not_addressed,FALSE,,FALSE,,FALSE,low,4,"Directly tests a structural cause of compositional generalization failure (sigma-trap): deeper decoder-only transformer LMs generalize more compositionally on COGS/COGS-vf/GeoQuery when depth is increased at constant parameter count, with benefits diminishing; but does not connect to training dynamics, flatness, or schema coherence.",1,"No connection to AI safety, alignment, or goal misgeneralization; purely an architectural investigation of compositional generalization in language models.",TRUE,"Deepest models in each size class, far beyond the depth at which compositional generalization performance saturates, are not extensively explored; extreme feed-forward ratios degrade performance.",,FALSE,,,pretraining perplexity; in-distribution loss on fine-tuning tasks; training/inference latency (seconds per step),EX1,Excerpt reports relative depth-vs-generalization trends via figures (single run per condition); no numeric accuracies in text. Prefill seeds_runs=5 contradicted by 'single run per condition' so n_seeds_value=1. Equal-parameter classes 41M/134M/374M.
S207,P02_0871,Compositional Generalization Across Distributional Shifts with Sparse Tree Operations,Paul Soulos; Henry Conklin; Mattia Opper; Paul Smolensky; Jianfeng Gao; Roland Fernandez,2024,http://arxiv.org/abs/2412.14076v1,,2412.14076v1,TRUE,empirical,,conference,SCAN,GeoQuery; other,Also Active-Logical and FOR2LAM (seq2seq; not in task vocabulary),compositional,FALSE,,NeuralSymbolic,neurosymbolic,"sDTM: Sparse Differentiable Tree Machine with random positional embeddings, tree pruning (k=256 for SCAN) and multi-head attention pooling (agent model dim 256, 8 heads); baselines: DTM, Transformer (1 enc/3 dec, hidden 1024), RU-Transformer (hidden 128, 3 layers), NQG rule induction",,14,256,small,,,"sDTM layers = 2x max tree depth for seq input (14 SCAN, 22 GeoQuery, 56 FOR2LAM, 4x for tree input); batch size 64; random embeddings frozen for SCAN 0-shot",,not_applicable,,standard_Adam,FALSE,,FALSE,FALSE,0.8,0.39,5,,,,accuracy,,0.02,0.01,5,,,,accuracy,,0.78,0.174471,,none,,,,,FALSE,Paper reports only per-split mean/std accuracies; no effect sizes computed,FALSE,,,,,"No representation-level coherence proxy (probing/CKA/compositionality score) reported in excerpt, despite tree-structured representations",none,,,,FALSE,TRUE,TRUE,5,FALSE,,,none,not_addressed,FALSE,,TRUE,,FALSE,partial,4,"Directly targets compositional generalization failure (sigma-trap) across multiple OOD shift types - 0-shot lexical, structural, length, template, MCD - on SCAN/GeoQuery/Active-Logical/FOR2LAM, reporting per-split accuracy collapses (e.g., sDTM SCAN IID 0.80 vs MCD 0.02).",1,"No connection to AI safety, alignment, or goal misgeneralization; purely a compositional-generalization architecture and evaluation paper.",TRUE,,"NeurIPS checklist states limitations are addressed in Section 6, but that content is not in the excerpt",FALSE,,,,EX1,"Best-of-5-seeds reporting (high variance; some runs stuck in local optima, noted as known for superposition models). Main form = sDTM (parse trees) on SCAN; per-dataset/per-split values in sub_experiments."
S208,P02_0872,Compositional generalization through abstract representations in human and artificial neural networks,Takuya Ito; Tim Klinger; Douglas H. Schultz; John D. Murray; Michael W. Cole; Mattia Rigotti,2022,http://arxiv.org/abs/2209.07431v3,,2209.07431v3,FALSE,empirical,,preprint,custom,,C-PRO (conjunctive rule-based task; 64 contexts of rule combinations),compositional,FALSE,,MLP,mlp,Feedforward ANN mapping sensory inputs to motor outputs; extended variant with 3 hidden layers for depth comparisons with fMRI hierarchy,,,,unspecified,,,C-PRO task with 64 contexts of rule combinations; ANNs trained on 4 practiced contexts (stopping at 90% accuracy) then evaluated on novel contexts; pretraining on primitives/simple tasks,other,not_applicable,primitives pretraining / simple task pretraining followed by standard training on C-PRO contexts,,FALSE,,FALSE,FALSE,0.9437,,,,,,accuracy,,0.2879,,,,,,accuracy,,0.6558,,,none,,,,,FALSE,No effect size reported; significance only via p-values (p<0.0001 for Vanilla vs pretrained comparisons),TRUE,other,Parallelism Score (PS) - degree of abstract/parallel representations,,,"PS measured over pretraining; PS strongly correlated with zero-shot generalization (r=0.88, p<10e-9); PS hierarchy across ANN layers matches human fMRI sensory-to-motor organization",other,,"Hierarchy of abstract representations: sensory-rule PS peaks in early layers, logic-rule PS in middle layers, motor-rule PS in late layers, converging with human fMRI cortical organization",ANN hidden layers (3-layer extended model); fMRI sensory/association/motor cortical systems,FALSE,FALSE,FALSE,,TRUE,other,0.0001,unclear,not_addressed,FALSE,,FALSE,,FALSE,low,4,"Directly quantifies compositional generalization failure in ANNs (novel-context accuracy 28.79% vs 94.43% practiced) and shows pretraining-induced abstract representations restore human-like generalization, tying representation-level abstraction to the OOD gap at the core of the sigma-trap.",2,"Concerns a central capability gap for robust AI (human-like compositional generalization and sample-efficient transfer) but contains no explicit discussion of alignment, safety, or goal misgeneralization.",TRUE,"Pretraining requires the initial overhead of designing task-structure-aware pretraining paradigms; complementary inductive-bias approaches (low-norm initialization, modular initialization) not yet explored in combination; approaches are complementary.",,TRUE,"Assess how pretraining, low-norm initialization, and modular-initialization approaches may synergistically interact to optimize sample-efficient generalization in multi-task settings.",,Parallelism Score (PS); generalization inefficiency ratio; zero-shot generalization; sample efficiency (Combined model needs 4.23x fewer samples than Vanilla),EX1,"Main-form values = Vanilla ANN (no pretraining) on C-PRO 4/64-context setting: practiced (ID) 94.37%, novel (OOD) 28.79%. Pretrained variants in sub_experiments. Includes human fMRI experiment. 60-context experiment: Vanilla 96.02% generalization on held-out contexts. Prefill hint SCAN/Math-MW unsupported by excerpt; task is C-PRO."
S209,P02_0873,Systematic Generalization in Language Models Scales with Information Entropy,Sondre Wold; Lucas Georges Gabriel Charpentier; Étienne Simon,2025,http://arxiv.org/abs/2505.13089v2,,2505.13089v2,FALSE,empirical,,preprint,SCAN,,"SCAN grammar variant with verbs v1-v4 in a conjunctive phrase, entropy-controlled datasets",compositional,TRUE,information entropy H of the distribution of component parts (verbs) in training data,TransformerEncDec,transformer,"Sequence-to-sequence CNN, RNN, Transformer (absolute, relative/disentangled, and rotary position embeddings), and a permutation-equivariant (PermEq) model; tasks built on a SCAN-based grammar",,,,unspecified,,,"Entropy-controlled datasets over a SCAN-based grammar; sample sizes 3,000 / 4,000 / 6,000 unique samples tested in the supplemental experiment; equal optimization steps across entropy levels",,not_applicable,,,FALSE,,FALSE,FALSE,,,,,,,accuracy,,,,,,,,accuracy,,,,,none,,,,,FALSE,,FALSE,,,,,,none,,,,FALSE,TRUE,TRUE,5,FALSE,,,none,not_addressed,,,,,,low,4,"Directly studies compositional/systematic generalization failure: shows seq2seq models generalize systematically only at high training-data entropy and fail at low entropy, with entropy as a difficulty metric, connecting data distribution to the sigma-trap gap.",1,"No connection to AI alignment, safety, or goal misgeneralization; purely a study of systematic generalization and information entropy.",,,,TRUE,"Whether it is possible to achieve systematicity at low entropy without compositional priors in the architecture (Gordon et al., 2019) or training procedure (Lake and Baroni, 2023).",,,EX1,"arXiv 2505.13089v2. Figure 5 reports accuracy and SD from five seeds but no numeric values appear in the excerpt; only qualitative results (Transformer ~100% at H=2 Exp1, ~80% Exp2; all models subpar at H=1). No numeric accuracy fields filled."
S210,P02_0874,How Modular Should Neural Module Networks Be for Systematic Generalization?,Vanessa D'Amario; Tomotake Sasaki; Xavier Boix,2021,http://arxiv.org/abs/2106.08170v2,,2106.08170v2,TRUE,empirical,,conference,custom,,"Visual Question Answering (VQA-MNIST, SQOOP, CLEVR-CoGenT)",compositional,FALSE,,NeuralSymbolic,neurosymbolic,"Neural Module Network with three stages (image encoder, intermediate modules arranged by inferred program layout, output classifier); module libraries vary degree of modularity (all/group/sub-task) per stage; Tensor-NMN and Vector-NMN variants",,,,unspecified,,,"VQA-MNIST, SQOOP, CLEVR-CoGenT; training diversity varied as average % of attribute combinations; control experiment scaled VQA-MNIST training set 10x to 2.1M examples",,not_applicable,,,FALSE,,FALSE,FALSE,0.944,0.003,5,,,,accuracy,,0.773,0.013,5,,,,accuracy,,0.171,0.00596657,,none,,,,,FALSE,"Paper reports raw accuracies with SDs only; notes gaps of about 15% accuracy between module libraries, no formal effect size",FALSE,,,,,,none,,,,FALSE,TRUE,TRUE,5,FALSE,,,none,explicit_no,,,,,,low,4,"Directly targets systematic (compositional) generalization failure in VQA via novel combinations of visual attributes. Shows modularity degree at the image encoder stage controls OOD accuracy with gaps of about 15% between module libraries, and that near-100% ID accuracy coexists with very low OOD accuracy on biased splits. Restricted to VQA and does not address training dynamics or mechanisms.",1,"No connection to AI safety, alignment, or goal misgeneralization; purely an architectural-modularity study of systematic generalization in VQA.",,,,,,,,EX1,"Full-text excerpt truncated mid-section 4.2. Main-form values = Vector-NMN with group image encoder on CLEVR-CoGenT (Table 2). VQA-MNIST results exist only as figures; SQOOP results (Table 1) report systematic generalization accuracy only, no ID accuracy."
S211,P02_0875,Pretraining Frequency Predicts Compositional Generalization of CLIP on Real-World Tasks,Thaddäus Wiedemer; Yash Sharma; Ameya Prabhu; Matthias Bethge; Wieland Brendel,2025,http://arxiv.org/abs/2502.18326v1,,2502.18326v1,TRUE,empirical,,workshop,custom,,Text-to-image / image-to-text retrieval on Flickr-1K and COCO-5K (novel object combinations),compositional,TRUE,average pretraining frequency (geometric mean) of constituent objects,ViT,vit,"CLIP backbones: ViT-B-16, ViT-B-32, ViT-L-14, RN50, RN101; implementations per open_clip, slip, cyclip",,,,unspecified,,,"CLIP pretraining corpora: CC-3M, CC-12M, YFCC-15M, LAION400M, SynthCI-30M; test sets curated from Flickr-1K and COCO-5K",,not_applicable,,,,,,,,,,,,,other,Recall@10,,,,,,,other,Recall@10,,,,none,,,,,FALSE,"No effect size reported; the quantitative claim is a logistic-regression fit of performance on pretraining frequency, significant at p<0.01",FALSE,,,,,"No representation-level coherence proxy (probing/CKA/RSA); claimed object disentanglement is inferred behaviorally from retrieval-performance prediction, not measured on representations",none,,,,,,,,TRUE,other,0.01,none,explicit_no,,,,,,low,4,"Directly investigates compositional generalization success conditions for CLIP on real-world retrieval, predicting zero-shot performance on novel object combinations from pretraining frequencies — squarely the sigma-trap phenomenon, though it does not link to training dynamics, flatness, or representation-level coherence.",1,"No connection to AI safety, alignment, or goal misgeneralization; a study of CLIP's compositional generalization behavior and data-curation implications only.",,,,,,,"Recall@1, Recall@5 (reported alongside Recall@10)",EX1,"Excerpt figure values (Recall@10 per model/corpus) illegible due to text-encoding corruption; accuracy fields left empty per no-fabrication rule. Qualitative results: performance on unknown combinations matches known combinations; all regression fits p<0.01. Novel-combination fraction of test sets: T2I 17-44%, I2T 89-98%."
S212,P02_0877,SPOR: A Comprehensive and Practical Evaluation Method for Compositional Generalization in Data-to-Text Generation,Ziyao Xu; Houfeng Wang,2024,http://arxiv.org/abs/2405.10650v8,,2405.10650v8,FALSE,dataset_benchmark,,preprint,custom,,"data-to-text generation (WebNLG, E2E)",compositional,FALSE,,other,transformer,"Evaluates existing seq2seq and LLM models: BART-large, GPT-2-large, Llama-2-13b, Mistral-7b; input linearization with prefixes for WebNLG and E2E",,,,large,,,WebNLG triples linearized with <head>/<relation>/<tail> identifiers; E2E attribute-value pairs linearized as attribute[value]; prefixes 'translate from Triple to Text:' / 'translate from MR to Text:',,not_applicable,,,FALSE,,FALSE,FALSE,,,,,,,,,,,,,,,,,,,,none,,,,,FALSE,,FALSE,,,,,,none,,,,,,,,,,,none,not_addressed,TRUE,https://github.com/xzy-xzy/SPOR,TRUE,https://github.com/xzy-xzy/SPOR,FALSE,medium,4,"Proposes SPOR, a four-manifestation (Systematicity, Productivity, Order invariance, Rule learnability) evaluation of compositional generalization in data-to-text generation, and demonstrates that existing models including LLMs are deficient across manifestations on WebNLG and E2E — a direct, fine-grained probe of compositional generalization failure.",2,"No connection to AI alignment, safety, or goal misgeneralization; it is an evaluation-methodology paper that documents capability deficiencies in language models but frames no implications for safety or value alignment.",,,,,,,"Fidelity and fluency scores reported as per-sample (fidelity, fluency) tuples for qualitative analysis (e.g., (73.90, 56.98))",EX1,Excerpt is partial (intro plus appendix qualitative analysis); no aggregate numeric results extractable. Only per-sample fidelity/fluency tuples reported for Llama-2-13b and other models.
S213,P02_0878,Neural-Symbolic Recursive Machine for Systematic Generalization,Qing Li; Yixin Zhu; Yitao Liang; Ying Nian Wu; Song-Chun Zhu; Siyuan Huang,2022,http://arxiv.org/abs/2210.01603v2,,2210.01603v2,TRUE,empirical,,conference,custom,SCAN; PCFG_SET,multi-benchmark seq2seq: SCAN; PCFG; HINT; compositional EN-FR MT,compositional,FALSE,,NeuralSymbolic,neurosymbolic,NSR: Grounded Symbol System (GSS); modular neural perception + transition-based neural dependency parser + functional-program semantic interpreter; trained jointly with deduction-abduction,,,,unspecified,,,"MT task: 10,000 EN-FR pairs incl. 1,000 repeats of 'I am daxy'/'je suis daxiste'; HINT uses symbol and image inputs; SCAN/PCFG/MT splits from prior work",other,not_applicable,"joint deduction-abduction training of modular neural-symbolic components, no GSS supervision",,FALSE,,FALSE,FALSE,,,,,,,accuracy,,,,,,,,accuracy,,,,,none,,,,,FALSE,No effect sizes reported in excerpt,FALSE,,,,,"No representation-level coherence/compositionality proxy measured; GSS is a structural component, not a measured proxy",none,,,,,,,,FALSE,,,none,not_addressed,,,,,FALSE,low,4,"NSR directly targets compositional generalization failure (sigma-trap), evaluated on four systematic-generalization benchmarks (SCAN, PCFG, HINT, compositional MT), reaching near-perfect OOD accuracy via equivariance/compositionality inductive biases; no analysis of training dynamics, flatness, or schema coherence.",1,"No connection to AI safety, alignment, or goal misgeneralization; a methods paper on compositional generalization only.",TRUE,"Noisy/abundant real-world concepts enlarge the grounded symbol system space and may decelerate training; deterministic functional programs cannot represent probabilistic semantics (e.g., multiple valid translations of one sentence).",,TRUE,"Addressing the deployment challenges (noisy concepts enlarging the GSS, probabilistic semantics beyond deterministic programs) remains subject for future research.",,"HINT per-subset accuracies (I, SS, LS, SL, LL) for all architectures; MT accuracy",EX1,"Multi-benchmark paper; excerpt contains only HINT (Table 2) and compositional MT (Table 3) results, SCAN/PCFG numbers not present. Main-level accuracy fields left empty since no single primary config; per-config values in sub_experiments. Seed count not stated in excerpt (hint 5 not verifiable). Project page URL present (https://liqing-ustc.github.io/NSR) but no explicit code/data-availability statement."
S214,P02_0879,An explainable transformer circuit for compositional generalization,Cheng Tang; Brenden Lake; Mehrdad Jazayeri,2025,http://arxiv.org/abs/2502.15801v1,,2502.15801v1,FALSE,empirical,,preprint,custom,,compositional induction task (support-set symbol/color mapping with primitive-pairing rules),compositional,FALSE,,TransformerEncDec,transformer,"Compact encoder-decoder transformer; mechanistic analysis of encoder self-attention (Enc-self) and decoder cross/self-attention (Dec-cross, Dec-self) heads",,,,small,,,,,not_applicable,,,FALSE,,FALSE,FALSE,,,,,,,,,,,,,,,,,,,,none,,,,,FALSE,,FALSE,,,,,No standard coherence/compositionality proxy; PCA clustering and R2 of index-in-question encoding reported as mechanistic evidence,PCA,attention_patterns,"Reverse-engineered minimal circuit: Question-Broadcast and Primitive-Pairing heads encode index-in-question, RHS-Scanner and Output heads complete QK alignment; PCA clusters (R2 score) show index identity encoded in embeddings; causal ablations confirm circuit function",,FALSE,FALSE,FALSE,,FALSE,,,none,not_addressed,FALSE,,FALSE,,FALSE,low,4,"Studies compositional generalization (the sigma-trap) at the mechanistic level: identifies the causal circuit enabling compositional induction in a compact transformer on a support-set mapping task, and demonstrates causal ablations plus activation edits that predictably steer composition behavior.",3,"Explicitly frames mechanistic understanding as a direct pathway for model control via activation edits, which is safety-relevant interpretability; no explicit alignment or goal-misgeneralization discussion.",,,,,,,attention accuracy of Dec-cross-1.5 (>90% for first three emitted tokens); head logit contributions; PCA clustering R2,EX1,Mechanistic interpretability case study (arXiv preprint); no end-task accuracy results in excerpt; only circuit-level attention-accuracy. Prefill hint benchmarks (SCAN/Math) not supported by excerpt.
S215,P02_0880,Finding needles in a haystack: Sampling Structurally-diverse Training Sets from Synthetic Data for Compositional Generalization,Inbar Oren; Jonathan Herzig; Jonathan Berant,2021,http://arxiv.org/abs/2109.02575v1,,2109.02575v1,FALSE,empirical,,preprint,custom,,schema2QA,compositional,FALSE,,TransformerEncDec,transformer,"Pre-trained encoder-decoder (BART, Lewis et al. 2020); two-step training: synthetic utterance-query pairs then annotated data; standard maximum-likelihood objective",,,,unspecified,5000,,schema2QA; synthetic pool ~6M utterance-query pairs over 251 abstract templates; structurally-diverse sampling (UAT/CMaxEnt) achieves gains with as few as 5K examples vs 1M uniform; fine-tune on annotated data,augmentation,not_applicable,,,TRUE,synthetic utterance-query pairs from synchronous grammar; uniform abstract template (UAT) and compound max-entropy (CMaxEnt) sampling,FALSE,FALSE,,,,,,,,,,,,,,,,,,,,none,,,,,FALSE,,FALSE,,,,,,none,,,,,,,,,,,,not_addressed,FALSE,,FALSE,,FALSE,low,4,"Directly targets compositional generalization failure (the sigma-trap): shows neural semantic parsers fail on unseen structure combinations and proposes structurally-diverse synthetic-data sampling (UAT, CMaxEnt) to close the gap, with a 200x data-efficiency gain.",1,"No connection to AI alignment, safety, or goal misgeneralization; purely a data-sampling method for compositional generalization in semantic parsing.",,,,,,,,EX1,"Excerpt truncated before results section; no quantitative accuracy values extractable, all numeric fields left empty. Evaluated on a new compositional split of schema2QA using coarse abstract-template splitting (Finegan-Dollak style); 5K is the minimal sampled training-set size shown to match 1M uniform sampling."
S216,P02_0881,Revisiting Compositional Generalization Capability of Large Language Models Considering Instruction Following Ability,Yusuke Sakai; Hidetaka Kamigaito; Taro Watanabe,2025,http://arxiv.org/abs/2506.15629v1,,2506.15629v1,FALSE,dataset_benchmark,,preprint,custom,,Ordered CommonGen (generative commonsense reasoning; concept-order-constrained sentence generation),compositional,FALSE,,GPT,transformer,"36 instruction-tuned decoder-only LLMs across families (Llama, Qwen, Gemma, Phi, Mistral, Mixtral, GPT-4o, GPT-3.5, Gemini-Flash, OLMo); sizes from 0.5B to 405B",,,,unspecified,,,Ordered CommonGen built from CommonGen Concept Sets (4 concepts each); all 24 permutations per set form Ordered Concept Sets; 36 pretrained instruction-tuned LLMs evaluated,other,not_applicable,instruction tuning (SFT / human-preference tuning) of pretrained LLMs,,FALSE,,FALSE,FALSE,,,,,,,other,,,,,,,,other,ordered coverage (Ordered Rate); Concepts Coverage; Diverse Rate,,,,none,,,,,FALSE,No effect size reported; performance reported as mean and SD across 36 LLMs,FALSE,,,,,No representation-level coherence or compositionality proxy measured,none,,,,FALSE,FALSE,FALSE,,FALSE,,,none,not_addressed,FALSE,,FALSE,,FALSE,low,4,"Proposes Ordered CommonGen to measure compositional generalization (generating concept-constrained sentences in novel specified orders) across 36 LLMs, finding only about 75% best-case ordered coverage and strong order-pattern bias — direct evidence of compositional generalization limits in LLMs, though scoped to commonsense generation rather than structural generalization.",2,"Focuses on instruction-following (adhering to specified concept-order instructions), a component of alignment, but in a narrow commonsense-generation benchmark with no safety or goal-misgeneralization analysis.",TRUE,Verb-heavy (VVVV) concept sets still poorly covered; biases toward specific concept-order patterns lead to low-diversity or identical outputs when order is altered; addressing these may require improved training methods or increased model parameters.,,FALSE,,,Similarity; Diversity; Perplexity; Distinct; pBLEU; pBLEURT,EX1,Prefill hints (SLOG; Math/MW; seeds_runs=192) not supported by excerpt — study covers Ordered CommonGen across 36 LLMs; aggregates are mean+/-SD across 36 LLMs. Most instruction-compliant LLM about 75% ordered coverage. Per-POS-pattern and per-prompt results in sub_experiments/notes.
S217,P02_0882,Differentiable Tree Operations Promote Compositional Generalization,Paul Soulos; Edward Hu; Kate McCurdy; Yunmo Chen; Roland Fernandez; Paul Smolensky; Jianfeng Gao,2023,http://arxiv.org/abs/2306.00751v1,,2306.00751v1,TRUE,empirical,,conference,custom,,"Tree-to-tree Lisp tasks: Active-Logical, Passive-Logical, CAR-CDR-SEQ, Logical-Passive",compositional,FALSE,,NeuralSymbolic,neurosymbolic,"DTM: Differentiable Tree Machine = neural tree agent + differentiable tree interpreter (TPR-based, car/cdr/cons as precomputed matrix ops) + external tree memory; baselines: Transformer, Tree Transformer, LSTM, Tree2Tree LSTM",,,,unspecified,,,Synthetic tree2tree semantic parsing / language generation tasks; Active-Logical is the main analysis task,,not_applicable,,,FALSE,,FALSE,FALSE,1.0,0.0,5,,,,accuracy,,1.0,0.0,5,,,,accuracy,,0,,,none,,,,,FALSE,Paper reports mean accuracies across 5 random initializations; no effect sizes reported,FALSE,,,,,"No representation-level coherence proxy (probing/CKA/compositionality score) reported; interpretability is via program-level operation traces, not representation geometry",other,,Interprets inference as programs: Neural Tree Agent output traced over timesteps; at convergence operation/argument weights become one-hot (~94% correct operation sequence on CAR-CDR-SEQ); emergent cons-empty-tree operation found in Logical-Passive,,FALSE,TRUE,TRUE,5,FALSE,,,none,not_addressed,FALSE,,FALSE,,FALSE,low,4,"Core sigma-trap paper: DTM hits 100% OOD compositional generalization on lexical and structural splits while Transformer/LSTM baselines stay below 30% (mostly 0-19%), showing structure-aware differentiable operations eliminate the compositional failure mode on these tasks.",1,"No connection to AI safety, alignment, or goal misgeneralization; interpretability angle is about debugging operation traces, not safety.",TRUE,DTM requires input and output to be structured as trees and assumes the input and output languages share the same vocabulary; restricted to tree transformations; scaling to unbounded depth and lossy role-space compression left to future work.,,TRUE,"Extend to unbounded tree depth and lossy compression of the role space; investigate other tree functions (e.g., Tree Adjoining) and other data structures; translate between different vocabularies; scale to language modeling and pretraining.",,,EX1,Main form = DTM with predefined car/cdr/cons on Active-Logical (5 random inits). Prefill hint benchmarks (COGS; Math/MW) not evidenced in excerpt - excerpt only covers synthetic tree tasks; flagged task_primary as other. OOD lexical and structural splits are compositional.
S218,P02_0883,Factorization Regret mediates compositional generalization in latent space,John Schwarcz,2026,http://arxiv.org/abs/2603.27134v5,,2603.27134v5,FALSE,empirical,,preprint,custom,,Cognitive Gridworld (stationary POMDP with latent variables and parametric interactions),compositional,FALSE,,LSTM,rnn_family,"LSTM Classifier performing sequential inference over latent beliefs; Echo State (reservoir computing) RNN baseline; RCC (Representation Classification Chains): Classifier+Generator modules bootstrapping without shared gradients, trained via RL",,,,unspecified,,,Cognitive Gridworld POMDP; training episodes contain at most one testing variable (never the goal); testing episodes consist entirely of testing variables; teaching signals provided for a subset of training goal variables,other,not_applicable,supervised training with optimal Bayesian belief as target; RCC embeddings learned via reinforcement learning (offline learning) from naturalistic feedback,,FALSE,,FALSE,TRUE,,,,,,,accuracy,,,,,,,,accuracy,,,,,none,,,,,FALSE,No effect sizes or numeric accuracies in excerpt; quantitative results appear only in figures,FALSE,,,,,"No representation-level coherence proxy measured; Factorization Regret is a task-level information-theoretic quantity (DKL between Joint and Naive Bayesian beliefs), not a model representation metric",none,,,,FALSE,FALSE,FALSE,,FALSE,,,none,not_addressed,FALSE,,FALSE,,FALSE,low,4,"Formalizes compositional generalization over abstract latent variables with an information-theoretic measure (Factorization Regret) that explains accuracy gaps between architectures (Echo State matches Naive Bayes, Fully Trained LSTM matches Joint Bayes) and predicts a confident-wrong failure mode, directly addressing the mechanism of compositional generalization failure.",2,"Aims at goal-directed general intelligence and exposes a hallucination-like failure mode where confidence decouples from accuracy, but contains no explicit discussion of AI safety, alignment, or goal misgeneralization.",FALSE,,,FALSE,,,Factorization Regret (DKL between Joint and Naive Bayesian beliefs); confidence calibration / belief dynamics; relative accuracy ratios,EX1,Excerpt contains no numeric accuracy values (all quantitative results in figures). FR explains Echo State vs Fully Trained LSTM accuracy gap; Echo State matches Naive Bayes accuracy exactly; C=1 case optimal for Echo State. RCCs enable zero-shot generalization to novel contexts/goals. Prefill hint Math/MW unsupported; task is the custom Cognitive Gridworld.
S219,P02_0884,Counterfactual Recipe Generation: Exploring Compositional Generalization in a Realistic Scenario,Xiao Liu; Yansong Feng; Jizhi Tang; Chengang Hu; Dongyan Zhao,2022,http://arxiv.org/abs/2210.11431v1,,2210.11431v1,FALSE,empirical,,preprint,custom,,"Counterfactual recipe generation (Chinese): modify a base recipe given an ingredient change, at L1 (ingredient surface) and L2 (ingredient-related action) levels",compositional,FALSE,,GPT,transformer,Finetuned GPT-2 (direct generation GPT-2(D); with task instruction and base recipe GPT-2(D+R)); editing-based methods EDUCAT and DELOREAN built on the same pretrained LM,,,,unspecified,,,Large-scale Chinese recipe corpus used for unsupervised learning (causal language modeling finetuning); a subset of action-level fine-grained annotations used for evaluation,,not_applicable,,,FALSE,,FALSE,FALSE,,,,,,,,,,,,,,,F1,,,,,none,,,,,FALSE,,FALSE,,,,,,none,,,,FALSE,FALSE,FALSE,,FALSE,,,none,not_addressed,TRUE,https://github.com/xxxiaol/counterfactual-recipe-generation,TRUE,https://github.com/xxxiaol/counterfactual-recipe-generation,,medium,4,"Directly probes compositional generalization in a realistic generation scenario: counterfactual recipe generation requires novel ingredient-action combinations, and the paper finds pretrained LMs fail at both surface and action-level composition, evidencing compositional generalization failure.",1,"No connection to AI alignment, safety, or goal misgeneralization; a study of compositional generalization in recipe generation only.",,,,,,,"Preservation BLEU/BERTScore; BWS human evaluation (grammar, correctness, preservation); order accuracy of inserted actions (99% GPT-2(D), 87% GPT-2(D+R), 84% EDUCAT, 80% DELOREAN)",EX1,"L2 action-level hard F1 used as primary OOD metric per sub_exp (values are hard F1 as proportions); soft F1 also reported. Table 3a CoI/preservation numbers in excerpt are OCR-corrupted and contradict prose (BLEU <5% stated for GPT-2(D), GPT-2(D+R), DELOREAN vs expert 65.2%), so L1 numbers not filled. Human BWS: expert >> all models."
S220,P02_0885,Swing-by Dynamics in Concept Learning and Compositional Generalization,Yongyi Yang; Core Francisco Park; Ekdeep Singh Lubana; Maya Okawa; Wei Hu; Hidenori Tanaka,2024,http://arxiv.org/abs/2410.08309v3,,2410.08309v3,TRUE,theoretical,,conference,custom,,SIM (structured identity mapping on Gaussian mixture with structured centroids),compositional,FALSE,,MLP,mlp,2-layer symmetric linear model (theory); 2-layer MLP with linear or ReLU activations for SIM experiments; text-conditioned diffusion model for validation,,2,64,small,,,"SIM: 5000 training samples per Gaussian cluster; d=64 by default; random rotation applied to train/test points; batch size 128, learning rate 0.1, 40 epochs",standard_SGD,not_applicable,,standard_SGD,FALSE,,FALSE,FALSE,,,,,,,,,,,,,,,,,,,,none,,,,,FALSE,No accuracies or effect sizes reported in excerpt; results are loss/weight learning-dynamics curves,FALSE,,,,,,other,,"Tracks evolution of Jacobian entries (major/minor) over training: staged growth/suppression ('swing-by dynamics'); failure mode where a major entry is suppressed to 0 and the model is trapped generalizing only a subset of concepts, OOD loss converging to non-zero value",,FALSE,FALSE,FALSE,,FALSE,,,none,not_addressed,,,,,,low,4,"Theoretically characterizes compositional generalization learning dynamics on a simplified identity-mapping task: staged growth/suppression of Jacobian entries, nonmonotonic (multi-descent) loss, and failure modes where the model is trapped into generalizing only a subset of concepts and never fully generalizes OOD. Speaks directly to why compositional generalization fails, though on a simplified synthetic setup with validation on diffusion models.",1,"No discussion of AI safety, alignment, or goal misgeneralization; contribution is a theoretical account of concept-learning dynamics in generative models.",TRUE,"Theory relies on assumptions D.4/D.5 (small equal-weight initialization, sufficient signal-strength distinctions) whose breakdown leads to failure modes; analysis limited to 2-layer symmetric linear model without bias terms; generalization to deeper networks, ReLU, or NTK regime left open.",,TRUE,"Systematically characterize behavior beyond the stated assumptions and conditions for OOD failure; generalize analysis to deep linear networks, two-layer ReLU networks, and NTK-regime models; investigate early-alignment of ReLU networks on the SIM task.",,,EX1,Excerpt truncated at Appendix F.2. No accuracy values appear in the excerpt; results reported as loss/weight curves over epochs (incl. triple/quadruple descent illustrations). All numeric accuracy fields left empty per no-fabrication rule.
S221,P02_0887,ExeDec: Execution Decomposition for Compositional Generalization in Neural Program Synthesis,Kensen Shi; Joey Hong; Yinlin Deng; Pengcheng Yin; Manzil Zaheer; Charles Sutton,2023,http://arxiv.org/abs/2307.13883v2,,2307.13883v2,TRUE,empirical,,conference,custom,,Program synthesis by example (RobustFill and DeepCoder DSLs),compositional,FALSE,,TransformerEncDec,transformer,"Transformer encoder-decoder trained from scratch with ExeDec execution decomposition (SubgoalModel + SynthesizerModel); baselines: plain Transformer, no-subgoal ablation, Latent Programmer; also few-shot LLM prompting",,,,unspecified,,,"RobustFill and DeepCoder PBE datasets; 20,000 pretraining steps; learning rates 5e-4 (RobustFill), 2e-4 (DeepCoder); beam size 10 with latent beam 3",other,not_applicable,execution-decomposition subgoal supervision (ExeDec),other,,,,,0.955,,,,,,accuracy,,0.87,,,,,,accuracy,,0.085,,,none,,,,,FALSE,No effect sizes; results reported as end-to-end test accuracy percentages,FALSE,,,,,"No representation-level coherence proxy measured; analysis is behavioral (accuracy, single-step accuracy) and about spurious patterns in splits",none,,,,,,,,,,,none,not_addressed,,,,,,low,4,"Directly addresses the sigma-trap: quantifies compositional generalization failure in program synthesis (Transformer GenAvg 42.4% vs NoGen 90.9% on RobustFill; 5.7% vs 53.6% on DeepCoder) and shows execution-decomposition (ExeDec) greatly improves it, without touching training dynamics or schema coherence.",1,"No connection to AI safety, alignment, or goal misgeneralization; purely a program-synthesis methods paper.",,,,,,,"Single-step subgoal/synthesizer/combined accuracy; per-CG-task results (Length-Generalization, Compose-Different-Concepts, Switch-Concept-Order, Compose-New-Operation, Add-Operation-Functionality)",EX1,"Main form = ExeDec, beam size 10, RobustFill; NoGen treated as ID, GenAvg (average over 5 CG tasks) as OOD. DeepCoder and all approaches/beam sizes in sub_experiments. Latent Programmer re-run with own hyperparameters. Optimizer not specified in excerpt."
S222,P02_0888,Compositional Generalization for Data-to-Text Generation,Xinnuo Xu; Ivan Titov; Mirella Lapata,2023,http://arxiv.org/abs/2312.02748v1,,2312.02748v1,FALSE,dataset_benchmark,,preprint,custom,,WebNLG data-to-text generation,compositional,FALSE,,T5,transformer,T5 baselines (pre-trained LMs); proposed CG-RL clustering-based method generating sentence-by-sentence using graph weights from training data to decompose unseen predicate combinations; CG-RL trained on BART in few-shot comparison with CBST,,,,unspecified,18101,,"WebNLG-derived splits: FULL-7 18,101 examples, FULL-2 7,712, ONESHOT-7 2,203 (one example per predicate combination); training exposes models to fewer input tuples, testing on more; few-shot variants at 0.5-10% of data",,not_applicable,,,FALSE,,FALSE,FALSE,,,,,,,,,,,,,,,,,,,,none,,,,,FALSE,,FALSE,,,,,"NMI is used to score agreement between model-generated predicate decompositions and human-annotated decompositions (output structure, not internal representation coherence)",none,,,,,,,,,,,none,not_addressed,TRUE,https://github.com/XinnuoXu/CG_DTG,,,FALSE,partial,4,"Creates a compositional-generalization benchmark for data-to-text (unseen predicate combinations, few-shot and unseen-domain variants), shows SoTA pre-trained LMs (T5) fail to generalize, and proposes a clustering-based decomposition method that substantially improves faithfulness — a direct empirical study of compositional generalization failure.",2,"No connection to AI alignment, safety, or goal misgeneralization; unfaithful generation (hallucination, omission) is framed as a technical quality problem rather than a safety concern.",,,,,,,"BLEU, PARENT, OK-percent (faithfulness), NMI for predicate decomposition, human evaluation (grammar, repetition, hallucination, omission)",EX1,"Main form left numeric-empty: primary model is the proposed CG-RL but its aggregate values live in appendix tables not fully present in excerpt. Sub_experiments give T5 (Table 4) BLEU values: col order 'Unseen Seen' per table header; FULL-7 seen-row values duplicate ONESHOT-7 unseen-row values in the source excerpt, so they were left empty as unverifiable. Abstract headline: CG-RL achieves 31% improvement over T5 on a faithfulness metric. Metric type BLEU; values converted from percentages to proportions."
S223,P02_0889,What Drives Compositional Generalization? The Importance of Continuous Training Objectives in Visual Generative Models,Karim Farid; Rajat Sahay; Yumna Ali Alnaggar; Simon Schrodi; Volker Fischer; Cordelia Schmid; Thomas Brox,2025,http://arxiv.org/abs/2510.03075v3,,2510.03075v3,FALSE,empirical,,preprint,CelebA,,,compositional,TRUE,composition novelty level (Level-1/Level-2: one vs two changed factors),other,other,MaskGIT (BERT-style discrete masked generative transformer) and DiT (diffusion transformer); intervention = MaskGIT + auxiliary continuous JEPA latent alignment objective,,,,unspecified,,,"CelebA with three binary factors (gender, hair color, smile): trained on 4 of 8 combinations, tested on Level-1/Level-2 novel compositions; also Shapes3D and CLEVRER-Kubric (video)",other,not_applicable,auxiliary continuous JEPA latent objective added to standard discrete reconstruction loss (L = LMG + lambda*LJEPA),,FALSE,,FALSE,FALSE,,,,,,,accuracy,,,,,,,,accuracy,,,,,none,,,,,FALSE,No effect sizes reported in excerpt,TRUE,linear_probe_acc,,0.5627,,"Max linear probe accuracy on the 111 novel composition for CLEVRER-Kubric MaskGIT with JEPA loss on layers {7,9,11} (56.27); standard objective value not numeric in excerpt; JEPA also lowers attention-head polysemanticity",probing,,"JEPA-augmented MaskGIT shows higher linear probe accuracy on novel compositions and lower polysemanticity in attention heads (causal head-ablation analysis), indicating factor-specific representations; mechanistic circuit-overlap analysis (Jaccard) of MLP neurons across blocks","transformer blocks (e.g., {7,9,11} for CLEVRER-Kubric JEPA loss); attention heads across layers",,,,,,,,none,not_addressed,,,,,FALSE,low,4,"Systematically studies compositional generalization failure in visual generative models (sigma-trap), isolating training-objective continuity and conditioning completeness as causal drivers on CelebA factor compositions with graded OOD difficulty (L1/L2); no connection to training dynamics, flatness, or schema-coherence theory.",1,No connection to AI safety or alignment; a study of generative-model representation learning with preliminary evidence in world models and LLMs.,,,,,,,linear probe accuracy on novel (111) composition; polysemanticity via causal attention-head ablation (tau=0.005); mechanistic circuit overlap (Jaccard similarity),EX1,"arXiv preprint, April 2026. Excerpt contains main CelebA figure (qualitative: DiT generalizes compositionally, MaskGIT struggles) plus appendix ablations: JEPA layer sweep, lambda weighting (0.6 selected), polysemanticity and circuit analyses on CLEVRER-Kubric. Shapes3D table truncated in excerpt. No task accuracies, seeds, or CIs reported in excerpt."
S224,P02_0890,Compositional Generalization with Grounded Language Models,Sondre Wold; Étienne Simon; Lucas Georges Gabriel Charpentier; Egor V. Kostylev; Erik Velldal; Lilja Øvrelid,2024,http://arxiv.org/abs/2406.04989v1,,2406.04989v1,FALSE,dataset_benchmark,,preprint,custom,,knowledge-graph multi-hop question answering (k-hop compositional semantic parsing),compositional,FALSE,,TransformerEncDec,transformer,"Seq2seq models combining a language encoder with a graph encoder (GNN) over knowledge graphs: Baseline (LM-only), Disjoint, Grounded, Unidirectional (cross-attention), Bidirectional (mutual attention)",,,,unspecified,10000,,"10,000 training and 2,000 test samples in productivity experiments; systematicity uses 5-fold training splits over k-hop relation combinations; substitutivity training size not stated",,not_applicable,,,FALSE,,FALSE,FALSE,0.9817,0.0039,5,,,,accuracy,,0.5942,0.0207,5,,,,accuracy,,0.3875,0.00942019,,none,,,,,FALSE,,FALSE,,,,,No representation-level coherence proxy; authors argue from accuracy patterns that models fail to build compositional per-1-hop representations,none,,,,FALSE,FALSE,TRUE,5,FALSE,,,none,not_addressed,FALSE,,TRUE,,FALSE,partial,4,"Directly measures compositional generalization failure (the sigma-trap) for grounded LMs via substitutivity (novel combinations), productivity (unseen k-hop lengths) and systematicity (unseen relation combinations) tests, quantifying large OOD accuracy drops and near-random extrapolation.",2,"No explicit AI safety or alignment content; motivation is reducing factual hallucination in LMs via knowledge-graph grounding, tangentially relevant to reliability but not to alignment or goal misgeneralization.",,,,,,,correlation between test accuracy and relation-path train frequency (Figure 3),EX1,"Main-form values = Disjoint model (simplest grounded variant): id = substitutivity 2-hop (within-length generalization), ood = productivity extrapolation (train 2,3-hop; test 4-hop). All numbers from 5 seeds. Baseline (LM-only) hovers at chance (~49) on all substitutivity hops. Substitutivity 3-hop/4-hop and other productivity conditions in sub_experiments."
S225,P02_0891,Scaling can lead to compositional generalization,Florian Redhardt; Yassir Akram; Simon Schug,2025,http://arxiv.org/abs/2507.07207v2,,2507.07207v2,TRUE,empirical,,conference,custom,,hyperteacher compositional task families,compositional,TRUE,fraction of tasks held out from training,MLP,mlp,ReLU MLP students (0.5M-10M params) trained on synthetic hyperteacher compositional task families with hypernetwork teacher; model-size scaling; transfer check with text-to-image diffusion models,,,,small,,,"Synthetic compositional task families (M modules, K components, hyperteacher); task encodings: identity, orthogonal, language, invertible NN, interval shuffle, fewshot; training support varied (compositional/connected/popular/unpopular modules)",,not_applicable,,,FALSE,,FALSE,FALSE,,,,,,,,,1,0,3,,,,other,"R2 (compositional generalization, variance explained)",,,,none,,,,,FALSE,,TRUE,other,linear decodability (R2) of task constituents from hidden activations (task decoder),,,"Not framed as intervention vs baseline; task-decoder R2 per encoding reported (e.g., Identity 0.95+/-0.012, Language 0.99+/-0.000, Few shot 0.90+/-0.004 at third layer); decodability correlates with compositional generalization",probing,,"Task constituents can be linearly decoded from hidden activations of models that compositionally generalize; task-decoder R2 correlates with compositional generalization across model sizes, task encodings and K components; also correlates with failures of text-to-image models to compose known concepts",third layer,FALSE,TRUE,TRUE,3,TRUE,other,,unclear,explicit_no,TRUE,https://github.com/smonsays/scale-compositionality,FALSE,,FALSE,partial,5,"Directly investigates compositional generalization (the sigma-trap): shows scaling data and model size alone yields compositional generalization on held-out task structures, proves MLP compositionality with linear neurons in module count, and links success to linear decodability of task constituents.",2,"No explicit alignment or safety framing, but the analysis of composition failures in deployed text-to-image generation models touches on reliability of generative systems; otherwise a basic-science scaling/compositionality study.",,,,,,,Linear decodability (R2) of task constituents from the input task encoding (input decoder); Pearson correlations between task-decoder R2 and compositional generalization with p-values,EX1,"Metric is R2 (variance explained) on held-out compositional tasks, not accuracy; main-form values = Identity encoding. Table 1 results over three seeds (SEM). Sub-experiments split by task encoding (intervention). Excerpt truncated before discussion; limitations not visible."
S226,P02_0892,Sequential Compositional Generalization in Multimodal Models,Semih Yagcioglu; Osman Batur İnce; Aykut Erdem; Erkut Erdem; Desmond Elliott; Deniz Yuret,2024,http://arxiv.org/abs/2404.12013v1,,2404.12013v1,FALSE,dataset_benchmark,,preprint,custom,,"COMPACT (Compositional Activities) - sequential compositional generalization over egocentric kitchen-activity video, sound, and step-by-step descriptions",compositional,FALSE,,TransformerDec,transformer,"Multimodal (vision+audio+text) models: IDEFICS/OpenFlamingo (CLIP ViT encoder + interleaved cross-attention + LLaMA decoder), MerlotR, ImageBind, Otter (VLM); text-only LLaMA2 and unimodal L/VL/AL/AVL/OL/OAL baselines",,,,unspecified,,,"COMPACT: egocentric kitchen-activity videos with raw video footage, naturally occurring sound, crowd-sourced step-by-step descriptions; concepts consistently distributed across splits, compositions novel in evaluation set",,not_applicable,,,FALSE,,FALSE,FALSE,,,,,,,BLEU,,0.2515,0.008,3,,,,BLEU,,,,,none,,,,,FALSE,No effect size reported; results reported as mean and SD across three runs,FALSE,,,,,No representation-level coherence or compositionality proxy measured,none,,,,FALSE,FALSE,TRUE,3,FALSE,,,none,suspected,FALSE,,TRUE,http://cyberiada.github.io/CompAct,FALSE,partial,4,"Introduces COMPACT to test sequential compositional generalization in multimodal models: individual concepts are consistently distributed across splits while their compositions are novel in the evaluation set, directly probing compositional generalization failure (sigma-trap); finds multimodal models outperform text-only counterparts but compositional generalization remains hard and rigorous for all models.",1,"No connection to AI safety, alignment, or goal misgeneralization; focused on multimodal compositional generalization performance for video-based next-utterance prediction.",TRUE,Pretrained LLMs may have been exposed to some compositions during pretraining; the authors probe this indirectly via in-distribution (random-split) experiments rather than confirming absence of exposure.,,FALSE,,,"EM; CA (combinatorial accuracy); BERTScore; few-shot BLEU/EM/CA/BERTScore (IDEFICS, LLaMA2, Otter, OpenFlamingo)",EX1,"Main-form values = IDEFICS next-utterance BLEU on COMPACT validation split (compositional OOD; 3 runs). In-domain random-split experiments reported qualitatively only. Prefill benchmark hints (SCAN/COGS/CFQ/CLOSURE/Math/MW) not supported by excerpt. Multimodal models (ImageBind 34.13, AVL 31.42) beat text-only LLaMA2 (26.52) and language-only baseline (21.43)."
S227,P02_0893,Learning to Compose Representations of Different Encoder Layers towards Improving Compositional Generalization,Lei Lin; Shuangtao Li; Yafang Zheng; Biao Fu; Shan Liu; Yidong Chen; Xiaodong Shi,2023,http://arxiv.org/abs/2305.12169v2,,2305.12169v2,FALSE,empirical,,preprint,CFQ,other,"CoGnition (Chinese-English MT, CG-test set; not in task vocabulary)",compositional,TRUE,compound divergence,TransformerEncDec,transformer,COMPOSITION: adds a composed layer between encoder and decoder that learns to compose different encoder layers' representations into keys/values per decoder layer (dynamic per-task); built on Fairseq seq2seq Transformer; CFQ variant uses RoBERTa encoder + randomly initialized Transformer decoder (following Zheng and Lapata 2022a),,,,unspecified,95743,,"CFQ MCD splits: training set 95,743, validation set, test set 11,968 per split; GPT2-BPE preprocessing",,not_applicable,,,FALSE,,FALSE,FALSE,,,,,,,,,0.594,,3,11968,,,exact_match,,,,,none,,,,,FALSE,"No effect sizes reported; CTER reductions (-8.0% inst, -10.9% aggr on CoGnition) are error-rate deltas, not effect sizes",FALSE,,,,,"Paper hypothesizes syntactic/semantic representation entanglement but measures task-level CTER/exact-match, not a representation-level coherence proxy",attention_patterns,,"Analyzes learned composition weights: bottom encoder layers contribute more syntactic information and top layers more semantic information; weight matrices show which encoder layers feed keys/values of each decoder layer (bottom encoder layer weights keys of upper decoder layers, Fig 4)",,FALSE,FALSE,TRUE,3,FALSE,,,none,not_addressed,TRUE,https://github.com/thinkaboutzero/COMPOSITION,TRUE,,FALSE,medium,4,"Directly addresses compositional generalization failure (sigma-trap) on CFQ MCD splits, attributing it to entangled encoder representations and improving MCD exact-match from 17.9 (Transformer) to 59.4 mean via composed layer representations.",1,"No connection to AI safety, alignment, or goal misgeneralization; purely a representation-learning method for compositional generalization.",FALSE,,,FALSE,,,CoGnition CG-test CTER: COMPOSITION 20.4% inst / 52.0% aggr vs Transformer 28.4% / 62.9% (6 runs); BLEU also reported (values not in excerpt),EX1,"Main form = COMPOSITION on CFQ, OOD = mean over MCD1-3 (0.594); no IID accuracy reported in excerpt, hence empty id_acc fields. Prefill hint seeds_runs=6 matches CoGnition table (6 runs); CFQ table uses 3 runs, used as n_seeds_value for the CFQ main form. All three MCD splits are OOD (compositional)."
S228,P02_0894,Systematic Generalization on gSCAN with Language Conditioned Embedding,Tong Gao; Qi Huang; Raymond J. Mooney,2020,http://arxiv.org/abs/2009.05552v2,,2009.05552v2,FALSE,empirical,,preprint,gSCAN,,,compositional,FALSE,,LSTM,rnn_family,"Language-conditioned contextualized object embeddings via dynamic message passing (GNN-style) over objects, end-to-end trainable, with LSTM sequence decoder for action generation; ablation removes message passing module",,,,unspecified,,,"gSCAN grounded language navigation dataset; 7 test splits (A random, B novel direction, C relativity, D red squares, E yellow squares, F adverb-to-verb, G class inference)",,not_applicable,,,FALSE,,FALSE,FALSE,0.986,0.0095,,,,,exact_match,,0.8031,0.2451,,,,,exact_match,,0.1829,,,none,,,,,FALSE,No effect sizes or significance tests reported; mean +/- SD over multiple runs only,FALSE,,,,,No representation-level coherence/compositionality proxy measured,attention_patterns,,Attention visualization shows baseline attends to correct target position but cannot handle novel direction navigation (split B) and picks similar training-seen objects over novel color-shape targets (split D); full model handles novel combinations via contextualized embeddings,,FALSE,TRUE,FALSE,,FALSE,,,none,not_addressed,TRUE,,FALSE,,FALSE,partial,4,"Directly targets systematic (compositional) generalization on gSCAN with seven OOD test splits, showing a language-conditioned message-passing model that matches or beats prior state of the art on most splits, including a documented failure mode on novel-direction navigation - core sigma-trap territory.",1,"No connection to AI safety, alignment, or goal misgeneralization; purely a compositional generalization method and evaluation paper.",TRUE,"Fails on Split B (novel direction): LSTM decoder cannot generalize action tokens for unseen directions; model generates action sequence from static scene, not modeling agent movement; high variance across runs on splits C, D, F.",,TRUE,"Introduce clues informing the model of view changes as it takes actions; transform novel navigation tasks into familiar ones via perspective change, conditioning on previous actions.",,Exact match accuracy per split (7 splits); attention-score visualizations; ablation (no message passing) results,EX1,"Main-form ID = Split A (random, 98.6 +/- 0.95); OOD = Split D (red squares, 80.31 +/- 24.51); per-split values in sub_experiments. Ablation (no message passing) in Table 3: Split A 91.07+/-0.61, B 0.16+/-0.04, C 50.26+/-5.9, D 35.95+/-13.13, E 44.18+/-24.56, F 44.82+/-1.95, G 93.02+/-0.33."
S229,P02_0895,On a Built-in Conflict between Deep Learning and Systematic Generalization,Yuanpeng Li,2022,http://arxiv.org/abs/2208.11633v1,,2208.11633v1,FALSE,theoretical,,preprint,custom,,Synthetic two-output classification over partitioned input spaces (unseen factor combinations); equally-difficult-factors version uses two CIFAR-10 datasets concatenated by channel (6-channel input),compositional,FALSE,,MLP,mlp,"Fully-connected DNN and CNN reported in tables; also studies residual networks, LSTMs, and (Vision) Transformers; shared vs individual network depths varied 0-7",,,,unspecified,,,Synthetic tasks where some factor combinations (e.g. Y1<5 or Y2<5 for tile; Y1<9 or Y2<1 for one-shot) are excluded from training; equally-difficult version concatenates two CIFAR-10 datasets by channel,,not_applicable,,,FALSE,,FALSE,FALSE,,,,,,,accuracy,,,,,,,,accuracy,,,,,none,,,,,FALSE,,FALSE,,,,,,none,,,,FALSE,TRUE,FALSE,,FALSE,,,none,not_addressed,TRUE,https://github.com/yuanpeng16/BCDLSG,,,,partial,4,"Directly theorizes a mechanism (internal function sharing preferring boundary reuse) for why standard deep learning models fail at out-of-distribution/systematic generalization, and demonstrates accuracy collapse on unseen factor combinations across MLP, CNN, ResNet, LSTM, and Transformer.",1,"No connection to AI alignment, safety, or goal misgeneralization; purely an account of systematic generalization failure mechanisms in deep learning.",,,,,,,,EX1,"Table 4 (equally difficult factors, two CIFAR-10 by channel): DNN/CNN individual vs shared at depth 0-7; Test Sample Accuracy treated as OOD (new factor combination), Random Set Accuracy as ID. Table 5 reports tile/one-shot label combinations for feed-forward NN (Test Set I=33.0+/-3.9 S=8.3+/-1.1; Random Set I=36.5+/-4.6 S=9.2+/-1.1; Test Sample I=9.7+/-2.5 S=1.5+/-0.1). Key finding: all accuracies drop as shared-network depth increases. Paper marked 'Work in progress'."
S230,P02_0898,What Do You Need for Compositional Generalization in Diffusion Planning?,Quentin Clark; Florian Shkurti,2025,http://arxiv.org/abs/2505.18083v3,,2505.18083v3,FALSE,empirical,,preprint,custom,,Diffusion planning for navigation/manipulation (goal-conditioned Maze and didactic environments designed to require stitching),compositional,FALSE,,Diffusion,diffusion,"Diffusion planners trained via generative behavioural cloning (no DP/TD); compared Didactic model, U-Net, DiT, and Eq-Net (shift-equivariant architecture with local receptive fields); inpainting-based goal guidance",,,,unspecified,,,Navigation and manipulation tasks; training data scaling studied as a factor; details in appendix,,not_applicable,,,TRUE,,FALSE,FALSE,,,,,,,,,0.838,0.064,,,,,other,trajectory completion rate,,,,none,,,,,FALSE,Paper reports completion rates (83.8 vs 11.16 vs 0.44 vs 0 in Maze) without formal effect sizes,FALSE,,,,,,none,,,,FALSE,TRUE,FALSE,,FALSE,,,none,not_addressed,,,,,,low,4,"Directly studies compositional generalization (stitching) of diffusion planners on held-out start-goal pairs, identifying shift equivariance, local receptive fields, and inference choices as enablers, and showing replanning/augmentation/data-scaling alternatives. Reports a concrete OOD completion gap (Eq-Net 83.8% vs 0.44-13.4% for baselines), though limited to carefully designed stitching environments.",1,"No connection to AI safety, alignment, or goal misgeneralization; contribution is architectural and empirical analysis of composition in diffusion planners for robotics.",TRUE,"Only considers environments carefully designed to require stitching; guidance strategy limited to inpainting, less useful for abstract goals (language-conditioned, multi-modal) or multi-task/multi-embodiment robotics datasets.",,TRUE,Evaluate findings in multi-task or multi-embodiment robotics datasets; incorporate other guidance strategies such as classifier-based or free guidance into high-compositionality diffusion planners.,,unique successful trajectories (count); denoising steps vs completion rates,EX1,"Main-form values = Eq-Net in Maze (Table I). Table I is partially garbled in the excerpt; completion/unique-paths values read in listed order per model (Didactic 0/0, U-Net 0.44/0.09, DiT 13.39/11.16, Eq-Net 83.8/116.8; didactic env completion 0/0/77). Text's 'roughly 7.5x higher' (83.8 vs ~11.16) conflicts with column order for DiT; see sub_exp notes. 50 random generations were sampled for diversity visualization, not reported seeds."
S231,P02_0899,D3: Data Diversity Design for Systematic Generalization in Visual Question Answering,Amir Rahimi; Vanessa D'Amario; Moyuru Yamada; Kentaro Takemoto; Tomotake Sasaki; Xavier Boix,2023,http://arxiv.org/abs/2309.08798v2,,2309.08798v2,TRUE,empirical,,journal,custom,,"VQA: CLEVR 2-Hop/3-Hop OOD splits, GQA length generalization, TallyQA-Nouns/Cars",compositional,FALSE,,GPT,transformer,"GPT-2 style transformer trained from scratch with fixed ResNet-101 vision encoder; also MAC (Memory-Attention-Control), FiLM, VectorNMN (with/without ground-truth program generator), MiniGPT-v2 (ViT + Llama-2 7B)",,,,unspecified,,,GQA length-generalization sets: 450k questions (30% of base replaced by short/long questions); CLEVR 2-Hop experiments scale 100k-600k questions; TallyQA-Nouns/Cars splits,,not_applicable,,,TRUE,D3: data diversity design - adding diverse simple questions to training sets,,,0.4067,,,,,,accuracy,,0.2288,,,,,,accuracy,,0.1779,,,none,,,,,FALSE,No effect sizes; results as accuracy percentages and change-in-accuracy deltas from D3 intervention,FALSE,,,,,No representation-level coherence proxy; analysis is behavioral (test accuracy across training distributions),none,,,,,,,,,,,none,not_addressed,,,,,,low,4,"Studies systematic generalization failure in VQA across five architectures (MAC, FiLM, VectorNMN, GPT-2, MiniGPT-v2): OOD novel-composition and length splits fail (GPT-2 2-Hop OOD 23.7% vs 45.2% on 3-Hop A) and D3 data-diversity design mitigates (59.7%), squarely the sigma-trap, though framed as data curation rather than training dynamics.",1,"No connection to AI safety, alignment, or goal misgeneralization; a data-design study for VQA systematic generalization.",,,,,,,"Change-in-accuracy deltas (GQA length generalization: +1.94/+0.2 MAC, +1.35/+1.63 GPT-2; MiniGPT-v2 1-Hop Full +12.8); accuracy matrices across question-complexity distributions (Figs 6/8)",EX1,"Main form = MAC on TallyQA-Nouns base (ID = 2Nouns 40.67%, OOD = 3+Nouns 22.88%). Table 2 layout is a single accuracy per training-set condition; D3-with-OOD values interpreted from row semantics and flagged in sub_exp notes. GQA and MiniGPT-v2 results reported as deltas only (absolutes unavailable)."
S232,P02_0900,RoboHiMan: A Hierarchical Evaluation Paradigm for Compositional Generalization in Long-Horizon Manipulation,Yangtao Chen; Zixuan Chen; Nga Teng Chan; Junting Chen; Junhui Yin; Jieqi Shi; Yang Gao; Yong-Lu Li; Jing Huo,2025,http://arxiv.org/abs/2510.13149v1,,2510.13149v1,FALSE,dataset_benchmark,,preprint,custom,,long-horizon robot manipulation (atomic and compositional tasks),compositional,FALSE,,Diffusion,diffusion,"VLA models: 3D-Diffuser-Actor-RP, pi0-RP, pi0.5-RP, evaluated with rule-based planner (RP) decomposition; hierarchical setup with high-level planner generating subgoals and low-level policies; end-to-end VLA baselines also discussed",,,,unspecified,,,"HiMan-Bench multi-level training dataset for progressive data scaling (levels L1-L4); real-world validation: 40 demonstrations per atomic task (4 atomic skills), 1 demonstration for the compositional task, 1 extra demo per perturbation setting (distractors, position variations, human interventions)",other,not_applicable,imitation learning from demonstrations,,FALSE,,FALSE,FALSE,,,,,,,,,,,,,,,,,,,,none,,,,,FALSE,,FALSE,,,,,,none,,,,,,,,,,,none,not_addressed,TRUE,,,,FALSE,partial,4,"Introduces a benchmark and three evaluation paradigms (vanilla, decoupled, coupled) probing compositional generalization of skills in long-horizon manipulation, showing end-to-end VLA models fail to generalize beyond training distribution and hierarchical planners reveal skill-composition bottlenecks under perturbations — a direct, systematic study of compositional generalization failure.",2,"No connection to AI safety or alignment; the work targets robot manipulation capability and generalization benchmarking, with safety-relevant themes (robustness, human intervention) treated purely as evaluation perturbations.",,,,,,,Average success rate over 20 real-world episodes (10 without and 10 with perturbations),EX1,"Excerpt is partial; success-rate tables (Tables 9-11) for 3D-Diffuser-Actor-RP, pi0-RP, pi0.5-RP report values in [0,1] across training levels L1-L4, test task sets (A&AP, C&CP), and perturbations, but the source layout is OCR-mangled so cell-to-condition attribution is unreliable; numerics left empty rather than guessed."
S233,P02_0901,AGEL-Comp: A Neuro-Symbolic Framework for Compositional Generalization in Interactive Agents,Mahnoor Shahid; Hannes Rothe,2026,http://arxiv.org/abs/2604.26522v1,,2604.26522v1,FALSE,empirical,,preprint,custom,,Retro Quest interactive-agent compositional quest curriculum,compositional,TRUE,"quest difficulty levels 1-5 (Hard/Level 4, Very Hard/Level 5)",NeuralSymbolic,neurosymbolic,"AGEL-Comp: multimodal LLM backbone (GPT-4o, Gemini-2.5-Pro, LLaVA-1.6, DeepSeek-VL-7B) + Causal Program Graph world model + ILP rule learner + Neural Theorem Prover verifier; ReAct-style MLLM baseline",,,,unspecified,,,"Retro Quest simulation (Tiny Swords assets); 10-quest difficulty curriculum in a single continuous session, later quests include ambiguous scenarios; protocol pre-registered on OSF (https://osf.io/a6j4c)",other,not_applicable,deduction-abduction experiential learning cycle (ILP rule induction from failures; neural adaptation phase),,FALSE,,FALSE,FALSE,,,,,,,accuracy,,1.0,0.0,3,,,,accuracy,,,,,none,,,,,FALSE,No standard effect sizes reported; '18 times worse' first-try ratio for baseline is descriptive,FALSE,,,,,"No representation-level coherence proxy measured; CPG is a symbolic world model, and Rules Learned is a symbolic-count metric, not a neural-representation proxy",none,,,,,,TRUE,3,FALSE,,,none,not_addressed,,,,,FALSE,low,4,"Directly confronts the compositionality crisis in LLM-powered interactive agents: AGEL-Comp (CPG+ILP+NTP) achieves 100% quest success and 60% first-try success where pure-LLM baselines collapse to 0% on novel compositional quests; isolates grounding and verification drivers but offers no analysis of training dynamics, flatness, or schema coherence.",2,"Concerns robustness and reliability of LLM-powered interactive agents deployed as cognitive cores, which bears indirectly on agent safety, but there is no explicit treatment of alignment, safety, or goal misgeneralization.",,,,,,,"First-Try Success Rate (zero-shot), Iterations, Sample Efficiency, Adaptation Trials, Rules Learned, Avg Time",EX1,"arXiv preprint, April 2026. Table 3 (aggregated mean +/- std per LLM x config) is partially scrambled in the excerpt; only prose-stated numbers used. Quest Success Rate treated as OOD accuracy since the protocol is designed to probe compositional generalization. Seeds: 'random seeds used three times' (3)."
S234,P02_0902,ViLPAct: A Benchmark for Compositional Generalization on Multimodal Human Activities,Terry Yue Zhuo; Yaqing Liao; Yuecheng Lei; Lizhen Qu; Gerard de Melo; Xiaojun Chang; Yazhou Ren; Zenglin Xu,2022,http://arxiv.org/abs/2210.05556v4,,2210.05556v4,FALSE,dataset_benchmark,,preprint,custom,,vision-language human activity forecasting (future action sequence prediction from video clip and intent text),compositional,FALSE,,NeuralSymbolic,neurosymbolic,"NSPlan: neurosymbolic approach with multi-modal knowledge base (MKB) and probabilistic reasoning (TWED time-series similarity); other baselines: TwoStagePlan (retrieval), ACT-ProphetNet and ACT-UniVL (deep generative)",,,,unspecified,,,Dataset: 2.9k Charades videos extended with intents via crowdsourcing; multi-choice question test set,,not_applicable,,,FALSE,,FALSE,FALSE,,,,,,,,,,,,,,,accuracy,"seq-item-acc (exact position action match, averaged over top-10 sequences)",,,,none,,,,,FALSE,,FALSE,,,,,No representation-level coherence proxy measured,none,,,,FALSE,FALSE,FALSE,,TRUE,wilcoxon,0.7979,none,not_addressed,TRUE,https://github.com/terryyz/ViLPAct,TRUE,https://github.com/terryyz/ViLPAct,FALSE,medium,3,"Benchmark explicitly designed for compositional generalization in multimodal activity forecasting, with quantitative comparison of neurosymbolic and generative baselines (seq-item-acc 8-13%); identifies the challenge but provides no mechanistic analysis of compositional failure.",2,"Motivated by human-robot collaboration and risk assessment in care scenarios, touching real-world deployment reliability, but the paper contains no explicit alignment or AI-safety analysis.",,,,,,,"precision, recall, seq-hits@5/@10, BLEU-1/2, Distinct-1/2; STRIPS symbolic consistency (NSPlan 82% accuracy with oracle actions, ~10% drop with ACT-UniVL predictions)",EX1,"Main-form metrics: seq-item-acc from future-sequence evaluation (Table 7); benchmark does not report explicit ID/OOD split numbers. Wilcoxon test reported is for human-evaluation sample comparison, not model results."
S235,P02_0903,Policy Architectures for Compositional Generalization in Control,Allan Zhou; Vikash Kumar; Chelsea Finn; Aravind Rajeswaran,2022,http://arxiv.org/abs/2203.05960v1,,2203.05960v1,FALSE,empirical,,preprint,custom,,"goal-conditioned robot manipulation (N-Push, N-Switch, Push+Stack)",compositional,FALSE,,TransformerEnc,transformer,"Policy/critic architectures: MLP Linear(256)x3, Deep Sets (phi/rho), Self Attention: Linear(256) + 2 Transformer encoder blocks Block(256,256,4); DDPG+HER actor-critic and behavior-cloning IL; no action primitives",,,256,small,,,"Simulated robot manipulation suite (1-3 Push, Switch, Push+Stack); IL dataset of M x T demonstrations (M in {1000..5000}) from best RL agent, filtered to successful trajectories; RL with 16 parallel envs, replay buffer 1e6, HER relabel prob 0.8",standard_Adam,not_applicable,,standard_Adam,FALSE,,FALSE,FALSE,,,,,,,,,,,,,,,,,,,,none,,,,,FALSE,,FALSE,,,,,,none,,,,,,,,,,,,not_addressed,FALSE,,FALSE,,FALSE,low,4,"Directly targets the sigma-trap in the control domain: compares MLP, Deep Sets and self-attention policies on compositional generalization - zero-shot extrapolation to more entities than trained and stitching learned skills in novel ways - showing architecture-driven generalization differences.",2,"No explicit alignment or safety framing, but concerns goal-conditioned RL policies that must generalize to unseen entity counts and novel skill compositions, which is adjacent to goal misgeneralization concerns in deployed embodied agents.",,,,,,,"RL success rate and IL MSE (not quantified in excerpt); computational-complexity comparison across architectures (parameter count, activation memory, inference and training time)",EX1,"Excerpt truncated before results; no quantitative success rates extractable. Results: self-attention policy learns 3-cube task where MLP fails, extrapolates zero-shot to 5-6 cubes; larger Deep Set better in-train but worse at extrapolation. DDPG+HER (Adam, LR 0.001 MLP/Deep Sets, 0.0001 Self Attention). Video at sites.google.com/view/comp-gen-rl."
S236,P02_0904,Transformer Module Networks for Systematic Generalization in Visual Question Answering,Moyuru Yamada; Vanessa D'Amario; Kentaro Takemoto; Xavier Boix; Tomotake Sasaki,2022,http://arxiv.org/abs/2201.11316v2,,2201.11316v2,FALSE,empirical,,preprint,custom,,"VQA systematic generalization: CLEVR-CoGenT, CLOSURE, GQA-SGL",compositional,FALSE,,NeuralSymbolic,neurosymbolic,"TMN (Transformer Module Network): NMN composing Transformer-encoder modules per question program, TMN-Stack and TMN-Tree variants; baselines: standard Transformer, Transformer w/ PR (ground-truth programs), Vector-NMN, MDETR, LXMERT",,,,unspecified,,,Trained on CLEVR-CoGenT condition A and tested on condition B; CLEVR for CLOSURE tests; GQA balanced split for GQA-SGL; ResNet-101 object detector (regional features) or grid features as input,,not_applicable,,,FALSE,,FALSE,FALSE,,,,,,,accuracy,,0.801,0.0072,3,,,,accuracy,,,,,none,,,,,FALSE,No effect size reported; paper reports mean accuracy and SD across at least three repetitions,FALSE,,,,,No representation-level coherence or compositionality score; attention-map behaviour of modules analysed instead,attention_patterns,,Module attention maps show sub-task specialization: filter_shape(sphere)/filter_color(yellow) modules attend to sphere/yellow regions respectively; region queries attend to attribute keys and update region representations accordingly,within Transformer modules; attention scores averaged across all attention heads,FALSE,FALSE,TRUE,3,FALSE,,,none,not_addressed,FALSE,,FALSE,,FALSE,low,4,"Directly targets systematic generalization (novel compositions of known concepts) in VQA on CLEVR-CoGenT, CLOSURE, and GQA-SGL: shows standard Transformers fail on novel sub-task compositions and that Transformer Module Networks improve over 30% on CLOSURE, directly addressing compositional generalization failure (sigma-trap) and how modularity mitigates it.",1,"No connection to AI safety, alignment, or goal misgeneralization; purely an architecture and evaluation paper on systematic generalization for VQA.",TRUE,"GQA comparison models use different pre-training datasets (VG/COCO/Flickr30k/GQAu), so they cannot be compared in a fair manner; module libraries must be predefined; standard Transformer attention maps attended to relevant regions in-distribution only.",,FALSE,,,,EX1,"Main-form = TMN-Tree on CLEVR-CoGenT validation condition B overall (grid features, 3+ reps), trained on condition A. Table 12: Transformer 12-layer CLEVR in-dist 97.4+/-0.23 vs CLOSURE 57.4+/-1.6. Module libraries: Individual (26 modules), Semantic group, Random group (12 each). Prefill hint CFQ not in excerpt."
S237,P02_0906,Realistic Evaluation of Model Merging for Compositional Generalization,Derek Tam; Yash Kant; Brian Lester; Igor Gilitschenski; Colin Raffel,2024,http://arxiv.org/abs/2409.18314v1,,2409.18314v1,FALSE,empirical,,preprint,DomainNet,other,Image generation (Stable Diffusion on DomainNet) and cross-lingual NLP setups (not in task vocabulary),compositional,FALSE,,other,other,"Merging methods (Average, SLERP, Task Arithmetic, TIES, DARE, Fisher, RegMean, MaTS) applied to fine-tuned pretrained models; intro cites LLaMA, Stable Diffusion, and CLIP as the pretrained-model ecosystem; per-setup base architecture not specified in excerpt",,,,unspecified,,,Held-in tasks = tasks constituent models were trained on (ID); generalization tasks require compositional combination of capabilities (OOD),other,not_applicable,Model merging of per-task fine-tuned pretrained models (merging is the intervention),,FALSE,,FALSE,FALSE,0.664,,,,,,accuracy,,0.615,,,,,,accuracy,,0.049,,,none,,,,,FALSE,No effect sizes reported; comparison is via held-in vs generalization accuracy across methods,FALSE,,,,,No representation-level coherence proxy measured,none,,,,FALSE,FALSE,FALSE,,FALSE,,,none,not_addressed,FALSE,,TRUE,,FALSE,partial,4,"Directly evaluates compositional generalization (sigma-trap) as measured by generalization to new tasks requiring compositional combination of capabilities of merged constituent models, across image classification, generation, and cross-lingual setups, in a shared experimental setting.",1,"No connection to AI safety, alignment, or goal misgeneralization; a model-merging methods evaluation paper.",FALSE,,,FALSE,,,"Image generation setup uses CLIP score (held-in 32.99-33.28, generalization 31.56-32.89 across methods); compute cost in multiply-accumulate ops per method (Average 1,843,200 to MaTS 183,792,691,200); scaling experiments merging up to 23 tasks (Tables 15-16, averaged over 10 task samples)",EX1,"Main form = best-performing merging method MaTS on DomainNet image-classification setup (held-in = ID, generalization tasks = OOD). Prefill hints (NLU-bench; Transformer-family) not confirmed: excerpt evidence centers on DomainNet vision setups with unspecified base architectures - flagged task_primary and arch_primary."
S238,P02_0907,Learning Algebraic Representation for Systematic Generalization in Abstract Reasoning,Chi Zhang; Sirui Xie; Baoxiong Jia; Ying Nian Wu; Song-Chun Zhu; Yixin Zhu,2021,http://arxiv.org/abs/2111.12990v2,,2111.12990v2,FALSE,empirical,,preprint,custom,,RAVEN / I-RAVEN (Raven's Progressive Matrices abstract spatial-temporal reasoning),compositional,FALSE,,NeuralSymbolic,neurosymbolic,ALANS (ALgebra-Aware Neuro-Semi-Symbolic) learner: neural visual perception frontend producing object-based representations + algebraic abstract reasoning backend that induces the hidden operator on the fly and executes it; ALANS-V variant with perfect perception,,,,unspecified,,,RAVEN (Zhang et al.) and I-RAVEN (Hu et al.) datasets; systematicity/productivity/localism generalization splits plus regular I.I.D. splits,,not_applicable,,,FALSE,,FALSE,FALSE,0.749,,,,,,accuracy,,,,,,,,accuracy,,,,,none,,,,,FALSE,No effect sizes or significance tests reported; component-level and end-to-end accuracies only,FALSE,,,,,"No measured representation-level coherence/compositionality proxy; algebraic structure is an architectural design, not a measured proxy",other,,Learned algebraic representation is generative: the hidden operator and attribute value can be decoded by isomorphism to generate a full answer panel when paired with a rendering engine,,FALSE,FALSE,FALSE,,FALSE,,,none,not_addressed,FALSE,,FALSE,,FALSE,low,4,"Directly tackles systematic (compositional) generalization in abstract reasoning with a neuro-symbolic learner, evaluated on systematicity/productivity/localism splits of RAVEN and I-RAVEN, and dissects where perception uncertainty limits reasoning - squarely in sigma-trap territory.",1,"No connection to AI safety, alignment, or goal misgeneralization; a reasoning-capability and systematic generalization paper.",TRUE,"Despite accurate perception, near-perfect reasoning is never guaranteed; perception uncertainty marginalized by expectation introduces noise into reasoning; sampling via REINFORCE would add credit-assignment and gradient-variance complications.",,TRUE,"Sample from the perception module and optimize via REINFORCE to reduce uncertainty-induced reasoning noise, pending credit-assignment and variance challenges.",,"Perception accuracy per attribute (objectiveness/type/size/color); reasoning accuracy per attribute and per generalization aspect - systematicity avg 72.04% RAVEN / 69.96% I-RAVEN, productivity avg 85.20% / 83.33%, localism avg 71.75% / 69.37%; per-configuration I.I.D. accuracies",EX1,"ID = ALANS on RAVEN regular I.I.D. (avg 74.9%); I-RAVEN 79.9%. End-to-end OOD accuracy not in excerpt (Table 1 not shown) so ood_acc left empty; reasoning-module accuracies in other_metrics. ALANS-V (perfect perception) best overall, especially grid layouts. Prefill hints (COGS/CLOSURE/Math-MW/Vision/NLP-OOD) do not name RAVEN."
S239,P02_0908,From Reasoning Traces to Reusable Modules: Understanding Compositional Generalization in Language Model Reasoning,Lingjing Kong; Xin Liu; Guangyi Chen; Martin Q. Ma; Xiangchen Song; Yuekai Sun; Mikhail Yurochkin; Taylor W. Killian; Ruslan Salakhutdinov; Kun Zhang; Eric P. Xing; Zhengzhong Liu,2026,http://arxiv.org/abs/2606.18089v2,,2606.18089v2,FALSE,empirical,,preprint,custom,,"Synthetic compositional string-transformation tasks: 24 atomic skills (Yuan et al., 2025) plus 10 novel atomic routing mechanisms; compositions of depth L=1..8",compositional,TRUE,compositional depth (level L),TransformerDec,transformer,Decoder-only LLM post-trained with SFT followed by RL (exact model architecture unspecified in excerpt); string-transformation task with atomic skills and routing mechanisms,,,,unspecified,131000,,"131k training compositions (L=2,3) used in SFT-data-design experiments; 24 atomic skills; RL runs of 300 steps (1000-step convergence runs in Appendix J)",other,not_applicable,"Two-stage post-training: supervised fine-tuning (SFT) on correct reasoning traces, then reinforcement learning (RL)",,FALSE,,FALSE,FALSE,,,,,,,accuracy,,0.426,,,,,,accuracy,,,,,none,,,,,FALSE,,FALSE,,,,,,none,,,,FALSE,TRUE,TRUE,2,FALSE,,,none,not_addressed,,,,,,low,5,"Directly formalizes compositional generalization in LLM reasoning as a hierarchical latent selection model, theoretically shows asymmetric SFT/RL roles, and empirically demonstrates accuracy collapse on unseen compositions (SFT 4.8% vs SFT+RL 42.6% on OOD L=4) with depth as difficulty metric.",2,"Studies how RL post-training drives out-of-distribution compositional behavior in LLM reasoners, a mechanism relevant to goal misgeneralization and safe deployment, but the paper itself does not engage with safety or alignment.",,,,,,,Reported gains: RL adds 43.7% over SFT-only on atomic skills (L=1); avg +40.3% across depths on unseen compositions; 300-step RL in Table 1,EX1,"Main-form ood_acc_mean = SFT+RL on compound traces evaluated on OOD compound traces at L=4 (Table 1). Sub-experiments E004-E007 from Table 2 at depth 2 (Seen=ID, Unseen=OOD); depth-3 values: No-Absence SFT 0.83/0.22, +RL 0.98/0.55; Absence SFT 0.84/0.15, +RL 0.96/0.36. Figure 5 shows average over two independent runs."
S240,P02_0909,Systematic Generalization: What Is Required and Can It Be Learned?,Dzmitry Bahdanau; Shikhar Murty; Michael Noukhovitch; Thien Huu Nguyen; Harm de Vries; Aaron Courville,2018,http://arxiv.org/abs/1811.12889v3,,1811.12889v3,TRUE,empirical,,conference,custom,,Synthetic VQA (SQOOP with #rhs/lhs splits),compositional,TRUE,#rhs/lhs (number of right/left-hand-side combinations in training),NeuralSymbolic,neurosymbolic,"Neural Module Networks: NMN-Tree (hardcoded layout/parametrization), N2NMN with Stochastic layout induction (Residual and Find modules), Attention N2NMN (learned parametrization); MAC baseline",,,,unspecified,,,"Synthetic VQA; training on small subset of object pairs with #rhs/lhs in {1, 2, 18}; 200K training iterations",,not_applicable,,,FALSE,,FALSE,FALSE,0.9984,0.0012,10,,,,accuracy,,0.7281,0.1602,10,,,,accuracy,,0.2703,0.0506611,,none,,,,,FALSE,"Paper reports test error rates with SDs; significance assessed via Fisher exact test on success counts (p=0.001), no formal effect sizes",FALSE,,,,,,attention_patterns,,"Attention quality kappa defined on module attention over object/relation words: for #rhs/lhs=1 generalization strongly associated with high kappa (modules 1-2 focus on distinct object words, module 3 on relation); for #rhs/lhs=2 generalization achievable with blurry attention (kappa approx 0.6)",,FALSE,TRUE,TRUE,10,TRUE,other,0.001,none,not_addressed,,,,,,low,4,"Directly studies compositional (systematic) generalization failure in synthetic VQA: generic models latch onto spurious regularities, N2NMN layout induction often converges to wrong layouts (p(tree) low) causing large OOD error, and end-to-end learned parametrizations fail on the difficult #rhs/lhs=1 split. Proposes attention-quality metric linking representation structure to generalization, a core sigma-trap concern.",1,"No connection to AI safety, alignment, or goal misgeneralization; focused on architectural modularity and systematic generalization in grounded language understanding.",,,,,,,test loss; p200K(tree) layout probability; attention quality kappa,EX1,"Excerpt truncated at related work. All reported values are test ERROR rates converted to accuracy (1 - error). #rhs/lhs=1 split = difficult compositional/OOD setting; #rhs/lhs=18 = near-in-distribution control; #rhs/lhs=2 intermediate. Main-form values = Attention N2NMN (Table 2, >=10 runs). Table 1 = Stochastic N2NMN with 5 runs per p0(tree) setting."
S241,P02_0910,Learning by Analogy: A Causal Framework for Composition Generalization,Lingjing Kong; Shaoan Xie; Yang Jiao; Yetian Chen; Yanhui Guo; Simone Shao; Yan Gao; Guangyi Chen; Kun Zhang,2025,http://arxiv.org/abs/2512.10669v1,,2512.10669v1,FALSE,empirical,,preprint,custom,,Text-to-image generation with compositional prompts (DPG-Bench),compositional,FALSE,,Diffusion,diffusion,"HierDiff: fine-tuned from Stable Diffusion v1.5 (U-Net) with frozen FLAN-T5-xl text encoder, time-dependent conditioning and sparsity regularization on attention maps; extended to 4.8B diffusion transformer (HierDiff-DiT)",,,,unspecified,,,"Fine-tuned on public LayoutSAM dataset (high-level text y + local descriptions); QWEN-v2.5 generates local descriptions at test time; DPG-Bench = 1,065 prompts; M=3 local concepts, lambda=1e-4",regularized,not_applicable,,,,,,,79.28,,3,,,,other,DPG-Bench composite score,,,,,,,,,,,,none,,,,,FALSE,No effect sizes; DPG-Bench composite and sub-metric scores with SDs over 3 seeds,TRUE,other,cross-attention spatial overlap (sparsity surrogate for latent concept graph),,,"Sparsity regularization Ln penalizes spatial overlap of cross-attention maps as a surrogate for a sparse latent graph; qualitative evidence only (Fig 6/7 show reduced overlap), no quantitative coherence values",attention_patterns,,"Cross-attention maps over diffusion steps: without sparsity constraint attention lumps objects together; with sparsity, overlapping areas reduce; time-dependent conditioning shifts attention from dispersed global to focused local across steps",,,TRUE,TRUE,3,,,,none,not_addressed,,,,,,low,4,"Formalizes compositional generalization via causal modularity and minimal changes with an identifiability proof, operationalized as HierDiff, a T2I diffusion model whose hierarchical time-dependent conditioning and sparsity regularization improve composition on DPG-Bench (HierDiff 79.28 vs SD v1.5 63.18) - squarely addressing compositional failure (sigma-trap) from the generative-process side with theory grounding.",1,"No connection to AI safety, alignment, or goal misgeneralization; a causal-modularity theory and T2I generation method.",TRUE,"Condition 3.3-iii assumes no direct causal influences among variables at each hierarchical level, which may restrict representative power; mitigation via additional hierarchical levels or more involved conditions.",,,,,"DPG-Bench sub-metrics (Global/Entity/Attribute/Relation/Other); ablations w/o TD Global 85.15+/-2.26, w/o SR Global 83.09+/-2.49; Table 3 DPG scores for large DiT models (HierDiff-DiT 84.9)",EX1,arXiv preprint (no peer-reviewed venue stamp). No ID/OOD split - DPG-Bench is a compositional generation benchmark; composite scores placed in id_acc fields with metric_type 'other'. SDs over 3 seeds. Main model = SD v1.5 fine-tune; 4.8B refers to the DiT variant only.
S242,P02_0912,Provably Efficient Causal Model-Based Reinforcement Learning for Systematic Generalization,Mirco Mutti; Riccardo De Santi; Emanuele Rossi; Juan Felipe Calderon; Michael Bronstein; Marcello Restelli,2022,http://arxiv.org/abs/2202.06545v3,,2202.06545v3,TRUE,theoretical,,conference,custom,,systematic generalization in RL over feature-vector MDPs (synthetic person health/weight environment),domain_shift,FALSE,,other,other,"Model-based RL agent: causal transition model estimated via causal structure estimation + Bayesian network estimation (independence tests, intersection of environment graphs), planning oracle on the learned model; no neural architectures involved",,,,unspecified,,,"Reward-free interactions from a subset of M environments (M=3 in validation); discrete variables with 3 values (0/1/2); synthetic environments represent person weight and academic performance influenced by training, sleep, study, diet, caffeine",,not_applicable,,,FALSE,,FALSE,FALSE,,,,,,,,,,,,,,,,,,,,none,,,,,FALSE,,FALSE,,,,,"Learns the causal structure (dependency graph) of MDP transitions, but as a model-based RL objective, not a coherence probe of a neural representation",none,,,,FALSE,TRUE,TRUE,10,FALSE,,,none,not_addressed,FALSE,,FALSE,,FALSE,low,4,"Provides a formal causal formulation of systematic generalization in sequential decision making, proves sample-complexity guarantees for generalization to unseen environments via a shared causal transition model, and identifies an inherent sub-optimality term when the model cannot fully explain new environment dynamics — directly relevant to the theory of compositional/OOD generalization failure.",2,"No connection to AI alignment or safety; a theoretical RL generalization result with a toy personal-health validation, framing generalization as a sample-complexity question rather than a safety one.",TRUE,Systematic generalization is achieved only up to an unavoidable sub-optimality term related to lambda-sufficiency of the causal transition model; the error can only be overcome with additional interactions with the test MDP.,,,,,Graph edit distance between estimated and ground-truth causal structure; L1 distance between estimated and ground-truth causal transition model; results averaged over 10 repetitions with standard deviation,EX1,"Primarily a theory paper (AAAI 2023); numerical validation on a synthetic 3-environment MDP class reports estimation-error curves (figures), no accuracy metric; no aggregate accuracy-like values in text."
S243,P02_0913,Compositional-ARC: Assessing Systematic Generalization in Abstract Spatial Reasoning,Philipp Mondorf; Shijia Zhou; Monica Riedler; Barbara Plank,2025,http://arxiv.org/abs/2504.01445v3,,2504.01445v3,TRUE,dataset_benchmark,,conference,custom,,Compositional-ARC (ARC-style abstract spatial reasoning; geometric transformation compositions),compositional,FALSE,,TransformerEncDec,transformer,"Small transformer encoder-decoder, 5.7M params, trained via meta-learning for compositionality (MLC); compared vs LLMs o3-mini, GPT-4o, Gemini 2.0 Flash, Llama-3.2-3B-ReARC and Mistral-NeMo-Minitron-8B (test-time training), and ARC-prize-2024 8B winner",5700000,,,small,,,"Compositional-ARC: 10x10 grids with colored objects; generalization from known transformations (translation, rotation) to novel combinations (translation+rotation); domain-specific LLMs use augmented inference (symmetries, color permutations) and one-epoch LoRA test-time training (r=64, alpha=16, 48 repeats, cosine LR 1e-4, warmup 0.25)",meta_learning,not_applicable,,,FALSE,,FALSE,TRUE,,,,,,,exact_match,,,,,,,,exact_match,,,,,none,,,,,FALSE,No numeric results in excerpt; outcomes described qualitatively,FALSE,,,,,No representation-level coherence proxy measured in excerpt,none,,,,,,,,FALSE,,,none,not_addressed,TRUE,https://github.com/da-fr/arc-prize-2024,,,FALSE,partial,4,"Directly probes the sigma-trap: extends meta-learning for compositionality to abstract spatial reasoning, showing a 5.7M-param transformer systematically generalizes to unseen transformation combinations where SOTA LLMs fail and matches an 8B test-time-training ARC-prize model; but no analysis of training dynamics, flatness, or schema coherence.",1,"No connection to AI safety, alignment, or goal misgeneralization; a benchmark and generalization-capacity study.",,,,,,,color accuracy; shape accuracy; response-validity rates per model,EX1,"ICLR 2026 paper. Excerpt contains dataset/metric definitions, model configurations, and qualitative results only; no numeric accuracies present (response-rates section truncated). Seed count (hint 25) not verifiable in excerpt. github.com/da-fr/arc-prize-2024 is the code used for the domain-specific LLM baselines, not the paper's own artifact link."
S244,P02_0914,Impact of Pretraining Word Co-occurrence on Compositional Generalization in Multimodal Models,Helen Qu; Sang Michael Xie,2025,http://arxiv.org/abs/2507.08000v1,,2507.08000v1,FALSE,empirical,,preprint,ImageNet,,"zero-shot ImageNet classification under concept-pair composition (GenPairs, ImageNet-Paste); VQA transfer (TextVQA, VQAv2)",compositional,TRUE,pointwise mutual information (PMI) of concept pairs in pretraining captions,ViT,vit,"CLIP ViT-B/32 pretrained on LAION-400M (primary); scaling: ViT-B/16+240, ViT-L/14, EVA01-g/14; LMMs built on CLIP for VQA transfer; images generated with Flux.1-dev (diffusion) and Llama 3.1 8B captions",,,,small,400000000,,CLIP pretrained on LAION-400M (400M image-text pairs); fine-tuning on ImageNet classification with on-the-fly PMI-based edit augmentation,,not_applicable,,,TRUE,on-the-fly concept-pair pasting (PMI-based image edits) during CLIP fine-tuning,FALSE,FALSE,,,,,,,accuracy,,,,,,,,accuracy,,,,,other,0.97,,,,FALSE,"Correlation between concept-pair PMI and CLIP zero-shot accuracy: r=0.97 (key concept pair) and r=0.99 (average PMI) on GenPairs; r=0.75 on ImageNet-Paste; r=0.70 TextVQA, r=0.62 VQAv2 for LMMs",FALSE,,,,,"PMI is a data-level co-occurrence statistic, not a representation-level coherence proxy",none,,,,FALSE,FALSE,FALSE,,FALSE,,,none,not_addressed,TRUE,https://github.com/helenqu/multimodal-pretraining-pmi,,,FALSE,partial,4,"Directly characterizes compositional generalization failure in multimodal models: shows CLIP zero-shot accuracy is governed by pretraining concept co-occurrence (PMI) rather than composition ability, quantifies the accuracy gap (18%/14% on synthetic, 10% on natural images), and shows PMI-based augmentation fine-tuning nearly eliminates it.",1,"No AI safety, alignment, or goal-misgeneralization content; the paper is a pretraining-data analysis for understanding and improving compositional generalization in CLIP/LMMs.",,,,,,,zero-shot top-1/top-5 accuracy; correlation r between PMI and accuracy; accuracy gap between top and bottom 5% PMI; VQA accuracy on TextVQA and VQAv2,EX1,"GenPairs: 200,000 synthetic images (diffusion-generated, Llama 3.1 8B captions) spanning PMI range of LAION-400M. No mean accuracies reported in excerpt, only correlations and accuracy gaps. Model scaling reduces gap from 14.8% (ViT-B/32) to 13.4% (EVA01-g/14); augmentation fine-tuning reduces ImageNet-Paste gap from 10% to 1%."
S245,P02_0915,Systematic Generalization in Neural Networks-based Multivariate Time Series Forecasting Models,Hritik Bansal; Gantavya Bhatt; Pankaj Malhotra; Prathosh A. P,2021,http://arxiv.org/abs/2102.05602v2,,2102.05602v2,FALSE,empirical,,preprint,custom,,multivariate time series forecasting (NARMA toy + PMSM electric motor),compositional,FALSE,,MLP,mlp,Latent-dynamics forecasting model with MLP transition model; proposed modular variant with separate encoders for independent control variables and factored per-state latent transition model (Ours); baselines: standard NN (MLP TM) and Baseline+SC (separate control encoders),,,,unspecified,4000,,"PMSM electric motor: 80k data points, 4k temporal segments (T=10) for training, controls ud, uq and states id, iq; NARMA synthetic scenarios 1-4; OOD = control combinations from quadrants 2/4 of control joint distribution, held out during training",,not_applicable,,,FALSE,,FALSE,FALSE,0.011,,10,,,,other,"MSE (forecasting, lower is better)",0.015,,10,1000,,,other,"MSE (forecasting, lower is better)",-0.004,,,none,,,,,FALSE,,FALSE,,,,,"No representation-level proxy; paper uses behavioral intervention testing (perturbing non-causal control variables) and argues separate decoders induce disentangled latent states, but no internal-representation metric is computed",none,,,,,,TRUE,10,FALSE,,,,explicit_no,FALSE,,FALSE,,FALSE,low,4,"Directly studies systematic (compositional) generalization - forecasting under unseen combinations of control variables - and shows that a modular, factored latent transition model provides an inductive bias that substantially improves OOD forecasting relative to standard NNs.",1,"No connection to AI alignment, safety, or goal misgeneralization; purely an architecture-inductive-bias study for time-series forecasting models.",,,,,,,Intervention testing (MSE of state variables under additive Gaussian noise on non-causal controls); OOD loss vs forecasting horizon; relative error (OOD-IID)/IID,EX1,"Metric is forecasting MSE (lower is better), not accuracy; main-form values = proposed model (Ours) on PMSM electric motor dataset, 5-step forecasts, 10 seeds. NARMA table values in units of 1e-5, single-step forecasts. Paper reports relative error (OOD-IID)/IID rather than absolute gap. Results excerpt truncated before horizons comparison details. | Metrics are forecast-error quantities, not accuracies; sub_exp numeric values moved to notes"
S246,P02_0917,Seen to Unseen: Exploring Compositional Generalization of Multi-Attribute Controllable Dialogue Generation,Weihao Zeng; Lulu Zhao; Keqing He; Ruotong Geng; Jingang Wang; Wei Wu; Weiran Xu,2023,http://arxiv.org/abs/2306.10317v1,,2306.10317v1,FALSE,empirical,,preprint,custom,,"Multi-attribute controllable dialogue generation (DailyDialog-CG, ConvAI2-CG)",compositional,FALSE,,GPT,transformer,"DCG: prompt-based multi-attribute controllable dialogue generation over a pretrained PLM (e.g., DialoGPT) using attribute-oriented prompt vectors and a disentanglement loss; baselines CTRL and CTRL+TOP (task-oriented prompts)",,,,unspecified,,,"DailyDialog-CG and ConvAI2-CG multi-attribute controllable dialogue benchmarks; models trained on seen attribute combinations and evaluated on unseen combinations (incl. variable attribute count: 4 attributes train, 5 inference)",,not_applicable,,,FALSE,,FALSE,FALSE,,,,,,,other,,0.7063,,3,,,,other,P-SIM (controllability semantic similarity); P-NLI; P-MAE; BLEU-1,,,,none,,,,,FALSE,No effect size reported; results averaged over three random runs with t-test significance (p < 0.01),FALSE,,,,,DCG uses a disentanglement loss on attribute prompt vectors but no disentanglement/compositionality metric value is reported in the excerpt,none,,,,FALSE,FALSE,TRUE,3,TRUE,t-test,0.01,none,not_addressed,FALSE,,FALSE,,FALSE,low,4,"Directly addresses compositional generalization from seen to unseen multi-attribute combinations in controllable dialogue generation, showing existing models (e.g., CTRL) drop on unseen combinations while the proposed DCG with prompt-based disentanglement improves controllability; squarely on the compositional-generalization-failure axis, though scoped to dialogue attribute control.",1,"No connection to AI safety, alignment, or goal misgeneralization; focused on controllability and text quality in multi-attribute dialogue generation.",FALSE,,,FALSE,,,"BLEU-2; METEOR; CTRLEval/MAE Pearson, Spearman, Kendall correlations of attribute controllability; perplexity",EX1,"Main-form = DCG P-SIM on ConvAI2-CG variable-attribute generalization (4 attributes train, 5 inference), averaged over 3 random runs; t-test p<0.01. Existing models drop from seen to unseen combinations (Figure 1). MAE (reference-free) shows superior controllability correlations vs CTRLEval (Table 8). Prefill benchmark hints (Math/MW, Vision) not supported by excerpt. | sig p reported as <0.01 (stored as bound)"
S247,P02_0919,Latent Compositional Representations Improve Systematic Generalization in Grounded Question Answering,Ben Bogin; Sanjay Subramanian; Matt Gardner; Jonathan Berant,2020,http://arxiv.org/abs/2007.00266v3,,2007.00266v3,FALSE,empirical,,preprint,custom,other,"CLOSURE (grounded QA systematic generalization), CLEVR, CLEVR-Humans, synthetic arithmetic expressions (none in task vocabulary)",compositional,FALSE,,NeuralSymbolic,neurosymbolic,"GLT: CKY-style bottom-up parser computing representation and denotation for every question span, inducing latent trees from end-to-end (answer-only) supervision; modules include a VISUAL module; baselines: LSTM and Transformer seq2seq models",,,,unspecified,,,CLOSURE systematic generalization benchmark for grounded QA over CLEVR-style scenes; arithmetic expressions setup also used,,not_applicable,,,FALSE,,FALSE,FALSE,,,,,,,,,0.961,,,,,,accuracy,,,,,none,,,,,FALSE,No effect sizes reported; comparison is qualitative (96.1% on CLOSURE vs prior models near-perfect on random ID split),FALSE,,,,,"No representation-level coherence proxy (probing/CKA/compositionality score); tree structure is architectural, not measured as a coherence metric",other,,"Evaluates induced latent trees: constituent recall 81.6% (CLEVR) / 83.1% (CLOSURE), average object F1 95.9% (CLEVR) / 94.7% (CLOSURE); missed constituents mostly differed by an extra prefix (e.g., 'any tiny green objects' instead of 'tiny green objects'); human forward-prediction test shows denotation trees help humans predict correctness (p<0.05)",,FALSE,FALSE,FALSE,,TRUE,other,0.05,none,not_addressed,FALSE,,TRUE,,FALSE,partial,4,"Directly addresses systematic (compositional) generalization failure in grounded QA: prior models near-perfect on random ID splits collapse on CLOSURE OOD compositions, while the latent-tree GLT reaches 96.1%, tying the sigma-trap to shortcut learning and global representations.",1,"No connection to AI safety, alignment, or goal misgeneralization; interpretability analysis targets human understanding of model predictions, not safety.",FALSE,,No explicit limitations section in excerpt; conclusion notes the model is restricted to compositional computation,TRUE,"Investigate the structures revealed by the model in other grounded QA setups; allow the model freedom to incorporate non-compositional signals, which go hand in hand with compositional computation in natural language.",,"Intermediate-output metrics: constituent recall and average object F1 (see repr_analysis_finding); CLEVR (random split) accuracy 99.1%; arithmetic expressions benchmark setup; human forward-prediction study (20 participants, group A vs B)",EX1,Main form = GLT on CLOSURE OOD split (96.1%); GLT's own ID accuracy not reported in excerpt. Prefill hints (SCAN; gSCAN; Vision) not confirmed - excerpt evidences CLOSURE/CLEVR/arithmetic only; flagged task_primary (other) and arch_primary (NeuralSymbolic) since the primary model is the latent-tree parser. | sig p reported as <0.05 (stored as bound)
S248,P02_0921,Measuring Systematic Generalization in Neural Proof Generation with Transformers,Nicolas Gontier; Koustuv Sinha; Siva Reddy; Christopher Pal,2020,http://arxiv.org/abs/2009.14786v2,,2009.14786v2,TRUE,empirical,,conference,custom,,CLUTRR (logical reasoning over entity relations; natural language proof generation),compositional,FALSE,,TransformerDec,transformer,"Small TLM: 5 layers, 192 embedding dim, 768 mlp hidden, 3 attention heads, ~3M params, max length 1024; large TLM ~145M (20 layers, 768 emb, 12 heads); GPT2 ~125M from-scratch and fine-tuned; encoder-decoder 5+5 layers 5.22M params",3000000,5,192,medium,,,"CLUTRR dataset; models trained on levels 2, 4, 6 only, evaluated on levels 2-10; stories in facts template (amt template for GPT2); proof settings: no-proof, short-proof, short-proof-reversed, long-proof, long-proof-reversed",standard_Adam,not_applicable,,other,FALSE,,FALSE,FALSE,,,,,,,accuracy,,,,,,,,accuracy,,,,,none,,,,,FALSE,No effect sizes or significance tests; all accuracy results reported only in figures,TRUE,logical_consistency,,,,"Generated proofs are tested for logical consistency (proof validity), reported in figures only; proof validity measured alongside answer accuracy",none,,,,FALSE,FALSE,FALSE,,FALSE,,,none,not_addressed,FALSE,,FALSE,,FALSE,low,4,"Measures systematic generalization in neural proof generation, showing length-generalization failure on longer-than-trained proof sequences, backward-chaining superiority, and better generalization without proof training - direct evidence on when and why compositional generalization fails in Transformers.",1,"No connection to AI safety, alignment, or goal misgeneralization; focuses on measuring systematic generalization in proof generation with Transformer language models.",TRUE,"TLMs fail to generalize to unseen facts due to the combinatorially large entity-fact space in CLUTRR; encoder-decoder models are sensitive to training sequence length, failing in both extrapolation (levels 7-10) and interpolation (levels 3, 5); model size improves generalization only marginally.",,TRUE,"Deeper inspection of TLMs' underlying internal reasoning strategies, which appear efficient but harder to interpret.",,"Proof validity (logical consistency) of generated proofs; answer accuracy per difficulty level 2-10 across proof settings (np, sp, spr, lp, lpr) and models (2.5M, 145M, GPT2 125M from-scratch/fine-tuned, s2s 5.22M)",EX1,All accuracy values reported in figures only; no numeric results in excerpt. Main = small TLM (~3M params) trained on levels 2/4/6 of CLUTRR. Findings: length generalization failure; reversed short proofs generalize better than forward; no-proof models generalize better; fine-tuning GPT2 helps but proof strategy matters; s2s fails on interpolation and extrapolation. Prefill hints (SCAN/CFQ/CLOSURE/Vision) unsupported; task is CLUTRR.
S249,P02_0922,Systematic Generalization on gSCAN: What is Nearly Solved and What is Next?,Linlu Qiu; Hexiang Hu; Bowen Zhang; Peter Shaw; Fei Sha,2021,http://arxiv.org/abs/2109.12243v1,,2109.12243v1,FALSE,dataset_benchmark,,preprint,gSCAN,,,compositional,FALSE,,TransformerEncDec,transformer,"General-purpose Transformer-based seq2seq with cross-modal attention; ablations -V (remove decoder visual attention), -T (remove decoder textual), -X (remove encoder cross-modal attention)",,,,unspecified,360000,,"Original gSCAN 360,000 training examples; new spatial-relation task ~260,000 generated examples from 18 templates (~32,000 unique instructions); smaller primitive-reduced splits 110,000 (compositional) and 74,000 (spatial relation) examples",,not_applicable,,,FALSE,,FALSE,FALSE,0.9466,0.0024,,,,,exact_match,,,,,,,,exact_match,,,,,none,,,,,FALSE,,FALSE,,,,,,none,,,,FALSE,TRUE,FALSE,,FALSE,,,none,not_addressed,TRUE,https://github.com/google-research/language/tree/master/language/gscan,TRUE,https://github.com/google-research/language/tree/master/language/gscan,,medium,4,"Analyzes which gSCAN compositional-generalization splits are nearly solved by a general-purpose cross-modal Transformer and identifies unsolved challenges (spatial relation splits V/VI, 64.4/62.4 vs 94+ on other splits), directly mapping where compositional generalization failure persists.",1,"No connection to AI alignment, safety, or goal misgeneralization; a benchmark analysis and new-task proposal for grounded language understanding.",,,,TRUE,Use regularization to improve the cross-modal attention model on V/VI splits; explore architectural priors to improve data efficiency; evaluate sample complexity as future work (performance drops below ~40% of training data; no-cross-modal model drops below ~70%).,,In-domain exact match on seen relations: cross-modal model 95.52 (V) / 95.43 (VI); without cross-modal 93.14 / 93.90; data-efficiency curves vs % of training data,EX1,"Main-form id_acc = cross-modal model on random split (I: 94.66+/-0.24). OOD per-split values in sub_experiments (Table 7, exact match mean +/- SD; seed count not stated in excerpt; prefill hint of 5 seeds not confirmable). Ablations: -V row I=59.75+/-4.18 II=46.65+/-2.20 III=94.89+/-0.20 IV=94.90+/-0.25 V=94.91+/-0.30 VI=92.88+/-0.79; -T I=49.58+/-3.47 II=36.15+/-16.42 III=35.07+/-13.73 IV=10.76+/-1.76 V=59.29+/-5.63 VI=58.95+/-6.48; -X I=59.21+/-6.39 II=86.34+/-1.50 III=49.50+/-6.49 IV=49.40+/-5.66 V=47.91+/-8.28 VI=87.10+/-2.15."
S250,P02_0924,COVR: A test-bed for Visually Grounded Compositional Generalization with real images,Ben Bogin; Shivanshu Gupta; Matt Gardner; Jonathan Berant,2021,http://arxiv.org/abs/2109.10613v1,,2109.10613v1,FALSE,dataset_benchmark,,preprint,custom,,COVR (visually-grounded VQA with real images and scene graphs),compositional,TRUE,compositional split types: program split and lexical split with zero-/few-shot properties,BERT,transformer,"Pre-trained language-and-vision models based on ViLBERT (VB_TEXT, VB250, VBiid-size, VBiid, VLBTEXT, VLBiid variants)",,,,unspecified,,,COVR automatically generated Q-A pairs with context images; filtered train sizes per split range 6.9k-37.6k (e.g. 33.3k full); zero-shot to full training coverage of compositional properties (M from 0 to 33k),,not_applicable,,,FALSE,,FALSE,FALSE,,,,,,,,,0.5,,,,,,accuracy,,,,,none,,,,,FALSE,Benchmark paper; reports accuracy scores per template/split without formal effect sizes,FALSE,,,,,,none,,,,FALSE,TRUE,FALSE,,FALSE,,,none,not_addressed,,,,,,low,3,"Introduces a visually-grounded compositional generalization benchmark with real images, program and lexical splits, and demonstrates multiple cases where pre-trained language-and-vision models (VB_TEXT ~50% on compositional splits) fail to compositionally generalize, though it does not analyze mechanisms, training dynamics, or schema coherence.",1,"No connection to AI safety, alignment, or goal misgeneralization; purely a benchmark construction and evaluation paper for VQA.",,,,,,,generalisation score (Gen. Score); accuracy per question template,EX1,"Excerpt truncated at Table 17. Tables partially garbled; main-form OOD = VB_TEXT on HAS-QUANT compositional split (50.0%). i.i.d. setup reported per-template only (Table 12), no aggregate ID accuracy, so id_acc left empty. Program/lexical aggregate rows (48k+/-11k etc.) appear for paraphrased questions with ViLBERT variants and are not used for main form."
S251,P02_0926,Revisit Systematic Generalization via Meaningful Learning,Ning Shi; Boxin Wang; Wei Wang; Xiangyu Liu; Zhouhan Lin,2020,http://arxiv.org/abs/2003.06658v5,,2003.06658v5,FALSE,empirical,,preprint,SCAN,GeoQuery,,compositional,FALSE,,LSTM,rnn_family,"Seq2seq RNN (Luong-style attention LSTM), CNN seq2seq, and Transformer (TFM) on SCAN/GEO/ADV; LSTM/Transformer/DynamicConv for IWSLT MT proof-of-concept",,,,unspecified,,,SCAN/GEO/ADV with Standard/Difficult splits (removing primitive rules or context samples); one-shot inductive variant samples or deductive concept rules as semantic linking; IWSLT'14/'15 MT,other,not_applicable,meaningful learning: semantic linking via one-shot inductive samples or deductive concept rules,,,,,,0.9827,0.0238,,,,,accuracy,,0.9539,0.0272,,,,,accuracy,,0.0288,,,none,,,,,FALSE,No effect sizes; accuracy percentages with SDs,FALSE,,,,,No representation-level coherence proxy measured; analysis is behavioral (token/sequence accuracy under split manipulations),none,,,,,TRUE,,,,,,none,not_addressed,,,,,,low,4,"Revisits compositional generalization on SCAN: removing primitive rules yields steep drops (GEO CNN seq-acc -18.26, SCAN CNN -3.3) and one-shot generalization succeeds only via semantic linking - directly the sigma-trap, though the remedy is data-side rather than training dynamics.",1,"No connection to AI safety, alignment, or goal misgeneralization; a study of systematic generalization in seq2seq models via semantic linking.",,,,,,,Token accuracy; BLEU/SacreBLEU on IWSLT'14/'15 (vocab-augmentation gains +0.21 to +1.01); sensitivity to #primitives (1-4) and #variants (1-20); Challenging split (TFM worst 98.76 token / 96.38 seq),EX1,"Main form = RNN (LSTM) on SCAN, sequence accuracy: Standard=ID 98.27+/-2.38, Difficult=OOD 95.39+/-2.72. SDs over multiple runs but run count not stated. Inductive results (Table 2) not shown in excerpt. MT tables secondary proof-of-concept."
S252,P02_0927,ClassicLogic: A Knowledge-Driven Benchmark of Classic Puzzle Games for Evaluating Compositional Generalization,Mahnoor Shahid; Hannes Rothe,2026,http://arxiv.org/abs/2607.05185v1,,2607.05185v1,FALSE,dataset_benchmark,,preprint,custom,,"logic puzzle games (Sudoku, KenKen, Kakuro, Futoshiki)",compositional,FALSE,,NeuralSymbolic,neurosymbolic,"SATNet (differentiable satisfiability), NMN (neural module networks), LNN (logical neural networks); trained on Sudoku for entity/relational composition with zero-shot transfer to KenKen, Kakuro, Futoshiki; procedural composition via curriculum on Easy/Moderate puzzles tested on Hard puzzles",,,,unspecified,,,"Procedurally generated puzzles; hierarchical knowledge base where complex strategies are compositions of atomic rules (e.g., naked_pair = naked_single + constraint_propagation); training only on Sudoku for zero-shot transfer; Easy/Moderate curriculum for procedural composition",curriculum,not_applicable,,,FALSE,,TRUE,FALSE,0.868,,,,,,accuracy,,0.8273,,,,,,accuracy,,0.0407,,,none,,,,,FALSE,,FALSE,,,,,,none,,,,FALSE,FALSE,,,FALSE,,,none,not_addressed,TRUE,https://github.com/Place-Beyond-Bytes/classic_games_benchmark.git,TRUE,https://github.com/Place-Beyond-Bytes/classic_games_benchmark.git,FALSE,medium,4,"Dedicated benchmark for compositional generalization across three explicit facets (entity, relational, procedural composition) on logic puzzles; documents that SATNet, NMN, and LNN collapse to below 25% success on Hard puzzles requiring novel strategy compositions, directly exposing compositional generalization failure in neuro-symbolic systems.",2,"No alignment or safety framing beyond an aspirational closing remark about building 'robust, trustworthy' AI; the paper is a benchmark and capability-diagnosis contribution.",TRUE,"Only four puzzle families (no graph-coloring, temporal, or common-sense puzzles); the hierarchical knowledge base is curated from documented human strategies and is not claimed to be exhaustive.",,TRUE,Community contributions are welcomed to expand the benchmark's scope to additional puzzle families.,,"Illegal move rate (%) for relational composition; success rate on Hard puzzles for procedural composition (all models below 25%, LNN 20-24%)",EX1,"Main form = LNN (best model) entity parsing accuracy on Sudoku (ID) and mean over three OOD games. OOD means computed as arithmetic means of Table 3 per-game values: SATNet (0.706+0.747+0.705)/3=0.7193, NMN (0.604+0.617+0.614)/3=0.6117, LNN (0.827+0.808+0.847)/3=0.8273."
S253,P02_0928,HICO-DET-SG and V-COCO-SG: New Data Splits for Evaluating the Systematic Generalization Performance of Human-Object Interaction Detection Models,Kentaro Takemoto; Moyuru Yamada; Tomotake Sasaki; Hisanao Akima,2023,http://arxiv.org/abs/2305.09948v5,,2305.09948v5,FALSE,dataset_benchmark,,preprint,custom,,HOI detection with systematic-generalization splits (HICO-DET-SG; V-COCO-SG),compositional,FALSE,,TransformerEnc,transformer,"Four HOI detection models evaluated: HOTR, QPIC (DETR-style transformers), STIP (action-unit transformer), FGAHOI; optional encoder/decoder pretraining from DETR trained on COCO",,,,unspecified,,,HICO-DET-SG train covers 540 of 600 object-interaction combinations; V-COCO-SG train covers 160 of 228; split algorithm (seeded SELECT + VERIFY) ensures all object/interaction classes appear in train with multiple pairings and test scenes contain only held-out combinations,,not_applicable,,,FALSE,,FALSE,FALSE,,,,,,,other,mAP (mean Average Precision),,,,,,,other,mAP (mean Average Precision),,,,none,,,,,FALSE,No effect sizes reported; gap described qualitatively (test mAP much lower on SG splits than original splits),FALSE,,,,,No representation-level coherence proxy measured,none,,,,,,,,FALSE,,,none,explicit_no,,,,,FALSE,low,4,"Introduces systematic-generalization splits (HICO-DET-SG, V-COCO-SG) for HOI detection and shows diverse models collapse on novel object-interaction combinations relative to standard splits, directly quantifying the sigma-trap in a vision task; no analysis of training dynamics, flatness, or representation structure.",1,"No connection to AI safety or alignment; motivated by real-world HOI applications (e.g., self-driving, surveillance) but purely an evaluation and benchmark study.",,,,TRUE,"Authors identify four possible future research directions for improving systematic generalization performance in HOI detection, based on analysis of the evaluation results.",,train-data mAP (reference); test mAP per split (split1/2/3 and average); original-split mAP from literature (bracketed values),EX1,"arXiv preprint, Apr 2024. Tables 3/4 are scrambled in the excerpt, so per-model test mAPs cannot be reliably attributed and numeric accuracy fields are left empty. Verified qualitative claims: all models score considerably lower on SG splits than on original splits while train-data mAP is coequal or slightly higher; FGAHOI reported only for the non-pretrained case; DETR-COCO pretraining used for encoder/decoder weights. Split-construction algorithm enforces no train/test combination overlap (explicit_no)."
S254,P02_0929,"InternVLA-A1.5: Unifying Understanding, Latent Foresight, and Action for Compositional Generalization",Haoxiang Ma; Junhao Cai; Xiaoxu Xu; Hao Li; Yuyin Yang; Yang Tian; Jiafei Cao; Hongrui Zhu; Zherui Qiu;  Zhaxizhuoma; Yuqiang Yang; Jiaqi Peng; Xueyuan Wei; Yangkun Zhu; Jiahao Jiang; Xing Gao; Hanqing Wang; Feng Yuan; Kailin Li; Xueyue Zhu; Tai Wang; Yan Ding; Jiangmiao Pang; Jia Zeng; Jingjing Zhang; Bowen Zhou; Yao Mu; Chunhua Shen; Weinan Zhang,2026,http://arxiv.org/abs/2607.04988v1,,2607.04988v1,FALSE,empirical,,preprint,custom,,"vision-language-action robot manipulation (language-instructed manipulation, long-horizon, zero-shot)",compositional,FALSE,,TransformerDec,transformer,"VLA policy: pretrained VLM backbone (InternVL) with lightweight unified expert for continuous action generation; learnable foresight tokens condense task-relevant future, supervised by frozen video generation model (WAN) during training only; video branch discarded at inference",,,,unspecified,,,Pretrained on 1.2M robot episodes and 3M multimodal samples; SFT ~60K steps (~1.2 epochs) on RoboTwin,,not_applicable,,,FALSE,,FALSE,FALSE,0.989,,,,,,accuracy,success rate (SR),0.328,,,,,,accuracy,success rate (SR),0.661,,,none,,,,,FALSE,,FALSE,,,,,No representation-level coherence proxy measured,none,,,,FALSE,FALSE,FALSE,,FALSE,,,none,not_addressed,TRUE,,,,TRUE,medium,4,"Directly targets compositional generalization for robot manipulation: reports held-out instruction-binding generalization, zero-shot OOD evaluation (LIBERO-Plus perturbations, EBench Val-Unseen, DOMINO), and ablations showing foresight-video supervision drives OOD robustness, quantifying gains over strong VLA baselines.",1,"No AI safety or alignment discussion; general-purpose home/factory robot manipulation is safety-relevant as an application domain, but the paper contains no safety analysis.",TRUE,,,,,,EBench Score (continuous task progress %); SFT training loss curves; qualitative foresight-conditioned future rollouts from frozen world model,EX1,"Main-form: id = LIBERO average success rate; ood = EBench Val-Unseen SR (compositional unseen split). Also: LIBERO-Plus zero-shot total 84.8; SimplerEnv 80.8 (23.7 pts over pi0.5); RoboTwin 93.2 (clean 93.3 vs randomized 93.0); DOMINO zero-shot 27.7, 29.3 fine-tuned. Ablations (Table 8) in sub_experiments."
S255,P02_0930,Rule Extrapolation in Language Models: A Study of Compositional Generalization on OOD Prompts,Anna Mészáros; Szilvia Ujváry; Wieland Brendel; Patrik Reizinger; Ferenc Huszár,2024,http://arxiv.org/abs/2409.13728v2,,2409.13728v2,TRUE,empirical,,conference,custom,,rule extrapolation on formal languages (L1-L6 regular/context-free/context-sensitive grammars),compositional,FALSE,,TransformerDec,transformer,"Autoregressive LMs trained on formal languages defined by intersections of rules; architectures compared: Linear, LSTM, Mamba (state space model), Transformer (decoder-only), xLSTM; rule-following accuracy for ID and OOD (rule-violating) prompts",,,,unspecified,,,"Formal languages L1-L6 (e.g., anbn, Dyck, anbncn) generated by rule intersections; OOD prompts violate at least one rule (zero probability under training distribution); rule extrapolation = staying consistent with remaining rules",,not_applicable,,,FALSE,,FALSE,FALSE,0.974,0.148,,,,,accuracy,,0.98,0.09,,,,,accuracy,,-0.006,,,none,,,,,FALSE,,FALSE,,,,,No representation-level coherence proxy; study is behavioral (rule-following accuracy under OOD rule violations) plus normative theory (Solomonoff-inspired prior),none,,,,FALSE,TRUE,TRUE,,FALSE,,,,explicit_no,TRUE,https://github.com/meszarosanna/rule_extrapolation,FALSE,,FALSE,partial,5,Core sigma-trap study: defines rule extrapolation - OOD compositional generalization on formal languages where prompts violate rules - empirically compares five architectures across grammar classes and proposes a Solomonoff-inspired normative theory of when rule extrapolation is rational.,2,"No explicit alignment framing, but analyzes when LM OOD rule-following behavior is desirable/rational, which bears on reliability and specification-following of deployed language models; primary relevance remains compositional generalization.",TRUE,Human-machine comparison is only a small pilot study that provides intuition rather than a rigorous evaluation of human performance; authors emphasize this caveat for the human baseline results.,,TRUE,Rigorous evaluation of human performance on rule extrapolation is left for future work; normative theory is an uncomputable ideal (Solomonoff-style) intended as a guide for practical models.,,Test loss (cross-entropy); ID and OOD rule-following accuracies for rules R1 and R2 separately; chance-level accuracy for each rule; pilot human study,EX1,"Metric = rule-following accuracy (proportion 0-1). Main-form values = Transformer on L4 (context-free Dyck), OOD R1 0.980+/-0.090 vs ID R1 0.974+/-0.148. Table 4 (L3) values parsed assuming model order Linear/LSTM/Mamba/Transformer/xLSTM (header alignment inferred; test loss for Linear cut off). Different architectures best on different grammars: Transformer on context-free/context-sensitive, LSTM/Mamba on regular."
S256,P02_0931,Language Plays a Pivotal Role in the Object-Attribute Compositional Generalization of CLIP,Reza Abbasi; Mohammad Samiei; Mohammad Hossein Rohban; Mahdieh Soleymani Baghshah,2024,http://arxiv.org/abs/2403.18525v1,,2403.18525v1,FALSE,dataset_benchmark,,preprint,custom,ImageNet; ImageNet_A; ImageNet_R,ImageNet-AO object-attribute compositional classification,compositional,FALSE,,ViT,vit,"CLIP-style vision-language models with ViT (B/L/H), ResNet-50, and ConvNeXt image encoders; pretrained on OpenAI/LAION-400M/LAION-2B/CC-12M/YFCC-15M/DataComp/CommonPool corpora",,,,large,,,"Models are pretrained on web-scale image-text pairs (12M-2B pairs; CC-12M, YFCC-15M, LAION-400M, LAION-2B, DataComp); few-shot fine-tuning uses 1/2/4/8/16 samples per class; full-finetune eval on ImageNet",contrastive,not_applicable,,,FALSE,,FALSE,FALSE,,,,,,,accuracy,,,,,,,,accuracy,,,,,none,,,,,FALSE,,FALSE,,,,,No representation-level coherence/compositionality proxy measured; paper hypothesizes decomposable representations but reports no probing/CKA/compositionality scores,none,,,,FALSE,,FALSE,,FALSE,,,none,explicit_no,,,,,,low,4,Directly targets compositional OOD generalization failure (the sigma-trap) by crafting ImageNet-AO from attribute-object compositions unlikely in CLIP training and quantifying CLIP's compositional OOD accuracy across training-data scales and supervision; ties failure to data scale and language supervision rather than training dynamics or flatness.,1,"No connection to AI alignment, safety, or goal misgeneralization; purely an analysis of CLIP's zero-shot/few-shot compositional classification capability on a novel image benchmark.",,,,,,,"text-to-image retrieval R@1/R@5/R@10 (Table 2); top-1 accuracy on ImageNet, ImageNet-v2, ImageNet-Sketch, ImageNet-R, ImageNet-A",EX1,"Main-form values left empty because excerpt reports no aggregate accuracies or significance; quantitative per-model results are in Table 1 (full-finetuned CLIPs; ID=ImageNet top-1, OOD=ImageNet-AO) and Table 2 (retrieval). Table 1 rows are garbled by text extraction; sub_experiments cover representative ViT-H/L/B rows only. Few-shot eval (Fig. 6) reports no numeric values in text. arXiv-only preprint."
S257,P02_0932,The Devil is in the Detail: Simple Tricks Improve Systematic Generalization of Transformers,Róbert Csordás; Kazuki Irie; Jürgen Schmidhuber,2021,http://arxiv.org/abs/2108.12284v4,,2108.12284v4,FALSE,empirical,,preprint,COGS,SCAN; CFQ; PCFG_SET,"Mathematics dataset (MW) also used, not in vocab",compositional,FALSE,,TransformerEncDec,transformer,Seq2seq Transformers and Universal Transformer variants; relative vs absolute positional embeddings; embedding scaling schemes TEU / no-scaling / PED; OpenNMT-style baselines,,,,unspecified,,,COGS trained for fixed 50k steps without early stopping; PCFG productivity split 300k steps; SCAN length split with cutoff at 26; five runs per model,,not_applicable,,,FALSE,,FALSE,FALSE,1.0,0.0,5,,,,accuracy,,0.8,0.0,5,,,,accuracy,,0.2,,,none,,,,,FALSE,No effect sizes reported; IID accuracy ~100% across datasets while generalization accuracy varies (0.47-1.0) depending on config,FALSE,,,,,"No representation-level coherence/compositionality proxy measured; analyses focus on loss-accuracy relationship, early stopping, and embedding scaling",none,,,,FALSE,TRUE,TRUE,5,FALSE,,,none,not_addressed,TRUE,https://github.com/robertcsordas/transformer_generalization,TRUE,,FALSE,medium,4,"Directly targets compositional/systematic generalization failure (the sigma-trap) across SCAN, COGS, CFQ, and PCFG, demonstrating that Transformer training configuration details (embedding scaling, early stopping, relative position) drastically change OOD performance while IID accuracy stays ~100%.",2,"Improves systematic generalization, a capability relevant to reliable out-of-distribution deployment, but does not discuss AI alignment, safety, or goal misgeneralization.",FALSE,,,TRUE,"Calls for future systematic-generalization datasets to include validation and test sets for both IID and generalization splits, with harder generalization test sets, so model development can be measured without overfitting the generalization test set.",,Generalization accuracy vs loss correlation (loss not predictive of gen accuracy); epoch-wise double descent on PCFG; catastrophic failure analysis where accuracy drops to 0 and never recovers,EX1,"Main-form = COGS with Position Embedding Downscaling (PED), 50k steps, no early stopping, 5 runs. Abstract reports PCFG productivity 50%->85% and COGS 35%->81%; SCAN length split 100% with cutoff 26. Optimizer not stated in excerpt."
S258,P02_0933,Inductive Biases for Zero-shot Systematic Generalization in Language-informed Reinforcement Learning,Negin Hashemi Dijujin; Seyed Roozbeh Razavi Rohani; Mohammad Mahdi Samiei; Mahdieh Soleymani Baghshah,2025,http://arxiv.org/abs/2501.15270v1,,2501.15270v1,FALSE,empirical,,preprint,custom,,"BabyAI (language-conditioned RL: ActionObjDoor, GoToSeq, PickupLoc, PutNextLocal, OpenDoorsOrder, Synth)",compositional,FALSE,,NeuralSymbolic,neurosymbolic,"ICMO: Neural Production System (NPS) modular rules and contextual slots with central language-grounded memory and attentional feedback to rule/slot selection; actor-critic policy/value heads; baselines: Raw, AttentionFusion, CNN-GRU, FiLMBabyAI (FiLM)",,,,unspecified,,,"BabyAI curriculum levels; training curves on Gtrain, zero-shot systematic generalization test on Gtest; environment levels and splits not enumerated numerically in excerpt",other,not_applicable,reinforcement learning (agent training; optimizer/algorithm not specified in excerpt),other,FALSE,,FALSE,FALSE,,,,,,,other,match rate (MR) on training curves; no numeric ID value in excerpt,0.97,0.01,,,,,other,success rate (SR) on Gtest (zero-shot systematic generalization),,,TRUE,none,,,,,FALSE,No effect size computed; GG (generalization gap) reported directly as mean +/- SD,FALSE,,,,,"No representation-level coherence/compositionality proxy measured; inductive-bias analysis is architectural (modularity, sparsity), not representational",none,,,,FALSE,TRUE,FALSE,,FALSE,,,none,not_addressed,FALSE,,FALSE,,FALSE,low,4,"Directly targets zero-shot systematic (compositional) generalization failure in language-conditioned RL agents on BabyAI: proposes NPS-based modular inductive biases and reports near-zero generalization gap (GG) versus meaningful gaps in baselines, but does not connect to training dynamics, flatness, or schema-coherence mechanisms underlying the sigma-trap.",2,"Concerns generalization of language-conditioned RL agents, relevant to robust instruction-following and goal misgeneralization in RL, but the paper has no explicit safety or alignment framing.",FALSE,,,FALSE,,,"GG (generalization gap), SE (sample efficiency, alpha=0.9), AUC-MR, train/test match-rate (MR) learning curves",EX1,"Venue: arXiv:2501.15270v1, under review at Machine Learning (Springer Nature) - treated as preprint. Prefill hint 'gSCAN' contradicted by excerpt, which uses BabyAI. Table 2 columns garbled by text extraction; sub_exp averages verified arithmetically (CNN-GRU/FiLMBabyAI interleaved values average to their stated means). Number of runs/seeds not stated in excerpt."
S259,P02_0934,Three approaches to facilitate DNN generalization to objects in out-of-distribution orientations and illuminations,Akira Sakai; Taro Sunagawa; Spandan Madan; Kanata Suzuki; Takashi Katoh; Hiromichi Kobashi; Hanspeter Pfister; Pawan Sinha; Xavier Boix; Tomotake Sasaki,2021,http://arxiv.org/abs/2111.00131v2,,2111.00131v2,FALSE,empirical,,preprint,custom,,"object recognition under OoD orientations/illuminations (modified MNIST, iLab, CarsCG, MiscGoods)",covariate_shift,FALSE,,other,cnn_family,Deep CNN with batch normalization (BN momentum tuned as intervention); invariance enforced on intermediate-layer neural activity; neuron-level selectivity analysis,,,,unspecified,,,"Four image datasets: two modified from MNIST and iLab, two novel (3D-rendered cars CarsCG; objects MiscGoods) under controlled orientations/illumination; InD data diversity varied as low/medium/high",,not_applicable,,,,,FALSE,FALSE,,,,,,,accuracy,,,,,,,,accuracy,,,,,none,,,,,FALSE,,FALSE,,,,,,other,,"Across all three approaches, individual neurons in intermediate layers become more selective to a category (higher SI score) and more invariant to OoD orientations and illuminations",intermediate,,,,,,,,none,not_addressed,FALSE,,FALSE,,FALSE,low,3,"Directly investigates OOD generalization failure (objects in OoD orientations/illuminations, a covariate shift) and three mitigation approaches, attributing gains to neuron selectivity/invariance; does not address compositional generalization or training dynamics formally.",2,"Motivates the work via safety and fairness of AI applications and frames OoD robustness as required for safe deployment, but offers no alignment-specific analysis.",,,,,,,SI (selectivity index) score for individual intermediate-layer neurons,EX1,"arXiv preprint (arXiv:2111.00131v2, Jan 2022); excerpt contains abstract and appendix figure captions only; no numeric accuracy values recoverable from text; interventions: late-stopping, BN momentum tuning, invariance loss; datasets MNIST/iLab/CarsCG/MiscGoods at 3 InD diversity levels"
S260,P02_0935,Siamese recurrent networks learn first-order logic reasoning and exhibit zero-shot compositional generalization,Mathijs Mul; Willem Zuidema,2019,http://arxiv.org/abs/1906.00180v1,,1906.00180v1,FALSE,empirical,,preprint,custom,,FOL entailment recognition on an artificial first-order predicate logic language,compositional,FALSE,,GRU,rnn_family,"Siamese recurrent networks with SRN, GRU and LSTM cells; compared against recursive networks; results excerpt reports best-performing GRU; GloVe embeddings provided for unseen words in zero-shot tests",,,,unspecified,,,Artificially generated dataset of FOL sentences; entailment relations inferred by an automatic theorem prover; training set covers only a tiny fraction of the space of possible logical expressions,,not_applicable,,,FALSE,,FALSE,FALSE,,,,,,,accuracy,,0.867,,,,,,accuracy,,,,,none,,,,,FALSE,No effect sizes reported in excerpt; accuracy comparisons only,FALSE,,,,,No representation-level coherence proxy measured; word-embedding similarity discussed only as a possible explanation of zero-shot behavior,none,,,,FALSE,FALSE,FALSE,,FALSE,,,none,not_addressed,FALSE,,FALSE,,FALSE,low,4,"Directly probes whether recurrent networks exhibit compositional generalization on an unambiguously compositional FOL entailment task, using zero-shot tests on unseen sentence lengths, unseen words, and full alternative noun hierarchies that rule out memorize-and-interpolate explanations.",1,"No connection to AI safety, alignment, or goal misgeneralization; a basic-science study of connectionist compositionality on an artificial logic task.",TRUE,"The formal language does not exploit the full expressive power of first-order predicate logic; accuracy drops drastically (~56-59%) when the noun ontology is relocalized to thematically different domains, indicating sensitivity to topic.",,FALSE,,,,EX1,"arXiv preprint (under review at the time). Excerpt reports only the best-performing GRU zero-shot results (Tables 7-9); main-task accuracy, training details (optimizer, seeds), and test-set sizes are not given numerically, so those fields are left empty."
S261,P02_0936,"A Minimalist Dataset for Systematic Generalization of Perception, Syntax, and Semantics",Qing Li; Siyuan Huang; Yining Hong; Yixin Zhu; Ying Nian Wu; Song-Chun Zhu,2021,http://arxiv.org/abs/2103.01403v3,,2103.01403v3,TRUE,dataset_benchmark,,conference,custom,,HINT (Handwritten arithmetic with INTegers),compositional,FALSE,,TransformerEncDec,transformer,"Seq2seq models: LSTM with attention, Transformer (absolute/relative positional encoding), Universal Transformer with relative positional encoding (best), GPT-3 zero-shot with chain-of-thought prompting; symbol and handwritten-image inputs",,,,small,,,"HINT: handwritten arithmetic with integers; five-fold test split for interpolation (I, SS) and extrapolation (LS, SL, LL) over expression length and value; few-shot split on six new concepts",,not_applicable,,,FALSE,,,FALSE,,,,,,,accuracy,,0.543,,,,,,accuracy,,,,,none,,,,,FALSE,,FALSE,,,,,,none,,,,FALSE,FALSE,TRUE,5,FALSE,,,none,not_addressed,FALSE,,TRUE,https://liqing-ustc.github.io/HINT,FALSE,partial,4,"HINT directly measures systematic generalization failure (the sigma-trap) across perception, syntax, and semantics, showing seq2seq models cannot extrapolate to long-range syntactic dependency and semantics, few-shot generalization of new concepts falls far below human level, and scaling data and model size cannot fix extrapolation.",1,"No connection to AI alignment, safety, or goal misgeneralization; the paper is a dataset construction and model evaluation study on systematic generalization of arithmetic concepts.",TRUE,"Handwritten expressions are basic in spatial locations and visual complexity; HINT syntax and semantics remain context-free, unlike natural language; findings cover only the seq2seq models benchmarked.",,TRUE,"Extend to context-dependent syntax/semantics; investigate meta-learning, data augmentation, Edge Transformer, and Neural-Symbolic Stack Machines; evaluate systematic generalization of large language models in few-shot or fine-tuning settings.",,,EX1,"Main-form OOD accuracy 0.543 = Universal Transformer with relative positional encoding, overall accuracy on HINT. Sub-experiment few-shot accuracies are Avg. medians of 5 runs from Table 7 (fine-tuning on six new concepts). Optimizer not specified in excerpt."
S262,P02_0937,CLOSURE: Assessing Systematic Generalization of CLEVR Models,Dzmitry Bahdanau; Harm de Vries; Timothy J. O'Donnell; Shikhar Murty; Philippe Beaudoin; Yoshua Bengio; Aaron Courville,2019,http://arxiv.org/abs/1912.05783v2,,1912.05783v2,FALSE,dataset_benchmark,,preprint,custom,,CLOSURE/CLEVR visual question answering with referring expressions,compositional,FALSE,,NeuralSymbolic,neurosymbolic,"VectorNMN (novel vector-valued Neural Module Network), FiLM, MAC, NS-VQA, PG-Tensor-NMN, PG-Vector-NMN, GT-Tensor-NMN, GT-Vector-NMN",,,,unspecified,,,"Models pretrained on CLEVR; few-shot finetuning on 252 CLOSURE examples, 36 from each family",,not_applicable,,,FALSE,,FALSE,FALSE,0.98,0.00066,10,,,,accuracy,,0.863,0.025,10,,,,accuracy,,0.117,0.00790845,,none,,,,,FALSE,,FALSE,,,,,No representation-level coherence or compositionality proxy measured,none,,,,FALSE,FALSE,TRUE,10,TRUE,,,none,not_addressed,FALSE,,FALSE,,FALSE,low,4,"Directly targets compositional/systematic generalization failure (the sigma-trap): shows CLEVR models with 97-99% accuracy fail on CLOSURE novel combinations of known constructs, and that even an explicitly compositional NMN generalizes badly; proposes VectorNMN to improve systematic generalization.",2,"Systematic generalization deficits are a robustness concern for deployed agents, but the paper makes no connection to alignment, safety, or goal misgeneralization.",FALSE,,,FALSE,,,,EX1,arXiv preprint (v2 Oct 2020). Tables report mean accuracy +- SD in percent. Main form = GT-Vector-NMN: ID = CLEVR validation 98.0 +- 0.066; OOD = zero-shot CLOSURE 'and mat' test 86.3 +- 2.5. MAC reimplementation run 10 times (Appendix D); per-model SDs reported for all tables. No optimizer/arch size stated.
S263,P02_0938,Towards Systematic Generalization for Power Grid Optimization Problems,Zeeshan Memon; Yijiang Li; Hongwei Jin; Kibaek Kim; Liang Zhao,2026,http://arxiv.org/abs/2605.02026v1,,2605.02026v1,FALSE,empirical,,preprint,custom,,ACOPF/SCUC/UC-ACOPF power grid optimization,domain_shift,FALSE,,other,gnn,"Shared graph-based backbone encoding grid topology/physics with task-specific static (ACOPF) and temporal (SCUC) decoders; baselines STModel/MSTT (SCUC), CANOS, GAT, HGT (ACOPF)",,,,unspecified,,,"IEEE test networks case-14/30/57/118; joint ACOPF+SCUC training on smaller cases, zero-shot evaluation on larger unseen cases",multi_task,not_applicable,,,FALSE,,FALSE,FALSE,0.8888,,,,,,accuracy,,0.818,,,,,,accuracy,,0.0708,,,none,,,,,FALSE,,FALSE,,,,,No representation-level coherence or compositionality proxy measured,none,,,,FALSE,FALSE,FALSE,,FALSE,,,none,not_addressed,FALSE,,FALSE,,FALSE,low,3,"Targets systematic generalization via zero-shot cross-case transfer of neural surrogates to unseen grid topologies and scales for ACOPF/SCUC; a domain-transfer OOD setting, but not compositional, and no analysis of training dynamics or failure mechanisms.",1,"No connection to AI alignment, safety, or goal misgeneralization; application-focused paper on power-grid optimization surrogates for operational decision support.",,,,,,,"MSE (bus/generator), power-balance RMSE, constraint violation norm, optimality gap vs oracle solvers, inference time/speedup",EX1,"Main-form values = proposed shared-encoder model on SCUC: ID = case-118 in-distribution Acc 88.88%, OOD = zero-shot cross-case transfer (trained 14,30,57 -> 118) Acc 81.80%. ACOPF/UC-ACOPF reported via MSE/violation metrics (in other_metrics). Excerpt truncated (results sections only); limitations/conclusions unavailable. Preprint under review."
S264,P02_0939,Understanding out-of-distribution accuracies through quantifying difficulty of test samples,Berfin Simsek; Melissa Hall; Levent Sagun,2022,http://arxiv.org/abs/2203.15100v1,,2203.15100v1,FALSE,empirical,,preprint,CIFAR10,,"CIFAR-10 with OOD derivatives CIFAR-10.1, CIFAR-10.2, CINIC-10",covariate_shift,TRUE,confusion score,ResNet,cnn_family,"Ensembles of ResNet-18/34/50/101, LeNet variants with filter widths w=2..128, and 2-3 layer feedforward MLPs with widths up to 1028; Adam, batch 128",,,,small,,,CIFAR-10 training set; no data augmentation (only color channel normalization) to study the plain structure of the training dataset,standard_Adam,not_applicable,,standard_Adam,FALSE,,FALSE,FALSE,,,10,,,,accuracy,,,,10,,,,accuracy,,,,,none,,,,,FALSE,,FALSE,,,,,"No representation-level coherence proxy measured; paper analyzes output-level confusion scores, not internal representations",none,,,,FALSE,TRUE,TRUE,10,FALSE,,,none,not_addressed,,,,,,low,3,"Directly studies why OOD accuracy drops relative to ID accuracy across CNN/MLP architectures, attributing the drop to high confusion-score samples and spurious correlations; analysis-focused, not a fix for compositional generalization failure.",1,"No connection to AI alignment, safety, or goal misgeneralization; a mechanistic analysis of OOD accuracy drops in image classification.",TRUE,Prediction method does not take into account accuracy drop due to class-specific spurious correlations or label corruption; prediction worst for CINIC-10 (most label corruption) and best for CIFAR-10.1.,,FALSE,,,confusion score and entropy score distributions over training; subpopulation participation ratios,EX1,arXiv preprint; no explicit ID/OOD accuracy tables in excerpt (only a context-free 91% to 98% training-accuracy figure); main content is the confusion-score methodology and OOD accuracy prediction; numeric accuracy fields left empty per evidence rule.
S265,P02_0940,SyGNS: A Systematic Generalization Testbed Based on Natural Language Semantics,Hitomi Yanaka; Koji Mineshima; Kentaro Inui,2021,http://arxiv.org/abs/2106.01077v1,,2106.01077v1,FALSE,dataset_benchmark,,preprint,custom,,SyGNS semantic parsing (English to scoped meaning representations),compositional,FALSE,,TransformerEncDec,transformer,"Seq2seq semantic parsing with GRU and Transformer encoder-decoder models over multiple meaning representations (FOL, DRS, VF); exact-match, ATP, and monotonicity-based evaluation",,,,unspecified,,,"SyGNS testbed; ~2,000 training instances per depth in depth-exposure (systematicity) settings; generalization tests use novel combinations of quantifier/modifier/negation",,not_applicable,,,FALSE,,FALSE,FALSE,,,3,,,,accuracy,,,,3,,,,accuracy,,,,,none,,,,,FALSE,,FALSE,,,,,,none,,,,FALSE,FALSE,TRUE,3,FALSE,,,none,not_addressed,TRUE,https://github.com/verypluming/SyGNS,TRUE,https://github.com/verypluming/SyGNS,FALSE,medium,4,"Directly measures compositional generalization failure (the sigma-trap): seq2seq models tested on novel combinations of quantifiers, negation, and modifiers and at unseen embedding depths; both GRU and Transformer fail at depth 3+, with error analysis of formula-construction failures.",1,"No connection to AI alignment, safety, or goal misgeneralization; a linguistic-semantics testbed focused purely on compositional generalization.",FALSE,,,FALSE,,,exact match accuracy; ATP theorem-proving accuracy; monotonicity-based polarity accuracy; COUNTER DRS evaluation,EX1,arXiv-only preprint (2106.01077v1). Excerpt tables partially garbled; sub_experiments use FOL exact-match rows from Tables 9-10 which are cleanly parseable. task_primary hint listed SCAN/COGS/CFQ but excerpt experiments use only the proposed SyGNS testbed -> custom. n_seeds=3 from screening hint (not stated in excerpt).
S266,P02_0941,Challenges in Generalization in Open Domain Question Answering,Linqing Liu; Patrick Lewis; Sebastian Riedel; Pontus Stenetorp,2021,http://arxiv.org/abs/2109.01156v3,,2109.01156v3,FALSE,empirical,,preprint,custom,,"Open-domain QA (Natural Questions, TriviaQA)",compositional,TRUE,question category annotation (overlap/compositional/novel-entity),T5,transformer,"Six parametric and non-parametric ODQA models: DPR retriever (BERT dual-encoder) + FiD reader (T5-based), RAG (BART), T5-11B+SSM, RePAQ",11000000000,,,large,,,Models fine-tuned on open-domain QA training sets of Natural Questions (NQ) and TriviaQA; retrieval uses DPR with Top-20/Top-100 passages,,not_applicable,,,FALSE,,FALSE,FALSE,,,,,,,exact_match,,,,,,,,exact_match,,,,,none,,,,,FALSE,,FALSE,,,,,No representation-level coherence/compositionality proxy measured,none,,,,FALSE,,FALSE,,FALSE,,,none,not_addressed,,,,,,low,4,"Directly measures compositional generalization failure in open-domain QA by annotating test questions into overlap/compositional/novel-entity categories on NQ and TriviaQA; quantifies that even the strongest model drops 13.1pp on comp-gen questions and dissects difficulty factors (pattern frequency, entity frequency), but does not address training dynamics or representations.",1,"No connection to AI alignment, safety, or goal misgeneralization; a generalization-analysis study of factoid QA models only.",,,,,,,DPR top-k retrieval accuracy (Top-20/Top-100); exact match by question category; analysis of question pattern frequency and wiki entity frequency effects on EM,EX1,"No absolute end-to-end accuracies appear in the excerpt text (results in figures). Abstract reports performance gaps vs full test set for the strongest model: NQ comp-gen -13.1pp, NQ novel-entity -5.4pp, TriviaQA comp-gen -9.6pp, TriviaQA novel-entity -1.5pp. Sub-experiments use DPR retriever top-k retrieval accuracy from Table 4 (NQ), not end-to-end EM. arXiv preprint (v3 2022)."
S267,P02_0942,Scale Up Strategically: Learning Compositional Generalization via Bias-Aware Evaluation and Data Collection for Robotic Manipulation,Yu Qi; Zhang Ye; Xinyi Xu; Yuxuan Lu; Amitoj Sandhu; Boce Hu; Haojie Huang; Jonathan Tremblay; Lawson L. S. Wong,2026,http://arxiv.org/abs/2607.21582v1,,2607.21582v1,FALSE,empirical,,preprint,custom,,"Robotic manipulation instruction following with factorized instructions (color, verb, object, size, spatial); ManiSkill simulation and real robot",compositional,FALSE,,other,transformer,"Six vision-language-action (VLA) foundation policies post-trained on demonstrations: pi0.5, pi0, OpenVLA-oft, GR00T-N1.7, XVLA, Genie-Envisioner; each model's default training config, trained until convergence",,,,unspecified,200,,200 demonstrations by default per training run; factorized scenes (target + up to 3 distractors) on Panda arm in ManiSkill; strategies Complete/Random/L/ V; real robot uses half the demonstrations,other,not_applicable,Post-training / fine-tuning of pretrained foundation policy checkpoints on collected demonstrations,,FALSE,,FALSE,FALSE,,,,,,,accuracy,,0.549,,3,,,,accuracy,,,,,none,,,,,FALSE,No effect sizes reported; comparisons are raw success-rate differences across data-collection strategies at factor-change budget f=18,FALSE,,,,,No representation-level coherence or compositionality proxy measured; analysis is behavioral (which instruction factors are grounded) via FDR/FDH,other,,"Factor Dominance Rate (FDR) and Factor Dominance Hierarchy (FDH) quantify instruction-factor bias: color >= object >= spatial >= verb >= size is consistent across six foundation policies (tau=5% and 10%), with color dominant and verb/size most under-grounded",,FALSE,FALSE,TRUE,3,FALSE,,,none,not_addressed,FALSE,,FALSE,,FALSE,low,4,"Directly studies compositional generalization failure in instruction-following robot policies: quantifies shortcut/instruction-factor bias with FDR/FDH, localizes under-grounded factors, and proposes bias-aware data collection that outperforms baselines, i.e., an empirical attack on one core sigma-trap phenomenon.",3,"Shortcut-taking policies that ignore the verb are a concrete goal-misgeneralization risk in deployed robots; the paper diagnoses and mitigates this bias, though it does not frame results in alignment or safety terms.",FALSE,,,FALSE,,,LLM judge agreement with human annotations 88.7% overall (90.0 success / 83.0 overfit-f1 / 93.0 overfit-f2); Copeland FDH rankings per model; factor-change collection cost analysis,EX1,"arXiv 2026 preprint (cs.RO). Prefill benchmark hint 'NLP-OOD' contradicts the excerpt (robotic manipulation) -> task_primary flagged. Main-form = bias-aware (V) strategy on Color x Spatial for pi0 at f=18, 3 seeds; success rates in % converted to proportions."
S268,P02_0944,ORCHARD: A Benchmark For Measuring Systematic Generalization of Multi-Hierarchical Reasoning,Bill Tuck Weng Pung; Alvin Chan,2021,http://arxiv.org/abs/2111.14034v1,,2111.14034v1,FALSE,dataset_benchmark,,preprint,custom,,"ORCHARD (multi-hierarchical arithmetic reasoning, seq2seq)",compositional,TRUE,tree depth (n) and cross-tree referencing level (easy/medium/hard via COPY operators),TransformerEncDec,transformer,"Transformer 44.3M params vs bi-directional attentional LSTM 6.2M params; Fairseq seq2seq, character-level output classification via beam search; batch 128 on 4x RTX 2080, 500 epochs, FP16",44300000,,,medium,,,"ORCHARD: sequences of values 0-9 and operators {FIRST, LAST, MIN, MAX, COPY} over two nested trees; trained on tree depths 3-6, tested on unseen depths up to 12; six variants (MIN-MAX/FIRST-LAST x easy/medium/hard)",standard_Adam,not_applicable,,standard_Adam,FALSE,,FALSE,FALSE,,,,,,,accuracy,,0.541,,,,,,accuracy,,,,,none,,,,,FALSE,No effect size computed; results reported as point accuracies from figures,FALSE,,,,,No representation-level coherence or compositionality proxy measured; analysis is behavioral (per-tree classification accuracy),none,,,,FALSE,FALSE,FALSE,,FALSE,,,none,not_addressed,TRUE,https://github.com/billptw/Orchard,TRUE,https://github.com/billptw/Orchard,FALSE,medium,4,"Directly measures systematic (compositional) generalization failure: both Transformer and LSTM fail to generalize to unseen tree depths in multi-hierarchical reasoning, with Transformer dropping to random chance (10%) at depth 12; but the paper is behavioral, without training dynamics or representation-level analysis.",1,"No connection to AI safety, alignment, or goal misgeneralization; purely a diagnostic generalization benchmark paper.",FALSE,,,FALSE,,,"Per-tree classification accuracy (first tree, second tree, both trees) across tree depths 3-12",EX1,"arXiv:2111.14034v1, 2021 (NTU). Diagnostic seq2seq dataset paper; generalization tests on tree depths beyond training (3-6). Main-form ood values = Transformer, ORCHARD-hard MIN-MAX, depth 12, first-tree accuracy 54.1%; excerpt typo '888.7%' interpreted as 88.7%. Random chance on the task is 10% (10 output digits)."
S269,P02_0945,Atomic-to-Compositional Generalization for Mobile Agents with A New Benchmark and Scheduling System,Yuan Guo; Tingjia Miao; Zheng Wu; Pengzhou Cheng; Ming Zhou; Zhuosheng Zhang,2025,http://arxiv.org/abs/2506.08972v1,,2506.08972v1,FALSE,dataset_benchmark,,preprint,custom,,"UI-NEXUS mobile-agent benchmark: compositional UI task execution (Simple Concatenation, Context Transition, Deep Dive) across 20 local utility apps and 30 online service apps",compositional,FALSE,,GPT,transformer,"Multimodal-LLM mobile agents: agentic workflows on GPT-4o (M3A, Mobile-Agent-v2, Mobile-Agent-E) and agent-as-a-model 7B VLMs (UI-TARS-7B-SFT, OS-Atlas-7B-Pro); AGENT-NEXUS adds decoupled hierarchical scheduler",,,,unspecified,,,No training in this paper; evaluation benchmark UI-NEXUS has 100 interactive task templates (avg optimal step count 14.05) over 20 local utility apps and 30 online Chinese/English service apps,,not_applicable,,,FALSE,,FALSE,FALSE,0.8,,,,,,other,task success rate,0.57,,,,,,other,task success rate,0.23,,,other,0.88,,,,FALSE,"Paper reports PGR (Performance Gap Recovered): 88% for AGENT-NEXUS w/ M3A, 76% w/ UI-TARS-7B-SFT; values recorded in corresponding sub_experiments",FALSE,,,,,,none,,,,,,FALSE,,,,,none,not_addressed,TRUE,https://ui-nexus.github.io,TRUE,https://ui-nexus.github.io,FALSE,medium,4,"Directly quantifies atomic-to-compositional generalization failure (the sigma-trap) for mobile agents: large success-rate gap between directly given compositional instructions and oracle-atomic decomposition, with a formal PGR recovery metric; failure is tied to memory span, attention drift, and subtask composition management.",3,"Autonomous mobile agents executing long-horizon UI tasks are safety-relevant; the paper surfaces concrete failure modes (under-execution, over-execution, attention drift) and hierarchical scheduling as control, but does not discuss alignment or goal misgeneralization explicitly.",,,,,,,"PGR (Performance Gap Recovered); inference latency (sec/step); token cost (USD/step); termination-reason statistics (premature, budget exceeded, deemed impossible, collapse)",EX1,"arXiv preprint, under review (arXiv:2506.08972v1, Jun 2025). Prefill seeds hint '20' actually refers to the 20 local utility app environments, not seed runs; no seeds reported. Record-level id/ood = M3A baseline from Table 5 (Overall-Atom 80.0 as strong-ceiling ID, Overall-Comp 57.0 as weak compositional OOD). Table 2 anchor subset (50 tasks): M3A 50.0, Mobile-Agent-v2 30.0, Mobile-Agent-E 26.0, OS-Atlas 2.0, UI-TARS 6.0, AGENT-NEXUS+M3A 74.0, AGENT-NEXUS+UI-TARS 46.0."
S270,P02_0946,ATOM-Bench: A Real-World Benchmark for Atomic Skills and Compositional Generalization in Manipulation Policies,Zenan Wu; Bingqing Wei; Lu Liu; Zheqi He; Xi Wang; Jiakang Liu; Zehui Li; Guocai Yao; Jing-Shu Zheng; Xi Yang; Yongtao Wang,2026,http://arxiv.org/abs/2606.16826v1,,2606.16826v1,FALSE,dataset_benchmark,,preprint,custom,,"ATOM-Bench: real-world tabletop manipulation; 30 atomic tasks and 24 held-out compositional tasks, single-arm (Franka Panda) and dual-arm (Cobot Magic) tracks",compositional,FALSE,,other,other,"Five representative VLA (vision-language-action) manipulation policies: Pi0.5, LingBot-VLA (4B), GR00T N1.6, SmolVLA, Motus; fine-tuned via SFT (full or LoRA) with AdamW",,,,unspecified,3000,,"3,000 human demonstrations collected for atomic fine-tuning; policies fine-tuned on atomic tasks, evaluated on atomic skill acquisition and 24 held-out compositional tasks; evaluation rollout data released",standard_Adam,not_applicable,,,FALSE,,FALSE,FALSE,,,,,,,accuracy,,,,,,,,accuracy,,,,,none,,,,,FALSE,No effect sizes reported in excerpt,FALSE,,,,,No representation-level coherence proxy; benchmark-level diagnostics only,none,,,,FALSE,FALSE,FALSE,,FALSE,,,none,not_addressed,FALSE,,TRUE,https://flageval-baai.github.io/AtomBenchPage/,FALSE,partial,4,"Benchmark built to diagnose compositional generalization failure in generalist manipulation policies: it factorizes tabletop manipulation into atomic skills and held-out compositional tasks, and its Atomic Score and Compositional Failure Share distinguish weak atomic skills from limited compositional reuse, directly operationalizing the sigma-trap.",2,"Concerns reliability of foundation-model policies beyond demonstrated tasks and explicitly worries about policies learning task templates or dataset-specific regularities rather than reusable composable skills, a form of misgeneralization; no safety or alignment framing otherwise.",FALSE,,,FALSE,,,success rate; Atomic Score (AS); Compositional Failure Share (CFS),EX1,"arXiv preprint (2026). Excerpt covers benchmark design and SFT configurations (Table 10) but reports no numeric success rates from the 2,700 physical rollouts, so all accuracy and effect-size fields are empty. Data release (demonstrations + rollout data) is explicit; homepage URL given."
S271,P02_0948,The Neural Data Router: Adaptive Control Flow in Transformers Improves Systematic Generalization,Róbert Csordás; Kazuki Irie; Jürgen Schmidhuber,2021,http://arxiv.org/abs/2110.07732v4,,2110.07732v4,TRUE,empirical,,conference,custom,,Compositional table lookup (CTL); also simple arithmetic and ListOps depth-variant,compositional,FALSE,,TransformerEnc,transformer,"Transformer encoder with copy gate and geometric attention (Neural Data Router, 12 layers); ablations: baseline Transformer, +relative positional encoding, +gate, +geometric attention, and ACT variants",,12,,unspecified,,,"CTL: compositional table lookup; IID and length-generalization (Longer) splits, test set with up to 10 function applications; 30k training steps (60k for ACT models)",,not_applicable,,,FALSE,,FALSE,FALSE,1.0,0.0,,,,,accuracy,,1.0,0.0,,,,,accuracy,,0,,,none,,,,,FALSE,,FALSE,,,,,,attention_patterns,,NDR attention and gating patterns tend to be interpretable as an intuitive form of neural routing on the Transformer-column grid; interpretable routing accompanies successful length generalization.,,FALSE,TRUE,FALSE,,FALSE,,,none,not_addressed,TRUE,https://github.com/robertcsordas/ndr,FALSE,,FALSE,partial,4,"Directly targets the sigma-trap: shows Transformers fail systematic/length generalization on algorithmic tasks (compositional table lookup, arithmetic, ListOps depths) and proposes copy gate + geometric attention (NDR) reaching 100% length generalization, with ablations showing gating induces interpretable control-flow routing.",1,"No connection to AI alignment, safety, or goal misgeneralization; focuses on architectural inductive biases for systematic generalization of algorithmic tasks.",,,,,,,,EX1,"Main-form values = NDR (Transformer + rel + geo + gate, 12 layers) on CTL: IID 1.00, Longer (length generalization) 1.00 forward and backward. Baseline Transformer Longer forward 0.12 +/- 0.01. Table 4 layer-depth results for NDR in sub_experiments. Near-perfect on simple arithmetic and ListOps depth variant, but no numbers in excerpt."
S272,P02_0949,Compositional Generalization from Learned Skills via CoT Training: A Theoretical and Structural Analysis for Reasoning,Xinhao Yao; Ruifeng Ren; Yun Liao; Lizhong Ding; Yong Liu,2025,http://arxiv.org/abs/2502.04667v3,,2502.04667v3,TRUE,empirical,,conference,custom,,two-hop compositional reasoning over knowledge-graph facts (synthetic); GSM8K (real-world),compositional,FALSE,,TransformerDec,transformer,"Decoder-only transformers; real-world validation via LoRA (rank 16, alpha 16, no dropout) on LLM; controlled experiments on small transformers with two-hop reasoning facts",,,,unspecified,100000,,"Real-world: first 100k samples of MetaMathQA (of 395K), 1 epoch, alpaca format, max seq 512, batch size 4; synthetic: two-hop reasoning facts with controlled noise ratio xi",other,not_applicable,CoT (chain-of-thought) training vs non-CoT training; LoRA fine-tuning for real-world validation,other,FALSE,,FALSE,FALSE,1.0,,3,,,,accuracy,,0.994,,3,,,,accuracy,,0.006,,,none,,,,,FALSE,,FALSE,,,,,"No coherence-score proxy; structural analysis is circuit-level (two-stage compositional circuit), not a representation coherence metric",other,,"CoT training internalizes reasoning into a two-stage compositional circuit; CoT-trained models resolve intermediate results at shallower layers, freeing deeper layers to specialize in subsequent reasoning steps",,FALSE,FALSE,TRUE,3,FALSE,,,none,not_addressed,TRUE,https://github.com/chen123CtrlS/T-CotMechanism,FALSE,,FALSE,partial,4,"Directly addresses compositional generalization: shows it is fundamental and emerges as models systematically combine learned skills, gives information-theoretic ID/OOD bounds, demonstrates non-CoT models fail on OOD due to unseen compositional patterns, and analyzes the compositional circuit structure behind CoT-trained generalization.",2,"Understanding why reasoning models fail or succeed on novel compositional inputs is safety-relevant for deployed agents, but the paper makes no explicit link to alignment or goal misgeneralization.",FALSE,,,FALSE,,,,EX1,"ICLR 2026. Main form = CoT-trained model on clean data (xi=0, Table 3, 3 seeds): S_ID_test(2)=100.0%, S_OOD(2)=99.4%. Noise robustness: 2nd-hop noise xi=0.2 gives ID 95.1/OOD 77.6; both-hop noise xi=0.2 collapses to ID 11.5/OOD 8.4. Optimizer not named (LR 2e-5, warmup 0.03). Column semantics (one-hop vs two-hop splits) ambiguous in excerpt."
S273,P02_0951,Systematic Generalization and Emergent Structures in Transformers Trained on Structured Tasks,Yuxuan Li; James L. McClelland,2022,http://arxiv.org/abs/2210.00400v2,,2210.00400v2,FALSE,empirical,,preprint,custom,,"Algorithmic sequence tasks: copy, reverse, sort, hierarchical compositions (C, R, G[S], G[C], S[S], S[C])",compositional,FALSE,,TransformerDec,transformer,"Causal (decoder-only) transformer, 1-2 layers, label-based positional encoding vs sinusoidal/learnable PE; attention-head configs [1,1]..[6,6] in attention-balanced/frontload/backload layouts; embedding dim 128 (2-layer)/184 (1-layer)/192 (6-task), MLP hidden 64, ReLU",,2,128,small,,,"Single-task and six-task training on algorithmic sequence tasks; evaluation on 54k (single-task) and 75k (six-task) generalization sequences, including 500 unique sequences per length",standard_Adam,not_applicable,,standard_Adam,FALSE,,FALSE,FALSE,,,,,,,accuracy,,0.8338,0.1305,4,,,,accuracy,,,,,none,,,,,FALSE,,FALSE,,,,,"No quantitative coherence/compositionality proxy (e.g. CKA, compositionality score) computed; representation analysis is qualitative probing of latent structure and attention patterns",probing,attention_patterns,"Two-layer transformers develop signs of task decomposition across layers, encode input items to encourage shared computation across related tasks, and attention patterns reflect task structure; label-based positional encoding enables length generalization",1-2 layers (full model),FALSE,FALSE,TRUE,4,FALSE,,,none,not_addressed,FALSE,,FALSE,,FALSE,low,4,"Directly studies systematic (compositional) generalization of a decoder-only transformer on hierarchically structured algorithmic tasks, including length generalization beyond training and the architectural conditions (layers, attention-head layout, positional-encoding intervention) that enable it; probes emergent representation structure as the mechanism, but does not connect failure to optimization geometry or propose a coherence account of the compositional failure mode.",1,"No connection to AI safety, alignment, or goal misgeneralization; mechanistic study of transformer structure on toy algorithmic tasks.",,,,,,,Token-level item accuracy and label (operation) accuracy on generalization sequences; accuracy on 500 unique sequences per length,EX1,"All reported numbers are OOD generalization-sequence accuracies (longer-than-training sequences); no in-distribution performance reported, so ID fields left empty. Main-form values = six-task two-layer label-PE attention-balanced [1,1] model, item accuracy mean +/- SD across 4 seeds. Head-count and PE-variant comparisons in sub_experiments. Excerpt truncated (results section only); limitations/conclusion unavailable. Preprint (arXiv:2210.00400v2)."
S274,P02_0956,Mixture Data for Training Cannot Ensure Out-of-distribution Generalization,Songming Zhang; Yuxiao Luo; Qizhou Wang; Haoang Chi; Xiaofeng Chen; Bo Han; Jinyan Li,2023,http://arxiv.org/abs/2312.16243v4,,2312.16243v4,FALSE,theoretical,,preprint,CIFAR10,PACS; DomainNet; MNIST,"CIFAR-10 sub-tasks (Bird vs Cat with rotation/blur), Rotated MNIST, PACS, DomainNet, CINIC-10",mixed,FALSE,,ResNet,cnn_family,"SmallConv (0.12M params; 3 conv layers, 80 filters), WRN10-2 (depth 10, widening 2), WRN-16-4 (depth 16, widening 4)",,,,small,,,"Mixture data: samples of sizes n0 and n1 drawn from two source distributions (N=n0+n1); OOD samples of fixed size M from unseen target distribution; PACS/DomainNet down-sampled to (3,64,64)",momentum,not_applicable,,standard_SGD,TRUE,,FALSE,FALSE,,,,,,,accuracy,,,,,,,,accuracy,,,,,none,,,,,FALSE,,FALSE,,,,,No representation-level coherence proxy measured,none,,,,TRUE,TRUE,TRUE,10,FALSE,,,none,not_addressed,,,,,,low,3,"Directly studies OOD generalization failure: proves generalization error cannot be ensured for data outside the convex hull of training data and documents non-monotonic error trends, but does not address compositional splits or schema coherence.",1,"No connection to AI alignment, safety, or goal misgeneralization; theoretical and empirical analysis of OOD generalization error trends in image classification.",FALSE,,,FALSE,,,"OOD generalization error vs training sample size (power-law, non-monotonic, and stable trends); OOD error vs OOD sample size M",EX1,"arXiv preprint (Journal of LaTeX Class Files template); excerpt gives only qualitative error-trend results, no numeric accuracies/errors, so numeric fields left empty; central contributions are convex-hull redefinition of OOD and generalization error bounds; abstract mentions attempting data augmentation, pre-training, and algorithm power."
S275,P02_0957,Low-Frequency Shortcuts in Texture-Driven Visual Learning,Utku Şirin; Cathy Hou; David Alvarez-Melis; Stratos Idreos,2026,http://arxiv.org/abs/2606.03493v1,,2606.03493v1,FALSE,empirical,,preprint,custom,CIFAR10,"Texture-driven image classification (SP-Colorectal, TextileNet, GTOS)",covariate_shift,FALSE,,ResNet,cnn_family,ResNet-50; Fourier spectral accuracy-contribution analysis; low-frequency component (LFC) pruning applied to training and test images,,,,unspecified,,,"Texture-driven datasets SP-Colorectal, TextileNet, GTOS plus CIFAR-10; LFC pruning at varying number of pruned LF diagonals",,not_applicable,,,FALSE,,FALSE,FALSE,,,3,,,,accuracy,,,,3,,,,accuracy,,,,,none,,,,,FALSE,,FALSE,,,,,,other,,"Fourier spectral analysis: unpruned models in texture-driven domains rely on few low-frequency components (LFCs) with skewed spectral behavior; pruning LFCs yields balanced spectra, reliance on high-frequency components, and higher ID accuracy.",,FALSE,FALSE,TRUE,3,FALSE,,,none,not_addressed,,,,,,low,3,Analyzes shortcut learning as a frequency-domain OOD generalization failure: texture-driven domains rely on few low-frequency components and lose up to 70% accuracy under OOD corruptions; related to distribution-shift failure but not compositional generalization or schema coherence.,2,"Shortcut learning and spurious-correlation reliance undermine reliable deployment and are relevant to safety discussions, but the paper does not engage alignment, goal misgeneralization, or safety directly.",FALSE,,,FALSE,,,Fourier spectral accuracy contributions per frequency component,EX1,arXiv preprint (2606.03493v1). Only relative deltas in excerpt: pruning LFCs improves ID up to 8% and low-frequency corruption robustness up to 40%; OOD corruptions cause up to 70% drop. Seeds 42/123/999 (3). Hint benchmarks (SCAN/NLP-OOD) contradicted; vision study.
S276,P02_0959,What makes Models Compositional? A Theoretical View: With Supplement,Parikshit Ram; Tim Klinger; Alexander G. Gray,2024,http://arxiv.org/abs/2405.02350v1,,2405.02350v1,FALSE,theoretical,,preprint,,SCAN; COGS; CFQ,,,FALSE,,,,"Theoretical analysis of recurrent (U-RNN, B-RNN, T-RNN), convolutional (conv+pool), and attention-based (Transformer, sparse-attention Transformer) sequence models under a neuro-symbolic compositional-complexity framework",,,,unspecified,,,"No experiments or training data; compositional benchmarks SCAN, CFQ, COGS used as motivation",,not_applicable,,,FALSE,,FALSE,FALSE,,,,,,,,,,,,,,,,,,,,none,,,,,FALSE,,FALSE,,,,,"Proposes a theoretical compositional complexity (LoI delta, relative LoI beta) computed per model class, but does not empirically measure a representation-level coherence/compositionality proxy on trained models",none,,,,FALSE,FALSE,FALSE,,FALSE,,,none,not_addressed,,,,,,low,4,"Provides a theoretical foundation for the sigma-trap by defining compositional functions and a compositional complexity, proving expressivity limits of input-agnostic versus input-dependent cDAG architectures, and tying systematic generalization bounds directly to compositional complexity; explains why recurrent, convolutional, and attention models fail on compositional benchmarks.",1,"No connection to AI alignment, safety, or goal misgeneralization; a purely mathematical theory of compositionality and generalization for sequence processing models.",,,,,,,,EX1,"Theoretical paper; no experiments, no datasets, no accuracies. Contributions: neuro-symbolic definition of compositional functions, compositional complexity, and Theorems 1-2 bounding approximation error and systematic generalization. Table 1 reports per-model-class complexity bounds (absolute LoI delta, relative LoI beta). A preliminary version was presented at KBCG@IJCAI23 workshop; the cited arXiv version is a preprint."
S277,P02_0962,Robust Subtask Learning for Compositional Generalization,Kishor Jothimurugan; Steve Hsu; Osbert Bastani; Rajeev Alur,2023,http://arxiv.org/abs/2302.02984v2,,2302.02984v2,TRUE,empirical,,conference,custom,,"Compositional RL: rooms navigation environment (point-mass robot, 3 exits) and F1/10th (F110) racing car environment; subtask-sequence tasks",compositional,FALSE,,other,other,RL option/subtask policies (Soft Actor-Critic based; PAIRED baseline uses PPO; MADDPG baseline); policy network architecture not specified in excerpt; F110 policies take LiDAR input,,,,unspecified,,,"Rooms: subtask sequences of length <=5; F1/10th: sequences of length <=25; continuous states/actions; rooms results averaged over 10 runs, F110 over 5 runs",adversarial_train,not_applicable,,other,FALSE,,FALSE,FALSE,,,,,,,accuracy,,,,,,,,accuracy,,,,,none,,,,,FALSE,No effect sizes reported and no numeric accuracy values extractable from the excerpt,FALSE,,,,,No representation-level coherence or compositionality proxy measured,none,,,,FALSE,TRUE,TRUE,10,FALSE,,,none,not_addressed,TRUE,https://github.com/keyshor/rosac,FALSE,,FALSE,partial,3,"Addresses compositional generalization of RL options (robustness to arbitrary subtask sequences) via a two-agent zero-sum adversarial formulation, but focuses on worst-case sequence robustness rather than measuring compositional/OOD generalization failure; no OOD accuracy gap is reported.",2,"Worst-case/robust option learning has safety relevance for sequential control, but the paper does not discuss AI alignment, safety, or goal misgeneralization.",FALSE,,,FALSE,,,"Success probability of completing the maximum subtask sequence (5 for rooms, 25 for F110) and average number of subtasks completed; evaluated against a random adversary and an MCTS adversary",EX1,"ICML 2023 (PMLR 202). Quantitative results appear only in figure plots (Fig 3-5) and no numeric accuracies are given in the excerpt text, so all accuracy fields are left empty. Rooms averaged over 10 runs, F110 over 5 runs, error bars = +/- std. ROSAC and AROSAC vs baselines NAIVE, DAGGER, MADDPG, PAIRED. No flag: prefill benchmark hint was 'none-detected'."
S278,P02_0964,Compositional Generalization in Spoken Language Understanding,Avik Ray; Yilin Shen; Hongxia Jin,2023,http://arxiv.org/abs/2312.15815v1,,2312.15815v1,FALSE,empirical,,preprint,custom,,ATIS/SNIPS spoken language understanding (joint intent classification and slot tagging),compositional,TRUE,number of slot types per utterance (novel slot combination split; length generalization split with max 2 slots in training),BERT,transformer,"BERT SLU: pre-trained BERT fine-tuned jointly for intent classification and slot tagging (bert-base-cased used on SNIPS); proposed compositional SLU model adds compositional loss and paired training; variants: BERT + dependency parse, BERT + relative position embedding",,,,unspecified,,,ATIS and SNIPS; compositional training sets: 661 distinct slot combinations (ATIS) vs 406 (SNIPS); test sets ~210 (ATIS) / 201 (SNIPS) slot combinations; length-generalization split restricts training to <=2 slots per utterance; standard splits also evaluated,,not_applicable,,,TRUE,paired training data augmentation (pairing utterances with complementary slot subsets),FALSE,FALSE,0.9842,0.0009,,,,,F1,,,,,,,,F1,,,,,none,,,,,FALSE,Only relative F1 deltas and significance tests reported; no effect size computable without absolute compositional-split values,FALSE,,,,,No representation-level coherence proxy; compositional loss is claimed to improve attention focus on informative words but no attention/probing analysis reported,none,,,,FALSE,TRUE,FALSE,,TRUE,t-test,0.05,none,not_addressed,FALSE,,FALSE,,FALSE,low,4,"Directly studies compositional generalization failure (novel slot combinations and length generalization) in SOTA BERT SLU models, attributes it to spurious slot correlations, and proposes compositional loss and paired training to close the gap; behavioral analysis only, no representation-level or training-dynamics analysis.",2,"Improves robustness of voice-assistant intent/slot understanding under cold-start compositional settings, which bears on reliable deployment of interactive agents, but the paper has no safety or alignment framing.",FALSE,,,TRUE,In future work the authors want to further explore the impact of OOV slot values on compositionality.,,Intent classification accuracy; slot F1 score distribution by number of slots per test utterance (Table 2),EX1,arXiv:2312.15815v1. Main-form values = proposed compositional SLU model on ATIS standard split (ID). Absolute slot-F1 values for compositional splits are not given in the excerpt (only deltas vs baseline). Prefill hint 'gSCAN; Vision' not supported by excerpt. Seeds hint (5) not confirmable from excerpt. Numbers of runs not stated. | sig p reported as <0.05 (stored as bound)
S279,P02_0965,Causal Structural Hypothesis Testing and Data Generation Models,Jeffrey Jiang; Omead Pooladzandi; Sunay Bhat; Gregory Pottie,2022,http://arxiv.org/abs/2210.11275v2,,2210.11275v2,TRUE,empirical,,workshop,custom,,"causal structural hypothesis testing: pendulum dynamics regression, simulated linear-SEM DAG data, trauma surgery ground-level falls (tabular)",covariate_shift,FALSE,,MLP,mlp,CSHT-EST: fully-connected NN with nonparametric causal-layer (SCM/DAG) functional constraints; CSVHT-EST variational version (VAE-style with same causal layers); baselines plain NN and VAE of similar size,,,,small,,,"Synthetic physics-inspired pendulum dataset (sun/shadow positions), simulated DAG data (linear SEM, 4x4 and 5x5), real trauma surgery ground-level falls medical dataset; deliberate 75% OOD split on sun/shadow position for pendulum",,not_applicable,,,,,FALSE,FALSE,,,,,,,other,regression loss (MSE-style); no accuracies reported,,,,,,,other,regression loss (MSE-style); no accuracies reported,,,,none,,,,,FALSE,,FALSE,,,,,,none,,,,,,,,,,,none,explicit_no,TRUE,https://github.com/SunayBhat1/Causal-Structural-Hypothesis-Testing,FALSE,,FALSE,partial,3,Uses out-of-distribution generalization error as a proxy for testing causal structural hypotheses and shows causally-constrained models (CSHT-EST) generalize far better to deliberate OOD splits than plain NN/VAE baselines; not about compositional generalization but about OOD-robust causal structure.,1,No connection to AI safety or alignment; the work concerns causal model hypothesis testing and data synthesis for scientific and medical applications.,,,,TRUE,"How to compare many hypotheses that achieve similar loss, e.g. a criterion favoring the minimal hypothesized DAG; differentiate leaky causal models using minimum entropy properties; extend CSHT-EST/CSVHT-EST to more flexible architectures combining differential causal inference and binary sampling to automate causal discovery",,"Pendulum test loss, random split: NN 0.02, VAE 0.06, CSHT-EST 0.03, CSVHT-EST 0.51; deliberate OOD split test loss: NN 10.27, VAE 89.4, CSHT-EST 0.26, CSVHT-EST 38.62. Medical CSHT-EST loss: H1 0.024 train/0.035 test, H2 0.017/0.025. Relative loss-probability tables from DAG simulations by Hamming Distance",EX1,"NeurIPS 2022 Workshop on Synthetic Data for Empowering ML Research (arXiv:2210.11275v2). All reported quantities are regression losses, not accuracies, so accuracy fields left empty (values in other_metrics_reported and sub_exp notes). Prefill hints mention GNN but no GNN appears in the excerpt. OOD loss used as proxy for causal hypothesis testing; deliberate non-random splits."
S280,P02_0967,Adversarial Reward Auditing for Active Detection and Mitigation of Reward Hacking,Mohammad Beigi; Ming Jin; Junshan Zhang; Qifan Wang; Lifu Huang,2026,http://arxiv.org/abs/2602.01750v1,,2602.01750v1,FALSE,empirical,,preprint,custom,,"RLHF reward hacking detection and mitigation across three hacking domains: chat sycophancy, length bias, and code gaming",domain_shift,FALSE,,TransformerDec,transformer,"LLM policies (e.g., Llama-2-7b) trained with RLHF/PPO; ARA adds a Hacker policy, a latent-representation Auditor (5M-85M params), and AG-RLHF reward gating with severity gamma in [0,8]",,,,unspecified,,,Training details not in excerpt; Auditor capacity ablated from 5M to 85M parameters,other,not_applicable,PPO-based RLHF; AG-RLHF gates reward signals with severity gamma to penalize detected hacking (ARA intervention),,FALSE,,FALSE,FALSE,,,,,,,other,"hacking metrics (sycophancy rate, response length in tokens, code gaming rate); detection AUC",,,,,,,other,"hacking metrics (sycophancy rate, response length, code gaming rate) on held-out domains; detection AUC",,,,none,,,,,FALSE,"No effect sizes reported; results reported as hacking rates, tokens, and AUC",FALSE,,,,,No coherence proxy; the Auditor operates on latent representations but no compositionality/coherence metric is reported,other,,"tSNE of reward-model representations h_x,y for exploitative responses shows chat sycophancy and length bias occupy nearly identical regions while code gaming forms a distinct proximate cluster; Auditor detection transfer (0.55-0.77 AUC) mirrors this representational geometry",,FALSE,FALSE,FALSE,,FALSE,,,none,not_addressed,FALSE,,FALSE,,FALSE,low,2,"Concerns reward hacking via spurious correlations in reward models (shortcut learning), which is a misgeneralization phenomenon, and evaluates cross-domain generalization of hacking, detection, and mitigation; not about compositional generalization per se.",5,"Directly targets reward hacking, a core alignment failure in which models exploit proxy-reward spurious correlations while violating human intent, including emergent cross-domain misalignment; proposes active detection and mitigation (ARA/AG-RLHF) and is explicitly framed as AI safety research with an impact statement on dual-use concerns.",TRUE,"Cross-domain transfer to code gaming is limited (0.55-0.62 AUC), so mitigating code gaming likely requires dedicated training data; impact statement acknowledges the dual-use concern of the Hacker component discovering exploits.",,FALSE,,,sycophancy rate (%); response length (tokens); code gaming rate (%); detection AUC; ROUGE-L; Pass@1; helpfulness; gating-severity sensitivity analysis,EX1,"arXiv preprint (ICML 2026 format, Feb 2026). Primary metrics are hacking rates/tokens/AUC, not classification accuracy, so all accuracy fields are empty; cross-domain evaluation treated as OOD with ood_split_type=domain_shift. Sub_experiments follow Table 5 (mitigation transfer per training domain)."
S281,P02_1159,Probing the Probes: Methods and Metrics for Concept Alignment,Jacob Lysnæs-Larsen; Marte Eggen; Inga Strümke,2025,http://arxiv.org/abs/2511.04312v1,,2511.04312v1,FALSE,empirical,,preprint,,,"Concept Activation Vector (CAV) probing of CNN vision models; concept classification on image concepts (horses, dogs, primates, buildings)",covariate_shift,FALSE,,other,cnn_family,"CNN vision models (specific architecture unspecified); probing methods: Classifier-CAVs, Segmentation-CAVs, Combination-CAVs, Pattern-CAVs, translation-invariant (GAP) CAV variants; spatial linear attribution concept localization",,,,unspecified,,,"Concept datasets for CAV training (e.g., horse, dog, primate, building concepts); concept training data size varied to study alignment scaling; hard-accuracy test set replaces backgrounds with concept-free random images",,not_applicable,,,FALSE,,FALSE,FALSE,,,,,,,accuracy,,,,,,,,accuracy,,,,,none,,,,,FALSE,,TRUE,linear_probe_acc,,,,"Paper's core is concept alignment via CAV linear probes; argues probe accuracy alone is an unreliable alignment measure (probes exploit spurious correlations); hard (worst-group) accuracy, segmentation score, and augmentation robustness proposed as alignment metrics; no numeric values in excerpt",probing,CAV,"Probe classification accuracy is an unreliable measure of concept alignment; deliberately misaligned probes exploiting spurious correlations reach accuracy close to standard probes; translation-invariant (GAP) CAVs increase alignment; TCAV scores are highly dependent on the probed layer, with some late layers lacking spikes for dog classes",,FALSE,FALSE,FALSE,,FALSE,,,none,not_addressed,FALSE,,FALSE,,FALSE,low,2,"Tangentially relevant: probe accuracy can be inflated by spurious correlations, and the paper introduces hard accuracy (worst-group accuracy on background-randomized images) as an OOD-like robustness metric; however, the object of study is explainability probes rather than model compositional or OOD generalization.",3,"Relevant to AI safety through interpretability: concept alignment of CAVs/TCAV is a mechanistic-interpretability tool used for model auditing, bias mitigation, and adversarial detection; the paper shows probe accuracy is an unreliable audit metric and proposes alignment-based evaluation, but does not connect to goal misgeneralization or safety.",,,,TRUE,"Future work should investigate the extent to which CNNs encode the absolute position of features (concepts may be encoded at the channel level, in superposition, or using absolute positions), and tailor probes to both model architecture and concept nature.",,,EX1,"arXiv preprint (arXiv:2511.04312v1), no venue stamp. No numeric results present in the excerpt (Table 1 and Figure 8 values not shown), so all accuracy fields are empty. Hard accuracy (randomized backgrounds) motivates ood_split_type=covariate_shift."
S282,P02_1172,Learning to optimize: a primer and a benchmark,Tianlong Chen; Xiaohan Chen; Wuyang Chen; Zhangyang Wang; Howard Heaton; Jialin Liu; Wotao Yin,2022,,,,FALSE,survey_ma,,preprint,custom,,learning to optimize (L2O) for continuous optimization; benchmark of L2O methods,,FALSE,,LSTM,rnn_family,"Learned optimizers: LSTM (mainstream, L2O-DM), hierarchical RNNs, MLP, RNN controller; compared against classic optimizers (SGD, RMSprop, Adam); optimizees include small networks such as MNIST classifiers",,,,unspecified,,,"L2O meta-training (offline) on optimizees sampled from task distribution T, then online meta-testing on new optimizees; unrolled/truncated LSTM training up to ~20 steps",meta_learning,not_applicable,,other,FALSE,,FALSE,TRUE,,,,,,,,,,,,,,,,,,,,none,,,,,FALSE,,FALSE,,,,,,none,,,,FALSE,FALSE,FALSE,,FALSE,,,none,not_addressed,TRUE,https://github.com/VITA-Group/Open-L2O,TRUE,https://github.com/VITA-Group/Open-L2O,FALSE,medium,2,"Surveys and benchmarks learning-to-optimize, whose learned optimizers typically fail on out-of-distribution problems and suffer truncation bias when applied to unseen, deeper, or wider optimizees — OOD generalization concerns adjacent to the sigma-trap, but no compositional gap analysis.",1,"No connection to AI safety, alignment, or goal misgeneralization; the article concerns optimizer performance on out-of-distribution optimization problems.",FALSE,,,TRUE,"Section 5 discusses research gaps and future work, e.g., scaling and generalization of learned optimizers to unseen optimizees, longer training iterations, and debiasing LSTM truncation bias.",,,EX1,"arXiv preprint (v2 Jul 2021), CC-BY 4.0 license. First comprehensive survey and benchmark of L2O for continuous optimization; excerpt contains no benchmark accuracy numbers, so all numeric fields left empty. No seed count stated."
S283,P02_1308,Vision Transformer Neural Architecture Search for Out-of-Distribution Generalization: Benchmark and Insights,"Ho, S.-T.; Van Vo, T.; Ebrahimkhani, S.; Cheung, N.-M.",2024,Advances in Neural Information Processing Systems,,,TRUE,dataset_benchmark,,conference,ImageNet_C,,,covariate_shift,TRUE,corruption severity level,ViT,vit,"3000 ViT architectures across 3 search spaces (incl. Autoformer-Small), varying embedding dimensions (320/384/448) and parameter budgets; ID Pareto architectures selected within 30 equal parameter-budget intervals",,,,unspecified,,,3000 ViT architectures evaluated on 8 large-scale OoD datasets; 1000 Autoformer-Small architectures analyzed in detail; ImageNet-C severity levels 0-5,,not_applicable,,,FALSE,,FALSE,FALSE,,,,,,,accuracy,,,,,,,,accuracy,,,,,none,,,,,FALSE,,FALSE,,,,,No representation-level coherence or compositionality proxy measured,none,,,,FALSE,FALSE,FALSE,,FALSE,,,none,not_addressed,TRUE,https://hosytuyen.github.io/projects/OoD-ViT-NAS,TRUE,https://hosytuyen.github.io/projects/OoD-ViT-NAS,FALSE,medium,3,"Benchmarks and analyzes ViT architecture design for OOD (covariate-shift) generalization, showing ID accuracy is a weak indicator of OOD accuracy and that architecture choice alone can span up to 11.85% OOD accuracy; relevant to OOD generalization failure, though shifts are corruptions rather than compositional and no mechanism-level account is given.",1,"No connection to AI safety, alignment, or goal misgeneralization; a vision architecture search benchmark and correlation analysis.",,,,,,,"Kendall tau rank correlation (ID vs OOD accuracy; Training-free NAS proxies vs OOD accuracy, e.g. AutoProx 0.3303); average OoD accuracy range 3.81%/4.86%/2.74% across search spaces; up to 11.85% range for some OoD shift; #Param and #Flops correlations",EX1,"Benchmark paper reporting rank correlations and accuracy RANGES, not per-configuration mean accuracies, so id/ood accuracy fields left empty. 8 OoD datasets include ImageNet-C and ImageNet-P (named); others not enumerated in excerpt. OOD difficulty = corruption severity level 0-5 (level 0 clean). Excerpt truncated; limitations/conclusion unavailable. NeurIPS 2024, arXiv:2501.03782v1."
S284,P02_1381,Sparse Mixture-of-Experts for Compositional Generalization: Empirical Evidence and Theoretical Foundations of Optimal Sparsity,"Zhao, J.; Wang, P.; Yang, J.; Cai, R.; Liu, G.; Srinivasa, J.; Kompella, R.R.; Liang, Y.; Wang, Z.",2026,Proceedings of Machine Learning Research,,,FALSE,empirical,,preprint,custom,,SRAVEN symbolic reasoning task; SKILL-MIX benchmark,compositional,TRUE,task difficulty level M (number of compositional components),TransformerEnc,transformer,Sparse Mixture-of-Experts (SMoE) Transformer with softmax attention or hypernetwork linear attention (HYLA); router activates subset of experts (Top-1/Top-2 vs increased activation); Skill-Mix eval on off-the-shelf DBRX-132B with GPT-4 grading,,,,unspecified,,,SRAVEN symbolic reasoning tasks with compositional difficulty M; training on easier compositional tasks (M=2) up to harder ones,,not_applicable,,,FALSE,,FALSE,FALSE,,,,,,,accuracy,,,,,,,,accuracy,,,,,none,,,,,FALSE,,FALSE,,,,,No representation-level coherence proxy measured; expert specialization discussed qualitatively via HYLA attention,none,,,,FALSE,TRUE,,,FALSE,,,none,not_addressed,,,,,,low,4,"Core sigma-trap study: investigates compositional generalization to novel combinations of known components (SRAVEN nested expressions, Skill-Mix) and shows optimal SMoE expert activation scales with compositional task complexity, explaining when and why compositional OOD accuracy degrades under sparse routing.",2,"Links robust compositional generalization in SMoE-based LLMs to architectural design for reliability, a relevant component for safe generalization, though no explicit alignment or goal-misgeneralization discussion.",FALSE,,,FALSE,,,"SKILL-MIX grading ratios for DBRX-132B (Ratio of Full Marks, Ratio of All Skills, Skill Fraction) with SD across 16 difficulty rows and 4 experts-per-token settings",EX1,"arXiv preprint (excerpt header: 'Preprint. Under review.'); SRAVEN Test/OOD accuracy results shown only in figures, no numeric values in excerpt; Skill-Mix table reports GPT-4-graded ratios for off-the-shelf DBRX-132B, not a trained model, so not mapped to sub_experiments; effect_size_type 'none' as no effect sizes reported."
S285,P02_1395,Compositional generalization by factorizing alignment and translation,"Russin, J.; Jo, J.; O’Reilly, R.C.; Bengio, Y.",2020,Proceedings of the Annual Meeting of the Association for Computational Linguistics,,,TRUE,empirical,,workshop,SCAN,,,compositional,FALSE,,GRU,rnn_family,"Syntactic Attention: seq2seq GRU with separate alignment and translation modules via dependency attention (modification of GRU+attention); baselines GRU+attn, GRU+attn-dep, LSTM",,,,unspecified,,,"SCAN add-jump split with 1/2/4/8/16/32 'jump' commands in training and template splits (jump around right, primitive right/opposite right/around right)",,not_applicable,,,FALSE,,FALSE,FALSE,,,,,,,accuracy,,,,,,,,accuracy,,,,,none,,,,,FALSE,,FALSE,,,,,,attention_patterns,,Attention visualizations on the add-jump split show the Syntactic Attention model applies training-sentence alignment patterns to test sentences containing the novel verb 'jump'; the depicted failure case (Fig 14) attends to the wrong command sequence.,,FALSE,TRUE,TRUE,5,FALSE,,,none,not_addressed,,,,,,low,4,"Directly targets the sigma-trap: SCAN compositional generalization failures of standard RNNs are addressed by an alignment/translation factorization inductive bias, with quantitative results across add-jump and template splits showing the model substantially outperforms standard recurrent baselines on several splits.",1,"No connection to AI safety, alignment, or goal misgeneralization; the work targets compositional generalization for its own sake.",FALSE,,,FALSE,,,,EX1,ACL 2020 Student Research Workshop. No ID accuracy reported; all values are OOD test accuracies. Add-jump sub_experiments report the 1-jump-command condition; full sweep in notes. Means over 5 random jump-command samples (hint said 25). Template tables reproduce Loula et al. baselines.
S286,P02_1398,Neural Collapse Inspired Feature Alignment for Out-of-Distribution Generalization,"Chen, Z.; Zhang, M.; Cui, S.; Li, H.; Niu, G.; Gong, M.; Zhang, C.; Zhang, K.",2024,Advances in Neural Information Processing Systems,,,TRUE,empirical,,conference,custom,ColoredMNIST,"Spurious-correlation OOD classification (ColoredMNIST, ColoredCOCO, COCOPlaces, NICO)",covariate_shift,FALSE,,,,Backbone architectures not specified in excerpt; method learns per-environment local models and applies semantic masks to inputs at pixel or feature level,,,,unspecified,,,"Three toy datasets (ColoredMNIST, ColoredCOCO, COCOPlaces) and one real dataset (NICO); samples partitioned into environments either by known labels or by learned local models with maximum-likelihood assignment",invariant_learning,not_applicable,,other,FALSE,,FALSE,FALSE,,,,,,,,,,,,,,,accuracy,,,,,none,,,,,FALSE,,FALSE,,,,,"Method enforces neural collapse to a simplex equiangular tight frame (ETF) on semantic-mask features as a training objective, but the excerpt reports no empirical measurement of a representation-level coherence proxy",none,,,,FALSE,TRUE,,,FALSE,,,none,not_addressed,,,,,,low,3,"Addresses OOD generalization failure under spurious correlation via environment partitioning and neural-collapse-based feature alignment, improving OOD accuracy on four benchmarks; relevant to distribution-shift robustness but not to compositional generalization or schema coherence, and it does not analyze training-dynamics geometry beyond imposing the ETF constraint.",2,"OOD robustness is an indirect safety-relevant capability, but the paper does not address goal misgeneralization, alignment, or value learning; its connection to AI alignment is only via improved distribution-shift robustness.",,,,TRUE,Investigate more effective and efficient environment partitioning techniques; apply the method to other domains such as segmentation and few-shot spurious correlation issues.,,,EX1,"Reports only OOD accuracy (mean +/- SD) on ColoredMNIST, ColoredCOCO, COCOPlaces, NICO for Ours and Ours (w/o env) against 16 baselines (ERM, IRM, VREx, GroupDRO, etc.); no ID accuracy, no seed counts, no significance tests. Ablations on mask level (pixel vs feature) and number of partitioned environments. Minor value inconsistencies between Tables 1-3 (e.g., COCOPlaces Ours w/o env 36.7 vs 36.5); Table 1 used in sub_experiments."
